fecha,jugador,equipo,valor
2026-09-20,Aaron Ndive Mayol Mayol,Valencia,373000
2026-09-20,Aarón Martín Aarón,Racing,175000
2026-09-20,Aarón Ochoa Ochoa,Málaga,169000
2026-09-20,Abde Ezzalzouli Abde,Betis,12566000
2026-09-20,Abde Rebbach Rebbach,Alavés,2001000
2026-09-20,Abdel Abqar Abqar,Getafe,384000
2026-09-20,Abdoulaye Faye Faye,Celta,204000
2026-09-20,Abel Bretones Bretones,Osasuna,2917000
2026-09-20,Abiel Osorio Osorio,Elche,463000
2026-09-20,Adam Aznou Aznou,Málaga,271000
2026-09-20,Adam Boayar Adam Boayar,Elche,160000
2026-09-20,Adama Traoré A. Traoré,Deportivo,2825000
2026-09-20,Ademola Lookman Lookman,Atlético,10924000
2026-09-20,Adrià Altimira Altimira,Deportivo,1359000
2026-09-20,Adrià Pedrosa Pedrosa,Rayo,1221000
2026-09-20,Adrián Niño Niño,Málaga,545000
2026-09-20,Adrián Rodríguez Adrián,Alavés,168000
2026-09-20,Adrián de la Fuente De la Fuente,Levante,9153000
2026-09-20,Aihen Muñoz Aihen,Real Sociedad,203000
2026-09-20,Aimar Oroz Oroz,Osasuna,2408000
2026-09-20,Aissa Mandi Mandi,Levante,5384000
2026-09-20,Aitor Fernández Aitor,Osasuna,432000
2026-09-20,Aitor Mañas Aitor Mañas,Alavés,160000
2026-09-20,Aitor Paredes Paredes,Athletic,4383000
2026-09-20,Aitor Ruibal Ruibal,Betis,196000
2026-09-20,Alassane Diatta Diatta,Villarreal,167000
2026-09-20,Alberto Moleiro Moleiro,Villarreal,11012000
2026-09-20,Alberto Risco Risco,Getafe,160000
2026-09-20,Aleix Febas Febas,Celta,8701000
2026-09-20,Alejandro Balde Balde,Barcelona,2499000
2026-09-20,Alejandro Catena Catena,Osasuna,8746000
2026-09-20,Alejandro Iturbe Iturbe,Elche,193000
2026-09-20,Alejandro Rego Rego,Athletic,160000
2026-09-20,Aleksa Puric Puric,Atlético,163000
2026-09-20,Alemão Alemão,Rayo,1123000
2026-09-20,Alex Freeman Freeman,Villarreal,1250000
2026-09-20,Alex Marchal Marchal,Real Sociedad,363000
2026-09-20,Alex Padilla Padilla,Athletic,160000
2026-09-20,Alexander Sorloth Sörloth,Atlético,5081000
2026-09-20,Alfonso González Alfon,Sevilla,160000
2026-09-20,Alfonso Herrero Herrero,Málaga,7704000
2026-09-20,Ali Houary Ali Houary,Elche,160000
2026-09-20,Aliou Dieng Dieng,Valencia,915000
2026-09-20,Altay Bayindir Bayindir,Celta,160000
2026-09-20,Ander Barrenetxea Barrenetxea,Real Sociedad,7086000
2026-09-20,Ander Guevara Guevara,Alavés,167000
2026-09-20,Andoni Gorosabel Gorosabel,Espanyol,180000
2026-09-20,Andreas Christensen A. Christensen,Barcelona,2949000
2026-09-20,Andrei Ratiu Ratiu,Rayo,7199000
2026-09-20,Andriy Lunin Lunin,Real Madrid,246000
2026-09-20,André Almeida Almeida,Racing,830000
2026-09-20,Andrés Antañón Antañón,Celta,160000
2026-09-20,Andrés Castrín Castrín,Sevilla,3259000
2026-09-20,Andrés García Andrés García,Getafe,4793000
2026-09-20,Andrés Martín Andrés Martín,Racing,3811000
2026-09-20,Angel Recio Recio,Málaga,1388000
2026-09-20,Angeliño Angeliño,Deportivo,1396000
2026-09-20,Antal Yaakobishvili Yaakobishvili,Atlético,292000
2026-09-20,Ante Budimir Budimir,Osasuna,16397000
2026-09-20,Anthony Gordon Gordon,Barcelona,15275000
2026-09-20,Antonio Blanco Blanco,Alavés,7291000
2026-09-20,Antonio Rüdiger Rüdiger,Real Madrid,5577000
2026-09-20,Antonio Sivera Sivera,Alavés,10250000
2026-09-20,Antony Antony,Betis,15017000
2026-09-20,Arda Güler Güler,Real Madrid,15304000
2026-09-20,Arkaitz Mariezkurrena Mariezkurrena,Real Sociedad,160000
2026-09-20,Arnau Comas Comas,Deportivo,197000
2026-09-20,Arnau Martínez Arnau,Valencia,3258000
2026-09-20,Arnau Ortiz Ortiz,Atlético,403000
2026-09-20,Arnaut Danjuma Danjuma,Valencia,4889000
2026-09-20,Arouna Sangante Sangante,Sevilla,729000
2026-09-20,Arsen Zakharyan Zakharyan,Real Sociedad,160000
2026-09-20,Asier Osambela Osambela,Osasuna,189000
2026-09-20,Asier Villalibre Villalibre,Racing,2147000
2026-09-20,Augusto Batalla Batalla,Rayo,2893000
2026-09-20,Aurélien Tchouaméni Tchouaméni,Real Madrid,9887000
2026-09-20,Axel Tape Tape,Levante,277000
2026-09-20,Aymeric Laporte Laporte,Athletic,10551000
2026-09-20,Ayoze Pérez Ayoze,Villarreal,5638000
2026-09-20,Bambo Diaby Bambo,Elche,160000
2026-09-20,Bernardo Silva Bernardo Silva,Real Madrid,9032000
2026-09-20,Beñat Gerenabarrena Gerenabarrena,Athletic,1861000
2026-09-20,Beñat Prados Prados,Athletic,160000
2026-09-20,Beñat Turrientes Turrientes,Real Sociedad,2731000
2026-09-20,Bil Nsongo Bil Nsongo,Deportivo,5186000
2026-09-20,Borja Iglesias Iglesias,Celta,6414000
2026-09-20,Borja Mayoral Mayoral,Getafe,665000
2026-09-20,Boyomo Boyomo,Osasuna,3501000
2026-09-20,Brahim Díaz Brahim,Real Madrid,3110000
2026-09-20,Brian Fariñas Fariñas,Barcelona,169000
2026-09-20,Bright Ede Ede,Deportivo,985000
2026-09-20,Bryan Zaragoza Bryan,Espanyol,8013000
2026-09-20,Buba Sangaré Sangaré,Elche,2345000
2026-09-20,Carl Starfelt Starfelt,Celta,2985000
2026-09-20,Carles Aleñá Aleñá,Alavés,582000
2026-09-20,Carlos Ballestero Ballestero,Alavés,160000
2026-09-20,Carlos Benavidez Protesoni,Alavés,172000
2026-09-20,Carlos Dotor Dotor,Málaga,2134000
2026-09-20,Carlos Espí Carlos Espí,Real Madrid,8814000
2026-09-20,Carlos López Carlos López,Málaga,160000
2026-09-20,Carlos Macià Carlos Macià,Villarreal,196000
2026-09-20,Carlos Puga Puga,Málaga,3006000
2026-09-20,Carlos Romero Romero,Villarreal,8651000
2026-09-20,Carlos Soler Carlos Soler,Real Sociedad,7338000
2026-09-20,Chidera Ejuke Ejuke,Sevilla,3710000
2026-09-20,Christantus Uche Uche,Getafe,1994000
2026-09-20,Chupete Chupete,Málaga,6057000
2026-09-20,Clemens Riedel Riedel,Espanyol,1352000
2026-09-20,Coke Carrillo Carrillo,Celta,160000
2026-09-20,Couhaib Driouech Driouech,Celta,541000
2026-09-20,Cristian Rivero Rivero,Valencia,162000
2026-09-20,Cristian Romero Romero,Atlético,9241000
2026-09-20,Cucho Hernández Cucho,Betis,9333000
2026-09-20,César Tárrega Tárrega,Valencia,2484000
2026-09-20,Dakonam Djené Djené,Getafe,2832000
2026-09-20,Dani Barcia Barcia,Deportivo,175000
2026-09-20,Dani Ceballos Ceballos,Betis,1322000
2026-09-20,Dani Cárdenas Cárdenas,Rayo,1522000
2026-09-20,Dani Díaz Dani Díaz,Real Sociedad,160000
2026-09-20,Dani Lorenzo Lorenzo,Málaga,4650000
2026-09-20,Dani Martínez Dani Martínez,Atlético,160000
2026-09-20,Dani Olmo Olmo,Barcelona,14538000
2026-09-20,Dani Requena Requena,Levante,277000
2026-09-20,Dani Vivian Vivian,Athletic,1218000
2026-09-20,Daniel Raba Raba,Valencia,174000
2026-09-20,Daniel Yáñez Yáñez,Real Madrid,170000
2026-09-20,David Hancko Hancko,Atlético,9456000
2026-09-20,David Larrubia Larrubia,Málaga,6742000
2026-09-20,David Mella Mella,Deportivo,563000
2026-09-20,David Otorbi Otorbi,Valencia,660000
2026-09-20,David Soria Soria,Getafe,10178000
2026-09-20,Davinchi Davinchi,Getafe,162000
2026-09-20,Dean Huijsen Huijsen,Real Madrid,10676000
2026-09-20,Denis Suárez Denis Suárez,Alavés,2142000
2026-09-20,Denzel Dumfries Dumfries,Real Madrid,7865000
2026-09-20,Diego Aguado D. Aguado,Real Madrid,160000
2026-09-20,Diego Conde Conde,Betis,171000
2026-09-20,Diego Javier Llorente D. Llorente,Betis,2581000
2026-09-20,Diego López Diego López,Valencia,160000
2026-09-20,Diego Murillo Murillo,Málaga,160000
2026-09-20,Diego Rico Diego Rico,Osasuna,255000
2026-09-20,Diego Villares Villares,Deportivo,160000
2026-09-20,Dimitri Foulquier Foulquier,Valencia,163000
2026-09-20,Dominik Livakovic Livakovic,Barcelona,464000
2026-09-20,Edu Expósito Edu Expósito,Espanyol,10062000
2026-09-20,Eduardo Camavinga Camavinga,Real Madrid,4843000
2026-09-20,Einar Galilea Galilea,Málaga,3088000
2026-09-20,Emil Audero Audero,Rayo,1172000
2026-09-20,Endrick Endrick,Real Madrid,716000
2026-09-20,Eneko Jauregi Jauregi,Málaga,202000
2026-09-20,Enes Ünal Enes Ünal,Getafe,5395000
2026-09-20,Enzo Bardelli Bardeli,Levante,1821000
2026-09-20,Eric Garcia Eric Garcia,Barcelona,14564000
2026-09-20,Ezequiel Ponce Ponce,Elche,533000
2026-09-20,Facundo Bernal Bernal,Betis,4610000
2026-09-20,Facundo Buonanotte Buonanotte,Elche,2230000
2026-09-20,Facundo Garcés Garcés,Alavés,191000
2026-09-20,Facundo González Facu González,Racing,1089000
2026-09-20,Federico Redondo Redondo,Elche,429000
2026-09-20,Federico Valverde Valverde,Real Madrid,15190000
2026-09-20,Ferland Mendy Mendy,Real Madrid,198000
2026-09-20,Fermín López Fermín,Barcelona,17616000
2026-09-20,Fernando Calero Calero,Málaga,179000
2026-09-20,Fernando Niño Fer Niño,Elche,4005000
2026-09-20,Ferran Jutglà Jutglà,Celta,6733000
2026-09-20,Filip Ugrinic Ugrinic,Valencia,1617000
2026-09-20,Florian Lejeune Lejeune,Rayo,6955000
2026-09-20,Fran García Fran García,Betis,6725000
2026-09-20,Fran González Fran González,Sevilla,185000
2026-09-20,Fran Pérez Fran Pérez,Rayo,163000
2026-09-20,Francho Serrano Francho,Getafe,165000
2026-09-20,Frenkie de Jong F. de Jong,Barcelona,2882000
2026-09-20,Fábio Cardoso Cardoso,Sevilla,176000
2026-09-20,Félix Correia Félix Correia,Sevilla,1276000
2026-09-20,Gabriel Jesus Gabriel Jesús,Barcelona,5618000
2026-09-20,Gabriel Moscardo Moscardo,Espanyol,1067000
2026-09-20,Gabriel Suazo Suazo,Sevilla,3895000
2026-09-20,Georges Mikautadze Mikautadze,Villarreal,13221000
2026-09-20,Georgiy Tsitaishvili Tsitaishvili,Rayo,481000
2026-09-20,Gerard Martín Martín,Barcelona,10305000
2026-09-20,Gerard Moreno Gerard,Villarreal,13757000
2026-09-20,Germán Parreño,Deportivo,160000
2026-09-20,Germán Valera Valera,Elche,6971000
2026-09-20,Giacomo Quagliata Quagliata,Deportivo,4413000
2026-09-20,Giorgi Guliashvili Guliashvili,Racing,179000
2026-09-20,Giorgi Kochorashvili Kochorashvili,Sevilla,1572000
2026-09-20,Giovani Lo Celso Lo Celso,Betis,3754000
2026-09-20,Giuliano Simeone Giuliano,Atlético,10043000
2026-09-20,Gnangoro Bouare Bouare,Rayo,615000
2026-09-20,Gonzalo Villar Villar,Elche,4535000
2026-09-20,Gonçalo Guedes Guedes,Real Sociedad,6521000
2026-09-20,Gorka Carrera Carrera,Real Sociedad,160000
2026-09-20,Gorka Guruzeta Guruzeta,Athletic,3840000
2026-09-20,Grady Diangana Diangana,Elche,207000
2026-09-20,Guido Rodríguez Guido,Valencia,7297000
2026-09-20,Haitam Abaida Haitam,Málaga,160000
2026-09-20,Hamza Abdelkarim Abdelkarim,Barcelona,1315000
2026-09-20,Harvey Elliott Elliott,Valencia,4123000
2026-09-20,Hugo Burcio Burcio,Celta,183000
2026-09-20,Hugo Duro Duro,Valencia,3675000
2026-09-20,Hugo González Hugo González,Celta,933000
2026-09-20,Hugo Novoa Novoa,Alavés,160000
2026-09-20,Hugo Rincón Rincón,Athletic,160000
2026-09-20,Hugo Sotelo Sotelo,Levante,327000
2026-09-20,Hugo Álvarez Hugo Álvarez,Celta,524000
2026-09-20,Héctor Bellerín Bellerín,Betis,5450000
2026-09-20,Héctor Fort Fort,Real Sociedad,1460000
2026-09-20,Iago Aspas Aspas,Celta,5142000
2026-09-20,Ibrahima Konaté Konaté,Real Madrid,9591000
2026-09-20,Ifeanyi Ndukwe Ndukwe,Levante,195000
2026-09-20,Igor Zubeldia Zubeldia,Real Sociedad,2924000
2026-09-20,Iker Córdoba Córdoba,Valencia,292000
2026-09-20,Iker Losada Losada,Betis,204000
2026-09-20,Iker Luque Luque,Racing,189000
2026-09-20,Iker Muñoz Iker Muñoz,Osasuna,2536000
2026-09-20,Ilaix Moriba Moriba,Celta,3887000
2026-09-20,Ilias Akhomach Akhomach,Villarreal,559000
2026-09-20,Ionut Radu Radu,Celta,9577000
2026-09-20,Isaac Romero Romero,Sevilla,3896000
2026-09-20,Isco Alarcón Isco,Betis,10397000
2026-09-20,Isi Palazón Isi,Rayo,3219000
2026-09-20,Iván Azón Iván Azón,Getafe,850000
2026-09-20,Iván Balliu Balliu,Rayo,523000
2026-09-20,Iván Martín Iván Martín,Racing,1919000
2026-09-20,Iván Romero Iván Romero,Levante,5797000
2026-09-20,Iván Villar Iván Villar,Celta,174000
2026-09-20,Izan Merino Merino,Málaga,1587000
2026-09-20,Iñaki Rupérez Rupérez,Real Sociedad,160000
2026-09-20,Iñaki Williams I. Williams,Athletic,6295000
2026-09-20,Iñigo Arguibide Arguibide,Osasuna,1647000
2026-09-20,Iñigo Vicente Iñigo Vicente,Racing,9338000
2026-09-20,Jairo Noriega Noriega,Deportivo,160000
2026-09-20,Jan Oblak Oblak,Atlético,10045000
2026-09-20,Javi Galán Galán,Celta,2741000
2026-09-20,Javi Guerra Javi Guerra,Valencia,5272000
2026-09-20,Javi Morcillo Morcillo,Elche,547000
2026-09-20,Javi Puado Puado,Espanyol,349000
2026-09-20,Javi Rodríguez Javi Rodríguez,Celta,1782000
2026-09-20,Javi Rueda Rueda,Celta,2952000
2026-09-20,Jean Ives Valou Valou,Getafe,160000
2026-09-20,Jeanuël Belocian Belocian,Racing,2056000
2026-09-20,Jens Cajuste Cajuste,Málaga,398000
2026-09-20,Jeremy Toljan Toljan,Levante,1169000
2026-09-20,Jesse Bisiwu Bisiwu,Barcelona,160000
2026-09-20,Jesús Areso Areso,Athletic,2107000
2026-09-20,Jesús Vázquez Jesús Vázquez,Valencia,777000
2026-09-20,Jiri Letácek Letácek,Getafe,161000
2026-09-20,Joan Garcia Joan Garcia,Barcelona,15208000
2026-09-20,Joao Cancelo Cancelo,Barcelona,11603000
2026-09-20,Joaquín Muñoz Joaquín,Málaga,1693000
2026-09-20,Job Ochieng Ochieng,Real Sociedad,821000
2026-09-20,Jofre Carreras Jofre,Espanyol,160000
2026-09-20,Johan Mojica Mojica,Getafe,4417000
2026-09-20,Johaneko Louis-Jean Johaneko,Athletic,1042000
2026-09-20,Johnny Cardoso Cardoso,Atlético,645000
2026-09-20,Jon Ander Olasagasti Olasagasti,Levante,5323000
2026-09-20,Jon Aramburu Aramburu,Real Sociedad,6256000
2026-09-20,Jon Gorrotxategi Gorrotxategi,Real Sociedad,253000
2026-09-20,Jon Guridi Guridi,Sevilla,3598000
2026-09-20,Jon Martín Jon Martín,Real Sociedad,5775000
2026-09-20,Jon Moncayola Moncayola,Osasuna,3547000
2026-09-20,Jon Pacheco Pacheco,Real Sociedad,160000
2026-09-20,Jonathan Asp Jensen Asp Jensen,Deportivo,344000
2026-09-20,Jonathan David Jonathan David,Atlético,7157000
2026-09-20,Jonathan Dubasin Dubasin,Osasuna,1286000
2026-09-20,Jones El-Abdellaoui El-Abdellaoui,Celta,161000
2026-09-20,Jonny Castro Jonny,Alavés,5186000
2026-09-20,Jordi Pesquer Pesquer,Barcelona,194000
2026-09-20,Jorge Cabello Jorge Cabello,Levante,160000
2026-09-20,Jorge Cestero Cestero,Real Madrid,168000
2026-09-20,Jorge Domínguez Jorge Domínguez,Atlético,160000
2026-09-20,Jorge Herrando Herrando,Osasuna,160000
2026-09-20,Jorge Montes Montes,Getafe,187000
2026-09-20,Jorge Salinas Salinas,Racing,5119000
2026-09-20,Jorge de Frutos De Frutos,Rayo,6610000
2026-09-20,Josan Ferrández Josan,Elche,208000
2026-09-20,Joselu Pérez Joselu,Getafe,167000
2026-09-20,José Gayà Gayà,Valencia,2386000
2026-09-20,José Manuel Copete Copete,Valencia,186000
2026-09-20,José María Giménez Giménez,Deportivo,2266000
2026-09-20,José Salinas Salinas,Málaga,1087000
2026-09-20,José Ángel Carmona Carmona,Sevilla,225000
2026-09-20,José Ángel López José Ángel,Espanyol,200000
2026-09-20,Jozhua Vertrouwd Vertrouwd,Rayo,160000
2026-09-20,Juan Berrocal Berrocal,Málaga,177000
2026-09-20,Juan Carlos Arana Arana,Racing,163000
2026-09-20,Juan Cruz Juan Cruz,Málaga,1837000
2026-09-20,Juan Foyth Foyth,Villarreal,4173000
2026-09-20,Juan Iglesias Iglesias,Sevilla,6172000
2026-09-20,Juan Musso Musso,Atlético,173000
2026-09-20,Juanmi Jiménez Juanmi,Getafe,160000
2026-09-20,Jude Bellingham Bellingham,Real Madrid,20056000
2026-09-20,Julen Agirrezabala Agirrezabala,Racing,5436000
2026-09-20,Julen Lobete Lobete,Málaga,176000
2026-09-20,Jules Koundé Koundé,Barcelona,6800000
2026-09-20,Julio Díaz Julio Díaz,Sevilla,322000
2026-09-20,Julián Álvarez Alvarez,Atlético,11702000
2026-09-20,Junior Firpo Junior,Betis,322000
2026-09-20,Justin de Haas De Haas,Valencia,1870000
2026-09-20,Kang-In Lee Kang-In Lee,Atlético,11258000
2026-09-20,Karim Adeyemi Adeyemi,Barcelona,11787000
2026-09-20,Karl Etta Eyong Etta Eyong,Levante,2380000
2026-09-20,Kayne van Oevelen Van Oevelen,Valencia,162000
2026-09-20,Kevin Lomónaco Lomónaco,Elche,982000
2026-09-20,Kevin Sánchez Kevin Sánchez,Deportivo,184000
2026-09-20,Kike Barja Kike Barja,Osasuna,1081000
2026-09-20,Kike García Kike García,Espanyol,160000
2026-09-20,Kike Salas Kike Salas,Sevilla,5196000
2026-09-20,Kiko Femenia Femenia,Getafe,403000
2026-09-20,Koke Resurrección Koke,Atlético,8506000
2026-09-20,Kylian Mbappé Mbappé,Real Madrid,24647000
2026-09-20,Lamine Yamal Yamal,Barcelona,23686000
2026-09-20,Lander Pinillos Pinillos,Alavés,160000
2026-09-20,Laro Gómez Laro Gómez,Racing,179000
2026-09-20,Leandro Cabrera Cabrera,Espanyol,5259000
2026-09-20,Leo Román Leo Román,Deportivo,10001000
2026-09-20,Logan Costa Logan Costa,Villarreal,375000
2026-09-20,Lorenzo Amatucci Amatucci,Deportivo,8480000
2026-09-20,Lucas Boyé Boyé,Alavés,8972000
2026-09-20,Lucas Cepeda Cepeda,Elche,1963000
2026-09-20,Lucas Noubi Noubi,Deportivo,3940000
2026-09-20,Lucas Stassin Stassin,Sevilla,5054000
2026-09-20,Lucas Torró Torró,Osasuna,583000
2026-09-20,Lucien Agoume Agoume,Sevilla,6077000
2026-09-20,Luis Rioja Rioja,Valencia,2442000
2026-09-20,Luismi Cruz Luismi,Deportivo,4558000
2026-09-20,Luiz Felipe Luiz Felipe,Rayo,187000
2026-09-20,Luiz Junior Luiz Junior,Villarreal,3558000
2026-09-20,Luka Sucic L. Sucic,Real Sociedad,6016000
2026-09-20,Luken Beitia Beitia,Real Sociedad,160000
2026-09-20,Maguette Gueye Maguette,Racing,1083000
2026-09-20,Mamadou Sarr M. Sarr,Real Sociedad,4149000
2026-09-20,Manu Bueno Manu Bueno,Sevilla,190000
2026-09-20,Manu Hernando Hernando,Racing,2167000
2026-09-20,Manu Sánchez Manu Sánchez,Levante,3177000
2026-09-20,Marash Kumbulla Kumbulla,Rayo,160000
2026-09-20,Marc Aguado Aguado,Elche,2571000
2026-09-20,Marc Bartra Bartra,Betis,6057000
2026-09-20,Marc Bernal Bernal,Barcelona,10216000
2026-09-20,Marc Casadó Casadó,Deportivo,1623000
2026-09-20,Marc Cucurella Cucurella,Real Madrid,11987000
2026-09-20,Marc Doménech Doménech,Atlético,160000
2026-09-20,Marc Pubill Pubill,Atlético,10114000
2026-09-20,Marc Roca Marc Roca,Betis,6841000
2026-09-20,Marc Santos Marc Santos,Levante,192000
2026-09-20,Marcos Alonso M. Alonso,Celta,8716000
2026-09-20,Marcos Fernández Marcos,Espanyol,1082000
2026-09-20,Marcos Llorente M. Llorente,Atlético,10219000
2026-09-20,Marcão Marcão,Sevilla,160000
2026-09-20,Mariano Díaz Mariano,Alavés,3966000
2026-09-20,Mario Martín Mario Martín,Getafe,955000
2026-09-20,Mario Soriano Mario,Deportivo,5943000
2026-09-20,Marko Dmitrovic Dmitrovic,Espanyol,9865000
2026-09-20,Maroan Sannadi Sannadi,Athletic,162000
2026-09-20,Martim Neto Martim Neto,Elche,168000
2026-09-20,Martín Satriano Satriano,Getafe,6480000
2026-09-20,Mathew Ryan Ryan,Levante,10033000
2026-09-20,Matia Barzic Barzic,Elche,170000
2026-09-20,Matteo Prati Prati,Racing,487000
2026-09-20,Matías Dituro Dituro,Elche,4900000
2026-09-20,Miguel Cubo Cubo,Atlético,170000
2026-09-20,Miguel Loureiro Loureiro,Deportivo,698000
2026-09-20,Miguel Rodríguez Miguel,Alavés,193000
2026-09-20,Miguel Román Román,Celta,4232000
2026-09-20,Miguel Sierra Sierra,Sevilla,3700000
2026-09-20,Mikel Jauregizar Jauregizar,Athletic,1694000
2026-09-20,Mikel Oyarzabal Oyarzabal,Real Sociedad,15884000
2026-09-20,Mikel Rodriguez Mikel Rodriguez,Alavés,460000
2026-09-20,Moi Gómez Moi Gómez,Osasuna,759000
2026-09-20,Morten Hjulmand Hjulmand,Atlético,9110000
2026-09-20,Mouctar Diakhaby Diakhaby,Valencia,588000
2026-09-20,Moussa Diarra Moussa,Málaga,160000
2026-09-20,Mujaid Sadick Mujaid,Rayo,537000
2026-09-20,Nacho Pérez Nacho Pérez,Levante,1428000
2026-09-20,Nahuel Tenaglia Tenaglia,Alavés,10031000
2026-09-20,Natan Natan,Betis,7321000
2026-09-20,Nathan-Dylan Saliba Saliba,Villarreal,2860000
2026-09-20,Nelson Deossa Deossa,Betis,1796000
2026-09-20,Nemanja Gudelj Gudelj,Getafe,1119000
2026-09-20,Nico Guillén Guillén,Sevilla,193000
2026-09-20,Nico Serrano Serrano,Athletic,160000
2026-09-20,Nico Williams N. Williams,Athletic,11272000
2026-09-20,Nicolas Pépé Pépé,Villarreal,15160000
2026-09-20,Nicolás Valentini Valentini,Alavés,414000
2026-09-20,Noé Carrillo Noé Carrillo,Deportivo,160000
2026-09-20,Obed Vargas Vargas,Atlético,160000
2026-09-20,Odysseas Vlachodimos Vlachodimos,Sevilla,7434000
2026-09-20,Oihan Sancet Sancet,Athletic,8717000
2026-09-20,Omar El Hilali El Hilali,Espanyol,5478000
2026-09-20,Orel Mangala Mangala,Getafe,2235000
2026-09-20,Oriol Rey Oriol Rey,Levante,1260000
2026-09-20,Orri Steinn Óskarsson Óskarsson,Real Sociedad,5190000
2026-09-20,Pablo Barrios Barrios,Atlético,10802000
2026-09-20,Pablo Campos Cuñat Campos,Levante,161000
2026-09-20,Pablo Durán Durán,Celta,674000
2026-09-20,Pablo Fornals Fornals,Betis,14564000
2026-09-20,Pablo García Pablo García,Racing,2355000
2026-09-20,Pablo Gavi Gavi,Barcelona,4350000
2026-09-20,Pablo Ibáñez Ibáñez,Alavés,5126000
2026-09-20,Pablo Maffeo Maffeo,Valencia,2392000
2026-09-20,Pablo Martínez Pablo Martínez,Málaga,604000
2026-09-20,Pablo Marín Marín,Real Sociedad,162000
2026-09-20,Pablo Ramón Pablo Ramón,Racing,2367000
2026-09-20,Paco Cortés Cortés,Levante,200000
2026-09-20,Pape Gueye Pape Gueye,Villarreal,12072000
2026-09-20,Pathé Ciss Pathé Ciss,Rayo,3623000
2026-09-20,Pau Cubarsí Cubarsí,Barcelona,16206000
2026-09-20,Pau Navarro Pau Navarro,Villarreal,1090000
2026-09-20,Pedri González Pedri,Barcelona,21758000
2026-09-20,Pedro Bigas Bigas,Elche,401000
2026-09-20,Pedro Díaz Pedro Díaz,Rayo,944000
2026-09-20,Pedro Felipe Pedro Felipe,Racing,176000
2026-09-20,Peio Canales Canales,Athletic,1648000
2026-09-20,Pelayo Fernández Pelayo,Rayo,160000
2026-09-20,Pepelu Pepelu,Valencia,5068000
2026-09-20,Peque Peque,Sevilla,1693000
2026-09-20,Pere Milla Pere Milla,Espanyol,1729000
2026-09-20,Petar Ratkov Ratkov,Levante,1239000
2026-09-20,Pierre-Emerick Aubameyang Aubameyang,Deportivo,8390000
2026-09-20,Pol Lozano Lozano,Espanyol,160000
2026-09-20,Péter Gulácsi Gulacsi,Villarreal,1472000
2026-09-20,Quilindschy Hartman Hartman,Espanyol,1446000
2026-09-20,Rafa Garrido Rafita,Málaga,2821000
2026-09-20,Rafa Rodríguez Rafa Rodríguez,Málaga,160000
2026-09-20,Rafel Bauzà Bauzà,Espanyol,181000
2026-09-20,Ramón Enríquez Enríquez,Málaga,249000
2026-09-20,Ramón Terrats Terrats,Getafe,5673000
2026-09-20,Randy Nteka Nteka,Rayo,327000
2026-09-20,Raphinha Raphinha,Barcelona,20572000
2026-09-20,Raul Moro Raul Moro,Osasuna,1810000
2026-09-20,Rayane Belaid Rayane,Rayo,160000
2026-09-20,Raúl Asencio Asencio,Real Madrid,175000
2026-09-20,Raúl De Tomás De Tomás,Rayo,175000
2026-09-20,Raúl García Raúl García,Osasuna,1940000
2026-09-20,Renato Veiga Veiga,Villarreal,6973000
2026-09-20,Riki Rodríguez Riki,Deportivo,330000
2026-09-20,Robbie Ure Ure,Sevilla,2818000
2026-09-20,Robert Navarro Navarro,Athletic,2970000
2026-09-20,Roberto Fernández Roberto,Espanyol,10519000
2026-09-20,Robin Le Normand Le Normand,Atlético,2288000
2026-09-20,Rockson Yeboah Yeboah,Osasuna,511000
2026-09-20,Rodri Hernández Rodri,Barcelona,14132000
2026-09-20,Rodrigo Gamón Gamón,Valencia,160000
2026-09-20,Rodrigo Mendoza Mendoza,Atlético,331000
2026-09-20,Rodrigo Riquelme Riquelme,Betis,5495000
2026-09-20,Rodrygo Goes Rodrygo,Real Madrid,531000
2026-09-20,Roger Brugué Brugui,Levante,1707000
2026-09-20,Roger Hinojo Hinojo,Espanyol,2295000
2026-09-20,Romain Del Castillo Del Castillo,Osasuna,1127000
2026-09-20,Roony Bardghji Bardghji,Barcelona,199000
2026-09-20,Roy Revivo Revivo,Elche,449000
2026-09-20,Rubén García Rubén G.,Osasuna,3772000
2026-09-20,Rubén López Rubén López,Deportivo,210000
2026-09-20,Rubén Sánchez Rubén Sánchez,Elche,318000
2026-09-20,Rubén Vargas Vargas,Sevilla,2315000
2026-09-20,Ryunosuke Sato Sato,Valencia,2374000
2026-09-20,Saba Sazonov Sazonov,Getafe,163000
2026-09-20,Salvi Esquivel Esquivel,Atlético,160000
2026-09-20,Samu Becerra Becerra,Rayo,164000
2026-09-20,Santi Comesaña Comesaña,Villarreal,5318000
2026-09-20,Santiago Mouriño Mouriño,Villarreal,4555000
2026-09-20,Sebastián Boselli Boselli,Getafe,233000
2026-09-20,Sebastián Cáceres Cáceres,Celta,541000
2026-09-20,Selton Sánchez Selton,Athletic,209000
2026-09-20,Sergi Canós Canós,Valencia,162000
2026-09-20,Sergi Cardona S. Cardona,Villarreal,538000
2026-09-20,Sergio Camello Camello,Rayo,8653000
2026-09-20,Sergio Canales Canales,Racing,7270000
2026-09-20,Sergio Carreira Carreira,Celta,5240000
2026-09-20,Sergio Gómez Sergio Gómez,Real Sociedad,6380000
2026-09-20,Sergio Herrera Herrera,Osasuna,7183000
2026-09-20,Sergio Martínez Sergio Martínez,Real Madrid,542000
2026-09-20,Simon Eriksson Eriksson,Racing,309000
2026-09-20,Stefan Bajcetic Bajcetic,Celta,165000
2026-09-20,Stole Dimitrievski Dimitrievski,Valencia,6757000
2026-09-20,Tajon Buchanan Buchanan,Villarreal,5077000
2026-09-20,Takefusa Kubo Kubo,Real Sociedad,7920000
2026-09-20,Tani Oluwaseyi Oluwaseyi,Villarreal,560000
2026-09-20,Taufik Seidu Taufik,Atlético,169000
2026-09-20,Tete Morente Tete Morente,Elche,1374000
2026-09-20,Thiago Fernández Thiago,Levante,1202000
2026-09-20,Thiago Pitarch Thiago,Real Madrid,210000
2026-09-20,Thibaut Courtois Courtois,Real Madrid,10036000
2026-09-20,Thomas Lemar Lemar,Elche,1242000
2026-09-20,Toni Martinez Toni Martinez,Alavés,6863000
2026-09-20,Trent Alexander-Arnold Alexander-Arnold,Real Madrid,6204000
2026-09-20,Troy Parrott Parrott,Betis,6307000
2026-09-20,Tyrhys Dolan Dolan,Espanyol,4750000
2026-09-20,Umar Sadiq Sadiq,Valencia,1589000
2026-09-20,Unai Egiluz Egiluz,Athletic,160000
2026-09-20,Unai López Unai López,Rayo,5158000
2026-09-20,Unai Marrero Marrero,Real Sociedad,600000
2026-09-20,Unai Núñez U. Núñez,Espanyol,2804000
2026-09-20,Unai Santos Unai Santos,Osasuna,160000
2026-09-20,Unai Simón Unai Simón,Athletic,10107000
2026-09-20,Urko González de Zarate Urko,Espanyol,1994000
2026-09-20,Valentin Rosier Rosier,Osasuna,656000
2026-09-20,Valentín Gómez Valentín Gómez,Betis,295000
2026-09-20,Vanja Drkusic Drkusic,Espanyol,387000
2026-09-20,Ville Koski Koski,Alavés,3578000
2026-09-20,Vinicius Junior Vinicius,Real Madrid,19997000
2026-09-20,Víctor Chust Chust,Elche,2434000
2026-09-20,Víctor García Víctor García,Levante,564000
2026-09-20,Williot Swedberg Swedberg,Celta,1867000
2026-09-20,Wojciech Szczesny Szczesny,Barcelona,404000
2026-09-20,Xanet Oláiz Oláiz,Alavés,160000
2026-09-20,Xavi Espart Espart,Barcelona,3930000
2026-09-20,Ximo Navarro Ximo,Deportivo,2842000
2026-09-20,Yago Santiago Santiago,Elche,160000
2026-09-20,Yan Diomande Y. Diomande,Real Madrid,16409000
2026-09-20,Yangel Herrera Herrera,Real Sociedad,3799000
2026-09-20,Yanis Musuayi Musuayi,Levante,191000
2026-09-20,Yassir Zabiri Zabiri,Racing,5626000
2026-09-20,Yeray Álvarez Yeray,Athletic,2618000
2026-09-20,Yeremay Hernández Yeremay,Deportivo,7565000
2026-09-20,Yoel Lago Lago,Celta,1833000
2026-09-20,Youssef Enríquez Youssef,Alavés,1910000
2026-09-20,Youssouf Fofana Fofana,Sevilla,5521000
2026-09-20,Yuri Berchiche Yuri,Athletic,5314000
2026-09-20,Zaid Romero Romero,Getafe,4087000
2026-09-20,Zakaria Eddahchouri Eddahchouri,Deportivo,1345000
2026-09-20,Álex Baena Baena,Atlético,12797000
2026-09-20,Álex Berenguer Berenguer,Athletic,5057000
2026-09-20,Álex Calatrava Calatrava,Espanyol,5519000
2026-09-20,Álex Grimaldo Grimaldo,Atlético,9083000
2026-09-20,Álex Pastor Pastor,Málaga,160000
2026-09-20,Álex Remiro Remiro,Real Sociedad,9984000
2026-09-20,Álvaro Djaló Djaló,Athletic,167000
2026-09-20,Álvaro F. Carreras A. F. Carreras,Real Madrid,2996000
2026-09-20,Álvaro Fernández Álvaro,Deportivo,160000
2026-09-20,Álvaro Fidalgo Fidalgo,Betis,185000
2026-09-20,Álvaro García Álvaro García,Rayo,8414000
2026-09-20,Álvaro Leiva Leiva,Real Madrid,181000
2026-09-20,Álvaro Mantilla Mantilla,Racing,1512000
2026-09-20,Álvaro Núñez Á. Núñez,Celta,1057000
2026-09-20,Álvaro Odriozola Odriozola,Real Sociedad,160000
2026-09-20,Álvaro Padilla Padilla,Elche,198000
2026-09-20,Álvaro Valles Valles,Betis,10726000
2026-09-20,Ángel Fortuño Fortuño,Espanyol,160000
2026-09-20,Ángel Ortiz Ortiz,Betis,266000
2026-09-20,Ángel Pérez Ángel Pérez,Alavés,7279000
2026-09-20,Éder Militão Militão,Real Madrid,1548000
2026-09-20,Íñigo Ruiz de Galarreta R. de Galarreta,Athletic,5524000
2026-09-20,Íñigo Sainz-Maza Sainz-Maza,Racing,160000
2026-09-20,Óscar López Óscar López,Getafe,206000
2026-09-20,Óscar Valentín Valentín,Rayo,1608000
2026-09-21,Aaron Ndive Mayol Mayol,Valencia,373000
2026-09-21,Aarón Martín Aarón,Racing,175000
2026-09-21,Aarón Ochoa Ochoa,Málaga,169000
2026-09-21,Abde Ezzalzouli Abde,Betis,12566000
2026-09-21,Abde Rebbach Rebbach,Alavés,2001000
2026-09-21,Abdel Abqar Abqar,Getafe,384000
2026-09-21,Abdoulaye Faye Faye,Celta,204000
2026-09-21,Abel Bretones Bretones,Osasuna,2917000
2026-09-21,Abiel Osorio Osorio,Elche,463000
2026-09-21,Adam Aznou Aznou,Málaga,271000
2026-09-21,Adam Boayar Adam Boayar,Elche,160000
2026-09-21,Adama Traoré A. Traoré,Deportivo,2825000
2026-09-21,Ademola Lookman Lookman,Atlético,10924000
2026-09-21,Adrià Altimira Altimira,Deportivo,1359000
2026-09-21,Adrià Pedrosa Pedrosa,Rayo,1221000
2026-09-21,Adrián Niño Niño,Málaga,545000
2026-09-21,Adrián Rodríguez Adrián,Alavés,168000
2026-09-21,Adrián de la Fuente De la Fuente,Levante,9153000
2026-09-21,Aihen Muñoz Aihen,Real Sociedad,203000
2026-09-21,Aimar Oroz Oroz,Osasuna,2408000
2026-09-21,Aissa Mandi Mandi,Levante,5384000
2026-09-21,Aitor Fernández Aitor,Osasuna,432000
2026-09-21,Aitor Mañas Aitor Mañas,Alavés,160000
2026-09-21,Aitor Paredes Paredes,Athletic,4383000
2026-09-21,Aitor Ruibal Ruibal,Betis,196000
2026-09-21,Alassane Diatta Diatta,Villarreal,167000
2026-09-21,Alberto Moleiro Moleiro,Villarreal,11012000
2026-09-21,Alberto Risco Risco,Getafe,160000
2026-09-21,Aleix Febas Febas,Celta,8701000
2026-09-21,Alejandro Balde Balde,Barcelona,2499000
2026-09-21,Alejandro Catena Catena,Osasuna,8746000
2026-09-21,Alejandro Iturbe Iturbe,Elche,193000
2026-09-21,Alejandro Rego Rego,Athletic,160000
2026-09-21,Aleksa Puric Puric,Atlético,163000
2026-09-21,Alemão Alemão,Rayo,1123000
2026-09-21,Alex Freeman Freeman,Villarreal,1250000
2026-09-21,Alex Marchal Marchal,Real Sociedad,363000
2026-09-21,Alex Padilla Padilla,Athletic,160000
2026-09-21,Alexander Sorloth Sörloth,Atlético,5081000
2026-09-21,Alfonso González Alfon,Sevilla,160000
2026-09-21,Alfonso Herrero Herrero,Málaga,7704000
2026-09-21,Ali Houary Ali Houary,Elche,160000
2026-09-21,Aliou Dieng Dieng,Valencia,915000
2026-09-21,Altay Bayindir Bayindir,Celta,160000
2026-09-21,Ander Barrenetxea Barrenetxea,Real Sociedad,7086000
2026-09-21,Ander Guevara Guevara,Alavés,167000
2026-09-21,Andoni Gorosabel Gorosabel,Espanyol,180000
2026-09-21,Andreas Christensen A. Christensen,Barcelona,2949000
2026-09-21,Andrei Ratiu Ratiu,Rayo,7199000
2026-09-21,Andriy Lunin Lunin,Real Madrid,246000
2026-09-21,André Almeida Almeida,Racing,830000
2026-09-21,Andrés Antañón Antañón,Celta,160000
2026-09-21,Andrés Castrín Castrín,Sevilla,3259000
2026-09-21,Andrés García Andrés García,Getafe,4793000
2026-09-21,Andrés Martín Andrés Martín,Racing,3811000
2026-09-21,Angel Recio Recio,Málaga,1388000
2026-09-21,Angeliño Angeliño,Deportivo,1396000
2026-09-21,Antal Yaakobishvili Yaakobishvili,Atlético,292000
2026-09-21,Ante Budimir Budimir,Osasuna,16397000
2026-09-21,Anthony Gordon Gordon,Barcelona,15275000
2026-09-21,Antonio Blanco Blanco,Alavés,7291000
2026-09-21,Antonio Rüdiger Rüdiger,Real Madrid,5577000
2026-09-21,Antonio Sivera Sivera,Alavés,10250000
2026-09-21,Antony Antony,Betis,15017000
2026-09-21,Arda Güler Güler,Real Madrid,15304000
2026-09-21,Arkaitz Mariezkurrena Mariezkurrena,Real Sociedad,160000
2026-09-21,Arnau Comas Comas,Deportivo,197000
2026-09-21,Arnau Martínez Arnau,Valencia,3258000
2026-09-21,Arnau Ortiz Ortiz,Atlético,403000
2026-09-21,Arnaut Danjuma Danjuma,Valencia,4889000
2026-09-21,Arouna Sangante Sangante,Sevilla,729000
2026-09-21,Arsen Zakharyan Zakharyan,Real Sociedad,160000
2026-09-21,Asier Osambela Osambela,Osasuna,189000
2026-09-21,Asier Villalibre Villalibre,Racing,2147000
2026-09-21,Augusto Batalla Batalla,Rayo,2893000
2026-09-21,Aurélien Tchouaméni Tchouaméni,Real Madrid,9887000
2026-09-21,Axel Tape Tape,Levante,277000
2026-09-21,Aymeric Laporte Laporte,Athletic,10551000
2026-09-21,Ayoze Pérez Ayoze,Villarreal,5638000
2026-09-21,Bambo Diaby Bambo,Elche,160000
2026-09-21,Bernardo Silva Bernardo Silva,Real Madrid,9032000
2026-09-21,Beñat Gerenabarrena Gerenabarrena,Athletic,1861000
2026-09-21,Beñat Prados Prados,Athletic,160000
2026-09-21,Beñat Turrientes Turrientes,Real Sociedad,2731000
2026-09-21,Bil Nsongo Bil Nsongo,Deportivo,5186000
2026-09-21,Borja Iglesias Iglesias,Celta,6414000
2026-09-21,Borja Mayoral Mayoral,Getafe,665000
2026-09-21,Boyomo Boyomo,Osasuna,3501000
2026-09-21,Brahim Díaz Brahim,Real Madrid,3110000
2026-09-21,Brian Fariñas Fariñas,Barcelona,169000
2026-09-21,Bright Ede Ede,Deportivo,985000
2026-09-21,Bryan Zaragoza Bryan,Espanyol,8013000
2026-09-21,Buba Sangaré Sangaré,Elche,2345000
2026-09-21,Carl Starfelt Starfelt,Celta,2985000
2026-09-21,Carles Aleñá Aleñá,Alavés,582000
2026-09-21,Carlos Ballestero Ballestero,Alavés,160000
2026-09-21,Carlos Benavidez Protesoni,Alavés,172000
2026-09-21,Carlos Dotor Dotor,Málaga,2134000
2026-09-21,Carlos Espí Carlos Espí,Real Madrid,8814000
2026-09-21,Carlos López Carlos López,Málaga,160000
2026-09-21,Carlos Macià Carlos Macià,Villarreal,196000
2026-09-21,Carlos Puga Puga,Málaga,3006000
2026-09-21,Carlos Romero Romero,Villarreal,8651000
2026-09-21,Carlos Soler Carlos Soler,Real Sociedad,7338000
2026-09-21,Chidera Ejuke Ejuke,Sevilla,3710000
2026-09-21,Christantus Uche Uche,Getafe,1994000
2026-09-21,Chupete Chupete,Málaga,6057000
2026-09-21,Clemens Riedel Riedel,Espanyol,1352000
2026-09-21,Coke Carrillo Carrillo,Celta,160000
2026-09-21,Couhaib Driouech Driouech,Celta,541000
2026-09-21,Cristian Rivero Rivero,Valencia,162000
2026-09-21,Cristian Romero Romero,Atlético,9241000
2026-09-21,Cucho Hernández Cucho,Betis,9333000
2026-09-21,César Tárrega Tárrega,Valencia,2484000
2026-09-21,Dakonam Djené Djené,Getafe,2832000
2026-09-21,Dani Barcia Barcia,Deportivo,175000
2026-09-21,Dani Ceballos Ceballos,Betis,1322000
2026-09-21,Dani Cárdenas Cárdenas,Rayo,1522000
2026-09-21,Dani Díaz Dani Díaz,Real Sociedad,160000
2026-09-21,Dani Lorenzo Lorenzo,Málaga,4650000
2026-09-21,Dani Martínez Dani Martínez,Atlético,160000
2026-09-21,Dani Olmo Olmo,Barcelona,14538000
2026-09-21,Dani Requena Requena,Levante,277000
2026-09-21,Dani Vivian Vivian,Athletic,1218000
2026-09-21,Daniel Raba Raba,Valencia,174000
2026-09-21,Daniel Yáñez Yáñez,Real Madrid,170000
2026-09-21,David Hancko Hancko,Atlético,9456000
2026-09-21,David Larrubia Larrubia,Málaga,6742000
2026-09-21,David Mella Mella,Deportivo,563000
2026-09-21,David Otorbi Otorbi,Valencia,660000
2026-09-21,David Soria Soria,Getafe,10178000
2026-09-21,Davinchi Davinchi,Getafe,162000
2026-09-21,Dean Huijsen Huijsen,Real Madrid,10676000
2026-09-21,Denis Suárez Denis Suárez,Alavés,2142000
2026-09-21,Denzel Dumfries Dumfries,Real Madrid,7865000
2026-09-21,Diego Aguado D. Aguado,Real Madrid,160000
2026-09-21,Diego Conde Conde,Betis,171000
2026-09-21,Diego Javier Llorente D. Llorente,Betis,2581000
2026-09-21,Diego López Diego López,Valencia,160000
2026-09-21,Diego Murillo Murillo,Málaga,160000
2026-09-21,Diego Rico Diego Rico,Osasuna,255000
2026-09-21,Diego Villares Villares,Deportivo,160000
2026-09-21,Dimitri Foulquier Foulquier,Valencia,163000
2026-09-21,Dominik Livakovic Livakovic,Barcelona,464000
2026-09-21,Edu Expósito Edu Expósito,Espanyol,10062000
2026-09-21,Eduardo Camavinga Camavinga,Real Madrid,4843000
2026-09-21,Einar Galilea Galilea,Málaga,3088000
2026-09-21,Emil Audero Audero,Rayo,1172000
2026-09-21,Endrick Endrick,Real Madrid,716000
2026-09-21,Eneko Jauregi Jauregi,Málaga,202000
2026-09-21,Enes Ünal Enes Ünal,Getafe,5395000
2026-09-21,Enzo Bardelli Bardeli,Levante,1821000
2026-09-21,Eric Garcia Eric Garcia,Barcelona,14564000
2026-09-21,Ezequiel Ponce Ponce,Elche,533000
2026-09-21,Facundo Bernal Bernal,Betis,4610000
2026-09-21,Facundo Buonanotte Buonanotte,Elche,2230000
2026-09-21,Facundo Garcés Garcés,Alavés,191000
2026-09-21,Facundo González Facu González,Racing,1089000
2026-09-21,Federico Redondo Redondo,Elche,429000
2026-09-21,Federico Valverde Valverde,Real Madrid,15190000
2026-09-21,Ferland Mendy Mendy,Real Madrid,198000
2026-09-21,Fermín López Fermín,Barcelona,17616000
2026-09-21,Fernando Calero Calero,Málaga,179000
2026-09-21,Fernando Niño Fer Niño,Elche,4005000
2026-09-21,Ferran Jutglà Jutglà,Celta,6733000
2026-09-21,Filip Ugrinic Ugrinic,Valencia,1617000
2026-09-21,Florian Lejeune Lejeune,Rayo,6955000
2026-09-21,Fran García Fran García,Betis,6725000
2026-09-21,Fran González Fran González,Sevilla,185000
2026-09-21,Fran Pérez Fran Pérez,Rayo,163000
2026-09-21,Francho Serrano Francho,Getafe,165000
2026-09-21,Frenkie de Jong F. de Jong,Barcelona,2882000
2026-09-21,Fábio Cardoso Cardoso,Sevilla,176000
2026-09-21,Félix Correia Félix Correia,Sevilla,1276000
2026-09-21,Gabriel Jesus Gabriel Jesús,Barcelona,5618000
2026-09-21,Gabriel Moscardo Moscardo,Espanyol,1067000
2026-09-21,Gabriel Suazo Suazo,Sevilla,3895000
2026-09-21,Georges Mikautadze Mikautadze,Villarreal,13221000
2026-09-21,Georgiy Tsitaishvili Tsitaishvili,Rayo,481000
2026-09-21,Gerard Martín Martín,Barcelona,10305000
2026-09-21,Gerard Moreno Gerard,Villarreal,13757000
2026-09-21,Germán Parreño,Deportivo,160000
2026-09-21,Germán Valera Valera,Elche,6971000
2026-09-21,Giacomo Quagliata Quagliata,Deportivo,4413000
2026-09-21,Giorgi Guliashvili Guliashvili,Racing,179000
2026-09-21,Giorgi Kochorashvili Kochorashvili,Sevilla,1572000
2026-09-21,Giovani Lo Celso Lo Celso,Betis,3754000
2026-09-21,Giuliano Simeone Giuliano,Atlético,10043000
2026-09-21,Gnangoro Bouare Bouare,Rayo,615000
2026-09-21,Gonzalo Villar Villar,Elche,4535000
2026-09-21,Gonçalo Guedes Guedes,Real Sociedad,6521000
2026-09-21,Gorka Carrera Carrera,Real Sociedad,160000
2026-09-21,Gorka Guruzeta Guruzeta,Athletic,3840000
2026-09-21,Grady Diangana Diangana,Elche,207000
2026-09-21,Guido Rodríguez Guido,Valencia,7297000
2026-09-21,Haitam Abaida Haitam,Málaga,160000
2026-09-21,Hamza Abdelkarim Abdelkarim,Barcelona,1315000
2026-09-21,Harvey Elliott Elliott,Valencia,4123000
2026-09-21,Hugo Burcio Burcio,Celta,183000
2026-09-21,Hugo Duro Duro,Valencia,3675000
2026-09-21,Hugo González Hugo González,Celta,933000
2026-09-21,Hugo Novoa Novoa,Alavés,160000
2026-09-21,Hugo Rincón Rincón,Athletic,160000
2026-09-21,Hugo Sotelo Sotelo,Levante,327000
2026-09-21,Hugo Álvarez Hugo Álvarez,Celta,524000
2026-09-21,Héctor Bellerín Bellerín,Betis,5450000
2026-09-21,Héctor Fort Fort,Real Sociedad,1460000
2026-09-21,Iago Aspas Aspas,Celta,5142000
2026-09-21,Ibrahima Konaté Konaté,Real Madrid,9591000
2026-09-21,Ifeanyi Ndukwe Ndukwe,Levante,195000
2026-09-21,Igor Zubeldia Zubeldia,Real Sociedad,2924000
2026-09-21,Iker Córdoba Córdoba,Valencia,292000
2026-09-21,Iker Losada Losada,Betis,204000
2026-09-21,Iker Luque Luque,Racing,189000
2026-09-21,Iker Muñoz Iker Muñoz,Osasuna,2536000
2026-09-21,Ilaix Moriba Moriba,Celta,3887000
2026-09-21,Ilias Akhomach Akhomach,Villarreal,559000
2026-09-21,Ionut Radu Radu,Celta,9577000
2026-09-21,Isaac Romero Romero,Sevilla,3896000
2026-09-21,Isco Alarcón Isco,Betis,10397000
2026-09-21,Isi Palazón Isi,Rayo,3219000
2026-09-21,Iván Azón Iván Azón,Getafe,850000
2026-09-21,Iván Balliu Balliu,Rayo,523000
2026-09-21,Iván Martín Iván Martín,Racing,1919000
2026-09-21,Iván Romero Iván Romero,Levante,5797000
2026-09-21,Iván Villar Iván Villar,Celta,174000
2026-09-21,Izan Merino Merino,Málaga,1587000
2026-09-21,Iñaki Rupérez Rupérez,Real Sociedad,160000
2026-09-21,Iñaki Williams I. Williams,Athletic,6295000
2026-09-21,Iñigo Arguibide Arguibide,Osasuna,1647000
2026-09-21,Iñigo Vicente Iñigo Vicente,Racing,9338000
2026-09-21,Jairo Noriega Noriega,Deportivo,160000
2026-09-21,Jan Oblak Oblak,Atlético,10045000
2026-09-21,Javi Galán Galán,Celta,2741000
2026-09-21,Javi Guerra Javi Guerra,Valencia,5272000
2026-09-21,Javi Morcillo Morcillo,Elche,547000
2026-09-21,Javi Puado Puado,Espanyol,349000
2026-09-21,Javi Rodríguez Javi Rodríguez,Celta,1782000
2026-09-21,Javi Rueda Rueda,Celta,2952000
2026-09-21,Jean Ives Valou Valou,Getafe,160000
2026-09-21,Jeanuël Belocian Belocian,Racing,2056000
2026-09-21,Jens Cajuste Cajuste,Málaga,398000
2026-09-21,Jeremy Toljan Toljan,Levante,1169000
2026-09-21,Jesse Bisiwu Bisiwu,Barcelona,160000
2026-09-21,Jesús Areso Areso,Athletic,2107000
2026-09-21,Jesús Vázquez Jesús Vázquez,Valencia,777000
2026-09-21,Jiri Letácek Letácek,Getafe,161000
2026-09-21,Joan Garcia Joan Garcia,Barcelona,15208000
2026-09-21,Joao Cancelo Cancelo,Barcelona,11603000
2026-09-21,Joaquín Muñoz Joaquín,Málaga,1693000
2026-09-21,Job Ochieng Ochieng,Real Sociedad,821000
2026-09-21,Jofre Carreras Jofre,Espanyol,160000
2026-09-21,Johan Mojica Mojica,Getafe,4417000
2026-09-21,Johaneko Louis-Jean Johaneko,Athletic,1042000
2026-09-21,Johnny Cardoso Cardoso,Atlético,645000
2026-09-21,Jon Ander Olasagasti Olasagasti,Levante,5323000
2026-09-21,Jon Aramburu Aramburu,Real Sociedad,6256000
2026-09-21,Jon Gorrotxategi Gorrotxategi,Real Sociedad,253000
2026-09-21,Jon Guridi Guridi,Sevilla,3598000
2026-09-21,Jon Martín Jon Martín,Real Sociedad,5775000
2026-09-21,Jon Moncayola Moncayola,Osasuna,3547000
2026-09-21,Jon Pacheco Pacheco,Real Sociedad,160000
2026-09-21,Jonathan Asp Jensen Asp Jensen,Deportivo,344000
2026-09-21,Jonathan David Jonathan David,Atlético,7157000
2026-09-21,Jonathan Dubasin Dubasin,Osasuna,1286000
2026-09-21,Jones El-Abdellaoui El-Abdellaoui,Celta,161000
2026-09-21,Jonny Castro Jonny,Alavés,5186000
2026-09-21,Jordi Pesquer Pesquer,Barcelona,194000
2026-09-21,Jorge Cabello Jorge Cabello,Levante,160000
2026-09-21,Jorge Cestero Cestero,Real Madrid,168000
2026-09-21,Jorge Domínguez Jorge Domínguez,Atlético,160000
2026-09-21,Jorge Herrando Herrando,Osasuna,160000
2026-09-21,Jorge Montes Montes,Getafe,187000
2026-09-21,Jorge Salinas Salinas,Racing,5119000
2026-09-21,Jorge de Frutos De Frutos,Rayo,6610000
2026-09-21,Josan Ferrández Josan,Elche,208000
2026-09-21,Joselu Pérez Joselu,Getafe,167000
2026-09-21,José Gayà Gayà,Valencia,2386000
2026-09-21,José Manuel Copete Copete,Valencia,186000
2026-09-21,José María Giménez Giménez,Deportivo,2266000
2026-09-21,José Salinas Salinas,Málaga,1087000
2026-09-21,José Ángel Carmona Carmona,Sevilla,225000
2026-09-21,José Ángel López José Ángel,Espanyol,200000
2026-09-21,Jozhua Vertrouwd Vertrouwd,Rayo,160000
2026-09-21,Juan Berrocal Berrocal,Málaga,177000
2026-09-21,Juan Carlos Arana Arana,Racing,163000
2026-09-21,Juan Cruz Juan Cruz,Málaga,1837000
2026-09-21,Juan Foyth Foyth,Villarreal,4173000
2026-09-21,Juan Iglesias Iglesias,Sevilla,6172000
2026-09-21,Juan Musso Musso,Atlético,173000
2026-09-21,Juanmi Jiménez Juanmi,Getafe,160000
2026-09-21,Jude Bellingham Bellingham,Real Madrid,20056000
2026-09-21,Julen Agirrezabala Agirrezabala,Racing,5436000
2026-09-21,Julen Lobete Lobete,Málaga,176000
2026-09-21,Jules Koundé Koundé,Barcelona,6800000
2026-09-21,Julio Díaz Julio Díaz,Sevilla,322000
2026-09-21,Julián Álvarez Alvarez,Atlético,11702000
2026-09-21,Junior Firpo Junior,Betis,322000
2026-09-21,Justin de Haas De Haas,Valencia,1870000
2026-09-21,Kang-In Lee Kang-In Lee,Atlético,11258000
2026-09-21,Karim Adeyemi Adeyemi,Barcelona,11787000
2026-09-21,Karl Etta Eyong Etta Eyong,Levante,2380000
2026-09-21,Kayne van Oevelen Van Oevelen,Valencia,162000
2026-09-21,Kevin Lomónaco Lomónaco,Elche,982000
2026-09-21,Kevin Sánchez Kevin Sánchez,Deportivo,184000
2026-09-21,Kike Barja Kike Barja,Osasuna,1081000
2026-09-21,Kike García Kike García,Espanyol,160000
2026-09-21,Kike Salas Kike Salas,Sevilla,5196000
2026-09-21,Kiko Femenia Femenia,Getafe,403000
2026-09-21,Koke Resurrección Koke,Atlético,8506000
2026-09-21,Kylian Mbappé Mbappé,Real Madrid,24647000
2026-09-21,Lamine Yamal Yamal,Barcelona,23686000
2026-09-21,Lander Pinillos Pinillos,Alavés,160000
2026-09-21,Laro Gómez Laro Gómez,Racing,179000
2026-09-21,Leandro Cabrera Cabrera,Espanyol,5259000
2026-09-21,Leo Román Leo Román,Deportivo,10001000
2026-09-21,Logan Costa Logan Costa,Villarreal,375000
2026-09-21,Lorenzo Amatucci Amatucci,Deportivo,8480000
2026-09-21,Lucas Boyé Boyé,Alavés,8972000
2026-09-21,Lucas Cepeda Cepeda,Elche,1963000
2026-09-21,Lucas Noubi Noubi,Deportivo,3940000
2026-09-21,Lucas Stassin Stassin,Sevilla,5054000
2026-09-21,Lucas Torró Torró,Osasuna,583000
2026-09-21,Lucien Agoume Agoume,Sevilla,6077000
2026-09-21,Luis Rioja Rioja,Valencia,2442000
2026-09-21,Luismi Cruz Luismi,Deportivo,4558000
2026-09-21,Luiz Felipe Luiz Felipe,Rayo,187000
2026-09-21,Luiz Junior Luiz Junior,Villarreal,3558000
2026-09-21,Luka Sucic L. Sucic,Real Sociedad,6016000
2026-09-21,Luken Beitia Beitia,Real Sociedad,160000
2026-09-21,Maguette Gueye Maguette,Racing,1083000
2026-09-21,Mamadou Sarr M. Sarr,Real Sociedad,4149000
2026-09-21,Manu Bueno Manu Bueno,Sevilla,190000
2026-09-21,Manu Hernando Hernando,Racing,2167000
2026-09-21,Manu Sánchez Manu Sánchez,Levante,3177000
2026-09-21,Marash Kumbulla Kumbulla,Rayo,160000
2026-09-21,Marc Aguado Aguado,Elche,2571000
2026-09-21,Marc Bartra Bartra,Betis,6057000
2026-09-21,Marc Bernal Bernal,Barcelona,10216000
2026-09-21,Marc Casadó Casadó,Deportivo,1623000
2026-09-21,Marc Cucurella Cucurella,Real Madrid,11987000
2026-09-21,Marc Doménech Doménech,Atlético,160000
2026-09-21,Marc Pubill Pubill,Atlético,10114000
2026-09-21,Marc Roca Marc Roca,Betis,6841000
2026-09-21,Marc Santos Marc Santos,Levante,192000
2026-09-21,Marcos Alonso M. Alonso,Celta,8716000
2026-09-21,Marcos Fernández Marcos,Espanyol,1082000
2026-09-21,Marcos Llorente M. Llorente,Atlético,10219000
2026-09-21,Marcão Marcão,Sevilla,160000
2026-09-21,Mariano Díaz Mariano,Alavés,3966000
2026-09-21,Mario Martín Mario Martín,Getafe,955000
2026-09-21,Mario Soriano Mario,Deportivo,5943000
2026-09-21,Marko Dmitrovic Dmitrovic,Espanyol,9865000
2026-09-21,Maroan Sannadi Sannadi,Athletic,162000
2026-09-21,Martim Neto Martim Neto,Elche,168000
2026-09-21,Martín Satriano Satriano,Getafe,6480000
2026-09-21,Mathew Ryan Ryan,Levante,10033000
2026-09-21,Matia Barzic Barzic,Elche,170000
2026-09-21,Matteo Prati Prati,Racing,487000
2026-09-21,Matías Dituro Dituro,Elche,4900000
2026-09-21,Miguel Cubo Cubo,Atlético,170000
2026-09-21,Miguel Loureiro Loureiro,Deportivo,698000
2026-09-21,Miguel Rodríguez Miguel,Alavés,193000
2026-09-21,Miguel Román Román,Celta,4232000
2026-09-21,Miguel Sierra Sierra,Sevilla,3700000
2026-09-21,Mikel Jauregizar Jauregizar,Athletic,1694000
2026-09-21,Mikel Oyarzabal Oyarzabal,Real Sociedad,15884000
2026-09-21,Mikel Rodriguez Mikel Rodriguez,Alavés,460000
2026-09-21,Moi Gómez Moi Gómez,Osasuna,759000
2026-09-21,Morten Hjulmand Hjulmand,Atlético,9110000
2026-09-21,Mouctar Diakhaby Diakhaby,Valencia,588000
2026-09-21,Moussa Diarra Moussa,Málaga,160000
2026-09-21,Mujaid Sadick Mujaid,Rayo,537000
2026-09-21,Nacho Pérez Nacho Pérez,Levante,1428000
2026-09-21,Nahuel Tenaglia Tenaglia,Alavés,10031000
2026-09-21,Natan Natan,Betis,7321000
2026-09-21,Nathan-Dylan Saliba Saliba,Villarreal,2860000
2026-09-21,Nelson Deossa Deossa,Betis,1796000
2026-09-21,Nemanja Gudelj Gudelj,Getafe,1119000
2026-09-21,Nico Guillén Guillén,Sevilla,193000
2026-09-21,Nico Serrano Serrano,Athletic,160000
2026-09-21,Nico Williams N. Williams,Athletic,11272000
2026-09-21,Nicolas Pépé Pépé,Villarreal,15160000
2026-09-21,Nicolás Valentini Valentini,Alavés,414000
2026-09-21,Noé Carrillo Noé Carrillo,Deportivo,160000
2026-09-21,Obed Vargas Vargas,Atlético,160000
2026-09-21,Odysseas Vlachodimos Vlachodimos,Sevilla,7434000
2026-09-21,Oihan Sancet Sancet,Athletic,8717000
2026-09-21,Omar El Hilali El Hilali,Espanyol,5478000
2026-09-21,Orel Mangala Mangala,Getafe,2235000
2026-09-21,Oriol Rey Oriol Rey,Levante,1260000
2026-09-21,Orri Steinn Óskarsson Óskarsson,Real Sociedad,5190000
2026-09-21,Pablo Barrios Barrios,Atlético,10802000
2026-09-21,Pablo Campos Cuñat Campos,Levante,161000
2026-09-21,Pablo Durán Durán,Celta,674000
2026-09-21,Pablo Fornals Fornals,Betis,14564000
2026-09-21,Pablo García Pablo García,Racing,2355000
2026-09-21,Pablo Gavi Gavi,Barcelona,4350000
2026-09-21,Pablo Ibáñez Ibáñez,Alavés,5126000
2026-09-21,Pablo Maffeo Maffeo,Valencia,2392000
2026-09-21,Pablo Martínez Pablo Martínez,Málaga,604000
2026-09-21,Pablo Marín Marín,Real Sociedad,162000
2026-09-21,Pablo Ramón Pablo Ramón,Racing,2367000
2026-09-21,Paco Cortés Cortés,Levante,200000
2026-09-21,Pape Gueye Pape Gueye,Villarreal,12072000
2026-09-21,Pathé Ciss Pathé Ciss,Rayo,3623000
2026-09-21,Pau Cubarsí Cubarsí,Barcelona,16206000
2026-09-21,Pau Navarro Pau Navarro,Villarreal,1090000
2026-09-21,Pedri González Pedri,Barcelona,21758000
2026-09-21,Pedro Bigas Bigas,Elche,401000
2026-09-21,Pedro Díaz Pedro Díaz,Rayo,944000
2026-09-21,Pedro Felipe Pedro Felipe,Racing,176000
2026-09-21,Peio Canales Canales,Athletic,1648000
2026-09-21,Pelayo Fernández Pelayo,Rayo,160000
2026-09-21,Pepelu Pepelu,Valencia,5068000
2026-09-21,Peque Peque,Sevilla,1693000
2026-09-21,Pere Milla Pere Milla,Espanyol,1729000
2026-09-21,Petar Ratkov Ratkov,Levante,1239000
2026-09-21,Pierre-Emerick Aubameyang Aubameyang,Deportivo,8390000
2026-09-21,Pol Lozano Lozano,Espanyol,160000
2026-09-21,Péter Gulácsi Gulacsi,Villarreal,1472000
2026-09-21,Quilindschy Hartman Hartman,Espanyol,1446000
2026-09-21,Rafa Garrido Rafita,Málaga,2821000
2026-09-21,Rafa Rodríguez Rafa Rodríguez,Málaga,160000
2026-09-21,Rafel Bauzà Bauzà,Espanyol,181000
2026-09-21,Ramón Enríquez Enríquez,Málaga,249000
2026-09-21,Ramón Terrats Terrats,Getafe,5673000
2026-09-21,Randy Nteka Nteka,Rayo,327000
2026-09-21,Raphinha Raphinha,Barcelona,20572000
2026-09-21,Raul Moro Raul Moro,Osasuna,1810000
2026-09-21,Rayane Belaid Rayane,Rayo,160000
2026-09-21,Raúl Asencio Asencio,Real Madrid,175000
2026-09-21,Raúl De Tomás De Tomás,Rayo,175000
2026-09-21,Raúl García Raúl García,Osasuna,1940000
2026-09-21,Renato Veiga Veiga,Villarreal,6973000
2026-09-21,Riki Rodríguez Riki,Deportivo,330000
2026-09-21,Robbie Ure Ure,Sevilla,2818000
2026-09-21,Robert Navarro Navarro,Athletic,2970000
2026-09-21,Roberto Fernández Roberto,Espanyol,10519000
2026-09-21,Robin Le Normand Le Normand,Atlético,2288000
2026-09-21,Rockson Yeboah Yeboah,Osasuna,511000
2026-09-21,Rodri Hernández Rodri,Barcelona,14132000
2026-09-21,Rodrigo Gamón Gamón,Valencia,160000
2026-09-21,Rodrigo Mendoza Mendoza,Atlético,331000
2026-09-21,Rodrigo Riquelme Riquelme,Betis,5495000
2026-09-21,Rodrygo Goes Rodrygo,Real Madrid,531000
2026-09-21,Roger Brugué Brugui,Levante,1707000
2026-09-21,Roger Hinojo Hinojo,Espanyol,2295000
2026-09-21,Romain Del Castillo Del Castillo,Osasuna,1127000
2026-09-21,Roony Bardghji Bardghji,Barcelona,199000
2026-09-21,Roy Revivo Revivo,Elche,449000
2026-09-21,Rubén García Rubén G.,Osasuna,3772000
2026-09-21,Rubén López Rubén López,Deportivo,210000
2026-09-21,Rubén Sánchez Rubén Sánchez,Elche,318000
2026-09-21,Rubén Vargas Vargas,Sevilla,2315000
2026-09-21,Ryunosuke Sato Sato,Valencia,2374000
2026-09-21,Saba Sazonov Sazonov,Getafe,163000
2026-09-21,Salvi Esquivel Esquivel,Atlético,160000
2026-09-21,Samu Becerra Becerra,Rayo,164000
2026-09-21,Santi Comesaña Comesaña,Villarreal,5318000
2026-09-21,Santiago Mouriño Mouriño,Villarreal,4555000
2026-09-21,Sebastián Boselli Boselli,Getafe,233000
2026-09-21,Sebastián Cáceres Cáceres,Celta,541000
2026-09-21,Selton Sánchez Selton,Athletic,209000
2026-09-21,Sergi Canós Canós,Valencia,162000
2026-09-21,Sergi Cardona S. Cardona,Villarreal,538000
2026-09-21,Sergio Camello Camello,Rayo,8653000
2026-09-21,Sergio Canales Canales,Racing,7270000
2026-09-21,Sergio Carreira Carreira,Celta,5240000
2026-09-21,Sergio Gómez Sergio Gómez,Real Sociedad,6380000
2026-09-21,Sergio Herrera Herrera,Osasuna,7183000
2026-09-21,Sergio Martínez Sergio Martínez,Real Madrid,542000
2026-09-21,Simon Eriksson Eriksson,Racing,309000
2026-09-21,Stefan Bajcetic Bajcetic,Celta,165000
2026-09-21,Stole Dimitrievski Dimitrievski,Valencia,6757000
2026-09-21,Tajon Buchanan Buchanan,Villarreal,5077000
2026-09-21,Takefusa Kubo Kubo,Real Sociedad,7920000
2026-09-21,Tani Oluwaseyi Oluwaseyi,Villarreal,560000
2026-09-21,Taufik Seidu Taufik,Atlético,169000
2026-09-21,Tete Morente Tete Morente,Elche,1374000
2026-09-21,Thiago Fernández Thiago,Levante,1202000
2026-09-21,Thiago Pitarch Thiago,Real Madrid,210000
2026-09-21,Thibaut Courtois Courtois,Real Madrid,10036000
2026-09-21,Thomas Lemar Lemar,Elche,1242000
2026-09-21,Toni Martinez Toni Martinez,Alavés,6863000
2026-09-21,Trent Alexander-Arnold Alexander-Arnold,Real Madrid,6204000
2026-09-21,Troy Parrott Parrott,Betis,6307000
2026-09-21,Tyrhys Dolan Dolan,Espanyol,4750000
2026-09-21,Umar Sadiq Sadiq,Valencia,1589000
2026-09-21,Unai Egiluz Egiluz,Athletic,160000
2026-09-21,Unai López Unai López,Rayo,5158000
2026-09-21,Unai Marrero Marrero,Real Sociedad,600000
2026-09-21,Unai Núñez U. Núñez,Espanyol,2804000
2026-09-21,Unai Santos Unai Santos,Osasuna,160000
2026-09-21,Unai Simón Unai Simón,Athletic,10107000
2026-09-21,Urko González de Zarate Urko,Espanyol,1994000
2026-09-21,Valentin Rosier Rosier,Osasuna,656000
2026-09-21,Valentín Gómez Valentín Gómez,Betis,295000
2026-09-21,Vanja Drkusic Drkusic,Espanyol,387000
2026-09-21,Ville Koski Koski,Alavés,3578000
2026-09-21,Vinicius Junior Vinicius,Real Madrid,19997000
2026-09-21,Víctor Chust Chust,Elche,2434000
2026-09-21,Víctor García Víctor García,Levante,564000
2026-09-21,Williot Swedberg Swedberg,Celta,1867000
2026-09-21,Wojciech Szczesny Szczesny,Barcelona,404000
2026-09-21,Xanet Oláiz Oláiz,Alavés,160000
2026-09-21,Xavi Espart Espart,Barcelona,3930000
2026-09-21,Ximo Navarro Ximo,Deportivo,2842000
2026-09-21,Yago Santiago Santiago,Elche,160000
2026-09-21,Yan Diomande Y. Diomande,Real Madrid,16409000
2026-09-21,Yangel Herrera Herrera,Real Sociedad,3799000
2026-09-21,Yanis Musuayi Musuayi,Levante,191000
2026-09-21,Yassir Zabiri Zabiri,Racing,5626000
2026-09-21,Yeray Álvarez Yeray,Athletic,2618000
2026-09-21,Yeremay Hernández Yeremay,Deportivo,7565000
2026-09-21,Yoel Lago Lago,Celta,1833000
2026-09-21,Youssef Enríquez Youssef,Alavés,1910000
2026-09-21,Youssouf Fofana Fofana,Sevilla,5521000
2026-09-21,Yuri Berchiche Yuri,Athletic,5314000
2026-09-21,Zaid Romero Romero,Getafe,4087000
2026-09-21,Zakaria Eddahchouri Eddahchouri,Deportivo,1345000
2026-09-21,Álex Baena Baena,Atlético,12797000
2026-09-21,Álex Berenguer Berenguer,Athletic,5057000
2026-09-21,Álex Calatrava Calatrava,Espanyol,5519000
2026-09-21,Álex Grimaldo Grimaldo,Atlético,9083000
2026-09-21,Álex Pastor Pastor,Málaga,160000
2026-09-21,Álex Remiro Remiro,Real Sociedad,9984000
2026-09-21,Álvaro Djaló Djaló,Athletic,167000
2026-09-21,Álvaro F. Carreras A. F. Carreras,Real Madrid,2996000
2026-09-21,Álvaro Fernández Álvaro,Deportivo,160000
2026-09-21,Álvaro Fidalgo Fidalgo,Betis,185000
2026-09-21,Álvaro García Álvaro García,Rayo,8414000
2026-09-21,Álvaro Leiva Leiva,Real Madrid,181000
2026-09-21,Álvaro Mantilla Mantilla,Racing,1512000
2026-09-21,Álvaro Núñez Á. Núñez,Celta,1057000
2026-09-21,Álvaro Odriozola Odriozola,Real Sociedad,160000
2026-09-21,Álvaro Padilla Padilla,Elche,198000
2026-09-21,Álvaro Valles Valles,Betis,10726000
2026-09-21,Ángel Fortuño Fortuño,Espanyol,160000
2026-09-21,Ángel Ortiz Ortiz,Betis,266000
2026-09-21,Ángel Pérez Ángel Pérez,Alavés,7279000
2026-09-21,Éder Militão Militão,Real Madrid,1548000
2026-09-21,Íñigo Ruiz de Galarreta R. de Galarreta,Athletic,5524000
2026-09-21,Íñigo Sainz-Maza Sainz-Maza,Racing,160000
2026-09-21,Óscar López Óscar López,Getafe,206000
2026-09-21,Óscar Valentín Valentín,Rayo,1608000
2026-09-22,Aaron Ndive Mayol Mayol,Valencia,420000
2026-09-22,Aarón Martín Aarón,Racing,199000
2026-09-22,Aarón Ochoa Ochoa,Málaga,197000
2026-09-22,Abde Ezzalzouli Abde,Betis,12633000
2026-09-22,Abde Rebbach Rebbach,Alavés,1971000
2026-09-22,Abdel Abqar Abqar,Getafe,332000
2026-09-22,Abdoulaye Faye Faye,Celta,173000
2026-09-22,Abel Bretones Bretones,Osasuna,2835000
2026-09-22,Abiel Osorio Osorio,Elche,512000
2026-09-22,Adam Aznou Aznou,Málaga,236000
2026-09-22,Adam Boayar Adam Boayar,Elche,176000
2026-09-22,Adama Traoré A. Traoré,Deportivo,2867000
2026-09-22,Ademola Lookman Lookman,Atlético,10853000
2026-09-22,Adrià Altimira Altimira,Deportivo,1320000
2026-09-22,Adrià Pedrosa Pedrosa,Rayo,1261000
2026-09-22,Adrián Niño Niño,Málaga,564000
2026-09-22,Adrián Rodríguez Adrián,Alavés,160000
2026-09-22,Adrián de la Fuente De la Fuente,Levante,9229000
2026-09-22,Aihen Muñoz Aihen,Real Sociedad,186000
2026-09-22,Aimar Oroz Oroz,Osasuna,2355000
2026-09-22,Aissa Mandi Mandi,Levante,5397000
2026-09-22,Aitor Fernández Aitor,Osasuna,488000
2026-09-22,Aitor Mañas Aitor Mañas,Alavés,160000
2026-09-22,Aitor Paredes Paredes,Athletic,4527000
2026-09-22,Aitor Ruibal Ruibal,Betis,169000
2026-09-22,Alassane Diatta Diatta,Villarreal,202000
2026-09-22,Alberto Moleiro Moleiro,Villarreal,11062000
2026-09-22,Alberto Risco Risco,Getafe,160000
2026-09-22,Aleix Febas Febas,Celta,8556000
2026-09-22,Alejandro Balde Balde,Barcelona,2439000
2026-09-22,Alejandro Catena Catena,Osasuna,8663000
2026-09-22,Alejandro Iturbe Iturbe,Elche,174000
2026-09-22,Alejandro Rego Rego,Athletic,160000
2026-09-22,Aleksa Puric Puric,Atlético,163000
2026-09-22,Alemão Alemão,Rayo,1091000
2026-09-22,Alex Freeman Freeman,Villarreal,1289000
2026-09-22,Alex Marchal Marchal,Real Sociedad,321000
2026-09-22,Alex Padilla Padilla,Athletic,160000
2026-09-22,Alexander Sorloth Sörloth,Atlético,5010000
2026-09-22,Alfonso González Alfon,Sevilla,160000
2026-09-22,Alfonso Herrero Herrero,Málaga,7820000
2026-09-22,Ali Houary Ali Houary,Elche,206000
2026-09-22,Aliou Dieng Dieng,Valencia,925000
2026-09-22,Altay Bayindir Bayindir,Celta,172000
2026-09-22,Ander Barrenetxea Barrenetxea,Real Sociedad,7093000
2026-09-22,Ander Guevara Guevara,Alavés,187000
2026-09-22,Andoni Gorosabel Gorosabel,Espanyol,160000
2026-09-22,Andreas Christensen A. Christensen,Barcelona,3008000
2026-09-22,Andrei Ratiu Ratiu,Rayo,7267000
2026-09-22,Andriy Lunin Lunin,Real Madrid,228000
2026-09-22,André Almeida Almeida,Racing,846000
2026-09-22,Andrés Antañón Antañón,Celta,160000
2026-09-22,Andrés Castrín Castrín,Sevilla,3349000
2026-09-22,Andrés García Andrés García,Getafe,4732000
2026-09-22,Andrés Martín Andrés Martín,Racing,3711000
2026-09-22,Angel Recio Recio,Málaga,1416000
2026-09-22,Angeliño Angeliño,Deportivo,1354000
2026-09-22,Antal Yaakobishvili Yaakobishvili,Atlético,292000
2026-09-22,Ante Budimir Budimir,Osasuna,16418000
2026-09-22,Anthony Gordon Gordon,Barcelona,15242000
2026-09-22,Antonio Blanco Blanco,Alavés,7187000
2026-09-22,Antonio Rüdiger Rüdiger,Real Madrid,5611000
2026-09-22,Antonio Sivera Sivera,Alavés,10295000
2026-09-22,Antony Antony,Betis,15001000
2026-09-22,Arda Güler Güler,Real Madrid,15337000
2026-09-22,Arkaitz Mariezkurrena Mariezkurrena,Real Sociedad,160000
2026-09-22,Arnau Comas Comas,Deportivo,168000
2026-09-22,Arnau Martínez Arnau,Valencia,3144000
2026-09-22,Arnau Ortiz Ortiz,Atlético,423000
2026-09-22,Arnaut Danjuma Danjuma,Valencia,5015000
2026-09-22,Arouna Sangante Sangante,Sevilla,683000
2026-09-22,Arsen Zakharyan Zakharyan,Real Sociedad,160000
2026-09-22,Asier Osambela Osambela,Osasuna,203000
2026-09-22,Asier Villalibre Villalibre,Racing,2081000
2026-09-22,Augusto Batalla Batalla,Rayo,2794000
2026-09-22,Aurélien Tchouaméni Tchouaméni,Real Madrid,9972000
2026-09-22,Axel Tape Tape,Levante,235000
2026-09-22,Aymeric Laporte Laporte,Athletic,10606000
2026-09-22,Ayoze Pérez Ayoze,Villarreal,5682000
2026-09-22,Bambo Diaby Bambo,Elche,176000
2026-09-22,Bernardo Silva Bernardo Silva,Real Madrid,8983000
2026-09-22,Beñat Gerenabarrena Gerenabarrena,Athletic,1895000
2026-09-22,Beñat Prados Prados,Athletic,203000
2026-09-22,Beñat Turrientes Turrientes,Real Sociedad,2655000
2026-09-22,Bil Nsongo Bil Nsongo,Deportivo,5214000
2026-09-22,Borja Iglesias Iglesias,Celta,6388000
2026-09-22,Borja Mayoral Mayoral,Getafe,623000
2026-09-22,Boyomo Boyomo,Osasuna,3382000
2026-09-22,Brahim Díaz Brahim,Real Madrid,3026000
2026-09-22,Brian Fariñas Fariñas,Barcelona,181000
2026-09-22,Bright Ede Ede,Deportivo,947000
2026-09-22,Bryan Zaragoza Bryan,Espanyol,7889000
2026-09-22,Buba Sangaré Sangaré,Elche,2368000
2026-09-22,Carl Starfelt Starfelt,Celta,3006000
2026-09-22,Carles Aleñá Aleñá,Alavés,550000
2026-09-22,Carlos Ballestero Ballestero,Alavés,160000
2026-09-22,Carlos Benavidez Protesoni,Alavés,160000
2026-09-22,Carlos Dotor Dotor,Málaga,2189000
2026-09-22,Carlos Espí Carlos Espí,Real Madrid,8877000
2026-09-22,Carlos López Carlos López,Málaga,178000
2026-09-22,Carlos Macià Carlos Macià,Villarreal,215000
2026-09-22,Carlos Puga Puga,Málaga,3035000
2026-09-22,Carlos Romero Romero,Villarreal,8547000
2026-09-22,Carlos Soler Carlos Soler,Real Sociedad,7345000
2026-09-22,Chidera Ejuke Ejuke,Sevilla,3774000
2026-09-22,Christantus Uche Uche,Getafe,1931000
2026-09-22,Chupete Chupete,Málaga,5963000
2026-09-22,Clemens Riedel Riedel,Espanyol,1327000
2026-09-22,Coke Carrillo Carrillo,Celta,160000
2026-09-22,Couhaib Driouech Driouech,Celta,507000
2026-09-22,Cristian Rivero Rivero,Valencia,160000
2026-09-22,Cristian Romero Romero,Atlético,9382000
2026-09-22,Cucho Hernández Cucho,Betis,9414000
2026-09-22,César Tárrega Tárrega,Valencia,2399000
2026-09-22,Dakonam Djené Djené,Getafe,2885000
2026-09-22,Dani Barcia Barcia,Deportivo,160000
2026-09-22,Dani Ceballos Ceballos,Betis,1360000
2026-09-22,Dani Cárdenas Cárdenas,Rayo,1485000
2026-09-22,Dani Díaz Dani Díaz,Real Sociedad,160000
2026-09-22,Dani Lorenzo Lorenzo,Málaga,4546000
2026-09-22,Dani Martínez Dani Martínez,Atlético,160000
2026-09-22,Dani Olmo Olmo,Barcelona,14607000
2026-09-22,Dani Requena Requena,Levante,269000
2026-09-22,Dani Vivian Vivian,Athletic,1195000
2026-09-22,Daniel Raba Raba,Valencia,178000
2026-09-22,Daniel Yáñez Yáñez,Real Madrid,170000
2026-09-22,David Hancko Hancko,Atlético,9521000
2026-09-22,David Larrubia Larrubia,Málaga,6766000
2026-09-22,David Mella Mella,Deportivo,546000
2026-09-22,David Otorbi Otorbi,Valencia,696000
2026-09-22,David Soria Soria,Getafe,10213000
2026-09-22,Davinchi Davinchi,Getafe,189000
2026-09-22,Dean Huijsen Huijsen,Real Madrid,10631000
2026-09-22,Denis Suárez Denis Suárez,Alavés,2153000
2026-09-22,Denzel Dumfries Dumfries,Real Madrid,7792000
2026-09-22,Diego Aguado D. Aguado,Real Madrid,160000
2026-09-22,Diego Conde Conde,Betis,168000
2026-09-22,Diego Javier Llorente D. Llorente,Betis,2502000
2026-09-22,Diego López Diego López,Valencia,160000
2026-09-22,Diego Murillo Murillo,Málaga,195000
2026-09-22,Diego Rico Diego Rico,Osasuna,245000
2026-09-22,Diego Villares Villares,Deportivo,183000
2026-09-22,Dimitri Foulquier Foulquier,Valencia,160000
2026-09-22,Dominik Livakovic Livakovic,Barcelona,519000
2026-09-22,Edu Expósito Edu Expósito,Espanyol,10088000
2026-09-22,Eduardo Camavinga Camavinga,Real Madrid,4804000
2026-09-22,Einar Galilea Galilea,Málaga,3080000
2026-09-22,Emil Audero Audero,Rayo,1200000
2026-09-22,Endrick Endrick,Real Madrid,687000
2026-09-22,Eneko Jauregi Jauregi,Málaga,188000
2026-09-22,Enes Ünal Enes Ünal,Getafe,5396000
2026-09-22,Enzo Bardelli Bardeli,Levante,1844000
2026-09-22,Eric Garcia Eric Garcia,Barcelona,14524000
2026-09-22,Ezequiel Ponce Ponce,Elche,496000
2026-09-22,Facundo Bernal Bernal,Betis,4510000
2026-09-22,Facundo Buonanotte Buonanotte,Elche,2225000
2026-09-22,Facundo Garcés Garcés,Alavés,203000
2026-09-22,Facundo González Facu González,Racing,1052000
2026-09-22,Federico Redondo Redondo,Elche,418000
2026-09-22,Federico Valverde Valverde,Real Madrid,15162000
2026-09-22,Ferland Mendy Mendy,Real Madrid,165000
2026-09-22,Fermín López Fermín,Barcelona,17635000
2026-09-22,Fernando Calero Calero,Málaga,166000
2026-09-22,Fernando Niño Fer Niño,Elche,4149000
2026-09-22,Ferran Jutglà Jutglà,Celta,6746000
2026-09-22,Filip Ugrinic Ugrinic,Valencia,1584000
2026-09-22,Florian Lejeune Lejeune,Rayo,6855000
2026-09-22,Fran García Fran García,Betis,6778000
2026-09-22,Fran González Fran González,Sevilla,176000
2026-09-22,Fran Pérez Fran Pérez,Rayo,160000
2026-09-22,Francho Serrano Francho,Getafe,167000
2026-09-22,Frenkie de Jong F. de Jong,Barcelona,2802000
2026-09-22,Fábio Cardoso Cardoso,Sevilla,160000
2026-09-22,Félix Correia Félix Correia,Sevilla,1301000
2026-09-22,Gabriel Jesus Gabriel Jesús,Barcelona,5673000
2026-09-22,Gabriel Moscardo Moscardo,Espanyol,1031000
2026-09-22,Gabriel Suazo Suazo,Sevilla,4018000
2026-09-22,Georges Mikautadze Mikautadze,Villarreal,13178000
2026-09-22,Georgiy Tsitaishvili Tsitaishvili,Rayo,512000
2026-09-22,Gerard Martín Martín,Barcelona,10349000
2026-09-22,Gerard Moreno Gerard,Villarreal,13789000
2026-09-22,Germán Parreño,Deportivo,160000
2026-09-22,Germán Valera Valera,Elche,7036000
2026-09-22,Giacomo Quagliata Quagliata,Deportivo,4503000
2026-09-22,Giorgi Guliashvili Guliashvili,Racing,160000
2026-09-22,Giorgi Kochorashvili Kochorashvili,Sevilla,1588000
2026-09-22,Giovani Lo Celso Lo Celso,Betis,3666000
2026-09-22,Giuliano Simeone Giuliano,Atlético,10085000
2026-09-22,Gnangoro Bouare Bouare,Rayo,615000
2026-09-22,Gonzalo Villar Villar,Elche,4651000
2026-09-22,Gonçalo Guedes Guedes,Real Sociedad,6466000
2026-09-22,Gorka Carrera Carrera,Real Sociedad,160000
2026-09-22,Gorka Guruzeta Guruzeta,Athletic,3712000
2026-09-22,Grady Diangana Diangana,Elche,201000
2026-09-22,Guido Rodríguez Guido,Valencia,7369000
2026-09-22,Haitam Abaida Haitam,Málaga,160000
2026-09-22,Hamza Abdelkarim Abdelkarim,Barcelona,1275000
2026-09-22,Harvey Elliott Elliott,Valencia,3997000
2026-09-22,Hugo Burcio Burcio,Celta,183000
2026-09-22,Hugo Duro Duro,Valencia,3613000
2026-09-22,Hugo González Hugo González,Celta,992000
2026-09-22,Hugo Novoa Novoa,Alavés,207000
2026-09-22,Hugo Rincón Rincón,Athletic,160000
2026-09-22,Hugo Sotelo Sotelo,Levante,284000
2026-09-22,Hugo Álvarez Hugo Álvarez,Celta,551000
2026-09-22,Héctor Bellerín Bellerín,Betis,5510000
2026-09-22,Héctor Fort Fort,Real Sociedad,1435000
2026-09-22,Iago Aspas Aspas,Celta,5059000
2026-09-22,Ibrahima Konaté Konaté,Real Madrid,9578000
2026-09-22,Ifeanyi Ndukwe Ndukwe,Levante,172000
2026-09-22,Igor Zubeldia Zubeldia,Real Sociedad,2837000
2026-09-22,Iker Córdoba Córdoba,Valencia,275000
2026-09-22,Iker Losada Losada,Betis,160000
2026-09-22,Iker Luque Luque,Racing,202000
2026-09-22,Iker Muñoz Iker Muñoz,Osasuna,2548000
2026-09-22,Ilaix Moriba Moriba,Celta,4008000
2026-09-22,Ilias Akhomach Akhomach,Villarreal,597000
2026-09-22,Ionut Radu Radu,Celta,9679000
2026-09-22,Isaac Romero Romero,Sevilla,3803000
2026-09-22,Isco Alarcón Isco,Betis,10379000
2026-09-22,Isi Palazón Isi,Rayo,3162000
2026-09-22,Iván Azón Iván Azón,Getafe,907000
2026-09-22,Iván Balliu Balliu,Rayo,500000
2026-09-22,Iván Martín Iván Martín,Racing,1961000
2026-09-22,Iván Romero Iván Romero,Levante,5868000
2026-09-22,Iván Villar Iván Villar,Celta,209000
2026-09-22,Izan Merino Merino,Málaga,1533000
2026-09-22,Iñaki Rupérez Rupérez,Real Sociedad,160000
2026-09-22,Iñaki Williams I. Williams,Athletic,6214000
2026-09-22,Iñigo Arguibide Arguibide,Osasuna,1646000
2026-09-22,Iñigo Vicente Iñigo Vicente,Racing,9441000
2026-09-22,Jairo Noriega Noriega,Deportivo,160000
2026-09-22,Jan Oblak Oblak,Atlético,10068000
2026-09-22,Javi Galán Galán,Celta,2704000
2026-09-22,Javi Guerra Javi Guerra,Valencia,5286000
2026-09-22,Javi Morcillo Morcillo,Elche,573000
2026-09-22,Javi Puado Puado,Espanyol,368000
2026-09-22,Javi Rodríguez Javi Rodríguez,Celta,1718000
2026-09-22,Javi Rueda Rueda,Celta,3001000
2026-09-22,Jean Ives Valou Valou,Getafe,177000
2026-09-22,Jeanuël Belocian Belocian,Racing,1984000
2026-09-22,Jens Cajuste Cajuste,Málaga,342000
2026-09-22,Jeremy Toljan Toljan,Levante,1176000
2026-09-22,Jesse Bisiwu Bisiwu,Barcelona,174000
2026-09-22,Jesús Areso Areso,Athletic,2140000
2026-09-22,Jesús Vázquez Jesús Vázquez,Valencia,740000
2026-09-22,Jiri Letácek Letácek,Getafe,160000
2026-09-22,Joan Garcia Joan Garcia,Barcelona,15156000
2026-09-22,Joao Cancelo Cancelo,Barcelona,11582000
2026-09-22,Joaquín Muñoz Joaquín,Málaga,1646000
2026-09-22,Job Ochieng Ochieng,Real Sociedad,867000
2026-09-22,Jofre Carreras Jofre,Espanyol,196000
2026-09-22,Johan Mojica Mojica,Getafe,4544000
2026-09-22,Johaneko Louis-Jean Johaneko,Athletic,1038000
2026-09-22,Johnny Cardoso Cardoso,Atlético,687000
2026-09-22,Jon Ander Olasagasti Olasagasti,Levante,5356000
2026-09-22,Jon Aramburu Aramburu,Real Sociedad,6324000
2026-09-22,Jon Gorrotxategi Gorrotxategi,Real Sociedad,258000
2026-09-22,Jon Guridi Guridi,Sevilla,3506000
2026-09-22,Jon Martín Jon Martín,Real Sociedad,5730000
2026-09-22,Jon Moncayola Moncayola,Osasuna,3455000
2026-09-22,Jon Pacheco Pacheco,Real Sociedad,160000
2026-09-22,Jonathan Asp Jensen Asp Jensen,Deportivo,320000
2026-09-22,Jonathan David Jonathan David,Atlético,7282000
2026-09-22,Jonathan Dubasin Dubasin,Osasuna,1249000
2026-09-22,Jones El-Abdellaoui El-Abdellaoui,Celta,184000
2026-09-22,Jonny Castro Jonny,Alavés,5148000
2026-09-22,Jordi Pesquer Pesquer,Barcelona,160000
2026-09-22,Jorge Cabello Jorge Cabello,Levante,160000
2026-09-22,Jorge Cestero Cestero,Real Madrid,168000
2026-09-22,Jorge Domínguez Jorge Domínguez,Atlético,160000
2026-09-22,Jorge Herrando Herrando,Osasuna,185000
2026-09-22,Jorge Montes Montes,Getafe,187000
2026-09-22,Jorge Salinas Salinas,Racing,5122000
2026-09-22,Jorge de Frutos De Frutos,Rayo,6544000
2026-09-22,Josan Ferrández Josan,Elche,181000
2026-09-22,Joselu Pérez Joselu,Getafe,167000
2026-09-22,José Gayà Gayà,Valencia,2431000
2026-09-22,José Manuel Copete Copete,Valencia,170000
2026-09-22,José María Giménez Giménez,Deportivo,2338000
2026-09-22,José Salinas Salinas,Málaga,1061000
2026-09-22,José Ángel Carmona Carmona,Sevilla,177000
2026-09-22,José Ángel López José Ángel,Espanyol,189000
2026-09-22,Jozhua Vertrouwd Vertrouwd,Rayo,171000
2026-09-22,Juan Berrocal Berrocal,Málaga,192000
2026-09-22,Juan Carlos Arana Arana,Racing,160000
2026-09-22,Juan Cruz Juan Cruz,Málaga,1792000
2026-09-22,Juan Foyth Foyth,Villarreal,4240000
2026-09-22,Juan Iglesias Iglesias,Sevilla,6244000
2026-09-22,Juan Musso Musso,Atlético,162000
2026-09-22,Juanmi Jiménez Juanmi,Getafe,160000
2026-09-22,Jude Bellingham Bellingham,Real Madrid,20059000
2026-09-22,Julen Agirrezabala Agirrezabala,Racing,5484000
2026-09-22,Julen Lobete Lobete,Málaga,207000
2026-09-22,Jules Koundé Koundé,Barcelona,6704000
2026-09-22,Julio Díaz Julio Díaz,Sevilla,302000
2026-09-22,Julián Álvarez Alvarez,Atlético,11659000
2026-09-22,Junior Firpo Junior,Betis,351000
2026-09-22,Justin de Haas De Haas,Valencia,1907000
2026-09-22,Kang-In Lee Kang-In Lee,Atlético,11319000
2026-09-22,Karim Adeyemi Adeyemi,Barcelona,11862000
2026-09-22,Karl Etta Eyong Etta Eyong,Levante,2305000
2026-09-22,Kayne van Oevelen Van Oevelen,Valencia,160000
2026-09-22,Kevin Lomónaco Lomónaco,Elche,922000
2026-09-22,Kevin Sánchez Kevin Sánchez,Deportivo,164000
2026-09-22,Kike Barja Kike Barja,Osasuna,1084000
2026-09-22,Kike García Kike García,Espanyol,184000
2026-09-22,Kike Salas Kike Salas,Sevilla,5193000
2026-09-22,Kiko Femenia Femenia,Getafe,347000
2026-09-22,Koke Resurrección Koke,Atlético,8618000
2026-09-22,Kylian Mbappé Mbappé,Real Madrid,24664000
2026-09-22,Lamine Yamal Yamal,Barcelona,23709000
2026-09-22,Lander Pinillos Pinillos,Alavés,160000
2026-09-22,Laro Gómez Laro Gómez,Racing,160000
2026-09-22,Leandro Cabrera Cabrera,Espanyol,5180000
2026-09-22,Leo Román Leo Román,Deportivo,9991000
2026-09-22,Logan Costa Logan Costa,Villarreal,334000
2026-09-22,Lorenzo Amatucci Amatucci,Deportivo,8567000
2026-09-22,Lucas Boyé Boyé,Alavés,9063000
2026-09-22,Lucas Cepeda Cepeda,Elche,2017000
2026-09-22,Lucas Noubi Noubi,Deportivo,3837000
2026-09-22,Lucas Stassin Stassin,Sevilla,5070000
2026-09-22,Lucas Torró Torró,Osasuna,556000
2026-09-22,Lucien Agoume Agoume,Sevilla,6163000
2026-09-22,Luis Rioja Rioja,Valencia,2479000
2026-09-22,Luismi Cruz Luismi,Deportivo,4694000
2026-09-22,Luiz Felipe Luiz Felipe,Rayo,166000
2026-09-22,Luiz Junior Luiz Junior,Villarreal,3433000
2026-09-22,Luka Sucic L. Sucic,Real Sociedad,6115000
2026-09-22,Luken Beitia Beitia,Real Sociedad,162000
2026-09-22,Maguette Gueye Maguette,Racing,1089000
2026-09-22,Mamadou Sarr M. Sarr,Real Sociedad,4164000
2026-09-22,Manu Bueno Manu Bueno,Sevilla,161000
2026-09-22,Manu Hernando Hernando,Racing,2088000
2026-09-22,Manu Sánchez Manu Sánchez,Levante,3245000
2026-09-22,Marash Kumbulla Kumbulla,Rayo,160000
2026-09-22,Marc Aguado Aguado,Elche,2490000
2026-09-22,Marc Bartra Bartra,Betis,6141000
2026-09-22,Marc Bernal Bernal,Barcelona,10157000
2026-09-22,Marc Casadó Casadó,Deportivo,1661000
2026-09-22,Marc Cucurella Cucurella,Real Madrid,11924000
2026-09-22,Marc Doménech Doménech,Atlético,160000
2026-09-22,Marc Pubill Pubill,Atlético,10094000
2026-09-22,Marc Roca Marc Roca,Betis,6897000
2026-09-22,Marc Santos Marc Santos,Levante,163000
2026-09-22,Marcos Alonso M. Alonso,Celta,8715000
2026-09-22,Marcos Fernández Marcos,Espanyol,1118000
2026-09-22,Marcos Llorente M. Llorente,Atlético,10254000
2026-09-22,Marcão Marcão,Sevilla,195000
2026-09-22,Mariano Díaz Mariano,Alavés,4084000
2026-09-22,Mario Martín Mario Martín,Getafe,892000
2026-09-22,Mario Soriano Mario,Deportivo,6014000
2026-09-22,Marko Dmitrovic Dmitrovic,Espanyol,9769000
2026-09-22,Maroan Sannadi Sannadi,Athletic,160000
2026-09-22,Martim Neto Martim Neto,Elche,160000
2026-09-22,Martín Satriano Satriano,Getafe,6464000
2026-09-22,Mathew Ryan Ryan,Levante,10012000
2026-09-22,Matia Barzic Barzic,Elche,160000
2026-09-22,Matteo Prati Prati,Racing,482000
2026-09-22,Matías Dituro Dituro,Elche,4885000
2026-09-22,Miguel Cubo Cubo,Atlético,170000
2026-09-22,Miguel Loureiro Loureiro,Deportivo,719000
2026-09-22,Miguel Rodríguez Miguel,Alavés,160000
2026-09-22,Miguel Román Román,Celta,4372000
2026-09-22,Miguel Sierra Sierra,Sevilla,3831000
2026-09-22,Mikel Jauregizar Jauregizar,Athletic,1697000
2026-09-22,Mikel Oyarzabal Oyarzabal,Real Sociedad,15839000
2026-09-22,Mikel Rodriguez Mikel Rodriguez,Alavés,407000
2026-09-22,Moi Gómez Moi Gómez,Osasuna,720000
2026-09-22,Morten Hjulmand Hjulmand,Atlético,9121000
2026-09-22,Mouctar Diakhaby Diakhaby,Valencia,547000
2026-09-22,Moussa Diarra Moussa,Málaga,160000
2026-09-22,Mujaid Sadick Mujaid,Rayo,555000
2026-09-22,Nacho Pérez Nacho Pérez,Levante,1410000
2026-09-22,Nahuel Tenaglia Tenaglia,Alavés,9998000
2026-09-22,Natan Natan,Betis,7447000
2026-09-22,Nathan-Dylan Saliba Saliba,Villarreal,2938000
2026-09-22,Nelson Deossa Deossa,Betis,1853000
2026-09-22,Nemanja Gudelj Gudelj,Getafe,1121000
2026-09-22,Nico Guillén Guillén,Sevilla,203000
2026-09-22,Nico Serrano Serrano,Athletic,160000
2026-09-22,Nico Williams N. Williams,Athletic,11325000
2026-09-22,Nicolas Pépé Pépé,Villarreal,15124000
2026-09-22,Nicolás Valentini Valentini,Alavés,459000
2026-09-22,Noé Carrillo Noé Carrillo,Deportivo,160000
2026-09-22,Obed Vargas Vargas,Atlético,170000
2026-09-22,Odysseas Vlachodimos Vlachodimos,Sevilla,7494000
2026-09-22,Oihan Sancet Sancet,Athletic,8775000
2026-09-22,Omar El Hilali El Hilali,Espanyol,5434000
2026-09-22,Orel Mangala Mangala,Getafe,2171000
2026-09-22,Oriol Rey Oriol Rey,Levante,1248000
2026-09-22,Orri Steinn Óskarsson Óskarsson,Real Sociedad,5123000
2026-09-22,Pablo Barrios Barrios,Atlético,10758000
2026-09-22,Pablo Campos Cuñat Campos,Levante,160000
2026-09-22,Pablo Durán Durán,Celta,713000
2026-09-22,Pablo Fornals Fornals,Betis,14471000
2026-09-22,Pablo García Pablo García,Racing,2413000
2026-09-22,Pablo Gavi Gavi,Barcelona,4235000
2026-09-22,Pablo Ibáñez Ibáñez,Alavés,5169000
2026-09-22,Pablo Maffeo Maffeo,Valencia,2344000
2026-09-22,Pablo Martínez Pablo Martínez,Málaga,604000
2026-09-22,Pablo Marín Marín,Real Sociedad,160000
2026-09-22,Pablo Ramón Pablo Ramón,Racing,2384000
2026-09-22,Paco Cortés Cortés,Levante,185000
2026-09-22,Pape Gueye Pape Gueye,Villarreal,12116000
2026-09-22,Pathé Ciss Pathé Ciss,Rayo,3726000
2026-09-22,Pau Cubarsí Cubarsí,Barcelona,16203000
2026-09-22,Pau Navarro Pau Navarro,Villarreal,1114000
2026-09-22,Pedri González Pedri,Barcelona,21746000
2026-09-22,Pedro Bigas Bigas,Elche,360000
2026-09-22,Pedro Díaz Pedro Díaz,Rayo,985000
2026-09-22,Pedro Felipe Pedro Felipe,Racing,207000
2026-09-22,Peio Canales Canales,Athletic,1636000
2026-09-22,Pelayo Fernández Pelayo,Rayo,193000
2026-09-22,Pepelu Pepelu,Valencia,5094000
2026-09-22,Peque Peque,Sevilla,1644000
2026-09-22,Pere Milla Pere Milla,Espanyol,1669000
2026-09-22,Petar Ratkov Ratkov,Levante,1202000
2026-09-22,Pierre-Emerick Aubameyang Aubameyang,Deportivo,8537000
2026-09-22,Pol Lozano Lozano,Espanyol,160000
2026-09-22,Péter Gulácsi Gulacsi,Villarreal,1518000
2026-09-22,Quilindschy Hartman Hartman,Espanyol,1403000
2026-09-22,Rafa Garrido Rafita,Málaga,2870000
2026-09-22,Rafa Rodríguez Rafa Rodríguez,Málaga,176000
2026-09-22,Rafel Bauzà Bauzà,Espanyol,168000
2026-09-22,Ramón Enríquez Enríquez,Málaga,225000
2026-09-22,Ramón Terrats Terrats,Getafe,5753000
2026-09-22,Randy Nteka Nteka,Rayo,282000
2026-09-22,Raphinha Raphinha,Barcelona,20601000
2026-09-22,Raul Moro Raul Moro,Osasuna,1764000
2026-09-22,Rayane Belaid Rayane,Rayo,171000
2026-09-22,Raúl Asencio Asencio,Real Madrid,179000
2026-09-22,Raúl De Tomás De Tomás,Rayo,160000
2026-09-22,Raúl García Raúl García,Osasuna,1901000
2026-09-22,Renato Veiga Veiga,Villarreal,7068000
2026-09-22,Riki Rodríguez Riki,Deportivo,303000
2026-09-22,Robbie Ure Ure,Sevilla,2778000
2026-09-22,Robert Navarro Navarro,Athletic,3070000
2026-09-22,Roberto Fernández Roberto,Espanyol,10588000
2026-09-22,Robin Le Normand Le Normand,Atlético,2336000
2026-09-22,Rockson Yeboah Yeboah,Osasuna,503000
2026-09-22,Rodri Hernández Rodri,Barcelona,14245000
2026-09-22,Rodrigo Gamón Gamón,Valencia,160000
2026-09-22,Rodrigo Mendoza Mendoza,Atlético,284000
2026-09-22,Rodrigo Riquelme Riquelme,Betis,5522000
2026-09-22,Rodrygo Goes Rodrygo,Real Madrid,537000
2026-09-22,Roger Brugué Brugui,Levante,1764000
2026-09-22,Roger Hinojo Hinojo,Espanyol,2301000
2026-09-22,Romain Del Castillo Del Castillo,Osasuna,1090000
2026-09-22,Roony Bardghji Bardghji,Barcelona,160000
2026-09-22,Roy Revivo Revivo,Elche,498000
2026-09-22,Rubén García Rubén G.,Osasuna,3668000
2026-09-22,Rubén López Rubén López,Deportivo,190000
2026-09-22,Rubén Sánchez Rubén Sánchez,Elche,347000
2026-09-22,Rubén Vargas Vargas,Sevilla,2239000
2026-09-22,Ryunosuke Sato Sato,Valencia,2297000
2026-09-22,Saba Sazonov Sazonov,Getafe,160000
2026-09-22,Salvi Esquivel Esquivel,Atlético,165000
2026-09-22,Samu Becerra Becerra,Rayo,160000
2026-09-22,Santi Comesaña Comesaña,Villarreal,5231000
2026-09-22,Santiago Mouriño Mouriño,Villarreal,4446000
2026-09-22,Sebastián Boselli Boselli,Getafe,207000
2026-09-22,Sebastián Cáceres Cáceres,Celta,559000
2026-09-22,Selton Sánchez Selton,Athletic,169000
2026-09-22,Sergi Canós Canós,Valencia,160000
2026-09-22,Sergi Cardona S. Cardona,Villarreal,536000
2026-09-22,Sergio Camello Camello,Rayo,8810000
2026-09-22,Sergio Canales Canales,Racing,7282000
2026-09-22,Sergio Carreira Carreira,Celta,5292000
2026-09-22,Sergio Gómez Sergio Gómez,Real Sociedad,6426000
2026-09-22,Sergio Herrera Herrera,Osasuna,7067000
2026-09-22,Sergio Martínez Sergio Martínez,Real Madrid,505000
2026-09-22,Simon Eriksson Eriksson,Racing,268000
2026-09-22,Stefan Bajcetic Bajcetic,Celta,165000
2026-09-22,Stole Dimitrievski Dimitrievski,Valencia,6807000
2026-09-22,Tajon Buchanan Buchanan,Villarreal,5130000
2026-09-22,Takefusa Kubo Kubo,Real Sociedad,7828000
2026-09-22,Tani Oluwaseyi Oluwaseyi,Villarreal,539000
2026-09-22,Taufik Seidu Taufik,Atlético,169000
2026-09-22,Tete Morente Tete Morente,Elche,1381000
2026-09-22,Thiago Fernández Thiago,Levante,1174000
2026-09-22,Thiago Pitarch Thiago,Real Madrid,215000
2026-09-22,Thibaut Courtois Courtois,Real Madrid,10044000
2026-09-22,Thomas Lemar Lemar,Elche,1284000
2026-09-22,Toni Martinez Toni Martinez,Alavés,6779000
2026-09-22,Trent Alexander-Arnold Alexander-Arnold,Real Madrid,6152000
2026-09-22,Troy Parrott Parrott,Betis,6351000
2026-09-22,Tyrhys Dolan Dolan,Espanyol,4622000
2026-09-22,Umar Sadiq Sadiq,Valencia,1545000
2026-09-22,Unai Egiluz Egiluz,Athletic,160000
2026-09-22,Unai López Unai López,Rayo,5161000
2026-09-22,Unai Marrero Marrero,Real Sociedad,584000
2026-09-22,Unai Núñez U. Núñez,Espanyol,2796000
2026-09-22,Unai Santos Unai Santos,Osasuna,180000
2026-09-22,Unai Simón Unai Simón,Athletic,10076000
2026-09-22,Urko González de Zarate Urko,Espanyol,1936000
2026-09-22,Valentin Rosier Rosier,Osasuna,625000
2026-09-22,Valentín Gómez Valentín Gómez,Betis,330000
2026-09-22,Vanja Drkusic Drkusic,Espanyol,330000
2026-09-22,Ville Koski Koski,Alavés,3684000
2026-09-22,Vinicius Junior Vinicius,Real Madrid,19978000
2026-09-22,Víctor Chust Chust,Elche,2381000
2026-09-22,Víctor García Víctor García,Levante,576000
2026-09-22,Williot Swedberg Swedberg,Celta,1815000
2026-09-22,Wojciech Szczesny Szczesny,Barcelona,406000
2026-09-22,Xanet Oláiz Oláiz,Alavés,174000
2026-09-22,Xavi Espart Espart,Barcelona,4062000
2026-09-22,Ximo Navarro Ximo,Deportivo,2788000
2026-09-22,Yago Santiago Santiago,Elche,189000
2026-09-22,Yan Diomande Y. Diomande,Real Madrid,16384000
2026-09-22,Yangel Herrera Herrera,Real Sociedad,3877000
2026-09-22,Yanis Musuayi Musuayi,Levante,182000
2026-09-22,Yassir Zabiri Zabiri,Racing,5716000
2026-09-22,Yeray Álvarez Yeray,Athletic,2640000
2026-09-22,Yeremay Hernández Yeremay,Deportivo,7485000
2026-09-22,Yoel Lago Lago,Celta,1895000
2026-09-22,Youssef Enríquez Youssef,Alavés,1875000
2026-09-22,Youssouf Fofana Fofana,Sevilla,5600000
2026-09-22,Yuri Berchiche Yuri,Athletic,5371000
2026-09-22,Zaid Romero Romero,Getafe,4197000
2026-09-22,Zakaria Eddahchouri Eddahchouri,Deportivo,1321000
2026-09-22,Álex Baena Baena,Atlético,12869000
2026-09-22,Álex Berenguer Berenguer,Athletic,5108000
2026-09-22,Álex Calatrava Calatrava,Espanyol,5436000
2026-09-22,Álex Grimaldo Grimaldo,Atlético,9225000
2026-09-22,Álex Pastor Pastor,Málaga,160000
2026-09-22,Álex Remiro Remiro,Real Sociedad,10024000
2026-09-22,Álvaro Djaló Djaló,Athletic,205000
2026-09-22,Álvaro F. Carreras A. F. Carreras,Real Madrid,3046000
2026-09-22,Álvaro Fernández Álvaro,Deportivo,203000
2026-09-22,Álvaro Fidalgo Fidalgo,Betis,197000
2026-09-22,Álvaro García Álvaro García,Rayo,8501000
2026-09-22,Álvaro Leiva Leiva,Real Madrid,181000
2026-09-22,Álvaro Mantilla Mantilla,Racing,1464000
2026-09-22,Álvaro Núñez Á. Núñez,Celta,1087000
2026-09-22,Álvaro Odriozola Odriozola,Real Sociedad,160000
2026-09-22,Álvaro Padilla Padilla,Elche,209000
2026-09-22,Álvaro Valles Valles,Betis,10804000
2026-09-22,Ángel Fortuño Fortuño,Espanyol,160000
2026-09-22,Ángel Ortiz Ortiz,Betis,269000
2026-09-22,Ángel Pérez Ángel Pérez,Alavés,7361000
2026-09-22,Éder Militão Militão,Real Madrid,1573000
2026-09-22,Íñigo Ruiz de Galarreta R. de Galarreta,Athletic,5573000
2026-09-22,Íñigo Sainz-Maza Sainz-Maza,Racing,160000
2026-09-22,Óscar López Óscar López,Getafe,168000
2026-09-22,Óscar Valentín Valentín,Rayo,1571000
2026-09-23,Aaron Ndive Mayol Mayol,Valencia,477000
2026-09-23,Aarón Martín Aarón,Racing,191000
2026-09-23,Aarón Ochoa Ochoa,Málaga,160000
2026-09-23,Abde Ezzalzouli Abde,Betis,12711000
2026-09-23,Abde Rebbach Rebbach,Alavés,1944000
2026-09-23,Abdel Abqar Abqar,Getafe,288000
2026-09-23,Abdoulaye Faye Faye,Celta,160000
2026-09-23,Abel Bretones Bretones,Osasuna,2757000
2026-09-23,Abiel Osorio Osorio,Elche,537000
2026-09-23,Adam Aznou Aznou,Málaga,176000
2026-09-23,Adam Boayar Adam Boayar,Elche,160000
2026-09-23,Adama Traoré A. Traoré,Deportivo,2918000
2026-09-23,Ademola Lookman Lookman,Atlético,10780000
2026-09-23,Adrià Altimira Altimira,Deportivo,1275000
2026-09-23,Adrià Pedrosa Pedrosa,Rayo,1302000
2026-09-23,Adrián Niño Niño,Málaga,581000
2026-09-23,Adrián Rodríguez Adrián,Alavés,182000
2026-09-23,Adrián de la Fuente De la Fuente,Levante,9316000
2026-09-23,Aihen Muñoz Aihen,Real Sociedad,205000
2026-09-23,Aimar Oroz Oroz,Osasuna,2303000
2026-09-23,Aissa Mandi Mandi,Levante,5392000
2026-09-23,Aitor Fernández Aitor,Osasuna,552000
2026-09-23,Aitor Mañas Aitor Mañas,Alavés,160000
2026-09-23,Aitor Paredes Paredes,Athletic,4676000
2026-09-23,Aitor Ruibal Ruibal,Betis,162000
2026-09-23,Alassane Diatta Diatta,Villarreal,189000
2026-09-23,Alberto Moleiro Moleiro,Villarreal,11131000
2026-09-23,Alberto Risco Risco,Getafe,160000
2026-09-23,Aleix Febas Febas,Celta,8419000
2026-09-23,Alejandro Balde Balde,Barcelona,2386000
2026-09-23,Alejandro Catena Catena,Osasuna,8602000
2026-09-23,Alejandro Iturbe Iturbe,Elche,185000
2026-09-23,Alejandro Rego Rego,Athletic,160000
2026-09-23,Aleksa Puric Puric,Atlético,163000
2026-09-23,Alemão Alemão,Rayo,1066000
2026-09-23,Alex Freeman Freeman,Villarreal,1330000
2026-09-23,Alex Marchal Marchal,Real Sociedad,284000
2026-09-23,Alex Padilla Padilla,Athletic,165000
2026-09-23,Alexander Sorloth Sörloth,Atlético,4946000
2026-09-23,Alfonso González Alfon,Sevilla,210000
2026-09-23,Alfonso Herrero Herrero,Málaga,7938000
2026-09-23,Ali Houary Ali Houary,Elche,185000
2026-09-23,Aliou Dieng Dieng,Valencia,925000
2026-09-23,Altay Bayindir Bayindir,Celta,160000
2026-09-23,Ander Barrenetxea Barrenetxea,Real Sociedad,7178000
2026-09-23,Ander Guevara Guevara,Alavés,217000
2026-09-23,Andoni Gorosabel Gorosabel,Espanyol,160000
2026-09-23,Andreas Christensen A. Christensen,Barcelona,3062000
2026-09-23,Andrei Ratiu Ratiu,Rayo,7352000
2026-09-23,Andriy Lunin Lunin,Real Madrid,205000
2026-09-23,André Almeida Almeida,Racing,869000
2026-09-23,Andrés Antañón Antañón,Celta,190000
2026-09-23,Andrés Castrín Castrín,Sevilla,3446000
2026-09-23,Andrés García Andrés García,Getafe,4633000
2026-09-23,Andrés Martín Andrés Martín,Racing,3632000
2026-09-23,Angel Recio Recio,Málaga,1444000
2026-09-23,Angeliño Angeliño,Deportivo,1313000
2026-09-23,Antal Yaakobishvili Yaakobishvili,Atlético,292000
2026-09-23,Ante Budimir Budimir,Osasuna,16443000
2026-09-23,Anthony Gordon Gordon,Barcelona,15212000
2026-09-23,Antonio Blanco Blanco,Alavés,7094000
2026-09-23,Antonio Rüdiger Rüdiger,Real Madrid,5679000
2026-09-23,Antonio Sivera Sivera,Alavés,10345000
2026-09-23,Antony Antony,Betis,14976000
2026-09-23,Arda Güler Güler,Real Madrid,15371000
2026-09-23,Arkaitz Mariezkurrena Mariezkurrena,Real Sociedad,160000
2026-09-23,Arnau Comas Comas,Deportivo,160000
2026-09-23,Arnau Martínez Arnau,Valencia,3034000
2026-09-23,Arnau Ortiz Ortiz,Atlético,444000
2026-09-23,Arnaut Danjuma Danjuma,Valencia,5082000
2026-09-23,Arouna Sangante Sangante,Sevilla,645000
2026-09-23,Arsen Zakharyan Zakharyan,Real Sociedad,160000
2026-09-23,Asier Osambela Osambela,Osasuna,222000
2026-09-23,Asier Villalibre Villalibre,Racing,2014000
2026-09-23,Augusto Batalla Batalla,Rayo,2697000
2026-09-23,Aurélien Tchouaméni Tchouaméni,Real Madrid,10052000
2026-09-23,Axel Tape Tape,Levante,168000
2026-09-23,Aymeric Laporte Laporte,Athletic,10665000
2026-09-23,Ayoze Pérez Ayoze,Villarreal,5748000
2026-09-23,Bambo Diaby Bambo,Elche,160000
2026-09-23,Bernardo Silva Bernardo Silva,Real Madrid,8969000
2026-09-23,Beñat Gerenabarrena Gerenabarrena,Athletic,1927000
2026-09-23,Beñat Prados Prados,Athletic,205000
2026-09-23,Beñat Turrientes Turrientes,Real Sociedad,2572000
2026-09-23,Bil Nsongo Bil Nsongo,Deportivo,5255000
2026-09-23,Borja Iglesias Iglesias,Celta,6377000
2026-09-23,Borja Mayoral Mayoral,Getafe,585000
2026-09-23,Boyomo Boyomo,Osasuna,3269000
2026-09-23,Brahim Díaz Brahim,Real Madrid,2950000
2026-09-23,Brian Fariñas Fariñas,Barcelona,161000
2026-09-23,Bright Ede Ede,Deportivo,914000
2026-09-23,Bryan Zaragoza Bryan,Espanyol,7795000
2026-09-23,Buba Sangaré Sangaré,Elche,2393000
2026-09-23,Carl Starfelt Starfelt,Celta,3025000
2026-09-23,Carles Aleñá Aleñá,Alavés,518000
2026-09-23,Carlos Ballestero Ballestero,Alavés,160000
2026-09-23,Carlos Benavidez Protesoni,Alavés,168000
2026-09-23,Carlos Dotor Dotor,Málaga,2242000
2026-09-23,Carlos Espí Carlos Espí,Real Madrid,8934000
2026-09-23,Carlos López Carlos López,Málaga,169000
2026-09-23,Carlos Macià Carlos Macià,Villarreal,238000
2026-09-23,Carlos Puga Puga,Málaga,3059000
2026-09-23,Carlos Romero Romero,Villarreal,8432000
2026-09-23,Carlos Soler Carlos Soler,Real Sociedad,7426000
2026-09-23,Chidera Ejuke Ejuke,Sevilla,3843000
2026-09-23,Christantus Uche Uche,Getafe,1860000
2026-09-23,Chupete Chupete,Málaga,5880000
2026-09-23,Clemens Riedel Riedel,Espanyol,1298000
2026-09-23,Coke Carrillo Carrillo,Celta,160000
2026-09-23,Couhaib Driouech Driouech,Celta,475000
2026-09-23,Cristian Rivero Rivero,Valencia,203000
2026-09-23,Cristian Romero Romero,Atlético,9532000
2026-09-23,Cucho Hernández Cucho,Betis,9533000
2026-09-23,César Tárrega Tárrega,Valencia,2320000
2026-09-23,Dakonam Djené Djené,Getafe,2954000
2026-09-23,Dani Barcia Barcia,Deportivo,160000
2026-09-23,Dani Ceballos Ceballos,Betis,1400000
2026-09-23,Dani Cárdenas Cárdenas,Rayo,1439000
2026-09-23,Dani Díaz Dani Díaz,Real Sociedad,160000
2026-09-23,Dani Lorenzo Lorenzo,Málaga,4478000
2026-09-23,Dani Martínez Dani Martínez,Atlético,160000
2026-09-23,Dani Olmo Olmo,Barcelona,14686000
2026-09-23,Dani Requena Requena,Levante,248000
2026-09-23,Dani Vivian Vivian,Athletic,1184000
2026-09-23,Daniel Raba Raba,Valencia,210000
2026-09-23,Daniel Yáñez Yáñez,Real Madrid,170000
2026-09-23,David Hancko Hancko,Atlético,9630000
2026-09-23,David Larrubia Larrubia,Málaga,6803000
2026-09-23,David Mella Mella,Deportivo,533000
2026-09-23,David Otorbi Otorbi,Valencia,736000
2026-09-23,David Soria Soria,Getafe,10255000
2026-09-23,Davinchi Davinchi,Getafe,193000
2026-09-23,Dean Huijsen Huijsen,Real Madrid,10559000
2026-09-23,Denis Suárez Denis Suárez,Alavés,2164000
2026-09-23,Denzel Dumfries Dumfries,Real Madrid,7717000
2026-09-23,Diego Aguado D. Aguado,Real Madrid,160000
2026-09-23,Diego Conde Conde,Betis,160000
2026-09-23,Diego Javier Llorente D. Llorente,Betis,2436000
2026-09-23,Diego López Diego López,Valencia,167000
2026-09-23,Diego Murillo Murillo,Málaga,175000
2026-09-23,Diego Rico Diego Rico,Osasuna,224000
2026-09-23,Diego Villares Villares,Deportivo,220000
2026-09-23,Dimitri Foulquier Foulquier,Valencia,160000
2026-09-23,Dominik Livakovic Livakovic,Barcelona,548000
2026-09-23,Edu Expósito Edu Expósito,Espanyol,10125000
2026-09-23,Eduardo Camavinga Camavinga,Real Madrid,4763000
2026-09-23,Einar Galilea Galilea,Málaga,3010000
2026-09-23,Emil Audero Audero,Rayo,1230000
2026-09-23,Endrick Endrick,Real Madrid,648000
2026-09-23,Eneko Jauregi Jauregi,Málaga,160000
2026-09-23,Enes Ünal Enes Ünal,Getafe,5397000
2026-09-23,Enzo Bardelli Bardeli,Levante,1866000
2026-09-23,Eric Garcia Eric Garcia,Barcelona,14479000
2026-09-23,Ezequiel Ponce Ponce,Elche,427000
2026-09-23,Facundo Bernal Bernal,Betis,4440000
2026-09-23,Facundo Buonanotte Buonanotte,Elche,2192000
2026-09-23,Facundo Garcés Garcés,Alavés,189000
2026-09-23,Facundo González Facu González,Racing,1017000
2026-09-23,Federico Redondo Redondo,Elche,377000
2026-09-23,Federico Valverde Valverde,Real Madrid,15134000
2026-09-23,Ferland Mendy Mendy,Real Madrid,160000
2026-09-23,Fermín López Fermín,Barcelona,17664000
2026-09-23,Fernando Calero Calero,Málaga,180000
2026-09-23,Fernando Niño Fer Niño,Elche,4299000
2026-09-23,Ferran Jutglà Jutglà,Celta,6760000
2026-09-23,Filip Ugrinic Ugrinic,Valencia,1539000
2026-09-23,Florian Lejeune Lejeune,Rayo,6776000
2026-09-23,Fran García Fran García,Betis,6846000
2026-09-23,Fran González Fran González,Sevilla,209000
2026-09-23,Fran Pérez Fran Pérez,Rayo,194000
2026-09-23,Francho Serrano Francho,Getafe,188000
2026-09-23,Frenkie de Jong F. de Jong,Barcelona,2728000
2026-09-23,Fábio Cardoso Cardoso,Sevilla,160000
2026-09-23,Félix Correia Félix Correia,Sevilla,1331000
2026-09-23,Gabriel Jesus Gabriel Jesús,Barcelona,5721000
2026-09-23,Gabriel Moscardo Moscardo,Espanyol,997000
2026-09-23,Gabriel Suazo Suazo,Sevilla,4149000
2026-09-23,Georges Mikautadze Mikautadze,Villarreal,13143000
2026-09-23,Georgiy Tsitaishvili Tsitaishvili,Rayo,526000
2026-09-23,Gerard Martín Martín,Barcelona,10397000
2026-09-23,Gerard Moreno Gerard,Villarreal,13795000
2026-09-23,Germán Parreño,Deportivo,160000
2026-09-23,Germán Valera Valera,Elche,7115000
2026-09-23,Giacomo Quagliata Quagliata,Deportivo,4596000
2026-09-23,Giorgi Guliashvili Guliashvili,Racing,199000
2026-09-23,Giorgi Kochorashvili Kochorashvili,Sevilla,1606000
2026-09-23,Giovani Lo Celso Lo Celso,Betis,3564000
2026-09-23,Giuliano Simeone Giuliano,Atlético,10125000
2026-09-23,Gnangoro Bouare Bouare,Rayo,607000
2026-09-23,Gonzalo Villar Villar,Elche,4778000
2026-09-23,Gonçalo Guedes Guedes,Real Sociedad,6410000
2026-09-23,Gorka Carrera Carrera,Real Sociedad,160000
2026-09-23,Gorka Guruzeta Guruzeta,Athletic,3597000
2026-09-23,Grady Diangana Diangana,Elche,195000
2026-09-23,Guido Rodríguez Guido,Valencia,7447000
2026-09-23,Haitam Abaida Haitam,Málaga,176000
2026-09-23,Hamza Abdelkarim Abdelkarim,Barcelona,1235000
2026-09-23,Harvey Elliott Elliott,Valencia,3875000
2026-09-23,Hugo Burcio Burcio,Celta,183000
2026-09-23,Hugo Duro Duro,Valencia,3542000
2026-09-23,Hugo González Hugo González,Celta,1056000
2026-09-23,Hugo Novoa Novoa,Alavés,196000
2026-09-23,Hugo Rincón Rincón,Athletic,160000
2026-09-23,Hugo Sotelo Sotelo,Levante,248000
2026-09-23,Hugo Álvarez Hugo Álvarez,Celta,580000
2026-09-23,Héctor Bellerín Bellerín,Betis,5566000
2026-09-23,Héctor Fort Fort,Real Sociedad,1397000
2026-09-23,Iago Aspas Aspas,Celta,4973000
2026-09-23,Ibrahima Konaté Konaté,Real Madrid,9603000
2026-09-23,Ifeanyi Ndukwe Ndukwe,Levante,160000
2026-09-23,Igor Zubeldia Zubeldia,Real Sociedad,2770000
2026-09-23,Iker Córdoba Córdoba,Valencia,243000
2026-09-23,Iker Losada Losada,Betis,160000
2026-09-23,Iker Luque Luque,Racing,213000
2026-09-23,Iker Muñoz Iker Muñoz,Osasuna,2550000
2026-09-23,Ilaix Moriba Moriba,Celta,4135000
2026-09-23,Ilias Akhomach Akhomach,Villarreal,637000
2026-09-23,Ionut Radu Radu,Celta,9799000
2026-09-23,Isaac Romero Romero,Sevilla,3722000
2026-09-23,Isco Alarcón Isco,Betis,10348000
2026-09-23,Isi Palazón Isi,Rayo,3152000
2026-09-23,Iván Azón Iván Azón,Getafe,968000
2026-09-23,Iván Balliu Balliu,Rayo,480000
2026-09-23,Iván Martín Iván Martín,Racing,2008000
2026-09-23,Iván Romero Iván Romero,Levante,5954000
2026-09-23,Iván Villar Iván Villar,Celta,191000
2026-09-23,Izan Merino Merino,Málaga,1483000
2026-09-23,Iñaki Rupérez Rupérez,Real Sociedad,162000
2026-09-23,Iñaki Williams I. Williams,Athletic,6136000
2026-09-23,Iñigo Arguibide Arguibide,Osasuna,1631000
2026-09-23,Iñigo Vicente Iñigo Vicente,Racing,9558000
2026-09-23,Jairo Noriega Noriega,Deportivo,160000
2026-09-23,Jan Oblak Oblak,Atlético,10094000
2026-09-23,Javi Galán Galán,Celta,2679000
2026-09-23,Javi Guerra Javi Guerra,Valencia,5297000
2026-09-23,Javi Morcillo Morcillo,Elche,603000
2026-09-23,Javi Puado Puado,Espanyol,390000
2026-09-23,Javi Rodríguez Javi Rodríguez,Celta,1657000
2026-09-23,Javi Rueda Rueda,Celta,3062000
2026-09-23,Jean Ives Valou Valou,Getafe,160000
2026-09-23,Jeanuël Belocian Belocian,Racing,1921000
2026-09-23,Jens Cajuste Cajuste,Málaga,296000
2026-09-23,Jeremy Toljan Toljan,Levante,1198000
2026-09-23,Jesse Bisiwu Bisiwu,Barcelona,165000
2026-09-23,Jesús Areso Areso,Athletic,2176000
2026-09-23,Jesús Vázquez Jesús Vázquez,Valencia,701000
2026-09-23,Jiri Letácek Letácek,Getafe,192000
2026-09-23,Joan Garcia Joan Garcia,Barcelona,15110000
2026-09-23,Joao Cancelo Cancelo,Barcelona,11571000
2026-09-23,Joaquín Muñoz Joaquín,Málaga,1606000
2026-09-23,Job Ochieng Ochieng,Real Sociedad,909000
2026-09-23,Jofre Carreras Jofre,Espanyol,179000
2026-09-23,Johan Mojica Mojica,Getafe,4683000
2026-09-23,Johaneko Louis-Jean Johaneko,Athletic,1025000
2026-09-23,Johnny Cardoso Cardoso,Atlético,732000
2026-09-23,Jon Ander Olasagasti Olasagasti,Levante,5375000
2026-09-23,Jon Aramburu Aramburu,Real Sociedad,6389000
2026-09-23,Jon Gorrotxategi Gorrotxategi,Real Sociedad,279000
2026-09-23,Jon Guridi Guridi,Sevilla,3421000
2026-09-23,Jon Martín Jon Martín,Real Sociedad,5666000
2026-09-23,Jon Moncayola Moncayola,Osasuna,3351000
2026-09-23,Jon Pacheco Pacheco,Real Sociedad,160000
2026-09-23,Jonathan Asp Jensen Asp Jensen,Deportivo,295000
2026-09-23,Jonathan David Jonathan David,Atlético,7406000
2026-09-23,Jonathan Dubasin Dubasin,Osasuna,1220000
2026-09-23,Jones El-Abdellaoui El-Abdellaoui,Celta,166000
2026-09-23,Jonny Castro Jonny,Alavés,5112000
2026-09-23,Jordi Pesquer Pesquer,Barcelona,168000
2026-09-23,Jorge Cabello Jorge Cabello,Levante,160000
2026-09-23,Jorge Cestero Cestero,Real Madrid,168000
2026-09-23,Jorge Domínguez Jorge Domínguez,Atlético,163000
2026-09-23,Jorge Herrando Herrando,Osasuna,180000
2026-09-23,Jorge Montes Montes,Getafe,187000
2026-09-23,Jorge Salinas Salinas,Racing,5104000
2026-09-23,Jorge de Frutos De Frutos,Rayo,6490000
2026-09-23,Josan Ferrández Josan,Elche,160000
2026-09-23,Joselu Pérez Joselu,Getafe,167000
2026-09-23,José Gayà Gayà,Valencia,2479000
2026-09-23,José Manuel Copete Copete,Valencia,192000
2026-09-23,José María Giménez Giménez,Deportivo,2416000
2026-09-23,José Salinas Salinas,Málaga,1044000
2026-09-23,José Ángel Carmona Carmona,Sevilla,160000
2026-09-23,José Ángel López José Ángel,Espanyol,165000
2026-09-23,Jozhua Vertrouwd Vertrouwd,Rayo,206000
2026-09-23,Juan Berrocal Berrocal,Málaga,195000
2026-09-23,Juan Carlos Arana Arana,Racing,160000
2026-09-23,Juan Cruz Juan Cruz,Málaga,1751000
2026-09-23,Juan Foyth Foyth,Villarreal,4316000
2026-09-23,Juan Iglesias Iglesias,Sevilla,6327000
2026-09-23,Juan Musso Musso,Atlético,193000
2026-09-23,Juanmi Jiménez Juanmi,Getafe,173000
2026-09-23,Jude Bellingham Bellingham,Real Madrid,20072000
2026-09-23,Julen Agirrezabala Agirrezabala,Racing,5540000
2026-09-23,Julen Lobete Lobete,Málaga,163000
2026-09-23,Jules Koundé Koundé,Barcelona,6618000
2026-09-23,Julio Díaz Julio Díaz,Sevilla,266000
2026-09-23,Julián Álvarez Alvarez,Atlético,11636000
2026-09-23,Junior Firpo Junior,Betis,369000
2026-09-23,Justin de Haas De Haas,Valencia,1956000
2026-09-23,Kang-In Lee Kang-In Lee,Atlético,11390000
2026-09-23,Karim Adeyemi Adeyemi,Barcelona,11941000
2026-09-23,Karl Etta Eyong Etta Eyong,Levante,2238000
2026-09-23,Kayne van Oevelen Van Oevelen,Valencia,210000
2026-09-23,Kevin Lomónaco Lomónaco,Elche,866000
2026-09-23,Kevin Sánchez Kevin Sánchez,Deportivo,181000
2026-09-23,Kike Barja Kike Barja,Osasuna,1094000
2026-09-23,Kike García Kike García,Espanyol,165000
2026-09-23,Kike Salas Kike Salas,Sevilla,5177000
2026-09-23,Kiko Femenia Femenia,Getafe,307000
2026-09-23,Koke Resurrección Koke,Atlético,8746000
2026-09-23,Kylian Mbappé Mbappé,Real Madrid,24686000
2026-09-23,Lamine Yamal Yamal,Barcelona,23739000
2026-09-23,Lander Pinillos Pinillos,Alavés,160000
2026-09-23,Laro Gómez Laro Gómez,Racing,162000
2026-09-23,Leandro Cabrera Cabrera,Espanyol,5105000
2026-09-23,Leo Román Leo Román,Deportivo,10007000
2026-09-23,Logan Costa Logan Costa,Villarreal,288000
2026-09-23,Lorenzo Amatucci Amatucci,Deportivo,8661000
2026-09-23,Lucas Boyé Boyé,Alavés,9157000
2026-09-23,Lucas Cepeda Cepeda,Elche,2071000
2026-09-23,Lucas Noubi Noubi,Deportivo,3708000
2026-09-23,Lucas Stassin Stassin,Sevilla,5079000
2026-09-23,Lucas Torró Torró,Osasuna,531000
2026-09-23,Lucien Agoume Agoume,Sevilla,6254000
2026-09-23,Luis Rioja Rioja,Valencia,2515000
2026-09-23,Luismi Cruz Luismi,Deportivo,4836000
2026-09-23,Luiz Felipe Luiz Felipe,Rayo,160000
2026-09-23,Luiz Junior Luiz Junior,Villarreal,3312000
2026-09-23,Luka Sucic L. Sucic,Real Sociedad,6220000
2026-09-23,Luken Beitia Beitia,Real Sociedad,185000
2026-09-23,Maguette Gueye Maguette,Racing,1093000
2026-09-23,Mamadou Sarr M. Sarr,Real Sociedad,4146000
2026-09-23,Manu Bueno Manu Bueno,Sevilla,171000
2026-09-23,Manu Hernando Hernando,Racing,2012000
2026-09-23,Manu Sánchez Manu Sánchez,Levante,3310000
2026-09-23,Marash Kumbulla Kumbulla,Rayo,187000
2026-09-23,Marc Aguado Aguado,Elche,2414000
2026-09-23,Marc Bartra Bartra,Betis,6216000
2026-09-23,Marc Bernal Bernal,Barcelona,10102000
2026-09-23,Marc Casadó Casadó,Deportivo,1682000
2026-09-23,Marc Cucurella Cucurella,Real Madrid,11870000
2026-09-23,Marc Doménech Doménech,Atlético,160000
2026-09-23,Marc Pubill Pubill,Atlético,10090000
2026-09-23,Marc Roca Marc Roca,Betis,6961000
2026-09-23,Marc Santos Marc Santos,Levante,160000
2026-09-23,Marcos Alonso M. Alonso,Celta,8674000
2026-09-23,Marcos Fernández Marcos,Espanyol,1156000
2026-09-23,Marcos Llorente M. Llorente,Atlético,10297000
2026-09-23,Marcão Marcão,Sevilla,183000
2026-09-23,Mariano Díaz Mariano,Alavés,4209000
2026-09-23,Mario Martín Mario Martín,Getafe,834000
2026-09-23,Mario Soriano Mario,Deportivo,6103000
2026-09-23,Marko Dmitrovic Dmitrovic,Espanyol,9722000
2026-09-23,Maroan Sannadi Sannadi,Athletic,170000
2026-09-23,Martim Neto Martim Neto,Elche,178000
2026-09-23,Martín Satriano Satriano,Getafe,6444000
2026-09-23,Mathew Ryan Ryan,Levante,9995000
2026-09-23,Matia Barzic Barzic,Elche,180000
2026-09-23,Matteo Prati Prati,Racing,455000
2026-09-23,Matías Dituro Dituro,Elche,4880000
2026-09-23,Miguel Cubo Cubo,Atlético,170000
2026-09-23,Miguel Loureiro Loureiro,Deportivo,734000
2026-09-23,Miguel Rodríguez Miguel,Alavés,160000
2026-09-23,Miguel Román Román,Celta,4520000
2026-09-23,Miguel Sierra Sierra,Sevilla,3969000
2026-09-23,Mikel Jauregizar Jauregizar,Athletic,1724000
2026-09-23,Mikel Oyarzabal Oyarzabal,Real Sociedad,15802000
2026-09-23,Mikel Rodriguez Mikel Rodriguez,Alavés,346000
2026-09-23,Moi Gómez Moi Gómez,Osasuna,694000
2026-09-23,Morten Hjulmand Hjulmand,Atlético,9127000
2026-09-23,Mouctar Diakhaby Diakhaby,Valencia,509000
2026-09-23,Moussa Diarra Moussa,Málaga,160000
2026-09-23,Mujaid Sadick Mujaid,Rayo,572000
2026-09-23,Nacho Pérez Nacho Pérez,Levante,1367000
2026-09-23,Nahuel Tenaglia Tenaglia,Alavés,9981000
2026-09-23,Natan Natan,Betis,7577000
2026-09-23,Nathan-Dylan Saliba Saliba,Villarreal,3013000
2026-09-23,Nelson Deossa Deossa,Betis,1909000
2026-09-23,Nemanja Gudelj Gudelj,Getafe,1130000
2026-09-23,Nico Guillén Guillén,Sevilla,178000
2026-09-23,Nico Serrano Serrano,Athletic,160000
2026-09-23,Nico Williams N. Williams,Athletic,11377000
2026-09-23,Nicolas Pépé Pépé,Villarreal,15078000
2026-09-23,Nicolás Valentini Valentini,Alavés,510000
2026-09-23,Noé Carrillo Noé Carrillo,Deportivo,200000
2026-09-23,Obed Vargas Vargas,Atlético,191000
2026-09-23,Odysseas Vlachodimos Vlachodimos,Sevilla,7561000
2026-09-23,Oihan Sancet Sancet,Athletic,8831000
2026-09-23,Omar El Hilali El Hilali,Espanyol,5424000
2026-09-23,Orel Mangala Mangala,Getafe,2108000
2026-09-23,Oriol Rey Oriol Rey,Levante,1232000
2026-09-23,Orri Steinn Óskarsson Óskarsson,Real Sociedad,5035000
2026-09-23,Pablo Barrios Barrios,Atlético,10737000
2026-09-23,Pablo Campos Cuñat Campos,Levante,160000
2026-09-23,Pablo Durán Durán,Celta,755000
2026-09-23,Pablo Fornals Fornals,Betis,14404000
2026-09-23,Pablo García Pablo García,Racing,2469000
2026-09-23,Pablo Gavi Gavi,Barcelona,4130000
2026-09-23,Pablo Ibáñez Ibáñez,Alavés,5197000
2026-09-23,Pablo Maffeo Maffeo,Valencia,2292000
2026-09-23,Pablo Martínez Pablo Martínez,Málaga,595000
2026-09-23,Pablo Marín Marín,Real Sociedad,160000
2026-09-23,Pablo Ramón Pablo Ramón,Racing,2385000
2026-09-23,Paco Cortés Cortés,Levante,172000
2026-09-23,Pape Gueye Pape Gueye,Villarreal,12153000
2026-09-23,Pathé Ciss Pathé Ciss,Rayo,3834000
2026-09-23,Pau Cubarsí Cubarsí,Barcelona,16208000
2026-09-23,Pau Navarro Pau Navarro,Villarreal,1135000
2026-09-23,Pedri González Pedri,Barcelona,21744000
2026-09-23,Pedro Bigas Bigas,Elche,318000
2026-09-23,Pedro Díaz Pedro Díaz,Rayo,1031000
2026-09-23,Pedro Felipe Pedro Felipe,Racing,201000
2026-09-23,Peio Canales Canales,Athletic,1621000
2026-09-23,Pelayo Fernández Pelayo,Rayo,184000
2026-09-23,Pepelu Pepelu,Valencia,5102000
2026-09-23,Peque Peque,Sevilla,1596000
2026-09-23,Pere Milla Pere Milla,Espanyol,1624000
2026-09-23,Petar Ratkov Ratkov,Levante,1160000
2026-09-23,Pierre-Emerick Aubameyang Aubameyang,Deportivo,8686000
2026-09-23,Pol Lozano Lozano,Espanyol,160000
2026-09-23,Péter Gulácsi Gulacsi,Villarreal,1565000
2026-09-23,Quilindschy Hartman Hartman,Espanyol,1358000
2026-09-23,Rafa Garrido Rafita,Málaga,2931000
2026-09-23,Rafa Rodríguez Rafa Rodríguez,Málaga,195000
2026-09-23,Rafel Bauzà Bauzà,Espanyol,175000
2026-09-23,Ramón Enríquez Enríquez,Málaga,182000
2026-09-23,Ramón Terrats Terrats,Getafe,5838000
2026-09-23,Randy Nteka Nteka,Rayo,247000
2026-09-23,Raphinha Raphinha,Barcelona,20636000
2026-09-23,Raul Moro Raul Moro,Osasuna,1722000
2026-09-23,Rayane Belaid Rayane,Rayo,206000
2026-09-23,Raúl Asencio Asencio,Real Madrid,185000
2026-09-23,Raúl De Tomás De Tomás,Rayo,194000
2026-09-23,Raúl García Raúl García,Osasuna,1863000
2026-09-23,Renato Veiga Veiga,Villarreal,7179000
2026-09-23,Riki Rodríguez Riki,Deportivo,281000
2026-09-23,Robbie Ure Ure,Sevilla,2723000
2026-09-23,Robert Navarro Navarro,Athletic,3175000
2026-09-23,Roberto Fernández Roberto,Espanyol,10662000
2026-09-23,Robin Le Normand Le Normand,Atlético,2377000
2026-09-23,Rockson Yeboah Yeboah,Osasuna,482000
2026-09-23,Rodri Hernández Rodri,Barcelona,14362000
2026-09-23,Rodrigo Gamón Gamón,Valencia,178000
2026-09-23,Rodrigo Mendoza Mendoza,Atlético,243000
2026-09-23,Rodrigo Riquelme Riquelme,Betis,5530000
2026-09-23,Rodrygo Goes Rodrygo,Real Madrid,549000
2026-09-23,Roger Brugué Brugui,Levante,1826000
2026-09-23,Roger Hinojo Hinojo,Espanyol,2313000
2026-09-23,Romain Del Castillo Del Castillo,Osasuna,1056000
2026-09-23,Roony Bardghji Bardghji,Barcelona,161000
2026-09-23,Roy Revivo Revivo,Elche,556000
2026-09-23,Rubén García Rubén G.,Osasuna,3598000
2026-09-23,Rubén López Rubén López,Deportivo,160000
2026-09-23,Rubén Sánchez Rubén Sánchez,Elche,381000
2026-09-23,Rubén Vargas Vargas,Sevilla,2179000
2026-09-23,Ryunosuke Sato Sato,Valencia,2223000
2026-09-23,Saba Sazonov Sazonov,Getafe,163000
2026-09-23,Salvi Esquivel Esquivel,Atlético,193000
2026-09-23,Samu Becerra Becerra,Rayo,160000
2026-09-23,Santi Comesaña Comesaña,Villarreal,5144000
2026-09-23,Santiago Mouriño Mouriño,Villarreal,4331000
2026-09-23,Sebastián Boselli Boselli,Getafe,172000
2026-09-23,Sebastián Cáceres Cáceres,Celta,582000
2026-09-23,Selton Sánchez Selton,Athletic,160000
2026-09-23,Sergi Canós Canós,Valencia,189000
2026-09-23,Sergi Cardona S. Cardona,Villarreal,540000
2026-09-23,Sergio Camello Camello,Rayo,8970000
2026-09-23,Sergio Canales Canales,Racing,7303000
2026-09-23,Sergio Carreira Carreira,Celta,5356000
2026-09-23,Sergio Gómez Sergio Gómez,Real Sociedad,6467000
2026-09-23,Sergio Herrera Herrera,Osasuna,6975000
2026-09-23,Sergio Martínez Sergio Martínez,Real Madrid,477000
2026-09-23,Simon Eriksson Eriksson,Racing,237000
2026-09-23,Stefan Bajcetic Bajcetic,Celta,165000
2026-09-23,Stole Dimitrievski Dimitrievski,Valencia,6857000
2026-09-23,Tajon Buchanan Buchanan,Villarreal,5175000
2026-09-23,Takefusa Kubo Kubo,Real Sociedad,7715000
2026-09-23,Tani Oluwaseyi Oluwaseyi,Villarreal,502000
2026-09-23,Taufik Seidu Taufik,Atlético,169000
2026-09-23,Tete Morente Tete Morente,Elche,1396000
2026-09-23,Thiago Fernández Thiago,Levante,1154000
2026-09-23,Thiago Pitarch Thiago,Real Madrid,215000
2026-09-23,Thibaut Courtois Courtois,Real Madrid,10061000
2026-09-23,Thomas Lemar Lemar,Elche,1327000
2026-09-23,Toni Martinez Toni Martinez,Alavés,6687000
2026-09-23,Trent Alexander-Arnold Alexander-Arnold,Real Madrid,6075000
2026-09-23,Troy Parrott Parrott,Betis,6389000
2026-09-23,Tyrhys Dolan Dolan,Espanyol,4472000
2026-09-23,Umar Sadiq Sadiq,Valencia,1510000
2026-09-23,Unai Egiluz Egiluz,Athletic,182000
2026-09-23,Unai López Unai López,Rayo,5173000
2026-09-23,Unai Marrero Marrero,Real Sociedad,561000
2026-09-23,Unai Núñez U. Núñez,Espanyol,2783000
2026-09-23,Unai Santos Unai Santos,Osasuna,195000
2026-09-23,Unai Simón Unai Simón,Athletic,10047000
2026-09-23,Urko González de Zarate Urko,Espanyol,1876000
2026-09-23,Valentin Rosier Rosier,Osasuna,604000
2026-09-23,Valentín Gómez Valentín Gómez,Betis,371000
2026-09-23,Vanja Drkusic Drkusic,Espanyol,292000
2026-09-23,Ville Koski Koski,Alavés,3798000
2026-09-23,Vinicius Junior Vinicius,Real Madrid,19957000
2026-09-23,Víctor Chust Chust,Elche,2325000
2026-09-23,Víctor García Víctor García,Levante,576000
2026-09-23,Williot Swedberg Swedberg,Celta,1772000
2026-09-23,Wojciech Szczesny Szczesny,Barcelona,404000
2026-09-23,Xanet Oláiz Oláiz,Alavés,164000
2026-09-23,Xavi Espart Espart,Barcelona,4197000
2026-09-23,Ximo Navarro Ximo,Deportivo,2721000
2026-09-23,Yago Santiago Santiago,Elche,195000
2026-09-23,Yan Diomande Y. Diomande,Real Madrid,16368000
2026-09-23,Yangel Herrera Herrera,Real Sociedad,3973000
2026-09-23,Yanis Musuayi Musuayi,Levante,200000
2026-09-23,Yassir Zabiri Zabiri,Racing,5809000
2026-09-23,Yeray Álvarez Yeray,Athletic,2646000
2026-09-23,Yeremay Hernández Yeremay,Deportivo,7406000
2026-09-23,Yoel Lago Lago,Celta,1959000
2026-09-23,Youssef Enríquez Youssef,Alavés,1848000
2026-09-23,Youssouf Fofana Fofana,Sevilla,5683000
2026-09-23,Yuri Berchiche Yuri,Athletic,5431000
2026-09-23,Zaid Romero Romero,Getafe,4318000
2026-09-23,Zakaria Eddahchouri Eddahchouri,Deportivo,1284000
2026-09-23,Álex Baena Baena,Atlético,12954000
2026-09-23,Álex Berenguer Berenguer,Athletic,5147000
2026-09-23,Álex Calatrava Calatrava,Espanyol,5353000
2026-09-23,Álex Grimaldo Grimaldo,Atlético,9375000
2026-09-23,Álex Pastor Pastor,Málaga,160000
2026-09-23,Álex Remiro Remiro,Real Sociedad,10041000
2026-09-23,Álvaro Djaló Djaló,Athletic,195000
2026-09-23,Álvaro F. Carreras A. F. Carreras,Real Madrid,3102000
2026-09-23,Álvaro Fernández Álvaro,Deportivo,199000
2026-09-23,Álvaro Fidalgo Fidalgo,Betis,176000
2026-09-23,Álvaro García Álvaro García,Rayo,8596000
2026-09-23,Álvaro Leiva Leiva,Real Madrid,181000
2026-09-23,Álvaro Mantilla Mantilla,Racing,1426000
2026-09-23,Álvaro Núñez Á. Núñez,Celta,1119000
2026-09-23,Álvaro Odriozola Odriozola,Real Sociedad,198000
2026-09-23,Álvaro Padilla Padilla,Elche,170000
2026-09-23,Álvaro Valles Valles,Betis,10886000
2026-09-23,Ángel Fortuño Fortuño,Espanyol,177000
2026-09-23,Ángel Ortiz Ortiz,Betis,260000
2026-09-23,Ángel Pérez Ángel Pérez,Alavés,7441000
2026-09-23,Éder Militão Militão,Real Madrid,1606000
2026-09-23,Íñigo Ruiz de Galarreta R. de Galarreta,Athletic,5628000
2026-09-23,Íñigo Sainz-Maza Sainz-Maza,Racing,160000
2026-09-23,Óscar López Óscar López,Getafe,160000
2026-09-23,Óscar Valentín Valentín,Rayo,1553000
2026-09-24,Aaron Ndive Mayol Mayol,Valencia,542000
2026-09-24,Aarón Martín Aarón,Racing,171000
2026-09-24,Aarón Ochoa Ochoa,Málaga,193000
2026-09-24,Abde Ezzalzouli Abde,Betis,12791000
2026-09-24,Abde Rebbach Rebbach,Alavés,1927000
2026-09-24,Abdel Abqar Abqar,Getafe,252000
2026-09-24,Abdoulaye Faye Faye,Celta,175000
2026-09-24,Abel Bretones Bretones,Osasuna,2690000
2026-09-24,Abiel Osorio Osorio,Elche,563000
2026-09-24,Adam Aznou Aznou,Málaga,197000
2026-09-24,Adam Boayar Adam Boayar,Elche,160000
2026-09-24,Adama Traoré A. Traoré,Deportivo,2979000
2026-09-24,Ademola Lookman Lookman,Atlético,10718000
2026-09-24,Adrià Altimira Altimira,Deportivo,1234000
2026-09-24,Adrià Pedrosa Pedrosa,Rayo,1345000
2026-09-24,Adrián Niño Niño,Málaga,601000
2026-09-24,Adrián Rodríguez Adrián,Alavés,169000
2026-09-24,Adrián de la Fuente De la Fuente,Levante,9399000
2026-09-24,Aihen Muñoz Aihen,Real Sociedad,202000
2026-09-24,Aimar Oroz Oroz,Osasuna,2248000
2026-09-24,Aissa Mandi Mandi,Levante,5358000
2026-09-24,Aitor Fernández Aitor,Osasuna,588000
2026-09-24,Aitor Mañas Aitor Mañas,Alavés,160000
2026-09-24,Aitor Paredes Paredes,Athletic,4831000
2026-09-24,Aitor Ruibal Ruibal,Betis,161000
2026-09-24,Alassane Diatta Diatta,Villarreal,171000
2026-09-24,Alberto Moleiro Moleiro,Villarreal,11200000
2026-09-24,Alberto Risco Risco,Getafe,160000
2026-09-24,Aleix Febas Febas,Celta,8290000
2026-09-24,Alejandro Balde Balde,Barcelona,2340000
2026-09-24,Alejandro Catena Catena,Osasuna,8514000
2026-09-24,Alejandro Iturbe Iturbe,Elche,174000
2026-09-24,Alejandro Rego Rego,Athletic,160000
2026-09-24,Aleksa Puric Puric,Atlético,163000
2026-09-24,Alemão Alemão,Rayo,1046000
2026-09-24,Alex Freeman Freeman,Villarreal,1373000
2026-09-24,Alex Marchal Marchal,Real Sociedad,246000
2026-09-24,Alex Padilla Padilla,Athletic,160000
2026-09-24,Alexander Sorloth Sörloth,Atlético,4866000
2026-09-24,Alfonso González Alfon,Sevilla,234000
2026-09-24,Alfonso Herrero Herrero,Málaga,8054000
2026-09-24,Ali Houary Ali Houary,Elche,160000
2026-09-24,Aliou Dieng Dieng,Valencia,901000
2026-09-24,Altay Bayindir Bayindir,Celta,160000
2026-09-24,Ander Barrenetxea Barrenetxea,Real Sociedad,7274000
2026-09-24,Ander Guevara Guevara,Alavés,255000
2026-09-24,Andoni Gorosabel Gorosabel,Espanyol,193000
2026-09-24,Andreas Christensen A. Christensen,Barcelona,3102000
2026-09-24,Andrei Ratiu Ratiu,Rayo,7438000
2026-09-24,Andriy Lunin Lunin,Real Madrid,191000
2026-09-24,André Almeida Almeida,Racing,897000
2026-09-24,Andrés Antañón Antañón,Celta,167000
2026-09-24,Andrés Castrín Castrín,Sevilla,3547000
2026-09-24,Andrés García Andrés García,Getafe,4544000
2026-09-24,Andrés Martín Andrés Martín,Racing,3567000
2026-09-24,Angel Recio Recio,Málaga,1477000
2026-09-24,Angeliño Angeliño,Deportivo,1273000
2026-09-24,Antal Yaakobishvili Yaakobishvili,Atlético,292000
2026-09-24,Ante Budimir Budimir,Osasuna,16470000
2026-09-24,Anthony Gordon Gordon,Barcelona,15179000
2026-09-24,Antonio Blanco Blanco,Alavés,7012000
2026-09-24,Antonio Rüdiger Rüdiger,Real Madrid,5753000
2026-09-24,Antonio Sivera Sivera,Alavés,10392000
2026-09-24,Antony Antony,Betis,14982000
2026-09-24,Arda Güler Güler,Real Madrid,15407000
2026-09-24,Arkaitz Mariezkurrena Mariezkurrena,Real Sociedad,160000
2026-09-24,Arnau Comas Comas,Deportivo,194000
2026-09-24,Arnau Martínez Arnau,Valencia,2936000
2026-09-24,Arnau Ortiz Ortiz,Atlético,467000
2026-09-24,Arnaut Danjuma Danjuma,Valencia,5143000
2026-09-24,Arouna Sangante Sangante,Sevilla,610000
2026-09-24,Arsen Zakharyan Zakharyan,Real Sociedad,164000
2026-09-24,Asier Osambela Osambela,Osasuna,252000
2026-09-24,Asier Villalibre Villalibre,Racing,1954000
2026-09-24,Augusto Batalla Batalla,Rayo,2601000
2026-09-24,Aurélien Tchouaméni Tchouaméni,Real Madrid,10068000
2026-09-24,Axel Tape Tape,Levante,179000
2026-09-24,Aymeric Laporte Laporte,Athletic,10719000
2026-09-24,Ayoze Pérez Ayoze,Villarreal,5822000
2026-09-24,Bambo Diaby Bambo,Elche,160000
2026-09-24,Bernardo Silva Bernardo Silva,Real Madrid,8969000
2026-09-24,Beñat Gerenabarrena Gerenabarrena,Athletic,1964000
2026-09-24,Beñat Prados Prados,Athletic,190000
2026-09-24,Beñat Turrientes Turrientes,Real Sociedad,2482000
2026-09-24,Bil Nsongo Bil Nsongo,Deportivo,5298000
2026-09-24,Borja Iglesias Iglesias,Celta,6363000
2026-09-24,Borja Mayoral Mayoral,Getafe,552000
2026-09-24,Boyomo Boyomo,Osasuna,3172000
2026-09-24,Brahim Díaz Brahim,Real Madrid,2872000
2026-09-24,Brian Fariñas Fariñas,Barcelona,188000
2026-09-24,Bright Ede Ede,Deportivo,891000
2026-09-24,Bryan Zaragoza Bryan,Espanyol,7697000
2026-09-24,Buba Sangaré Sangaré,Elche,2427000
2026-09-24,Carl Starfelt Starfelt,Celta,3056000
2026-09-24,Carles Aleñá Aleñá,Alavés,489000
2026-09-24,Carlos Ballestero Ballestero,Alavés,160000
2026-09-24,Carlos Benavidez Protesoni,Alavés,171000
2026-09-24,Carlos Dotor Dotor,Málaga,2296000
2026-09-24,Carlos Espí Carlos Espí,Real Madrid,9000000
2026-09-24,Carlos López Carlos López,Málaga,182000
2026-09-24,Carlos Macià Carlos Macià,Villarreal,266000
2026-09-24,Carlos Puga Puga,Málaga,3085000
2026-09-24,Carlos Romero Romero,Villarreal,8309000
2026-09-24,Carlos Soler Carlos Soler,Real Sociedad,7524000
2026-09-24,Chidera Ejuke Ejuke,Sevilla,3933000
2026-09-24,Christantus Uche Uche,Getafe,1794000
2026-09-24,Chupete Chupete,Málaga,5791000
2026-09-24,Clemens Riedel Riedel,Espanyol,1269000
2026-09-24,Coke Carrillo Carrillo,Celta,160000
2026-09-24,Couhaib Driouech Driouech,Celta,421000
2026-09-24,Cristian Rivero Rivero,Valencia,197000
2026-09-24,Cristian Romero Romero,Atlético,9684000
2026-09-24,Cucho Hernández Cucho,Betis,9657000
2026-09-24,César Tárrega Tárrega,Valencia,2241000
2026-09-24,Dakonam Djené Djené,Getafe,3030000
2026-09-24,Dani Barcia Barcia,Deportivo,198000
2026-09-24,Dani Ceballos Ceballos,Betis,1440000
2026-09-24,Dani Cárdenas Cárdenas,Rayo,1398000
2026-09-24,Dani Díaz Dani Díaz,Real Sociedad,160000
2026-09-24,Dani Lorenzo Lorenzo,Málaga,4410000
2026-09-24,Dani Martínez Dani Martínez,Atlético,192000
2026-09-24,Dani Olmo Olmo,Barcelona,14763000
2026-09-24,Dani Requena Requena,Levante,202000
2026-09-24,Dani Vivian Vivian,Athletic,1177000
2026-09-24,Daniel Raba Raba,Valencia,205000
2026-09-24,Daniel Yáñez Yáñez,Real Madrid,170000
2026-09-24,David Hancko Hancko,Atlético,9745000
2026-09-24,David Larrubia Larrubia,Málaga,6856000
2026-09-24,David Mella Mella,Deportivo,519000
2026-09-24,David Otorbi Otorbi,Valencia,779000
2026-09-24,David Soria Soria,Getafe,10296000
2026-09-24,Davinchi Davinchi,Getafe,194000
2026-09-24,Dean Huijsen Huijsen,Real Madrid,10471000
2026-09-24,Denis Suárez Denis Suárez,Alavés,2185000
2026-09-24,Denzel Dumfries Dumfries,Real Madrid,7625000
2026-09-24,Diego Aguado D. Aguado,Real Madrid,160000
2026-09-24,Diego Conde Conde,Betis,160000
2026-09-24,Diego Javier Llorente D. Llorente,Betis,2374000
2026-09-24,Diego López Diego López,Valencia,160000
2026-09-24,Diego Murillo Murillo,Málaga,160000
2026-09-24,Diego Rico Diego Rico,Osasuna,214000
2026-09-24,Diego Villares Villares,Deportivo,268000
2026-09-24,Dimitri Foulquier Foulquier,Valencia,160000
2026-09-24,Dominik Livakovic Livakovic,Barcelona,577000
2026-09-24,Edu Expósito Edu Expósito,Espanyol,10159000
2026-09-24,Eduardo Camavinga Camavinga,Real Madrid,4707000
2026-09-24,Einar Galilea Galilea,Málaga,2919000
2026-09-24,Emil Audero Audero,Rayo,1264000
2026-09-24,Endrick Endrick,Real Madrid,616000
2026-09-24,Eneko Jauregi Jauregi,Málaga,201000
2026-09-24,Enes Ünal Enes Ünal,Getafe,5413000
2026-09-24,Enzo Bardelli Bardeli,Levante,1893000
2026-09-24,Eric Garcia Eric Garcia,Barcelona,14445000
2026-09-24,Ezequiel Ponce Ponce,Elche,373000
2026-09-24,Facundo Bernal Bernal,Betis,4340000
2026-09-24,Facundo Buonanotte Buonanotte,Elche,2150000
2026-09-24,Facundo Garcés Garcés,Alavés,210000
2026-09-24,Facundo González Facu González,Racing,982000
2026-09-24,Federico Redondo Redondo,Elche,336000
2026-09-24,Federico Valverde Valverde,Real Madrid,15089000
2026-09-24,Ferland Mendy Mendy,Real Madrid,160000
2026-09-24,Fermín López Fermín,Barcelona,17690000
2026-09-24,Fernando Calero Calero,Málaga,198000
2026-09-24,Fernando Niño Fer Niño,Elche,4454000
2026-09-24,Ferran Jutglà Jutglà,Celta,6787000
2026-09-24,Filip Ugrinic Ugrinic,Valencia,1502000
2026-09-24,Florian Lejeune Lejeune,Rayo,6698000
2026-09-24,Fran García Fran García,Betis,6907000
2026-09-24,Fran González Fran González,Sevilla,199000
2026-09-24,Fran Pérez Fran Pérez,Rayo,195000
2026-09-24,Francho Serrano Francho,Getafe,219000
2026-09-24,Frenkie de Jong F. de Jong,Barcelona,2665000
2026-09-24,Fábio Cardoso Cardoso,Sevilla,160000
2026-09-24,Félix Correia Félix Correia,Sevilla,1364000
2026-09-24,Gabriel Jesus Gabriel Jesús,Barcelona,5777000
2026-09-24,Gabriel Moscardo Moscardo,Espanyol,928000
2026-09-24,Gabriel Suazo Suazo,Sevilla,4284000
2026-09-24,Georges Mikautadze Mikautadze,Villarreal,13107000
2026-09-24,Georgiy Tsitaishvili Tsitaishvili,Rayo,533000
2026-09-24,Gerard Martín Martín,Barcelona,10443000
2026-09-24,Gerard Moreno Gerard,Villarreal,13799000
2026-09-24,Germán Parreño,Deportivo,205000
2026-09-24,Germán Valera Valera,Elche,7194000
2026-09-24,Giacomo Quagliata Quagliata,Deportivo,4706000
2026-09-24,Giorgi Guliashvili Guliashvili,Racing,215000
2026-09-24,Giorgi Kochorashvili Kochorashvili,Sevilla,1630000
2026-09-24,Giovani Lo Celso Lo Celso,Betis,3475000
2026-09-24,Giuliano Simeone Giuliano,Atlético,10167000
2026-09-24,Gnangoro Bouare Bouare,Rayo,583000
2026-09-24,Gonzalo Villar Villar,Elche,4913000
2026-09-24,Gonçalo Guedes Guedes,Real Sociedad,6342000
2026-09-24,Gorka Carrera Carrera,Real Sociedad,160000
2026-09-24,Gorka Guruzeta Guruzeta,Athletic,3487000
2026-09-24,Grady Diangana Diangana,Elche,173000
2026-09-24,Guido Rodríguez Guido,Valencia,7517000
2026-09-24,Haitam Abaida Haitam,Málaga,160000
2026-09-24,Hamza Abdelkarim Abdelkarim,Barcelona,1200000
2026-09-24,Harvey Elliott Elliott,Valencia,3774000
2026-09-24,Hugo Burcio Burcio,Celta,183000
2026-09-24,Hugo Duro Duro,Valencia,3487000
2026-09-24,Hugo González Hugo González,Celta,1089000
2026-09-24,Hugo Novoa Novoa,Alavés,160000
2026-09-24,Hugo Rincón Rincón,Athletic,160000
2026-09-24,Hugo Sotelo Sotelo,Levante,204000
2026-09-24,Hugo Álvarez Hugo Álvarez,Celta,609000
2026-09-24,Héctor Bellerín Bellerín,Betis,5625000
2026-09-24,Héctor Fort Fort,Real Sociedad,1360000
2026-09-24,Iago Aspas Aspas,Celta,4801000
2026-09-24,Ibrahima Konaté Konaté,Real Madrid,9676000
2026-09-24,Ifeanyi Ndukwe Ndukwe,Levante,201000
2026-09-24,Igor Zubeldia Zubeldia,Real Sociedad,2712000
2026-09-24,Iker Córdoba Córdoba,Valencia,182000
2026-09-24,Iker Losada Losada,Betis,164000
2026-09-24,Iker Luque Luque,Racing,232000
2026-09-24,Iker Muñoz Iker Muñoz,Osasuna,2559000
2026-09-24,Ilaix Moriba Moriba,Celta,4263000
2026-09-24,Ilias Akhomach Akhomach,Villarreal,680000
2026-09-24,Ionut Radu Radu,Celta,9925000
2026-09-24,Isaac Romero Romero,Sevilla,3652000
2026-09-24,Isco Alarcón Isco,Betis,10321000
2026-09-24,Isi Palazón Isi,Rayo,3145000
2026-09-24,Iván Azón Iván Azón,Getafe,1034000
2026-09-24,Iván Balliu Balliu,Rayo,448000
2026-09-24,Iván Martín Iván Martín,Racing,2060000
2026-09-24,Iván Romero Iván Romero,Levante,6043000
2026-09-24,Iván Villar Iván Villar,Celta,160000
2026-09-24,Izan Merino Merino,Málaga,1440000
2026-09-24,Iñaki Rupérez Rupérez,Real Sociedad,187000
2026-09-24,Iñaki Williams I. Williams,Athletic,6063000
2026-09-24,Iñigo Arguibide Arguibide,Osasuna,1607000
2026-09-24,Iñigo Vicente Iñigo Vicente,Racing,9674000
2026-09-24,Jairo Noriega Noriega,Deportivo,161000
2026-09-24,Jan Oblak Oblak,Atlético,10118000
2026-09-24,Javi Galán Galán,Celta,2661000
2026-09-24,Javi Guerra Javi Guerra,Valencia,5310000
2026-09-24,Javi Morcillo Morcillo,Elche,634000
2026-09-24,Javi Puado Puado,Espanyol,416000
2026-09-24,Javi Rodríguez Javi Rodríguez,Celta,1599000
2026-09-24,Javi Rueda Rueda,Celta,3133000
2026-09-24,Jean Ives Valou Valou,Getafe,160000
2026-09-24,Jeanuël Belocian Belocian,Racing,1864000
2026-09-24,Jens Cajuste Cajuste,Málaga,257000
2026-09-24,Jeremy Toljan Toljan,Levante,1224000
2026-09-24,Jesse Bisiwu Bisiwu,Barcelona,203000
2026-09-24,Jesús Areso Areso,Athletic,2222000
2026-09-24,Jesús Vázquez Jesús Vázquez,Valencia,673000
2026-09-24,Jiri Letácek Letácek,Getafe,181000
2026-09-24,Joan Garcia Joan Garcia,Barcelona,15062000
2026-09-24,Joao Cancelo Cancelo,Barcelona,11549000
2026-09-24,Joaquín Muñoz Joaquín,Málaga,1565000
2026-09-24,Job Ochieng Ochieng,Real Sociedad,956000
2026-09-24,Jofre Carreras Jofre,Espanyol,160000
2026-09-24,Johan Mojica Mojica,Getafe,4822000
2026-09-24,Johaneko Louis-Jean Johaneko,Athletic,1010000
2026-09-24,Johnny Cardoso Cardoso,Atlético,780000
2026-09-24,Jon Ander Olasagasti Olasagasti,Levante,5398000
2026-09-24,Jon Aramburu Aramburu,Real Sociedad,6463000
2026-09-24,Jon Gorrotxategi Gorrotxategi,Real Sociedad,304000
2026-09-24,Jon Guridi Guridi,Sevilla,3353000
2026-09-24,Jon Martín Jon Martín,Real Sociedad,5597000
2026-09-24,Jon Moncayola Moncayola,Osasuna,3262000
2026-09-24,Jon Pacheco Pacheco,Real Sociedad,192000
2026-09-24,Jonathan Asp Jensen Asp Jensen,Deportivo,277000
2026-09-24,Jonathan David Jonathan David,Atlético,7533000
2026-09-24,Jonathan Dubasin Dubasin,Osasuna,1194000
2026-09-24,Jones El-Abdellaoui El-Abdellaoui,Celta,160000
2026-09-24,Jonny Castro Jonny,Alavés,5064000
2026-09-24,Jordi Pesquer Pesquer,Barcelona,193000
2026-09-24,Jorge Cabello Jorge Cabello,Levante,160000
2026-09-24,Jorge Cestero Cestero,Real Madrid,168000
2026-09-24,Jorge Domínguez Jorge Domínguez,Atlético,160000
2026-09-24,Jorge Herrando Herrando,Osasuna,160000
2026-09-24,Jorge Montes Montes,Getafe,187000
2026-09-24,Jorge Salinas Salinas,Racing,5051000
2026-09-24,Jorge de Frutos De Frutos,Rayo,6441000
2026-09-24,Josan Ferrández Josan,Elche,160000
2026-09-24,Joselu Pérez Joselu,Getafe,167000
2026-09-24,José Gayà Gayà,Valencia,2533000
2026-09-24,José Manuel Copete Copete,Valencia,174000
2026-09-24,José María Giménez Giménez,Deportivo,2497000
2026-09-24,José Salinas Salinas,Málaga,1027000
2026-09-24,José Ángel Carmona Carmona,Sevilla,202000
2026-09-24,José Ángel López José Ángel,Espanyol,160000
2026-09-24,Jozhua Vertrouwd Vertrouwd,Rayo,179000
2026-09-24,Juan Berrocal Berrocal,Málaga,209000
2026-09-24,Juan Carlos Arana Arana,Racing,166000
2026-09-24,Juan Cruz Juan Cruz,Málaga,1715000
2026-09-24,Juan Foyth Foyth,Villarreal,4411000
2026-09-24,Juan Iglesias Iglesias,Sevilla,6414000
2026-09-24,Juan Musso Musso,Atlético,199000
2026-09-24,Juanmi Jiménez Juanmi,Getafe,182000
2026-09-24,Jude Bellingham Bellingham,Real Madrid,20074000
2026-09-24,Julen Agirrezabala Agirrezabala,Racing,5598000
2026-09-24,Julen Lobete Lobete,Málaga,208000
2026-09-24,Jules Koundé Koundé,Barcelona,6524000
2026-09-24,Julio Díaz Julio Díaz,Sevilla,242000
2026-09-24,Julián Álvarez Alvarez,Atlético,11617000
2026-09-24,Junior Firpo Junior,Betis,386000
2026-09-24,Justin de Haas De Haas,Valencia,2011000
2026-09-24,Kang-In Lee Kang-In Lee,Atlético,11459000
2026-09-24,Karim Adeyemi Adeyemi,Barcelona,12020000
2026-09-24,Karl Etta Eyong Etta Eyong,Levante,2176000
2026-09-24,Kayne van Oevelen Van Oevelen,Valencia,213000
2026-09-24,Kevin Lomónaco Lomónaco,Elche,819000
2026-09-24,Kevin Sánchez Kevin Sánchez,Deportivo,195000
2026-09-24,Kike Barja Kike Barja,Osasuna,1104000
2026-09-24,Kike García Kike García,Espanyol,185000
2026-09-24,Kike Salas Kike Salas,Sevilla,5157000
2026-09-24,Kiko Femenia Femenia,Getafe,271000
2026-09-24,Koke Resurrección Koke,Atlético,8878000
2026-09-24,Kylian Mbappé Mbappé,Real Madrid,24704000
2026-09-24,Lamine Yamal Yamal,Barcelona,23764000
2026-09-24,Lander Pinillos Pinillos,Alavés,160000
2026-09-24,Laro Gómez Laro Gómez,Racing,161000
2026-09-24,Leandro Cabrera Cabrera,Espanyol,5038000
2026-09-24,Leo Román Leo Román,Deportivo,9996000
2026-09-24,Logan Costa Logan Costa,Villarreal,248000
2026-09-24,Lorenzo Amatucci Amatucci,Deportivo,8765000
2026-09-24,Lucas Boyé Boyé,Alavés,9268000
2026-09-24,Lucas Cepeda Cepeda,Elche,2129000
2026-09-24,Lucas Noubi Noubi,Deportivo,3596000
2026-09-24,Lucas Stassin Stassin,Sevilla,5095000
2026-09-24,Lucas Torró Torró,Osasuna,505000
2026-09-24,Lucien Agoume Agoume,Sevilla,6346000
2026-09-24,Luis Rioja Rioja,Valencia,2553000
2026-09-24,Luismi Cruz Luismi,Deportivo,4987000
2026-09-24,Luiz Felipe Luiz Felipe,Rayo,203000
2026-09-24,Luiz Junior Luiz Junior,Villarreal,3192000
2026-09-24,Luka Sucic L. Sucic,Real Sociedad,6326000
2026-09-24,Luken Beitia Beitia,Real Sociedad,215000
2026-09-24,Maguette Gueye Maguette,Racing,1102000
2026-09-24,Mamadou Sarr M. Sarr,Real Sociedad,4070000
2026-09-24,Manu Bueno Manu Bueno,Sevilla,200000
2026-09-24,Manu Hernando Hernando,Racing,1942000
2026-09-24,Manu Sánchez Manu Sánchez,Levante,3383000
2026-09-24,Marash Kumbulla Kumbulla,Rayo,183000
2026-09-24,Marc Aguado Aguado,Elche,2337000
2026-09-24,Marc Bartra Bartra,Betis,6278000
2026-09-24,Marc Bernal Bernal,Barcelona,10049000
2026-09-24,Marc Casadó Casadó,Deportivo,1674000
2026-09-24,Marc Cucurella Cucurella,Real Madrid,11816000
2026-09-24,Marc Doménech Doménech,Atlético,160000
2026-09-24,Marc Pubill Pubill,Atlético,10092000
2026-09-24,Marc Roca Marc Roca,Betis,7031000
2026-09-24,Marc Santos Marc Santos,Levante,160000
2026-09-24,Marcos Alonso M. Alonso,Celta,8571000
2026-09-24,Marcos Fernández Marcos,Espanyol,1194000
2026-09-24,Marcos Llorente M. Llorente,Atlético,10338000
2026-09-24,Marcão Marcão,Sevilla,160000
2026-09-24,Mariano Díaz Mariano,Alavés,4336000
2026-09-24,Mario Martín Mario Martín,Getafe,788000
2026-09-24,Mario Soriano Mario,Deportivo,6194000
2026-09-24,Marko Dmitrovic Dmitrovic,Espanyol,9670000
2026-09-24,Maroan Sannadi Sannadi,Athletic,165000
2026-09-24,Martim Neto Martim Neto,Elche,164000
2026-09-24,Martín Satriano Satriano,Getafe,6417000
2026-09-24,Mathew Ryan Ryan,Levante,10034000
2026-09-24,Matia Barzic Barzic,Elche,189000
2026-09-24,Matteo Prati Prati,Racing,415000
2026-09-24,Matías Dituro Dituro,Elche,4873000
2026-09-24,Miguel Cubo Cubo,Atlético,170000
2026-09-24,Miguel Loureiro Loureiro,Deportivo,748000
2026-09-24,Miguel Rodríguez Miguel,Alavés,206000
2026-09-24,Miguel Román Román,Celta,4669000
2026-09-24,Miguel Sierra Sierra,Sevilla,4111000
2026-09-24,Mikel Jauregizar Jauregizar,Athletic,1759000
2026-09-24,Mikel Oyarzabal Oyarzabal,Real Sociedad,15760000
2026-09-24,Mikel Rodriguez Mikel Rodriguez,Alavés,296000
2026-09-24,Moi Gómez Moi Gómez,Osasuna,676000
2026-09-24,Morten Hjulmand Hjulmand,Atlético,9125000
2026-09-24,Mouctar Diakhaby Diakhaby,Valencia,477000
2026-09-24,Moussa Diarra Moussa,Málaga,183000
2026-09-24,Mujaid Sadick Mujaid,Rayo,592000
2026-09-24,Nacho Pérez Nacho Pérez,Levante,1335000
2026-09-24,Nahuel Tenaglia Tenaglia,Alavés,9966000
2026-09-24,Natan Natan,Betis,7708000
2026-09-24,Nathan-Dylan Saliba Saliba,Villarreal,3093000
2026-09-24,Nelson Deossa Deossa,Betis,1967000
2026-09-24,Nemanja Gudelj Gudelj,Getafe,1139000
2026-09-24,Nico Guillén Guillén,Sevilla,197000
2026-09-24,Nico Serrano Serrano,Athletic,160000
2026-09-24,Nico Williams N. Williams,Athletic,11430000
2026-09-24,Nicolas Pépé Pépé,Villarreal,15039000
2026-09-24,Nicolás Valentini Valentini,Alavés,538000
2026-09-24,Noé Carrillo Noé Carrillo,Deportivo,177000
2026-09-24,Obed Vargas Vargas,Atlético,171000
2026-09-24,Odysseas Vlachodimos Vlachodimos,Sevilla,7632000
2026-09-24,Oihan Sancet Sancet,Athletic,8894000
2026-09-24,Omar El Hilali El Hilali,Espanyol,5419000
2026-09-24,Orel Mangala Mangala,Getafe,2045000
2026-09-24,Oriol Rey Oriol Rey,Levante,1219000
2026-09-24,Orri Steinn Óskarsson Óskarsson,Real Sociedad,4946000
2026-09-24,Pablo Barrios Barrios,Atlético,10733000
2026-09-24,Pablo Campos Cuñat Campos,Levante,160000
2026-09-24,Pablo Durán Durán,Celta,799000
2026-09-24,Pablo Fornals Fornals,Betis,14328000
2026-09-24,Pablo García Pablo García,Racing,2531000
2026-09-24,Pablo Gavi Gavi,Barcelona,4010000
2026-09-24,Pablo Ibáñez Ibáñez,Alavés,5215000
2026-09-24,Pablo Maffeo Maffeo,Valencia,2251000
2026-09-24,Pablo Martínez Pablo Martínez,Málaga,576000
2026-09-24,Pablo Marín Marín,Real Sociedad,160000
2026-09-24,Pablo Ramón Pablo Ramón,Racing,2394000
2026-09-24,Paco Cortés Cortés,Levante,176000
2026-09-24,Pape Gueye Pape Gueye,Villarreal,12185000
2026-09-24,Pathé Ciss Pathé Ciss,Rayo,3951000
2026-09-24,Pau Cubarsí Cubarsí,Barcelona,16213000
2026-09-24,Pau Navarro Pau Navarro,Villarreal,1157000
2026-09-24,Pedri González Pedri,Barcelona,21736000
2026-09-24,Pedro Bigas Bigas,Elche,286000
2026-09-24,Pedro Díaz Pedro Díaz,Rayo,1054000
2026-09-24,Pedro Felipe Pedro Felipe,Racing,162000
2026-09-24,Peio Canales Canales,Athletic,1615000
2026-09-24,Pelayo Fernández Pelayo,Rayo,190000
2026-09-24,Pepelu Pepelu,Valencia,5105000
2026-09-24,Peque Peque,Sevilla,1545000
2026-09-24,Pere Milla Pere Milla,Espanyol,1575000
2026-09-24,Petar Ratkov Ratkov,Levante,1123000
2026-09-24,Pierre-Emerick Aubameyang Aubameyang,Deportivo,8841000
2026-09-24,Pol Lozano Lozano,Espanyol,160000
2026-09-24,Péter Gulácsi Gulacsi,Villarreal,1616000
2026-09-24,Quilindschy Hartman Hartman,Espanyol,1320000
2026-09-24,Rafa Garrido Rafita,Málaga,3000000
2026-09-24,Rafa Rodríguez Rafa Rodríguez,Málaga,221000
2026-09-24,Rafel Bauzà Bauzà,Espanyol,192000
2026-09-24,Ramón Enríquez Enríquez,Málaga,167000
2026-09-24,Ramón Terrats Terrats,Getafe,5925000
2026-09-24,Randy Nteka Nteka,Rayo,182000
2026-09-24,Raphinha Raphinha,Barcelona,20664000
2026-09-24,Raul Moro Raul Moro,Osasuna,1673000
2026-09-24,Rayane Belaid Rayane,Rayo,206000
2026-09-24,Raúl Asencio Asencio,Real Madrid,191000
2026-09-24,Raúl De Tomás De Tomás,Rayo,191000
2026-09-24,Raúl García Raúl García,Osasuna,1820000
2026-09-24,Renato Veiga Veiga,Villarreal,7291000
2026-09-24,Riki Rodríguez Riki,Deportivo,262000
2026-09-24,Robbie Ure Ure,Sevilla,2673000
2026-09-24,Robert Navarro Navarro,Athletic,3285000
2026-09-24,Roberto Fernández Roberto,Espanyol,10739000
2026-09-24,Robin Le Normand Le Normand,Atlético,2425000
2026-09-24,Rockson Yeboah Yeboah,Osasuna,422000
2026-09-24,Rodri Hernández Rodri,Barcelona,14477000
2026-09-24,Rodrigo Gamón Gamón,Valencia,160000
2026-09-24,Rodrigo Mendoza Mendoza,Atlético,184000
2026-09-24,Rodrigo Riquelme Riquelme,Betis,5544000
2026-09-24,Rodrygo Goes Rodrygo,Real Madrid,565000
2026-09-24,Roger Brugué Brugui,Levante,1890000
2026-09-24,Roger Hinojo Hinojo,Espanyol,2335000
2026-09-24,Romain Del Castillo Del Castillo,Osasuna,1022000
2026-09-24,Roony Bardghji Bardghji,Barcelona,191000
2026-09-24,Roy Revivo Revivo,Elche,587000
2026-09-24,Rubén García Rubén G.,Osasuna,3517000
2026-09-24,Rubén López Rubén López,Deportivo,193000
2026-09-24,Rubén Sánchez Rubén Sánchez,Elche,419000
2026-09-24,Rubén Vargas Vargas,Sevilla,2143000
2026-09-24,Ryunosuke Sato Sato,Valencia,2149000
2026-09-24,Saba Sazonov Sazonov,Getafe,160000
2026-09-24,Salvi Esquivel Esquivel,Atlético,173000
2026-09-24,Samu Becerra Becerra,Rayo,198000
2026-09-24,Santi Comesaña Comesaña,Villarreal,5067000
2026-09-24,Santiago Mouriño Mouriño,Villarreal,4211000
2026-09-24,Sebastián Boselli Boselli,Getafe,199000
2026-09-24,Sebastián Cáceres Cáceres,Celta,609000
2026-09-24,Selton Sánchez Selton,Athletic,160000
2026-09-24,Sergi Canós Canós,Valencia,164000
2026-09-24,Sergi Cardona S. Cardona,Villarreal,561000
2026-09-24,Sergio Camello Camello,Rayo,9132000
2026-09-24,Sergio Canales Canales,Racing,7338000
2026-09-24,Sergio Carreira Carreira,Celta,5423000
2026-09-24,Sergio Gómez Sergio Gómez,Real Sociedad,6513000
2026-09-24,Sergio Herrera Herrera,Osasuna,6865000
2026-09-24,Sergio Martínez Sergio Martínez,Real Madrid,438000
2026-09-24,Simon Eriksson Eriksson,Racing,196000
2026-09-24,Stefan Bajcetic Bajcetic,Celta,165000
2026-09-24,Stole Dimitrievski Dimitrievski,Valencia,6901000
2026-09-24,Tajon Buchanan Buchanan,Villarreal,5216000
2026-09-24,Takefusa Kubo Kubo,Real Sociedad,7609000
2026-09-24,Tani Oluwaseyi Oluwaseyi,Villarreal,465000
2026-09-24,Taufik Seidu Taufik,Atlético,169000
2026-09-24,Tete Morente Tete Morente,Elche,1412000
2026-09-24,Thiago Fernández Thiago,Levante,1135000
2026-09-24,Thiago Pitarch Thiago,Real Madrid,197000
2026-09-24,Thibaut Courtois Courtois,Real Madrid,10082000
2026-09-24,Thomas Lemar Lemar,Elche,1372000
2026-09-24,Toni Martinez Toni Martinez,Alavés,6606000
2026-09-24,Trent Alexander-Arnold Alexander-Arnold,Real Madrid,6015000
2026-09-24,Troy Parrott Parrott,Betis,6428000
2026-09-24,Tyrhys Dolan Dolan,Espanyol,4355000
2026-09-24,Umar Sadiq Sadiq,Valencia,1471000
2026-09-24,Unai Egiluz Egiluz,Athletic,160000
2026-09-24,Unai López Unai López,Rayo,5194000
2026-09-24,Unai Marrero Marrero,Real Sociedad,540000
2026-09-24,Unai Núñez U. Núñez,Espanyol,2762000
2026-09-24,Unai Santos Unai Santos,Osasuna,212000
2026-09-24,Unai Simón Unai Simón,Athletic,10023000
2026-09-24,Urko González de Zarate Urko,Espanyol,1827000
2026-09-24,Valentin Rosier Rosier,Osasuna,589000
2026-09-24,Valentín Gómez Valentín Gómez,Betis,418000
2026-09-24,Vanja Drkusic Drkusic,Espanyol,252000
2026-09-24,Ville Koski Koski,Alavés,3917000
2026-09-24,Vinicius Junior Vinicius,Real Madrid,19930000
2026-09-24,Víctor Chust Chust,Elche,2284000
2026-09-24,Víctor García Víctor García,Levante,561000
2026-09-24,Williot Swedberg Swedberg,Celta,1734000
2026-09-24,Wojciech Szczesny Szczesny,Barcelona,375000
2026-09-24,Xanet Oláiz Oláiz,Alavés,160000
2026-09-24,Xavi Espart Espart,Barcelona,4338000
2026-09-24,Ximo Navarro Ximo,Deportivo,2661000
2026-09-24,Yago Santiago Santiago,Elche,200000
2026-09-24,Yan Diomande Y. Diomande,Real Madrid,16361000
2026-09-24,Yangel Herrera Herrera,Real Sociedad,4080000
2026-09-24,Yanis Musuayi Musuayi,Levante,191000
2026-09-24,Yassir Zabiri Zabiri,Racing,5905000
2026-09-24,Yeray Álvarez Yeray,Athletic,2657000
2026-09-24,Yeremay Hernández Yeremay,Deportivo,7339000
2026-09-24,Yoel Lago Lago,Celta,2025000
2026-09-24,Youssef Enríquez Youssef,Alavés,1821000
2026-09-24,Youssouf Fofana Fofana,Sevilla,5769000
2026-09-24,Yuri Berchiche Yuri,Athletic,5495000
2026-09-24,Zaid Romero Romero,Getafe,4447000
2026-09-24,Zakaria Eddahchouri Eddahchouri,Deportivo,1255000
2026-09-24,Álex Baena Baena,Atlético,13035000
2026-09-24,Álex Berenguer Berenguer,Athletic,5179000
2026-09-24,Álex Calatrava Calatrava,Espanyol,5280000
2026-09-24,Álex Grimaldo Grimaldo,Atlético,9527000
2026-09-24,Álex Pastor Pastor,Málaga,160000
2026-09-24,Álex Remiro Remiro,Real Sociedad,10055000
2026-09-24,Álvaro Djaló Djaló,Athletic,160000
2026-09-24,Álvaro F. Carreras A. F. Carreras,Real Madrid,3147000
2026-09-24,Álvaro Fernández Álvaro,Deportivo,167000
2026-09-24,Álvaro Fidalgo Fidalgo,Betis,171000
2026-09-24,Álvaro García Álvaro García,Rayo,8693000
2026-09-24,Álvaro Leiva Leiva,Real Madrid,181000
2026-09-24,Álvaro Mantilla Mantilla,Racing,1391000
2026-09-24,Álvaro Núñez Á. Núñez,Celta,1151000
2026-09-24,Álvaro Odriozola Odriozola,Real Sociedad,175000
2026-09-24,Álvaro Padilla Padilla,Elche,160000
2026-09-24,Álvaro Valles Valles,Betis,10964000
2026-09-24,Ángel Fortuño Fortuño,Espanyol,167000
2026-09-24,Ángel Ortiz Ortiz,Betis,242000
2026-09-24,Ángel Pérez Ángel Pérez,Alavés,7519000
2026-09-24,Éder Militão Militão,Real Madrid,1643000
2026-09-24,Íñigo Ruiz de Galarreta R. de Galarreta,Athletic,5689000
2026-09-24,Íñigo Sainz-Maza Sainz-Maza,Racing,164000
2026-09-24,Óscar López Óscar López,Getafe,160000
2026-09-24,Óscar Valentín Valentín,Rayo,1523000
2026-09-25,Aaron Ndive Mayol Mayol,Valencia,578000
2026-09-25,Aarón Martín Aarón,Racing,176000
2026-09-25,Aarón Ochoa Ochoa,Málaga,197000
2026-09-25,Abde Ezzalzouli Abde,Betis,12864000
2026-09-25,Abde Rebbach Rebbach,Alavés,1910000
2026-09-25,Abdel Abqar Abqar,Getafe,223000
2026-09-25,Abdoulaye Faye Faye,Celta,160000
2026-09-25,Abel Bretones Bretones,Osasuna,2610000
2026-09-25,Abiel Osorio Osorio,Elche,590000
2026-09-25,Adam Aznou Aznou,Málaga,173000
2026-09-25,Adam Boayar Adam Boayar,Elche,160000
2026-09-25,Adama Traoré A. Traoré,Deportivo,3043000
2026-09-25,Ademola Lookman Lookman,Atlético,10646000
2026-09-25,Adrià Altimira Altimira,Deportivo,1192000
2026-09-25,Adrià Pedrosa Pedrosa,Rayo,1389000
2026-09-25,Adrián Niño Niño,Málaga,623000
2026-09-25,Adrián Rodríguez Adrián,Alavés,160000
2026-09-25,Adrián de la Fuente De la Fuente,Levante,9480000
2026-09-25,Aihen Muñoz Aihen,Real Sociedad,169000
2026-09-25,Aimar Oroz Oroz,Osasuna,2199000
2026-09-25,Aissa Mandi Mandi,Levante,5292000
2026-09-25,Aitor Fernández Aitor,Osasuna,625000
2026-09-25,Aitor Mañas Aitor Mañas,Alavés,160000
2026-09-25,Aitor Paredes Paredes,Athletic,4985000
2026-09-25,Aitor Ruibal Ruibal,Betis,160000
2026-09-25,Alassane Diatta Diatta,Villarreal,166000
2026-09-25,Alberto Moleiro Moleiro,Villarreal,11264000
2026-09-25,Alberto Risco Risco,Getafe,160000
2026-09-25,Aleix Febas Febas,Celta,8160000
2026-09-25,Alejandro Balde Balde,Barcelona,2285000
2026-09-25,Alejandro Catena Catena,Osasuna,8429000
2026-09-25,Alejandro Iturbe Iturbe,Elche,160000
2026-09-25,Alejandro Rego Rego,Athletic,198000
2026-09-25,Aleksa Puric Puric,Atlético,163000
2026-09-25,Alemão Alemão,Rayo,1020000
2026-09-25,Alex Freeman Freeman,Villarreal,1416000
2026-09-25,Alex Marchal Marchal,Real Sociedad,198000
2026-09-25,Alex Padilla Padilla,Athletic,160000
2026-09-25,Alexander Sorloth Sörloth,Atlético,4764000
2026-09-25,Alfonso González Alfon,Sevilla,248000
2026-09-25,Alfonso Herrero Herrero,Málaga,8169000
2026-09-25,Ali Houary Ali Houary,Elche,198000
2026-09-25,Aliou Dieng Dieng,Valencia,855000
2026-09-25,Altay Bayindir Bayindir,Celta,160000
2026-09-25,Ander Barrenetxea Barrenetxea,Real Sociedad,7372000
2026-09-25,Ander Guevara Guevara,Alavés,275000
2026-09-25,Andoni Gorosabel Gorosabel,Espanyol,198000
2026-09-25,Andreas Christensen A. Christensen,Barcelona,3119000
2026-09-25,Andrei Ratiu Ratiu,Rayo,7521000
2026-09-25,Andriy Lunin Lunin,Real Madrid,180000
2026-09-25,André Almeida Almeida,Racing,926000
2026-09-25,Andrés Antañón Antañón,Celta,194000
2026-09-25,Andrés Castrín Castrín,Sevilla,3648000
2026-09-25,Andrés García Andrés García,Getafe,4444000
2026-09-25,Andrés Martín Andrés Martín,Racing,3512000
2026-09-25,Angel Recio Recio,Málaga,1511000
2026-09-25,Angeliño Angeliño,Deportivo,1239000
2026-09-25,Antal Yaakobishvili Yaakobishvili,Atlético,292000
2026-09-25,Ante Budimir Budimir,Osasuna,16489000
2026-09-25,Anthony Gordon Gordon,Barcelona,15140000
2026-09-25,Antonio Blanco Blanco,Alavés,6907000
2026-09-25,Antonio Rüdiger Rüdiger,Real Madrid,5826000
2026-09-25,Antonio Sivera Sivera,Alavés,10432000
2026-09-25,Antony Antony,Betis,14998000
2026-09-25,Arda Güler Güler,Real Madrid,15429000
2026-09-25,Arkaitz Mariezkurrena Mariezkurrena,Real Sociedad,160000
2026-09-25,Arnau Comas Comas,Deportivo,181000
2026-09-25,Arnau Martínez Arnau,Valencia,2834000
2026-09-25,Arnau Ortiz Ortiz,Atlético,495000
2026-09-25,Arnaut Danjuma Danjuma,Valencia,5206000
2026-09-25,Arouna Sangante Sangante,Sevilla,579000
2026-09-25,Arsen Zakharyan Zakharyan,Real Sociedad,160000
2026-09-25,Asier Osambela Osambela,Osasuna,268000
2026-09-25,Asier Villalibre Villalibre,Racing,1898000
2026-09-25,Augusto Batalla Batalla,Rayo,2505000
2026-09-25,Aurélien Tchouaméni Tchouaméni,Real Madrid,10063000
2026-09-25,Axel Tape Tape,Levante,184000
2026-09-25,Aymeric Laporte Laporte,Athletic,10766000
2026-09-25,Ayoze Pérez Ayoze,Villarreal,5893000
2026-09-25,Bambo Diaby Bambo,Elche,203000
2026-09-25,Bernardo Silva Bernardo Silva,Real Madrid,8987000
2026-09-25,Beñat Gerenabarrena Gerenabarrena,Athletic,2003000
2026-09-25,Beñat Prados Prados,Athletic,160000
2026-09-25,Beñat Turrientes Turrientes,Real Sociedad,2403000
2026-09-25,Bil Nsongo Bil Nsongo,Deportivo,5362000
2026-09-25,Borja Iglesias Iglesias,Celta,6342000
2026-09-25,Borja Mayoral Mayoral,Getafe,519000
2026-09-25,Boyomo Boyomo,Osasuna,3065000
2026-09-25,Brahim Díaz Brahim,Real Madrid,2789000
2026-09-25,Brian Fariñas Fariñas,Barcelona,173000
2026-09-25,Bright Ede Ede,Deportivo,863000
2026-09-25,Bryan Zaragoza Bryan,Espanyol,7598000
2026-09-25,Buba Sangaré Sangaré,Elche,2469000
2026-09-25,Carl Starfelt Starfelt,Celta,3084000
2026-09-25,Carles Aleñá Aleñá,Alavés,433000
2026-09-25,Carlos Ballestero Ballestero,Alavés,160000
2026-09-25,Carlos Benavidez Protesoni,Alavés,168000
2026-09-25,Carlos Dotor Dotor,Málaga,2350000
2026-09-25,Carlos Espí Carlos Espí,Real Madrid,9067000
2026-09-25,Carlos López Carlos López,Málaga,167000
2026-09-25,Carlos Macià Carlos Macià,Villarreal,277000
2026-09-25,Carlos Puga Puga,Málaga,3102000
2026-09-25,Carlos Romero Romero,Villarreal,8185000
2026-09-25,Carlos Soler Carlos Soler,Real Sociedad,7622000
2026-09-25,Chidera Ejuke Ejuke,Sevilla,4023000
2026-09-25,Christantus Uche Uche,Getafe,1728000
2026-09-25,Chupete Chupete,Málaga,5708000
2026-09-25,Clemens Riedel Riedel,Espanyol,1237000
2026-09-25,Coke Carrillo Carrillo,Celta,160000
2026-09-25,Couhaib Driouech Driouech,Celta,367000
2026-09-25,Cristian Rivero Rivero,Valencia,167000
2026-09-25,Cristian Romero Romero,Atlético,9836000
2026-09-25,Cucho Hernández Cucho,Betis,9780000
2026-09-25,César Tárrega Tárrega,Valencia,2161000
2026-09-25,Dakonam Djené Djené,Getafe,3103000
2026-09-25,Dani Barcia Barcia,Deportivo,183000
2026-09-25,Dani Ceballos Ceballos,Betis,1480000
2026-09-25,Dani Cárdenas Cárdenas,Rayo,1353000
2026-09-25,Dani Díaz Dani Díaz,Real Sociedad,160000
2026-09-25,Dani Lorenzo Lorenzo,Málaga,4336000
2026-09-25,Dani Martínez Dani Martínez,Atlético,188000
2026-09-25,Dani Olmo Olmo,Barcelona,14835000
2026-09-25,Dani Requena Requena,Levante,160000
2026-09-25,Dani Vivian Vivian,Athletic,1165000
2026-09-25,Daniel Raba Raba,Valencia,184000
2026-09-25,Daniel Yáñez Yáñez,Real Madrid,170000
2026-09-25,David Hancko Hancko,Atlético,9865000
2026-09-25,David Larrubia Larrubia,Málaga,6906000
2026-09-25,David Mella Mella,Deportivo,508000
2026-09-25,David Otorbi Otorbi,Valencia,825000
2026-09-25,David Soria Soria,Getafe,10325000
2026-09-25,Davinchi Davinchi,Getafe,187000
2026-09-25,Dean Huijsen Huijsen,Real Madrid,10399000
2026-09-25,Denis Suárez Denis Suárez,Alavés,2202000
2026-09-25,Denzel Dumfries Dumfries,Real Madrid,7548000
2026-09-25,Diego Aguado D. Aguado,Real Madrid,160000
2026-09-25,Diego Conde Conde,Betis,160000
2026-09-25,Diego Javier Llorente D. Llorente,Betis,2316000
2026-09-25,Diego López Diego López,Valencia,160000
2026-09-25,Diego Murillo Murillo,Málaga,164000
2026-09-25,Diego Rico Diego Rico,Osasuna,193000
2026-09-25,Diego Villares Villares,Deportivo,296000
2026-09-25,Dimitri Foulquier Foulquier,Valencia,171000
2026-09-25,Dominik Livakovic Livakovic,Barcelona,608000
2026-09-25,Edu Expósito Edu Expósito,Espanyol,10180000
2026-09-25,Eduardo Camavinga Camavinga,Real Madrid,4674000
2026-09-25,Einar Galilea Galilea,Málaga,2847000
2026-09-25,Emil Audero Audero,Rayo,1298000
2026-09-25,Endrick Endrick,Real Madrid,589000
2026-09-25,Eneko Jauregi Jauregi,Málaga,206000
2026-09-25,Enes Ünal Enes Ünal,Getafe,5427000
2026-09-25,Enzo Bardelli Bardeli,Levante,1916000
2026-09-25,Eric Garcia Eric Garcia,Barcelona,14408000
2026-09-25,Ezequiel Ponce Ponce,Elche,324000
2026-09-25,Facundo Bernal Bernal,Betis,4234000
2026-09-25,Facundo Buonanotte Buonanotte,Elche,2092000
2026-09-25,Facundo Garcés Garcés,Alavés,160000
2026-09-25,Facundo González Facu González,Racing,914000
2026-09-25,Federico Redondo Redondo,Elche,296000
2026-09-25,Federico Valverde Valverde,Real Madrid,15036000
2026-09-25,Ferland Mendy Mendy,Real Madrid,184000
2026-09-25,Fermín López Fermín,Barcelona,17710000
2026-09-25,Fernando Calero Calero,Málaga,219000
2026-09-25,Fernando Niño Fer Niño,Elche,4613000
2026-09-25,Ferran Jutglà Jutglà,Celta,6811000
2026-09-25,Filip Ugrinic Ugrinic,Valencia,1458000
2026-09-25,Florian Lejeune Lejeune,Rayo,6611000
2026-09-25,Fran García Fran García,Betis,6969000
2026-09-25,Fran González Fran González,Sevilla,167000
2026-09-25,Fran Pérez Fran Pérez,Rayo,183000
2026-09-25,Francho Serrano Francho,Getafe,253000
2026-09-25,Frenkie de Jong F. de Jong,Barcelona,2610000
2026-09-25,Fábio Cardoso Cardoso,Sevilla,160000
2026-09-25,Félix Correia Félix Correia,Sevilla,1397000
2026-09-25,Gabriel Jesus Gabriel Jesús,Barcelona,5835000
2026-09-25,Gabriel Moscardo Moscardo,Espanyol,865000
2026-09-25,Gabriel Suazo Suazo,Sevilla,4421000
2026-09-25,Georges Mikautadze Mikautadze,Villarreal,13063000
2026-09-25,Georgiy Tsitaishvili Tsitaishvili,Rayo,538000
2026-09-25,Gerard Martín Martín,Barcelona,10479000
2026-09-25,Gerard Moreno Gerard,Villarreal,13812000
2026-09-25,Germán Parreño,Deportivo,203000
2026-09-25,Germán Valera Valera,Elche,7272000
2026-09-25,Giacomo Quagliata Quagliata,Deportivo,4819000
2026-09-25,Giorgi Guliashvili Guliashvili,Racing,226000
2026-09-25,Giorgi Kochorashvili Kochorashvili,Sevilla,1656000
2026-09-25,Giovani Lo Celso Lo Celso,Betis,3373000
2026-09-25,Giuliano Simeone Giuliano,Atlético,10199000
2026-09-25,Gnangoro Bouare Bouare,Rayo,563000
2026-09-25,Gonzalo Villar Villar,Elche,5045000
2026-09-25,Gonçalo Guedes Guedes,Real Sociedad,6281000
2026-09-25,Gorka Carrera Carrera,Real Sociedad,160000
2026-09-25,Gorka Guruzeta Guruzeta,Athletic,3368000
2026-09-25,Grady Diangana Diangana,Elche,160000
2026-09-25,Guido Rodríguez Guido,Valencia,7564000
2026-09-25,Haitam Abaida Haitam,Málaga,160000
2026-09-25,Hamza Abdelkarim Abdelkarim,Barcelona,1162000
2026-09-25,Harvey Elliott Elliott,Valencia,3669000
2026-09-25,Hugo Burcio Burcio,Celta,183000
2026-09-25,Hugo Duro Duro,Valencia,3433000
2026-09-25,Hugo González Hugo González,Celta,1121000
2026-09-25,Hugo Novoa Novoa,Alavés,177000
2026-09-25,Hugo Rincón Rincón,Athletic,183000
2026-09-25,Hugo Sotelo Sotelo,Levante,160000
2026-09-25,Hugo Álvarez Hugo Álvarez,Celta,639000
2026-09-25,Héctor Bellerín Bellerín,Betis,5679000
2026-09-25,Héctor Fort Fort,Real Sociedad,1324000
2026-09-25,Iago Aspas Aspas,Celta,4638000
2026-09-25,Ibrahima Konaté Konaté,Real Madrid,9760000
2026-09-25,Ifeanyi Ndukwe Ndukwe,Levante,214000
2026-09-25,Igor Zubeldia Zubeldia,Real Sociedad,2651000
2026-09-25,Iker Córdoba Córdoba,Valencia,187000
2026-09-25,Iker Losada Losada,Betis,161000
2026-09-25,Iker Luque Luque,Racing,244000
2026-09-25,Iker Muñoz Iker Muñoz,Osasuna,2569000
2026-09-25,Ilaix Moriba Moriba,Celta,4393000
2026-09-25,Ilias Akhomach Akhomach,Villarreal,726000
2026-09-25,Ionut Radu Radu,Celta,10043000
2026-09-25,Isaac Romero Romero,Sevilla,3568000
2026-09-25,Isco Alarcón Isco,Betis,10289000
2026-09-25,Isi Palazón Isi,Rayo,3161000
2026-09-25,Iván Azón Iván Azón,Getafe,1068000
2026-09-25,Iván Balliu Balliu,Rayo,409000
2026-09-25,Iván Martín Iván Martín,Racing,2112000
2026-09-25,Iván Romero Iván Romero,Levante,6129000
2026-09-25,Iván Villar Iván Villar,Celta,186000
2026-09-25,Izan Merino Merino,Málaga,1395000
2026-09-25,Iñaki Rupérez Rupérez,Real Sociedad,160000
2026-09-25,Iñaki Williams I. Williams,Athletic,5986000
2026-09-25,Iñigo Arguibide Arguibide,Osasuna,1587000
2026-09-25,Iñigo Vicente Iñigo Vicente,Racing,9783000
2026-09-25,Jairo Noriega Noriega,Deportivo,160000
2026-09-25,Jan Oblak Oblak,Atlético,10129000
2026-09-25,Javi Galán Galán,Celta,2643000
2026-09-25,Javi Guerra Javi Guerra,Valencia,5325000
2026-09-25,Javi Morcillo Morcillo,Elche,664000
2026-09-25,Javi Puado Puado,Espanyol,448000
2026-09-25,Javi Rodríguez Javi Rodríguez,Celta,1545000
2026-09-25,Javi Rueda Rueda,Celta,3204000
2026-09-25,Jean Ives Valou Valou,Getafe,167000
2026-09-25,Jeanuël Belocian Belocian,Racing,1802000
2026-09-25,Jens Cajuste Cajuste,Málaga,221000
2026-09-25,Jeremy Toljan Toljan,Levante,1249000
2026-09-25,Jesse Bisiwu Bisiwu,Barcelona,205000
2026-09-25,Jesús Areso Areso,Athletic,2265000
2026-09-25,Jesús Vázquez Jesús Vázquez,Valencia,652000
2026-09-25,Jiri Letácek Letácek,Getafe,173000
2026-09-25,Joan Garcia Joan Garcia,Barcelona,15021000
2026-09-25,Joao Cancelo Cancelo,Barcelona,11526000
2026-09-25,Joaquín Muñoz Joaquín,Málaga,1526000
2026-09-25,Job Ochieng Ochieng,Real Sociedad,1004000
2026-09-25,Jofre Carreras Jofre,Espanyol,174000
2026-09-25,Johan Mojica Mojica,Getafe,4964000
2026-09-25,Johaneko Louis-Jean Johaneko,Athletic,987000
2026-09-25,Johnny Cardoso Cardoso,Atlético,831000
2026-09-25,Jon Ander Olasagasti Olasagasti,Levante,5414000
2026-09-25,Jon Aramburu Aramburu,Real Sociedad,6527000
2026-09-25,Jon Gorrotxategi Gorrotxategi,Real Sociedad,332000
2026-09-25,Jon Guridi Guridi,Sevilla,3276000
2026-09-25,Jon Martín Jon Martín,Real Sociedad,5526000
2026-09-25,Jon Moncayola Moncayola,Osasuna,3171000
2026-09-25,Jon Pacheco Pacheco,Real Sociedad,191000
2026-09-25,Jonathan Asp Jensen Asp Jensen,Deportivo,267000
2026-09-25,Jonathan David Jonathan David,Atlético,7661000
2026-09-25,Jonathan Dubasin Dubasin,Osasuna,1160000
2026-09-25,Jones El-Abdellaoui El-Abdellaoui,Celta,196000
2026-09-25,Jonny Castro Jonny,Alavés,5017000
2026-09-25,Jordi Pesquer Pesquer,Barcelona,165000
2026-09-25,Jorge Cabello Jorge Cabello,Levante,208000
2026-09-25,Jorge Cestero Cestero,Real Madrid,168000
2026-09-25,Jorge Domínguez Jorge Domínguez,Atlético,204000
2026-09-25,Jorge Herrando Herrando,Osasuna,206000
2026-09-25,Jorge Montes Montes,Getafe,187000
2026-09-25,Jorge Salinas Salinas,Racing,4975000
2026-09-25,Jorge de Frutos De Frutos,Rayo,6383000
2026-09-25,Josan Ferrández Josan,Elche,190000
2026-09-25,Joselu Pérez Joselu,Getafe,167000
2026-09-25,José Gayà Gayà,Valencia,2583000
2026-09-25,José Manuel Copete Copete,Valencia,164000
2026-09-25,José María Giménez Giménez,Deportivo,2580000
2026-09-25,José Salinas Salinas,Málaga,1010000
2026-09-25,José Ángel Carmona Carmona,Sevilla,222000
2026-09-25,José Ángel López José Ángel,Espanyol,160000
2026-09-25,Jozhua Vertrouwd Vertrouwd,Rayo,160000
2026-09-25,Juan Berrocal Berrocal,Málaga,220000
2026-09-25,Juan Carlos Arana Arana,Racing,210000
2026-09-25,Juan Cruz Juan Cruz,Málaga,1678000
2026-09-25,Juan Foyth Foyth,Villarreal,4500000
2026-09-25,Juan Iglesias Iglesias,Sevilla,6496000
2026-09-25,Juan Musso Musso,Atlético,205000
2026-09-25,Juanmi Jiménez Juanmi,Getafe,181000
2026-09-25,Jude Bellingham Bellingham,Real Madrid,20078000
2026-09-25,Julen Agirrezabala Agirrezabala,Racing,5654000
2026-09-25,Julen Lobete Lobete,Málaga,160000
2026-09-25,Jules Koundé Koundé,Barcelona,6440000
2026-09-25,Julio Díaz Julio Díaz,Sevilla,200000
2026-09-25,Julián Álvarez Alvarez,Atlético,11589000
2026-09-25,Junior Firpo Junior,Betis,398000
2026-09-25,Justin de Haas De Haas,Valencia,2064000
2026-09-25,Kang-In Lee Kang-In Lee,Atlético,11516000
2026-09-25,Karim Adeyemi Adeyemi,Barcelona,12093000
2026-09-25,Karl Etta Eyong Etta Eyong,Levante,2115000
2026-09-25,Kayne van Oevelen Van Oevelen,Valencia,197000
2026-09-25,Kevin Lomónaco Lomónaco,Elche,775000
2026-09-25,Kevin Sánchez Kevin Sánchez,Deportivo,166000
2026-09-25,Kike Barja Kike Barja,Osasuna,1110000
2026-09-25,Kike García Kike García,Espanyol,161000
2026-09-25,Kike Salas Kike Salas,Sevilla,5132000
2026-09-25,Kiko Femenia Femenia,Getafe,237000
2026-09-25,Koke Resurrección Koke,Atlético,9005000
2026-09-25,Kylian Mbappé Mbappé,Real Madrid,24711000
2026-09-25,Lamine Yamal Yamal,Barcelona,23782000
2026-09-25,Lander Pinillos Pinillos,Alavés,160000
2026-09-25,Laro Gómez Laro Gómez,Racing,196000
2026-09-25,Leandro Cabrera Cabrera,Espanyol,4969000
2026-09-25,Leo Román Leo Román,Deportivo,9984000
2026-09-25,Logan Costa Logan Costa,Villarreal,182000
2026-09-25,Lorenzo Amatucci Amatucci,Deportivo,8865000
2026-09-25,Lucas Boyé Boyé,Alavés,9374000
2026-09-25,Lucas Cepeda Cepeda,Elche,2187000
2026-09-25,Lucas Noubi Noubi,Deportivo,3481000
2026-09-25,Lucas Stassin Stassin,Sevilla,5105000
2026-09-25,Lucas Torró Torró,Osasuna,480000
2026-09-25,Lucien Agoume Agoume,Sevilla,6436000
2026-09-25,Luis Rioja Rioja,Valencia,2593000
2026-09-25,Luismi Cruz Luismi,Deportivo,5137000
2026-09-25,Luiz Felipe Luiz Felipe,Rayo,215000
2026-09-25,Luiz Junior Luiz Junior,Villarreal,3086000
2026-09-25,Luka Sucic L. Sucic,Real Sociedad,6431000
2026-09-25,Luken Beitia Beitia,Real Sociedad,247000
2026-09-25,Maguette Gueye Maguette,Racing,1109000
2026-09-25,Mamadou Sarr M. Sarr,Real Sociedad,3929000
2026-09-25,Manu Bueno Manu Bueno,Sevilla,191000
2026-09-25,Manu Hernando Hernando,Racing,1879000
2026-09-25,Manu Sánchez Manu Sánchez,Levante,3462000
2026-09-25,Marash Kumbulla Kumbulla,Rayo,164000
2026-09-25,Marc Aguado Aguado,Elche,2262000
2026-09-25,Marc Bartra Bartra,Betis,6326000
2026-09-25,Marc Bernal Bernal,Barcelona,9986000
2026-09-25,Marc Casadó Casadó,Deportivo,1645000
2026-09-25,Marc Cucurella Cucurella,Real Madrid,11763000
2026-09-25,Marc Doménech Doménech,Atlético,160000
2026-09-25,Marc Pubill Pubill,Atlético,10107000
2026-09-25,Marc Roca Marc Roca,Betis,7093000
2026-09-25,Marc Santos Marc Santos,Levante,160000
2026-09-25,Marcos Alonso M. Alonso,Celta,8450000
2026-09-25,Marcos Fernández Marcos,Espanyol,1234000
2026-09-25,Marcos Llorente M. Llorente,Atlético,10379000
2026-09-25,Marcão Marcão,Sevilla,160000
2026-09-25,Mariano Díaz Mariano,Alavés,4465000
2026-09-25,Mario Martín Mario Martín,Getafe,737000
2026-09-25,Mario Soriano Mario,Deportivo,6286000
2026-09-25,Marko Dmitrovic Dmitrovic,Espanyol,9615000
2026-09-25,Maroan Sannadi Sannadi,Athletic,187000
2026-09-25,Martim Neto Martim Neto,Elche,192000
2026-09-25,Martín Satriano Satriano,Getafe,6380000
2026-09-25,Mathew Ryan Ryan,Levante,10041000
2026-09-25,Matia Barzic Barzic,Elche,188000
2026-09-25,Matteo Prati Prati,Racing,376000
2026-09-25,Matías Dituro Dituro,Elche,4858000
2026-09-25,Miguel Cubo Cubo,Atlético,170000
2026-09-25,Miguel Loureiro Loureiro,Deportivo,760000
2026-09-25,Miguel Rodríguez Miguel,Alavés,205000
2026-09-25,Miguel Román Román,Celta,4817000
2026-09-25,Miguel Sierra Sierra,Sevilla,4255000
2026-09-25,Mikel Jauregizar Jauregizar,Athletic,1794000
2026-09-25,Mikel Oyarzabal Oyarzabal,Real Sociedad,15721000
2026-09-25,Mikel Rodriguez Mikel Rodriguez,Alavés,258000
2026-09-25,Moi Gómez Moi Gómez,Osasuna,660000
2026-09-25,Morten Hjulmand Hjulmand,Atlético,9073000
2026-09-25,Mouctar Diakhaby Diakhaby,Valencia,418000
2026-09-25,Moussa Diarra Moussa,Málaga,174000
2026-09-25,Mujaid Sadick Mujaid,Rayo,613000
2026-09-25,Nacho Pérez Nacho Pérez,Levante,1299000
2026-09-25,Nahuel Tenaglia Tenaglia,Alavés,9942000
2026-09-25,Natan Natan,Betis,7838000
2026-09-25,Nathan-Dylan Saliba Saliba,Villarreal,3174000
2026-09-25,Nelson Deossa Deossa,Betis,2026000
2026-09-25,Nemanja Gudelj Gudelj,Getafe,1150000
2026-09-25,Nico Guillén Guillén,Sevilla,172000
2026-09-25,Nico Serrano Serrano,Athletic,160000
2026-09-25,Nico Williams N. Williams,Athletic,11475000
2026-09-25,Nicolas Pépé Pépé,Villarreal,14990000
2026-09-25,Nicolás Valentini Valentini,Alavés,566000
2026-09-25,Noé Carrillo Noé Carrillo,Deportivo,172000
2026-09-25,Obed Vargas Vargas,Atlético,160000
2026-09-25,Odysseas Vlachodimos Vlachodimos,Sevilla,7702000
2026-09-25,Oihan Sancet Sancet,Athletic,8964000
2026-09-25,Omar El Hilali El Hilali,Espanyol,5404000
2026-09-25,Orel Mangala Mangala,Getafe,1985000
2026-09-25,Oriol Rey Oriol Rey,Levante,1200000
2026-09-25,Orri Steinn Óskarsson Óskarsson,Real Sociedad,4782000
2026-09-25,Pablo Barrios Barrios,Atlético,10725000
2026-09-25,Pablo Campos Cuñat Campos,Levante,189000
2026-09-25,Pablo Durán Durán,Celta,846000
2026-09-25,Pablo Fornals Fornals,Betis,14259000
2026-09-25,Pablo García Pablo García,Racing,2597000
2026-09-25,Pablo Gavi Gavi,Barcelona,3906000
2026-09-25,Pablo Ibáñez Ibáñez,Alavés,5222000
2026-09-25,Pablo Maffeo Maffeo,Valencia,2226000
2026-09-25,Pablo Martínez Pablo Martínez,Málaga,559000
2026-09-25,Pablo Marín Marín,Real Sociedad,176000
2026-09-25,Pablo Ramón Pablo Ramón,Racing,2395000
2026-09-25,Paco Cortés Cortés,Levante,161000
2026-09-25,Pape Gueye Pape Gueye,Villarreal,12211000
2026-09-25,Pathé Ciss Pathé Ciss,Rayo,4069000
2026-09-25,Pau Cubarsí Cubarsí,Barcelona,16214000
2026-09-25,Pau Navarro Pau Navarro,Villarreal,1180000
2026-09-25,Pedri González Pedri,Barcelona,21725000
2026-09-25,Pedro Bigas Bigas,Elche,263000
2026-09-25,Pedro Díaz Pedro Díaz,Rayo,1069000
2026-09-25,Pedro Felipe Pedro Felipe,Racing,191000
2026-09-25,Peio Canales Canales,Athletic,1609000
2026-09-25,Pelayo Fernández Pelayo,Rayo,162000
2026-09-25,Pepelu Pepelu,Valencia,5104000
2026-09-25,Peque Peque,Sevilla,1498000
2026-09-25,Pere Milla Pere Milla,Espanyol,1528000
2026-09-25,Petar Ratkov Ratkov,Levante,1082000
2026-09-25,Pierre-Emerick Aubameyang Aubameyang,Deportivo,8986000
2026-09-25,Pol Lozano Lozano,Espanyol,160000
2026-09-25,Péter Gulácsi Gulacsi,Villarreal,1667000
2026-09-25,Quilindschy Hartman Hartman,Espanyol,1280000
2026-09-25,Rafa Garrido Rafita,Málaga,3068000
2026-09-25,Rafa Rodríguez Rafa Rodríguez,Málaga,253000
2026-09-25,Rafel Bauzà Bauzà,Espanyol,174000
2026-09-25,Ramón Enríquez Enríquez,Málaga,160000
2026-09-25,Ramón Terrats Terrats,Getafe,6012000
2026-09-25,Randy Nteka Nteka,Rayo,187000
2026-09-25,Raphinha Raphinha,Barcelona,20685000
2026-09-25,Raul Moro Raul Moro,Osasuna,1614000
2026-09-25,Rayane Belaid Rayane,Rayo,166000
2026-09-25,Raúl Asencio Asencio,Real Madrid,197000
2026-09-25,Raúl De Tomás De Tomás,Rayo,164000
2026-09-25,Raúl García Raúl García,Osasuna,1790000
2026-09-25,Renato Veiga Veiga,Villarreal,7402000
2026-09-25,Riki Rodríguez Riki,Deportivo,237000
2026-09-25,Robbie Ure Ure,Sevilla,2628000
2026-09-25,Robert Navarro Navarro,Athletic,3396000
2026-09-25,Roberto Fernández Roberto,Espanyol,10809000
2026-09-25,Robin Le Normand Le Normand,Atlético,2474000
2026-09-25,Rockson Yeboah Yeboah,Osasuna,378000
2026-09-25,Rodri Hernández Rodri,Barcelona,14585000
2026-09-25,Rodrigo Gamón Gamón,Valencia,209000
2026-09-25,Rodrigo Mendoza Mendoza,Atlético,165000
2026-09-25,Rodrigo Riquelme Riquelme,Betis,5559000
2026-09-25,Rodrygo Goes Rodrygo,Real Madrid,578000
2026-09-25,Roger Brugué Brugui,Levante,1956000
2026-09-25,Roger Hinojo Hinojo,Espanyol,2348000
2026-09-25,Romain Del Castillo Del Castillo,Osasuna,988000
2026-09-25,Roony Bardghji Bardghji,Barcelona,160000
2026-09-25,Roy Revivo Revivo,Elche,618000
2026-09-25,Rubén García Rubén G.,Osasuna,3422000
2026-09-25,Rubén López Rubén López,Deportivo,174000
2026-09-25,Rubén Sánchez Rubén Sánchez,Elche,459000
2026-09-25,Rubén Vargas Vargas,Sevilla,2106000
2026-09-25,Ryunosuke Sato Sato,Valencia,2077000
2026-09-25,Saba Sazonov Sazonov,Getafe,176000
2026-09-25,Salvi Esquivel Esquivel,Atlético,203000
2026-09-25,Samu Becerra Becerra,Rayo,181000
2026-09-25,Santi Comesaña Comesaña,Villarreal,4983000
2026-09-25,Santiago Mouriño Mouriño,Villarreal,4092000
2026-09-25,Sebastián Boselli Boselli,Getafe,200000
2026-09-25,Sebastián Cáceres Cáceres,Celta,635000
2026-09-25,Selton Sánchez Selton,Athletic,160000
2026-09-25,Sergi Canós Canós,Valencia,195000
2026-09-25,Sergi Cardona S. Cardona,Villarreal,584000
2026-09-25,Sergio Camello Camello,Rayo,9295000
2026-09-25,Sergio Canales Canales,Racing,7371000
2026-09-25,Sergio Carreira Carreira,Celta,5484000
2026-09-25,Sergio Gómez Sergio Gómez,Real Sociedad,6556000
2026-09-25,Sergio Herrera Herrera,Osasuna,6763000
2026-09-25,Sergio Martínez Sergio Martínez,Real Madrid,392000
2026-09-25,Simon Eriksson Eriksson,Racing,162000
2026-09-25,Stefan Bajcetic Bajcetic,Celta,165000
2026-09-25,Stole Dimitrievski Dimitrievski,Valencia,6941000
2026-09-25,Tajon Buchanan Buchanan,Villarreal,5246000
2026-09-25,Takefusa Kubo Kubo,Real Sociedad,7511000
2026-09-25,Tani Oluwaseyi Oluwaseyi,Villarreal,413000
2026-09-25,Taufik Seidu Taufik,Atlético,169000
2026-09-25,Tete Morente Tete Morente,Elche,1431000
2026-09-25,Thiago Fernández Thiago,Levante,1113000
2026-09-25,Thiago Pitarch Thiago,Real Madrid,177000
2026-09-25,Thibaut Courtois Courtois,Real Madrid,10097000
2026-09-25,Thomas Lemar Lemar,Elche,1418000
2026-09-25,Toni Martinez Toni Martinez,Alavés,6531000
2026-09-25,Trent Alexander-Arnold Alexander-Arnold,Real Madrid,5939000
2026-09-25,Troy Parrott Parrott,Betis,6459000
2026-09-25,Tyrhys Dolan Dolan,Espanyol,4237000
2026-09-25,Umar Sadiq Sadiq,Valencia,1436000
2026-09-25,Unai Egiluz Egiluz,Athletic,195000
2026-09-25,Unai López Unai López,Rayo,5211000
2026-09-25,Unai Marrero Marrero,Real Sociedad,513000
2026-09-25,Unai Núñez U. Núñez,Espanyol,2738000
2026-09-25,Unai Santos Unai Santos,Osasuna,229000
2026-09-25,Unai Simón Unai Simón,Athletic,9986000
2026-09-25,Urko González de Zarate Urko,Espanyol,1781000
2026-09-25,Valentin Rosier Rosier,Osasuna,571000
2026-09-25,Valentín Gómez Valentín Gómez,Betis,471000
2026-09-25,Vanja Drkusic Drkusic,Espanyol,220000
2026-09-25,Ville Koski Koski,Alavés,4036000
2026-09-25,Vinicius Junior Vinicius,Real Madrid,19897000
2026-09-25,Víctor Chust Chust,Elche,2233000
2026-09-25,Víctor García Víctor García,Levante,535000
2026-09-25,Williot Swedberg Swedberg,Celta,1693000
2026-09-25,Wojciech Szczesny Szczesny,Barcelona,346000
2026-09-25,Xanet Oláiz Oláiz,Alavés,160000
2026-09-25,Xavi Espart Espart,Barcelona,4481000
2026-09-25,Ximo Navarro Ximo,Deportivo,2593000
2026-09-25,Yago Santiago Santiago,Elche,160000
2026-09-25,Yan Diomande Y. Diomande,Real Madrid,16346000
2026-09-25,Yangel Herrera Herrera,Real Sociedad,4190000
2026-09-25,Yanis Musuayi Musuayi,Levante,164000
2026-09-25,Yassir Zabiri Zabiri,Racing,6003000
2026-09-25,Yeray Álvarez Yeray,Athletic,2656000
2026-09-25,Yeremay Hernández Yeremay,Deportivo,7293000
2026-09-25,Yoel Lago Lago,Celta,2092000
2026-09-25,Youssef Enríquez Youssef,Alavés,1798000
2026-09-25,Youssouf Fofana Fofana,Sevilla,5852000
2026-09-25,Yuri Berchiche Yuri,Athletic,5552000
2026-09-25,Zaid Romero Romero,Getafe,4576000
2026-09-25,Zakaria Eddahchouri Eddahchouri,Deportivo,1269000
2026-09-25,Álex Baena Baena,Atlético,13108000
2026-09-25,Álex Berenguer Berenguer,Athletic,5207000
2026-09-25,Álex Calatrava Calatrava,Espanyol,5196000
2026-09-25,Álex Grimaldo Grimaldo,Atlético,9677000
2026-09-25,Álex Pastor Pastor,Málaga,179000
2026-09-25,Álex Remiro Remiro,Real Sociedad,10072000
2026-09-25,Álvaro Djaló Djaló,Athletic,180000
2026-09-25,Álvaro F. Carreras A. F. Carreras,Real Madrid,3198000
2026-09-25,Álvaro Fernández Álvaro,Deportivo,160000
2026-09-25,Álvaro Fidalgo Fidalgo,Betis,191000
2026-09-25,Álvaro García Álvaro García,Rayo,8789000
2026-09-25,Álvaro Leiva Leiva,Real Madrid,181000
2026-09-25,Álvaro Mantilla Mantilla,Racing,1358000
2026-09-25,Álvaro Núñez Á. Núñez,Celta,1183000
2026-09-25,Álvaro Odriozola Odriozola,Real Sociedad,195000
2026-09-25,Álvaro Padilla Padilla,Elche,209000
2026-09-25,Álvaro Valles Valles,Betis,11037000
2026-09-25,Ángel Fortuño Fortuño,Espanyol,160000
2026-09-25,Ángel Ortiz Ortiz,Betis,185000
2026-09-25,Ángel Pérez Ángel Pérez,Alavés,7589000
2026-09-25,Éder Militão Militão,Real Madrid,1677000
2026-09-25,Íñigo Ruiz de Galarreta R. de Galarreta,Athletic,5745000
2026-09-25,Íñigo Sainz-Maza Sainz-Maza,Racing,194000
2026-09-25,Óscar López Óscar López,Getafe,187000
2026-09-25,Óscar Valentín Valentín,Rayo,1494000
2026-09-26,Aaron Ndive Mayol Mayol,Valencia,629000
2026-09-26,Aarón Martín Aarón,Racing,162000
2026-09-26,Aarón Ochoa Ochoa,Málaga,168000
2026-09-26,Abde Ezzalzouli Abde,Betis,12962000
2026-09-26,Abde Rebbach Rebbach,Alavés,1874000
2026-09-26,Abdel Abqar Abqar,Getafe,187000
2026-09-26,Abdoulaye Faye Faye,Celta,160000
2026-09-26,Abel Bretones Bretones,Osasuna,2512000
2026-09-26,Abiel Osorio Osorio,Elche,625000
2026-09-26,Adam Aznou Aznou,Málaga,195000
2026-09-26,Adam Boayar Adam Boayar,Elche,208000
2026-09-26,Adama Traoré A. Traoré,Deportivo,3133000
2026-09-26,Ademola Lookman Lookman,Atlético,10565000
2026-09-26,Adrià Altimira Altimira,Deportivo,1136000
2026-09-26,Adrià Pedrosa Pedrosa,Rayo,1450000
2026-09-26,Adrián Niño Niño,Málaga,656000
2026-09-26,Adrián Rodríguez Adrián,Alavés,160000
2026-09-26,Adrián de la Fuente De la Fuente,Levante,9590000
2026-09-26,Aihen Muñoz Aihen,Real Sociedad,192000
2026-09-26,Aimar Oroz Oroz,Osasuna,2139000
2026-09-26,Aissa Mandi Mandi,Levante,5202000
2026-09-26,Aitor Fernández Aitor,Osasuna,677000
2026-09-26,Aitor Mañas Aitor Mañas,Alavés,196000
2026-09-26,Aitor Paredes Paredes,Athletic,5201000
2026-09-26,Aitor Ruibal Ruibal,Betis,162000
2026-09-26,Alassane Diatta Diatta,Villarreal,196000
2026-09-26,Alberto Moleiro Moleiro,Villarreal,11345000
2026-09-26,Alberto Risco Risco,Getafe,160000
2026-09-26,Aleix Febas Febas,Celta,7997000
2026-09-26,Alejandro Balde Balde,Barcelona,2208000
2026-09-26,Alejandro Catena Catena,Osasuna,8328000
2026-09-26,Alejandro Iturbe Iturbe,Elche,160000
2026-09-26,Alejandro Rego Rego,Athletic,168000
2026-09-26,Aleksa Puric Puric,Atlético,163000
2026-09-26,Alemão Alemão,Rayo,991000
2026-09-26,Alex Freeman Freeman,Villarreal,1474000
2026-09-26,Alex Marchal Marchal,Real Sociedad,200000
2026-09-26,Alex Padilla Padilla,Athletic,160000
2026-09-26,Alexander Sorloth Sörloth,Atlético,4665000
2026-09-26,Alfonso González Alfon,Sevilla,268000
2026-09-26,Alfonso Herrero Herrero,Málaga,8327000
2026-09-26,Ali Houary Ali Houary,Elche,183000
2026-09-26,Aliou Dieng Dieng,Valencia,808000
2026-09-26,Altay Bayindir Bayindir,Celta,187000
2026-09-26,Ander Barrenetxea Barrenetxea,Real Sociedad,7504000
2026-09-26,Ander Guevara Guevara,Alavés,299000
2026-09-26,Andoni Gorosabel Gorosabel,Espanyol,198000
2026-09-26,Andreas Christensen A. Christensen,Barcelona,3127000
2026-09-26,Andrei Ratiu Ratiu,Rayo,7631000
2026-09-26,Andriy Lunin Lunin,Real Madrid,162000
2026-09-26,André Almeida Almeida,Racing,960000
2026-09-26,Andrés Antañón Antañón,Celta,208000
2026-09-26,Andrés Castrín Castrín,Sevilla,3784000
2026-09-26,Andrés García Andrés García,Getafe,4300000
2026-09-26,Andrés Martín Andrés Martín,Racing,3433000
2026-09-26,Angel Recio Recio,Málaga,1555000
2026-09-26,Angeliño Angeliño,Deportivo,1192000
2026-09-26,Antal Yaakobishvili Yaakobishvili,Atlético,292000
2026-09-26,Ante Budimir Budimir,Osasuna,16519000
2026-09-26,Anthony Gordon Gordon,Barcelona,15090000
2026-09-26,Antonio Blanco Blanco,Alavés,6777000
2026-09-26,Antonio Rüdiger Rüdiger,Real Madrid,5930000
2026-09-26,Antonio Sivera Sivera,Alavés,10476000
2026-09-26,Antony Antony,Betis,15034000
2026-09-26,Arda Güler Güler,Real Madrid,15459000
2026-09-26,Arkaitz Mariezkurrena Mariezkurrena,Real Sociedad,160000
2026-09-26,Arnau Comas Comas,Deportivo,202000
2026-09-26,Arnau Martínez Arnau,Valencia,2715000
2026-09-26,Arnau Ortiz Ortiz,Atlético,524000
2026-09-26,Arnaut Danjuma Danjuma,Valencia,5289000
2026-09-26,Arouna Sangante Sangante,Sevilla,530000
2026-09-26,Arsen Zakharyan Zakharyan,Real Sociedad,160000
2026-09-26,Asier Osambela Osambela,Osasuna,285000
2026-09-26,Asier Villalibre Villalibre,Racing,1826000
2026-09-26,Augusto Batalla Batalla,Rayo,2390000
2026-09-26,Aurélien Tchouaméni Tchouaméni,Real Madrid,10025000
2026-09-26,Axel Tape Tape,Levante,171000
2026-09-26,Aymeric Laporte Laporte,Athletic,10812000
2026-09-26,Ayoze Pérez Ayoze,Villarreal,5997000
2026-09-26,Bambo Diaby Bambo,Elche,188000
2026-09-26,Bernardo Silva Bernardo Silva,Real Madrid,9052000
2026-09-26,Beñat Gerenabarrena Gerenabarrena,Athletic,2061000
2026-09-26,Beñat Prados Prados,Athletic,160000
2026-09-26,Beñat Turrientes Turrientes,Real Sociedad,2312000
2026-09-26,Bil Nsongo Bil Nsongo,Deportivo,5447000
2026-09-26,Borja Iglesias Iglesias,Celta,6301000
2026-09-26,Borja Mayoral Mayoral,Getafe,475000
2026-09-26,Boyomo Boyomo,Osasuna,2929000
2026-09-26,Brahim Díaz Brahim,Real Madrid,2683000
2026-09-26,Brian Fariñas Fariñas,Barcelona,166000
2026-09-26,Bright Ede Ede,Deportivo,825000
2026-09-26,Bryan Zaragoza Bryan,Espanyol,7470000
2026-09-26,Buba Sangaré Sangaré,Elche,2534000
2026-09-26,Carl Starfelt Starfelt,Celta,3120000
2026-09-26,Carles Aleñá Aleñá,Alavés,385000
2026-09-26,Carlos Ballestero Ballestero,Alavés,160000
2026-09-26,Carlos Benavidez Protesoni,Alavés,192000
2026-09-26,Carlos Dotor Dotor,Málaga,2425000
2026-09-26,Carlos Espí Carlos Espí,Real Madrid,9157000
2026-09-26,Carlos López Carlos López,Málaga,160000
2026-09-26,Carlos Macià Carlos Macià,Villarreal,287000
2026-09-26,Carlos Puga Puga,Málaga,3098000
2026-09-26,Carlos Romero Romero,Villarreal,8024000
2026-09-26,Carlos Soler Carlos Soler,Real Sociedad,7752000
2026-09-26,Chidera Ejuke Ejuke,Sevilla,4134000
2026-09-26,Christantus Uche Uche,Getafe,1644000
2026-09-26,Chupete Chupete,Málaga,5606000
2026-09-26,Clemens Riedel Riedel,Espanyol,1196000
2026-09-26,Coke Carrillo Carrillo,Celta,160000
2026-09-26,Couhaib Driouech Driouech,Celta,315000
2026-09-26,Cristian Rivero Rivero,Valencia,160000
2026-09-26,Cristian Romero Romero,Atlético,10037000
2026-09-26,Cucho Hernández Cucho,Betis,9947000
2026-09-26,César Tárrega Tárrega,Valencia,2062000
2026-09-26,Dakonam Djené Djené,Getafe,3207000
2026-09-26,Dani Barcia Barcia,Deportivo,160000
2026-09-26,Dani Ceballos Ceballos,Betis,1535000
2026-09-26,Dani Cárdenas Cárdenas,Rayo,1300000
2026-09-26,Dani Díaz Dani Díaz,Real Sociedad,160000
2026-09-26,Dani Lorenzo Lorenzo,Málaga,4237000
2026-09-26,Dani Martínez Dani Martínez,Atlético,187000
2026-09-26,Dani Olmo Olmo,Barcelona,14913000
2026-09-26,Dani Requena Requena,Levante,160000
2026-09-26,Dani Vivian Vivian,Athletic,1153000
2026-09-26,Daniel Raba Raba,Valencia,160000
2026-09-26,Daniel Yáñez Yáñez,Real Madrid,170000
2026-09-26,David Hancko Hancko,Atlético,10010000
2026-09-26,David Larrubia Larrubia,Málaga,6963000
2026-09-26,David Mella Mella,Deportivo,489000
2026-09-26,David Otorbi Otorbi,Valencia,886000
2026-09-26,David Soria Soria,Getafe,10363000
2026-09-26,Davinchi Davinchi,Getafe,207000
2026-09-26,Dean Huijsen Huijsen,Real Madrid,10290000
2026-09-26,Denis Suárez Denis Suárez,Alavés,2219000
2026-09-26,Denzel Dumfries Dumfries,Real Madrid,7433000
2026-09-26,Diego Aguado D. Aguado,Real Madrid,160000
2026-09-26,Diego Conde Conde,Betis,206000
2026-09-26,Diego Javier Llorente D. Llorente,Betis,2240000
2026-09-26,Diego López Diego López,Valencia,160000
2026-09-26,Diego Murillo Murillo,Málaga,191000
2026-09-26,Diego Rico Diego Rico,Osasuna,165000
2026-09-26,Diego Villares Villares,Deportivo,335000
2026-09-26,Dimitri Foulquier Foulquier,Valencia,160000
2026-09-26,Dominik Livakovic Livakovic,Barcelona,652000
2026-09-26,Edu Expósito Edu Expósito,Espanyol,10211000
2026-09-26,Eduardo Camavinga Camavinga,Real Madrid,4614000
2026-09-26,Einar Galilea Galilea,Málaga,2736000
2026-09-26,Emil Audero Audero,Rayo,1344000
2026-09-26,Endrick Endrick,Real Madrid,551000
2026-09-26,Eneko Jauregi Jauregi,Málaga,193000
2026-09-26,Enes Ünal Enes Ünal,Getafe,5450000
2026-09-26,Enzo Bardelli Bardeli,Levante,1953000
2026-09-26,Eric Garcia Eric Garcia,Barcelona,14361000
2026-09-26,Ezequiel Ponce Ponce,Elche,271000
2026-09-26,Facundo Bernal Bernal,Betis,4111000
2026-09-26,Facundo Buonanotte Buonanotte,Elche,2018000
2026-09-26,Facundo Garcés Garcés,Alavés,160000
2026-09-26,Facundo González Facu González,Racing,837000
2026-09-26,Federico Redondo Redondo,Elche,243000
2026-09-26,Federico Valverde Valverde,Real Madrid,14964000
2026-09-26,Ferland Mendy Mendy,Real Madrid,165000
2026-09-26,Fermín López Fermín,Barcelona,17732000
2026-09-26,Fernando Calero Calero,Málaga,252000
2026-09-26,Fernando Niño Fer Niño,Elche,4833000
2026-09-26,Ferran Jutglà Jutglà,Celta,6848000
2026-09-26,Filip Ugrinic Ugrinic,Valencia,1415000
2026-09-26,Florian Lejeune Lejeune,Rayo,6514000
2026-09-26,Fran García Fran García,Betis,7050000
2026-09-26,Fran González Fran González,Sevilla,170000
2026-09-26,Fran Pérez Fran Pérez,Rayo,160000
2026-09-26,Francho Serrano Francho,Getafe,278000
2026-09-26,Frenkie de Jong F. de Jong,Barcelona,2524000
2026-09-26,Fábio Cardoso Cardoso,Sevilla,160000
2026-09-26,Félix Correia Félix Correia,Sevilla,1443000
2026-09-26,Gabriel Jesus Gabriel Jesús,Barcelona,5907000
2026-09-26,Gabriel Moscardo Moscardo,Espanyol,787000
2026-09-26,Gabriel Suazo Suazo,Sevilla,4601000
2026-09-26,Georges Mikautadze Mikautadze,Villarreal,13004000
2026-09-26,Georgiy Tsitaishvili Tsitaishvili,Rayo,543000
2026-09-26,Gerard Martín Martín,Barcelona,10523000
2026-09-26,Gerard Moreno Gerard,Villarreal,13817000
2026-09-26,Germán Parreño,Deportivo,188000
2026-09-26,Germán Valera Valera,Elche,7378000
2026-09-26,Giacomo Quagliata Quagliata,Deportivo,4967000
2026-09-26,Giorgi Guliashvili Guliashvili,Racing,231000
2026-09-26,Giorgi Kochorashvili Kochorashvili,Sevilla,1684000
2026-09-26,Giovani Lo Celso Lo Celso,Betis,3236000
2026-09-26,Giuliano Simeone Giuliano,Atlético,10244000
2026-09-26,Gnangoro Bouare Bouare,Rayo,532000
2026-09-26,Gonzalo Villar Villar,Elche,5115000
2026-09-26,Gonçalo Guedes Guedes,Real Sociedad,6197000
2026-09-26,Gorka Carrera Carrera,Real Sociedad,160000
2026-09-26,Gorka Guruzeta Guruzeta,Athletic,3238000
2026-09-26,Grady Diangana Diangana,Elche,160000
2026-09-26,Guido Rodríguez Guido,Valencia,7616000
2026-09-26,Haitam Abaida Haitam,Málaga,181000
2026-09-26,Hamza Abdelkarim Abdelkarim,Barcelona,1112000
2026-09-26,Harvey Elliott Elliott,Valencia,3528000
2026-09-26,Hugo Burcio Burcio,Celta,183000
2026-09-26,Hugo Duro Duro,Valencia,3370000
2026-09-26,Hugo González Hugo González,Celta,1164000
2026-09-26,Hugo Novoa Novoa,Alavés,160000
2026-09-26,Hugo Rincón Rincón,Athletic,168000
2026-09-26,Hugo Sotelo Sotelo,Levante,169000
2026-09-26,Hugo Álvarez Hugo Álvarez,Celta,682000
2026-09-26,Héctor Bellerín Bellerín,Betis,5747000
2026-09-26,Héctor Fort Fort,Real Sociedad,1273000
2026-09-26,Iago Aspas Aspas,Celta,4430000
2026-09-26,Ibrahima Konaté Konaté,Real Madrid,9829000
2026-09-26,Ifeanyi Ndukwe Ndukwe,Levante,229000
2026-09-26,Igor Zubeldia Zubeldia,Real Sociedad,2584000
2026-09-26,Iker Córdoba Córdoba,Valencia,168000
2026-09-26,Iker Losada Losada,Betis,160000
2026-09-26,Iker Luque Luque,Racing,264000
2026-09-26,Iker Muñoz Iker Muñoz,Osasuna,2584000
2026-09-26,Ilaix Moriba Moriba,Celta,4573000
2026-09-26,Ilias Akhomach Akhomach,Villarreal,791000
2026-09-26,Ionut Radu Radu,Celta,10078000
2026-09-26,Isaac Romero Romero,Sevilla,3477000
2026-09-26,Isco Alarcón Isco,Betis,10240000
2026-09-26,Isi Palazón Isi,Rayo,3231000
2026-09-26,Iván Azón Iván Azón,Getafe,1113000
2026-09-26,Iván Balliu Balliu,Rayo,365000
2026-09-26,Iván Martín Iván Martín,Racing,2186000
2026-09-26,Iván Romero Iván Romero,Levante,6244000
2026-09-26,Iván Villar Iván Villar,Celta,173000
2026-09-26,Izan Merino Merino,Málaga,1343000
2026-09-26,Iñaki Rupérez Rupérez,Real Sociedad,195000
2026-09-26,Iñaki Williams I. Williams,Athletic,5915000
2026-09-26,Iñigo Arguibide Arguibide,Osasuna,1550000
2026-09-26,Iñigo Vicente Iñigo Vicente,Racing,9940000
2026-09-26,Jairo Noriega Noriega,Deportivo,203000
2026-09-26,Jan Oblak Oblak,Atlético,10141000
2026-09-26,Javi Galán Galán,Celta,2599000
2026-09-26,Javi Guerra Javi Guerra,Valencia,5339000
2026-09-26,Javi Morcillo Morcillo,Elche,704000
2026-09-26,Javi Puado Puado,Espanyol,500000
2026-09-26,Javi Rodríguez Javi Rodríguez,Celta,1470000
2026-09-26,Javi Rueda Rueda,Celta,3305000
2026-09-26,Jean Ives Valou Valou,Getafe,160000
2026-09-26,Jeanuël Belocian Belocian,Racing,1718000
2026-09-26,Jens Cajuste Cajuste,Málaga,167000
2026-09-26,Jeremy Toljan Toljan,Levante,1283000
2026-09-26,Jesse Bisiwu Bisiwu,Barcelona,185000
2026-09-26,Jesús Areso Areso,Athletic,2316000
2026-09-26,Jesús Vázquez Jesús Vázquez,Valencia,608000
2026-09-26,Jiri Letácek Letácek,Getafe,164000
2026-09-26,Joan Garcia Joan Garcia,Barcelona,14957000
2026-09-26,Joao Cancelo Cancelo,Barcelona,11487000
2026-09-26,Joaquín Muñoz Joaquín,Málaga,1471000
2026-09-26,Job Ochieng Ochieng,Real Sociedad,1035000
2026-09-26,Jofre Carreras Jofre,Espanyol,197000
2026-09-26,Johan Mojica Mojica,Getafe,5157000
2026-09-26,Johaneko Louis-Jean Johaneko,Athletic,939000
2026-09-26,Johnny Cardoso Cardoso,Atlético,902000
2026-09-26,Jon Ander Olasagasti Olasagasti,Levante,5410000
2026-09-26,Jon Aramburu Aramburu,Real Sociedad,6615000
2026-09-26,Jon Gorrotxategi Gorrotxategi,Real Sociedad,370000
2026-09-26,Jon Guridi Guridi,Sevilla,3169000
2026-09-26,Jon Martín Jon Martín,Real Sociedad,5442000
2026-09-26,Jon Moncayola Moncayola,Osasuna,3050000
2026-09-26,Jon Pacheco Pacheco,Real Sociedad,160000
2026-09-26,Jonathan Asp Jensen Asp Jensen,Deportivo,255000
2026-09-26,Jonathan David Jonathan David,Atlético,7837000
2026-09-26,Jonathan Dubasin Dubasin,Osasuna,1130000
2026-09-26,Jones El-Abdellaoui El-Abdellaoui,Celta,191000
2026-09-26,Jonny Castro Jonny,Alavés,4944000
2026-09-26,Jordi Pesquer Pesquer,Barcelona,186000
2026-09-26,Jorge Cabello Jorge Cabello,Levante,198000
2026-09-26,Jorge Cestero Cestero,Real Madrid,168000
2026-09-26,Jorge Domínguez Jorge Domínguez,Atlético,190000
2026-09-26,Jorge Herrando Herrando,Osasuna,179000
2026-09-26,Jorge Montes Montes,Getafe,187000
2026-09-26,Jorge Salinas Salinas,Racing,4767000
2026-09-26,Jorge de Frutos De Frutos,Rayo,6312000
2026-09-26,Josan Ferrández Josan,Elche,182000
2026-09-26,Joselu Pérez Joselu,Getafe,167000
2026-09-26,José Gayà Gayà,Valencia,2652000
2026-09-26,José Manuel Copete Copete,Valencia,160000
2026-09-26,José María Giménez Giménez,Deportivo,2694000
2026-09-26,José Salinas Salinas,Málaga,985000
2026-09-26,José Ángel Carmona Carmona,Sevilla,242000
2026-09-26,José Ángel López José Ángel,Espanyol,160000
2026-09-26,Jozhua Vertrouwd Vertrouwd,Rayo,194000
2026-09-26,Juan Berrocal Berrocal,Málaga,233000
2026-09-26,Juan Carlos Arana Arana,Racing,212000
2026-09-26,Juan Cruz Juan Cruz,Málaga,1621000
2026-09-26,Juan Foyth Foyth,Villarreal,4620000
2026-09-26,Juan Iglesias Iglesias,Sevilla,6607000
2026-09-26,Juan Musso Musso,Atlético,212000
2026-09-26,Juanmi Jiménez Juanmi,Getafe,160000
2026-09-26,Jude Bellingham Bellingham,Real Madrid,20075000
2026-09-26,Julen Agirrezabala Agirrezabala,Racing,5733000
2026-09-26,Julen Lobete Lobete,Málaga,205000
2026-09-26,Jules Koundé Koundé,Barcelona,6319000
2026-09-26,Julio Díaz Julio Díaz,Sevilla,165000
2026-09-26,Julián Álvarez Alvarez,Atlético,11547000
2026-09-26,Junior Firpo Junior,Betis,415000
2026-09-26,Justin de Haas De Haas,Valencia,2138000
2026-09-26,Kang-In Lee Kang-In Lee,Atlético,11592000
2026-09-26,Karim Adeyemi Adeyemi,Barcelona,12189000
2026-09-26,Karl Etta Eyong Etta Eyong,Levante,2036000
2026-09-26,Kayne van Oevelen Van Oevelen,Valencia,160000
2026-09-26,Kevin Lomónaco Lomónaco,Elche,722000
2026-09-26,Kevin Sánchez Kevin Sánchez,Deportivo,161000
2026-09-26,Kike Barja Kike Barja,Osasuna,1114000
2026-09-26,Kike García Kike García,Espanyol,198000
2026-09-26,Kike Salas Kike Salas,Sevilla,5102000
2026-09-26,Kiko Femenia Femenia,Getafe,169000
2026-09-26,Koke Resurrección Koke,Atlético,9170000
2026-09-26,Kylian Mbappé Mbappé,Real Madrid,24726000
2026-09-26,Lamine Yamal Yamal,Barcelona,23805000
2026-09-26,Lander Pinillos Pinillos,Alavés,160000
2026-09-26,Laro Gómez Laro Gómez,Racing,179000
2026-09-26,Leandro Cabrera Cabrera,Espanyol,4812000
2026-09-26,Leo Román Leo Román,Deportivo,9953000
2026-09-26,Logan Costa Logan Costa,Villarreal,160000
2026-09-26,Lorenzo Amatucci Amatucci,Deportivo,8994000
2026-09-26,Lucas Boyé Boyé,Alavés,9517000
2026-09-26,Lucas Cepeda Cepeda,Elche,2266000
2026-09-26,Lucas Noubi Noubi,Deportivo,3350000
2026-09-26,Lucas Stassin Stassin,Sevilla,5114000
2026-09-26,Lucas Torró Torró,Osasuna,425000
2026-09-26,Lucien Agoume Agoume,Sevilla,6552000
2026-09-26,Luis Rioja Rioja,Valencia,2644000
2026-09-26,Luismi Cruz Luismi,Deportivo,5228000
2026-09-26,Luiz Felipe Luiz Felipe,Rayo,210000
2026-09-26,Luiz Junior Luiz Junior,Villarreal,2940000
2026-09-26,Luka Sucic L. Sucic,Real Sociedad,6570000
2026-09-26,Luken Beitia Beitia,Real Sociedad,295000
2026-09-26,Maguette Gueye Maguette,Racing,1119000
2026-09-26,Mamadou Sarr M. Sarr,Real Sociedad,3781000
2026-09-26,Manu Bueno Manu Bueno,Sevilla,160000
2026-09-26,Manu Hernando Hernando,Racing,1791000
2026-09-26,Manu Sánchez Manu Sánchez,Levante,3560000
2026-09-26,Marash Kumbulla Kumbulla,Rayo,160000
2026-09-26,Marc Aguado Aguado,Elche,2158000
2026-09-26,Marc Bartra Bartra,Betis,6376000
2026-09-26,Marc Bernal Bernal,Barcelona,9862000
2026-09-26,Marc Casadó Casadó,Deportivo,1583000
2026-09-26,Marc Cucurella Cucurella,Real Madrid,11687000
2026-09-26,Marc Doménech Doménech,Atlético,160000
2026-09-26,Marc Pubill Pubill,Atlético,10130000
2026-09-26,Marc Roca Marc Roca,Betis,7180000
2026-09-26,Marc Santos Marc Santos,Levante,160000
2026-09-26,Marcos Alonso M. Alonso,Celta,8301000
2026-09-26,Marcos Fernández Marcos,Espanyol,1289000
2026-09-26,Marcos Llorente M. Llorente,Atlético,10423000
2026-09-26,Marcão Marcão,Sevilla,168000
2026-09-26,Mariano Díaz Mariano,Alavés,4648000
2026-09-26,Mario Martín Mario Martín,Getafe,679000
2026-09-26,Mario Soriano Mario,Deportivo,6410000
2026-09-26,Marko Dmitrovic Dmitrovic,Espanyol,9506000
2026-09-26,Maroan Sannadi Sannadi,Athletic,173000
2026-09-26,Martim Neto Martim Neto,Elche,182000
2026-09-26,Martín Satriano Satriano,Getafe,6316000
2026-09-26,Mathew Ryan Ryan,Levante,10041000
2026-09-26,Matia Barzic Barzic,Elche,168000
2026-09-26,Matteo Prati Prati,Racing,338000
2026-09-26,Matías Dituro Dituro,Elche,4818000
2026-09-26,Miguel Cubo Cubo,Atlético,170000
2026-09-26,Miguel Loureiro Loureiro,Deportivo,772000
2026-09-26,Miguel Rodríguez Miguel,Alavés,163000
2026-09-26,Miguel Román Román,Celta,5018000
2026-09-26,Miguel Sierra Sierra,Sevilla,4454000
2026-09-26,Mikel Jauregizar Jauregizar,Athletic,1835000
2026-09-26,Mikel Oyarzabal Oyarzabal,Real Sociedad,15666000
2026-09-26,Mikel Rodriguez Mikel Rodriguez,Alavés,211000
2026-09-26,Moi Gómez Moi Gómez,Osasuna,630000
2026-09-26,Morten Hjulmand Hjulmand,Atlético,8950000
2026-09-26,Mouctar Diakhaby Diakhaby,Valencia,347000
2026-09-26,Moussa Diarra Moussa,Málaga,161000
2026-09-26,Mujaid Sadick Mujaid,Rayo,642000
2026-09-26,Nacho Pérez Nacho Pérez,Levante,1245000
2026-09-26,Nahuel Tenaglia Tenaglia,Alavés,9901000
2026-09-26,Natan Natan,Betis,8010000
2026-09-26,Nathan-Dylan Saliba Saliba,Villarreal,3282000
2026-09-26,Nelson Deossa Deossa,Betis,2104000
2026-09-26,Nemanja Gudelj Gudelj,Getafe,1163000
2026-09-26,Nico Guillén Guillén,Sevilla,160000
2026-09-26,Nico Serrano Serrano,Athletic,194000
2026-09-26,Nico Williams N. Williams,Athletic,11533000
2026-09-26,Nicolas Pépé Pépé,Villarreal,14922000
2026-09-26,Nicolás Valentini Valentini,Alavés,605000
2026-09-26,Noé Carrillo Noé Carrillo,Deportivo,160000
2026-09-26,Obed Vargas Vargas,Atlético,192000
2026-09-26,Odysseas Vlachodimos Vlachodimos,Sevilla,7790000
2026-09-26,Oihan Sancet Sancet,Athletic,9055000
2026-09-26,Omar El Hilali El Hilali,Espanyol,5384000
2026-09-26,Orel Mangala Mangala,Getafe,1907000
2026-09-26,Oriol Rey Oriol Rey,Levante,1177000
2026-09-26,Orri Steinn Óskarsson Óskarsson,Real Sociedad,4574000
2026-09-26,Pablo Barrios Barrios,Atlético,10703000
2026-09-26,Pablo Campos Cuñat Campos,Levante,163000
2026-09-26,Pablo Durán Durán,Celta,908000
2026-09-26,Pablo Fornals Fornals,Betis,14155000
2026-09-26,Pablo García Pablo García,Racing,2692000
2026-09-26,Pablo Gavi Gavi,Barcelona,3766000
2026-09-26,Pablo Ibáñez Ibáñez,Alavés,5230000
2026-09-26,Pablo Maffeo Maffeo,Valencia,2187000
2026-09-26,Pablo Martínez Pablo Martínez,Málaga,533000
2026-09-26,Pablo Marín Marín,Real Sociedad,160000
2026-09-26,Pablo Ramón Pablo Ramón,Racing,2394000
2026-09-26,Paco Cortés Cortés,Levante,160000
2026-09-26,Pape Gueye Pape Gueye,Villarreal,12237000
2026-09-26,Pathé Ciss Pathé Ciss,Rayo,4225000
2026-09-26,Pau Cubarsí Cubarsí,Barcelona,16214000
2026-09-26,Pau Navarro Pau Navarro,Villarreal,1210000
2026-09-26,Pedri González Pedri,Barcelona,21706000
2026-09-26,Pedro Bigas Bigas,Elche,230000
2026-09-26,Pedro Díaz Pedro Díaz,Rayo,1089000
2026-09-26,Pedro Felipe Pedro Felipe,Racing,178000
2026-09-26,Peio Canales Canales,Athletic,1598000
2026-09-26,Pelayo Fernández Pelayo,Rayo,204000
2026-09-26,Pepelu Pepelu,Valencia,5041000
2026-09-26,Peque Peque,Sevilla,1430000
2026-09-26,Pere Milla Pere Milla,Espanyol,1468000
2026-09-26,Petar Ratkov Ratkov,Levante,1032000
2026-09-26,Pierre-Emerick Aubameyang Aubameyang,Deportivo,9091000
2026-09-26,Pol Lozano Lozano,Espanyol,162000
2026-09-26,Péter Gulácsi Gulacsi,Villarreal,1736000
2026-09-26,Quilindschy Hartman Hartman,Espanyol,1228000
2026-09-26,Rafa Garrido Rafita,Málaga,3157000
2026-09-26,Rafa Rodríguez Rafa Rodríguez,Málaga,276000
2026-09-26,Rafel Bauzà Bauzà,Espanyol,173000
2026-09-26,Ramón Enríquez Enríquez,Málaga,195000
2026-09-26,Ramón Terrats Terrats,Getafe,6119000
2026-09-26,Randy Nteka Nteka,Rayo,160000
2026-09-26,Raphinha Raphinha,Barcelona,20716000
2026-09-26,Raul Moro Raul Moro,Osasuna,1540000
2026-09-26,Rayane Belaid Rayane,Rayo,160000
2026-09-26,Raúl Asencio Asencio,Real Madrid,217000
2026-09-26,Raúl De Tomás De Tomás,Rayo,160000
2026-09-26,Raúl García Raúl García,Osasuna,1745000
2026-09-26,Renato Veiga Veiga,Villarreal,7549000
2026-09-26,Riki Rodríguez Riki,Deportivo,202000
2026-09-26,Robbie Ure Ure,Sevilla,2569000
2026-09-26,Robert Navarro Navarro,Athletic,3546000
2026-09-26,Roberto Fernández Roberto,Espanyol,10904000
2026-09-26,Robin Le Normand Le Normand,Atlético,2545000
2026-09-26,Rockson Yeboah Yeboah,Osasuna,315000
2026-09-26,Rodri Hernández Rodri,Barcelona,14731000
2026-09-26,Rodrigo Gamón Gamón,Valencia,196000
2026-09-26,Rodrigo Mendoza Mendoza,Atlético,160000
2026-09-26,Rodrigo Riquelme Riquelme,Betis,5572000
2026-09-26,Rodrygo Goes Rodrygo,Real Madrid,592000
2026-09-26,Roger Brugué Brugui,Levante,2047000
2026-09-26,Roger Hinojo Hinojo,Espanyol,2375000
2026-09-26,Romain Del Castillo Del Castillo,Osasuna,926000
2026-09-26,Roony Bardghji Bardghji,Barcelona,160000
2026-09-26,Roy Revivo Revivo,Elche,661000
2026-09-26,Rubén García Rubén G.,Osasuna,3290000
2026-09-26,Rubén López Rubén López,Deportivo,160000
2026-09-26,Rubén Sánchez Rubén Sánchez,Elche,519000
2026-09-26,Rubén Vargas Vargas,Sevilla,2054000
2026-09-26,Ryunosuke Sato Sato,Valencia,1991000
2026-09-26,Saba Sazonov Sazonov,Getafe,162000
2026-09-26,Salvi Esquivel Esquivel,Atlético,176000
2026-09-26,Samu Becerra Becerra,Rayo,160000
2026-09-26,Santi Comesaña Comesaña,Villarreal,4771000
2026-09-26,Santiago Mouriño Mouriño,Villarreal,3922000
2026-09-26,Sebastián Boselli Boselli,Getafe,187000
2026-09-26,Sebastián Cáceres Cáceres,Celta,674000
2026-09-26,Selton Sánchez Selton,Athletic,203000
2026-09-26,Sergi Canós Canós,Valencia,160000
2026-09-26,Sergi Cardona S. Cardona,Villarreal,620000
2026-09-26,Sergio Camello Camello,Rayo,9514000
2026-09-26,Sergio Canales Canales,Racing,7403000
2026-09-26,Sergio Carreira Carreira,Celta,5559000
2026-09-26,Sergio Gómez Sergio Gómez,Real Sociedad,6602000
2026-09-26,Sergio Herrera Herrera,Osasuna,6640000
2026-09-26,Sergio Martínez Sergio Martínez,Real Madrid,331000
2026-09-26,Simon Eriksson Eriksson,Racing,192000
2026-09-26,Stefan Bajcetic Bajcetic,Celta,165000
2026-09-26,Stole Dimitrievski Dimitrievski,Valencia,6981000
2026-09-26,Tajon Buchanan Buchanan,Villarreal,5274000
2026-09-26,Takefusa Kubo Kubo,Real Sociedad,7360000
2026-09-26,Tani Oluwaseyi Oluwaseyi,Villarreal,354000
2026-09-26,Taufik Seidu Taufik,Atlético,169000
2026-09-26,Tete Morente Tete Morente,Elche,1458000
2026-09-26,Thiago Fernández Thiago,Levante,1081000
2026-09-26,Thiago Pitarch Thiago,Real Madrid,200000
2026-09-26,Thibaut Courtois Courtois,Real Madrid,10103000
2026-09-26,Thomas Lemar Lemar,Elche,1481000
2026-09-26,Toni Martinez Toni Martinez,Alavés,6442000
2026-09-26,Trent Alexander-Arnold Alexander-Arnold,Real Madrid,5849000
2026-09-26,Troy Parrott Parrott,Betis,6498000
2026-09-26,Tyrhys Dolan Dolan,Espanyol,4060000
2026-09-26,Umar Sadiq Sadiq,Valencia,1394000
2026-09-26,Unai Egiluz Egiluz,Athletic,160000
2026-09-26,Unai López Unai López,Rayo,5227000
2026-09-26,Unai Marrero Marrero,Real Sociedad,480000
2026-09-26,Unai Núñez U. Núñez,Espanyol,2672000
2026-09-26,Unai Santos Unai Santos,Osasuna,247000
2026-09-26,Unai Simón Unai Simón,Athletic,9972000
2026-09-26,Urko González de Zarate Urko,Espanyol,1711000
2026-09-26,Valentin Rosier Rosier,Osasuna,547000
2026-09-26,Valentín Gómez Valentín Gómez,Betis,549000
2026-09-26,Vanja Drkusic Drkusic,Espanyol,161000
2026-09-26,Ville Koski Koski,Alavés,4195000
2026-09-26,Vinicius Junior Vinicius,Real Madrid,19848000
2026-09-26,Víctor Chust Chust,Elche,2159000
2026-09-26,Víctor García Víctor García,Levante,497000
2026-09-26,Williot Swedberg Swedberg,Celta,1643000
2026-09-26,Wojciech Szczesny Szczesny,Barcelona,303000
2026-09-26,Xanet Oláiz Oláiz,Alavés,160000
2026-09-26,Xavi Espart Espart,Barcelona,4677000
2026-09-26,Ximo Navarro Ximo,Deportivo,2523000
2026-09-26,Yago Santiago Santiago,Elche,160000
2026-09-26,Yan Diomande Y. Diomande,Real Madrid,16332000
2026-09-26,Yangel Herrera Herrera,Real Sociedad,4339000
2026-09-26,Yanis Musuayi Musuayi,Levante,160000
2026-09-26,Yassir Zabiri Zabiri,Racing,6133000
2026-09-26,Yeray Álvarez Yeray,Athletic,2600000
2026-09-26,Yeremay Hernández Yeremay,Deportivo,7246000
2026-09-26,Yoel Lago Lago,Celta,2183000
2026-09-26,Youssef Enríquez Youssef,Alavés,1746000
2026-09-26,Youssouf Fofana Fofana,Sevilla,5965000
2026-09-26,Yuri Berchiche Yuri,Athletic,5625000
2026-09-26,Zaid Romero Romero,Getafe,4751000
2026-09-26,Zakaria Eddahchouri Eddahchouri,Deportivo,1302000
2026-09-26,Álex Baena Baena,Atlético,13200000
2026-09-26,Álex Berenguer Berenguer,Athletic,5229000
2026-09-26,Álex Calatrava Calatrava,Espanyol,5091000
2026-09-26,Álex Grimaldo Grimaldo,Atlético,9877000
2026-09-26,Álex Pastor Pastor,Málaga,187000
2026-09-26,Álex Remiro Remiro,Real Sociedad,10081000
2026-09-26,Álvaro Djaló Djaló,Athletic,160000
2026-09-26,Álvaro F. Carreras A. F. Carreras,Real Madrid,3264000
2026-09-26,Álvaro Fernández Álvaro,Deportivo,185000
2026-09-26,Álvaro Fidalgo Fidalgo,Betis,181000
2026-09-26,Álvaro García Álvaro García,Rayo,8915000
2026-09-26,Álvaro Leiva Leiva,Real Madrid,181000
2026-09-26,Álvaro Mantilla Mantilla,Racing,1317000
2026-09-26,Álvaro Núñez Á. Núñez,Celta,1227000
2026-09-26,Álvaro Odriozola Odriozola,Real Sociedad,160000
2026-09-26,Álvaro Padilla Padilla,Elche,184000
2026-09-26,Álvaro Valles Valles,Betis,11134000
2026-09-26,Ángel Fortuño Fortuño,Espanyol,209000
2026-09-26,Ángel Ortiz Ortiz,Betis,210000
2026-09-26,Ángel Pérez Ángel Pérez,Alavés,7681000
2026-09-26,Éder Militão Militão,Real Madrid,1730000
2026-09-26,Íñigo Ruiz de Galarreta R. de Galarreta,Athletic,5817000
2026-09-26,Íñigo Sainz-Maza Sainz-Maza,Racing,174000
2026-09-26,Óscar López Óscar López,Getafe,162000
2026-09-26,Óscar Valentín Valentín,Rayo,1463000
2026-09-27,Aaron Ndive Mayol Mayol,Valencia,629000
2026-09-27,Aarón Martín Aarón,Racing,162000
2026-09-27,Aarón Ochoa Ochoa,Málaga,168000
2026-09-27,Abde Ezzalzouli Abde,Betis,12962000
2026-09-27,Abde Rebbach Rebbach,Alavés,1874000
2026-09-27,Abdel Abqar Abqar,Getafe,187000
2026-09-27,Abdoulaye Faye Faye,Celta,160000
2026-09-27,Abel Bretones Bretones,Osasuna,2512000
2026-09-27,Abiel Osorio Osorio,Elche,625000
2026-09-27,Adam Aznou Aznou,Málaga,195000
2026-09-27,Adam Boayar Adam Boayar,Elche,208000
2026-09-27,Adama Traoré A. Traoré,Deportivo,3133000
2026-09-27,Ademola Lookman Lookman,Atlético,10565000
2026-09-27,Adrià Altimira Altimira,Deportivo,1136000
2026-09-27,Adrià Pedrosa Pedrosa,Rayo,1450000
2026-09-27,Adrián Niño Niño,Málaga,656000
2026-09-27,Adrián Rodríguez Adrián,Alavés,160000
2026-09-27,Adrián de la Fuente De la Fuente,Levante,9590000
2026-09-27,Aihen Muñoz Aihen,Real Sociedad,192000
2026-09-27,Aimar Oroz Oroz,Osasuna,2139000
2026-09-27,Aissa Mandi Mandi,Levante,5202000
2026-09-27,Aitor Fernández Aitor,Osasuna,677000
2026-09-27,Aitor Mañas Aitor Mañas,Alavés,196000
2026-09-27,Aitor Paredes Paredes,Athletic,5201000
2026-09-27,Aitor Ruibal Ruibal,Betis,162000
2026-09-27,Alassane Diatta Diatta,Villarreal,196000
2026-09-27,Alberto Moleiro Moleiro,Villarreal,11345000
2026-09-27,Alberto Risco Risco,Getafe,160000
2026-09-27,Aleix Febas Febas,Celta,7997000
2026-09-27,Alejandro Balde Balde,Barcelona,2208000
2026-09-27,Alejandro Catena Catena,Osasuna,8328000
2026-09-27,Alejandro Iturbe Iturbe,Elche,160000
2026-09-27,Alejandro Rego Rego,Athletic,168000
2026-09-27,Aleksa Puric Puric,Atlético,163000
2026-09-27,Alemão Alemão,Rayo,991000
2026-09-27,Alex Freeman Freeman,Villarreal,1474000
2026-09-27,Alex Marchal Marchal,Real Sociedad,200000
2026-09-27,Alex Padilla Padilla,Athletic,160000
2026-09-27,Alexander Sorloth Sörloth,Atlético,4665000
2026-09-27,Alfonso González Alfon,Sevilla,268000
2026-09-27,Alfonso Herrero Herrero,Málaga,8327000
2026-09-27,Ali Houary Ali Houary,Elche,183000
2026-09-27,Aliou Dieng Dieng,Valencia,808000
2026-09-27,Altay Bayindir Bayindir,Celta,187000
2026-09-27,Ander Barrenetxea Barrenetxea,Real Sociedad,7504000
2026-09-27,Ander Guevara Guevara,Alavés,299000
2026-09-27,Andoni Gorosabel Gorosabel,Espanyol,198000
2026-09-27,Andreas Christensen A. Christensen,Barcelona,3127000
2026-09-27,Andrei Ratiu Ratiu,Rayo,7631000
2026-09-27,Andriy Lunin Lunin,Real Madrid,162000
2026-09-27,André Almeida Almeida,Racing,960000
2026-09-27,Andrés Antañón Antañón,Celta,208000
2026-09-27,Andrés Castrín Castrín,Sevilla,3784000
2026-09-27,Andrés García Andrés García,Getafe,4300000
2026-09-27,Andrés Martín Andrés Martín,Racing,3433000
2026-09-27,Angel Recio Recio,Málaga,1555000
2026-09-27,Angeliño Angeliño,Deportivo,1192000
2026-09-27,Antal Yaakobishvili Yaakobishvili,Atlético,292000
2026-09-27,Ante Budimir Budimir,Osasuna,16519000
2026-09-27,Anthony Gordon Gordon,Barcelona,15090000
2026-09-27,Antonio Blanco Blanco,Alavés,6777000
2026-09-27,Antonio Rüdiger Rüdiger,Real Madrid,5930000
2026-09-27,Antonio Sivera Sivera,Alavés,10476000
2026-09-27,Antony Antony,Betis,15034000
2026-09-27,Arda Güler Güler,Real Madrid,15459000
2026-09-27,Arkaitz Mariezkurrena Mariezkurrena,Real Sociedad,160000
2026-09-27,Arnau Comas Comas,Deportivo,202000
2026-09-27,Arnau Martínez Arnau,Valencia,2715000
2026-09-27,Arnau Ortiz Ortiz,Atlético,524000
2026-09-27,Arnaut Danjuma Danjuma,Valencia,5289000
2026-09-27,Arouna Sangante Sangante,Sevilla,530000
2026-09-27,Arsen Zakharyan Zakharyan,Real Sociedad,160000
2026-09-27,Asier Osambela Osambela,Osasuna,285000
2026-09-27,Asier Villalibre Villalibre,Racing,1826000
2026-09-27,Augusto Batalla Batalla,Rayo,2390000
2026-09-27,Aurélien Tchouaméni Tchouaméni,Real Madrid,10025000
2026-09-27,Axel Tape Tape,Levante,171000
2026-09-27,Aymeric Laporte Laporte,Athletic,10812000
2026-09-27,Ayoze Pérez Ayoze,Villarreal,5997000
2026-09-27,Bambo Diaby Bambo,Elche,188000
2026-09-27,Bernardo Silva Bernardo Silva,Real Madrid,9052000
2026-09-27,Beñat Gerenabarrena Gerenabarrena,Athletic,2061000
2026-09-27,Beñat Prados Prados,Athletic,160000
2026-09-27,Beñat Turrientes Turrientes,Real Sociedad,2312000
2026-09-27,Bil Nsongo Bil Nsongo,Deportivo,5447000
2026-09-27,Borja Iglesias Iglesias,Celta,6301000
2026-09-27,Borja Mayoral Mayoral,Getafe,475000
2026-09-27,Boyomo Boyomo,Osasuna,2929000
2026-09-27,Brahim Díaz Brahim,Real Madrid,2683000
2026-09-27,Brian Fariñas Fariñas,Barcelona,166000
2026-09-27,Bright Ede Ede,Deportivo,825000
2026-09-27,Bryan Zaragoza Bryan,Espanyol,7470000
2026-09-27,Buba Sangaré Sangaré,Elche,2534000
2026-09-27,Carl Starfelt Starfelt,Celta,3120000
2026-09-27,Carles Aleñá Aleñá,Alavés,385000
2026-09-27,Carlos Ballestero Ballestero,Alavés,160000
2026-09-27,Carlos Benavidez Protesoni,Alavés,192000
2026-09-27,Carlos Dotor Dotor,Málaga,2425000
2026-09-27,Carlos Espí Carlos Espí,Real Madrid,9157000
2026-09-27,Carlos López Carlos López,Málaga,160000
2026-09-27,Carlos Macià Carlos Macià,Villarreal,287000
2026-09-27,Carlos Puga Puga,Málaga,3098000
2026-09-27,Carlos Romero Romero,Villarreal,8024000
2026-09-27,Carlos Soler Carlos Soler,Real Sociedad,7752000
2026-09-27,Chidera Ejuke Ejuke,Sevilla,4134000
2026-09-27,Christantus Uche Uche,Getafe,1644000
2026-09-27,Chupete Chupete,Málaga,5606000
2026-09-27,Clemens Riedel Riedel,Espanyol,1196000
2026-09-27,Coke Carrillo Carrillo,Celta,160000
2026-09-27,Couhaib Driouech Driouech,Celta,315000
2026-09-27,Cristian Rivero Rivero,Valencia,160000
2026-09-27,Cristian Romero Romero,Atlético,10037000
2026-09-27,Cucho Hernández Cucho,Betis,9947000
2026-09-27,César Tárrega Tárrega,Valencia,2062000
2026-09-27,Dakonam Djené Djené,Getafe,3207000
2026-09-27,Dani Barcia Barcia,Deportivo,160000
2026-09-27,Dani Ceballos Ceballos,Betis,1535000
2026-09-27,Dani Cárdenas Cárdenas,Rayo,1300000
2026-09-27,Dani Díaz Dani Díaz,Real Sociedad,160000
2026-09-27,Dani Lorenzo Lorenzo,Málaga,4237000
2026-09-27,Dani Martínez Dani Martínez,Atlético,187000
2026-09-27,Dani Olmo Olmo,Barcelona,14913000
2026-09-27,Dani Requena Requena,Levante,160000
2026-09-27,Dani Vivian Vivian,Athletic,1153000
2026-09-27,Daniel Raba Raba,Valencia,160000
2026-09-27,Daniel Yáñez Yáñez,Real Madrid,170000
2026-09-27,David Hancko Hancko,Atlético,10010000
2026-09-27,David Larrubia Larrubia,Málaga,6963000
2026-09-27,David Mella Mella,Deportivo,489000
2026-09-27,David Otorbi Otorbi,Valencia,886000
2026-09-27,David Soria Soria,Getafe,10363000
2026-09-27,Davinchi Davinchi,Getafe,207000
2026-09-27,Dean Huijsen Huijsen,Real Madrid,10290000
2026-09-27,Denis Suárez Denis Suárez,Alavés,2219000
2026-09-27,Denzel Dumfries Dumfries,Real Madrid,7433000
2026-09-27,Diego Aguado D. Aguado,Real Madrid,160000
2026-09-27,Diego Conde Conde,Betis,206000
2026-09-27,Diego Javier Llorente D. Llorente,Betis,2240000
2026-09-27,Diego López Diego López,Valencia,160000
2026-09-27,Diego Murillo Murillo,Málaga,191000
2026-09-27,Diego Rico Diego Rico,Osasuna,165000
2026-09-27,Diego Villares Villares,Deportivo,335000
2026-09-27,Dimitri Foulquier Foulquier,Valencia,160000
2026-09-27,Dominik Livakovic Livakovic,Barcelona,652000
2026-09-27,Edu Expósito Edu Expósito,Espanyol,10211000
2026-09-27,Eduardo Camavinga Camavinga,Real Madrid,4614000
2026-09-27,Einar Galilea Galilea,Málaga,2736000
2026-09-27,Emil Audero Audero,Rayo,1344000
2026-09-27,Endrick Endrick,Real Madrid,551000
2026-09-27,Eneko Jauregi Jauregi,Málaga,193000
2026-09-27,Enes Ünal Enes Ünal,Getafe,5450000
2026-09-27,Enzo Bardelli Bardeli,Levante,1953000
2026-09-27,Eric Garcia Eric Garcia,Barcelona,14361000
2026-09-27,Ezequiel Ponce Ponce,Elche,271000
2026-09-27,Facundo Bernal Bernal,Betis,4111000
2026-09-27,Facundo Buonanotte Buonanotte,Elche,2018000
2026-09-27,Facundo Garcés Garcés,Alavés,160000
2026-09-27,Facundo González Facu González,Racing,837000
2026-09-27,Federico Redondo Redondo,Elche,243000
2026-09-27,Federico Valverde Valverde,Real Madrid,14964000
2026-09-27,Ferland Mendy Mendy,Real Madrid,165000
2026-09-27,Fermín López Fermín,Barcelona,17732000
2026-09-27,Fernando Calero Calero,Málaga,252000
2026-09-27,Fernando Niño Fer Niño,Elche,4833000
2026-09-27,Ferran Jutglà Jutglà,Celta,6848000
2026-09-27,Filip Ugrinic Ugrinic,Valencia,1415000
2026-09-27,Florian Lejeune Lejeune,Rayo,6514000
2026-09-27,Fran García Fran García,Betis,7050000
2026-09-27,Fran González Fran González,Sevilla,170000
2026-09-27,Fran Pérez Fran Pérez,Rayo,160000
2026-09-27,Francho Serrano Francho,Getafe,278000
2026-09-27,Frenkie de Jong F. de Jong,Barcelona,2524000
2026-09-27,Fábio Cardoso Cardoso,Sevilla,160000
2026-09-27,Félix Correia Félix Correia,Sevilla,1443000
2026-09-27,Gabriel Jesus Gabriel Jesús,Barcelona,5907000
2026-09-27,Gabriel Moscardo Moscardo,Espanyol,787000
2026-09-27,Gabriel Suazo Suazo,Sevilla,4601000
2026-09-27,Georges Mikautadze Mikautadze,Villarreal,13004000
2026-09-27,Georgiy Tsitaishvili Tsitaishvili,Rayo,543000
2026-09-27,Gerard Martín Martín,Barcelona,10523000
2026-09-27,Gerard Moreno Gerard,Villarreal,13817000
2026-09-27,Germán Parreño,Deportivo,188000
2026-09-27,Germán Valera Valera,Elche,7378000
2026-09-27,Giacomo Quagliata Quagliata,Deportivo,4967000
2026-09-27,Giorgi Guliashvili Guliashvili,Racing,231000
2026-09-27,Giorgi Kochorashvili Kochorashvili,Sevilla,1684000
2026-09-27,Giovani Lo Celso Lo Celso,Betis,3236000
2026-09-27,Giuliano Simeone Giuliano,Atlético,10244000
2026-09-27,Gnangoro Bouare Bouare,Rayo,532000
2026-09-27,Gonzalo Villar Villar,Elche,5115000
2026-09-27,Gonçalo Guedes Guedes,Real Sociedad,6197000
2026-09-27,Gorka Carrera Carrera,Real Sociedad,160000
2026-09-27,Gorka Guruzeta Guruzeta,Athletic,3238000
2026-09-27,Grady Diangana Diangana,Elche,160000
2026-09-27,Guido Rodríguez Guido,Valencia,7616000
2026-09-27,Haitam Abaida Haitam,Málaga,181000
2026-09-27,Hamza Abdelkarim Abdelkarim,Barcelona,1112000
2026-09-27,Harvey Elliott Elliott,Valencia,3528000
2026-09-27,Hugo Burcio Burcio,Celta,183000
2026-09-27,Hugo Duro Duro,Valencia,3370000
2026-09-27,Hugo González Hugo González,Celta,1164000
2026-09-27,Hugo Novoa Novoa,Alavés,160000
2026-09-27,Hugo Rincón Rincón,Athletic,168000
2026-09-27,Hugo Sotelo Sotelo,Levante,169000
2026-09-27,Hugo Álvarez Hugo Álvarez,Celta,682000
2026-09-27,Héctor Bellerín Bellerín,Betis,5747000
2026-09-27,Héctor Fort Fort,Real Sociedad,1273000
2026-09-27,Iago Aspas Aspas,Celta,4430000
2026-09-27,Ibrahima Konaté Konaté,Real Madrid,9829000
2026-09-27,Ifeanyi Ndukwe Ndukwe,Levante,229000
2026-09-27,Igor Zubeldia Zubeldia,Real Sociedad,2584000
2026-09-27,Iker Córdoba Córdoba,Valencia,168000
2026-09-27,Iker Losada Losada,Betis,160000
2026-09-27,Iker Luque Luque,Racing,264000
2026-09-27,Iker Muñoz Iker Muñoz,Osasuna,2584000
2026-09-27,Ilaix Moriba Moriba,Celta,4573000
2026-09-27,Ilias Akhomach Akhomach,Villarreal,791000
2026-09-27,Ionut Radu Radu,Celta,10078000
2026-09-27,Isaac Romero Romero,Sevilla,3477000
2026-09-27,Isco Alarcón Isco,Betis,10240000
2026-09-27,Isi Palazón Isi,Rayo,3231000
2026-09-27,Iván Azón Iván Azón,Getafe,1113000
2026-09-27,Iván Balliu Balliu,Rayo,365000
2026-09-27,Iván Martín Iván Martín,Racing,2186000
2026-09-27,Iván Romero Iván Romero,Levante,6244000
2026-09-27,Iván Villar Iván Villar,Celta,173000
2026-09-27,Izan Merino Merino,Málaga,1343000
2026-09-27,Iñaki Rupérez Rupérez,Real Sociedad,195000
2026-09-27,Iñaki Williams I. Williams,Athletic,5915000
2026-09-27,Iñigo Arguibide Arguibide,Osasuna,1550000
2026-09-27,Iñigo Vicente Iñigo Vicente,Racing,9940000
2026-09-27,Jairo Noriega Noriega,Deportivo,203000
2026-09-27,Jan Oblak Oblak,Atlético,10141000
2026-09-27,Javi Galán Galán,Celta,2599000
2026-09-27,Javi Guerra Javi Guerra,Valencia,5339000
2026-09-27,Javi Morcillo Morcillo,Elche,704000
2026-09-27,Javi Puado Puado,Espanyol,500000
2026-09-27,Javi Rodríguez Javi Rodríguez,Celta,1470000
2026-09-27,Javi Rueda Rueda,Celta,3305000
2026-09-27,Jean Ives Valou Valou,Getafe,160000
2026-09-27,Jeanuël Belocian Belocian,Racing,1718000
2026-09-27,Jens Cajuste Cajuste,Málaga,167000
2026-09-27,Jeremy Toljan Toljan,Levante,1283000
2026-09-27,Jesse Bisiwu Bisiwu,Barcelona,185000
2026-09-27,Jesús Areso Areso,Athletic,2316000
2026-09-27,Jesús Vázquez Jesús Vázquez,Valencia,608000
2026-09-27,Jiri Letácek Letácek,Getafe,164000
2026-09-27,Joan Garcia Joan Garcia,Barcelona,14957000
2026-09-27,Joao Cancelo Cancelo,Barcelona,11487000
2026-09-27,Joaquín Muñoz Joaquín,Málaga,1471000
2026-09-27,Job Ochieng Ochieng,Real Sociedad,1035000
2026-09-27,Jofre Carreras Jofre,Espanyol,197000
2026-09-27,Johan Mojica Mojica,Getafe,5157000
2026-09-27,Johaneko Louis-Jean Johaneko,Athletic,939000
2026-09-27,Johnny Cardoso Cardoso,Atlético,902000
2026-09-27,Jon Ander Olasagasti Olasagasti,Levante,5410000
2026-09-27,Jon Aramburu Aramburu,Real Sociedad,6615000
2026-09-27,Jon Gorrotxategi Gorrotxategi,Real Sociedad,370000
2026-09-27,Jon Guridi Guridi,Sevilla,3169000
2026-09-27,Jon Martín Jon Martín,Real Sociedad,5442000
2026-09-27,Jon Moncayola Moncayola,Osasuna,3050000
2026-09-27,Jon Pacheco Pacheco,Real Sociedad,160000
2026-09-27,Jonathan Asp Jensen Asp Jensen,Deportivo,255000
2026-09-27,Jonathan David Jonathan David,Atlético,7837000
2026-09-27,Jonathan Dubasin Dubasin,Osasuna,1130000
2026-09-27,Jones El-Abdellaoui El-Abdellaoui,Celta,191000
2026-09-27,Jonny Castro Jonny,Alavés,4944000
2026-09-27,Jordi Pesquer Pesquer,Barcelona,186000
2026-09-27,Jorge Cabello Jorge Cabello,Levante,198000
2026-09-27,Jorge Cestero Cestero,Real Madrid,168000
2026-09-27,Jorge Domínguez Jorge Domínguez,Atlético,190000
2026-09-27,Jorge Herrando Herrando,Osasuna,179000
2026-09-27,Jorge Montes Montes,Getafe,187000
2026-09-27,Jorge Salinas Salinas,Racing,4767000
2026-09-27,Jorge de Frutos De Frutos,Rayo,6312000
2026-09-27,Josan Ferrández Josan,Elche,182000
2026-09-27,Joselu Pérez Joselu,Getafe,167000
2026-09-27,José Gayà Gayà,Valencia,2652000
2026-09-27,José Manuel Copete Copete,Valencia,160000
2026-09-27,José María Giménez Giménez,Deportivo,2694000
2026-09-27,José Salinas Salinas,Málaga,985000
2026-09-27,José Ángel Carmona Carmona,Sevilla,242000
2026-09-27,José Ángel López José Ángel,Espanyol,160000
2026-09-27,Jozhua Vertrouwd Vertrouwd,Rayo,194000
2026-09-27,Juan Berrocal Berrocal,Málaga,233000
2026-09-27,Juan Carlos Arana Arana,Racing,212000
2026-09-27,Juan Cruz Juan Cruz,Málaga,1621000
2026-09-27,Juan Foyth Foyth,Villarreal,4620000
2026-09-27,Juan Iglesias Iglesias,Sevilla,6607000
2026-09-27,Juan Musso Musso,Atlético,212000
2026-09-27,Juanmi Jiménez Juanmi,Getafe,160000
2026-09-27,Jude Bellingham Bellingham,Real Madrid,20075000
2026-09-27,Julen Agirrezabala Agirrezabala,Racing,5733000
2026-09-27,Julen Lobete Lobete,Málaga,205000
2026-09-27,Jules Koundé Koundé,Barcelona,6319000
2026-09-27,Julio Díaz Julio Díaz,Sevilla,165000
2026-09-27,Julián Álvarez Alvarez,Atlético,11547000
2026-09-27,Junior Firpo Junior,Betis,415000
2026-09-27,Justin de Haas De Haas,Valencia,2138000
2026-09-27,Kang-In Lee Kang-In Lee,Atlético,11592000
2026-09-27,Karim Adeyemi Adeyemi,Barcelona,12189000
2026-09-27,Karl Etta Eyong Etta Eyong,Levante,2036000
2026-09-27,Kayne van Oevelen Van Oevelen,Valencia,160000
2026-09-27,Kevin Lomónaco Lomónaco,Elche,722000
2026-09-27,Kevin Sánchez Kevin Sánchez,Deportivo,161000
2026-09-27,Kike Barja Kike Barja,Osasuna,1114000
2026-09-27,Kike García Kike García,Espanyol,198000
2026-09-27,Kike Salas Kike Salas,Sevilla,5102000
2026-09-27,Kiko Femenia Femenia,Getafe,169000
2026-09-27,Koke Resurrección Koke,Atlético,9170000
2026-09-27,Kylian Mbappé Mbappé,Real Madrid,24726000
2026-09-27,Lamine Yamal Yamal,Barcelona,23805000
2026-09-27,Lander Pinillos Pinillos,Alavés,160000
2026-09-27,Laro Gómez Laro Gómez,Racing,179000
2026-09-27,Leandro Cabrera Cabrera,Espanyol,4812000
2026-09-27,Leo Román Leo Román,Deportivo,9953000
2026-09-27,Logan Costa Logan Costa,Villarreal,160000
2026-09-27,Lorenzo Amatucci Amatucci,Deportivo,8994000
2026-09-27,Lucas Boyé Boyé,Alavés,9517000
2026-09-27,Lucas Cepeda Cepeda,Elche,2266000
2026-09-27,Lucas Noubi Noubi,Deportivo,3350000
2026-09-27,Lucas Stassin Stassin,Sevilla,5114000
2026-09-27,Lucas Torró Torró,Osasuna,425000
2026-09-27,Lucien Agoume Agoume,Sevilla,6552000
2026-09-27,Luis Rioja Rioja,Valencia,2644000
2026-09-27,Luismi Cruz Luismi,Deportivo,5228000
2026-09-27,Luiz Felipe Luiz Felipe,Rayo,210000
2026-09-27,Luiz Junior Luiz Junior,Villarreal,2940000
2026-09-27,Luka Sucic L. Sucic,Real Sociedad,6570000
2026-09-27,Luken Beitia Beitia,Real Sociedad,295000
2026-09-27,Maguette Gueye Maguette,Racing,1119000
2026-09-27,Mamadou Sarr M. Sarr,Real Sociedad,3781000
2026-09-27,Manu Bueno Manu Bueno,Sevilla,160000
2026-09-27,Manu Hernando Hernando,Racing,1791000
2026-09-27,Manu Sánchez Manu Sánchez,Levante,3560000
2026-09-27,Marash Kumbulla Kumbulla,Rayo,160000
2026-09-27,Marc Aguado Aguado,Elche,2158000
2026-09-27,Marc Bartra Bartra,Betis,6376000
2026-09-27,Marc Bernal Bernal,Barcelona,9862000
2026-09-27,Marc Casadó Casadó,Deportivo,1583000
2026-09-27,Marc Cucurella Cucurella,Real Madrid,11687000
2026-09-27,Marc Doménech Doménech,Atlético,160000
2026-09-27,Marc Pubill Pubill,Atlético,10130000
2026-09-27,Marc Roca Marc Roca,Betis,7180000
2026-09-27,Marc Santos Marc Santos,Levante,160000
2026-09-27,Marcos Alonso M. Alonso,Celta,8301000
2026-09-27,Marcos Fernández Marcos,Espanyol,1289000
2026-09-27,Marcos Llorente M. Llorente,Atlético,10423000
2026-09-27,Marcão Marcão,Sevilla,168000
2026-09-27,Mariano Díaz Mariano,Alavés,4648000
2026-09-27,Mario Martín Mario Martín,Getafe,679000
2026-09-27,Mario Soriano Mario,Deportivo,6410000
2026-09-27,Marko Dmitrovic Dmitrovic,Espanyol,9506000
2026-09-27,Maroan Sannadi Sannadi,Athletic,173000
2026-09-27,Martim Neto Martim Neto,Elche,182000
2026-09-27,Martín Satriano Satriano,Getafe,6316000
2026-09-27,Mathew Ryan Ryan,Levante,10041000
2026-09-27,Matia Barzic Barzic,Elche,168000
2026-09-27,Matteo Prati Prati,Racing,338000
2026-09-27,Matías Dituro Dituro,Elche,4818000
2026-09-27,Miguel Cubo Cubo,Atlético,170000
2026-09-27,Miguel Loureiro Loureiro,Deportivo,772000
2026-09-27,Miguel Rodríguez Miguel,Alavés,163000
2026-09-27,Miguel Román Román,Celta,5018000
2026-09-27,Miguel Sierra Sierra,Sevilla,4454000
2026-09-27,Mikel Jauregizar Jauregizar,Athletic,1835000
2026-09-27,Mikel Oyarzabal Oyarzabal,Real Sociedad,15666000
2026-09-27,Mikel Rodriguez Mikel Rodriguez,Alavés,211000
2026-09-27,Moi Gómez Moi Gómez,Osasuna,630000
2026-09-27,Morten Hjulmand Hjulmand,Atlético,8950000
2026-09-27,Mouctar Diakhaby Diakhaby,Valencia,347000
2026-09-27,Moussa Diarra Moussa,Málaga,161000
2026-09-27,Mujaid Sadick Mujaid,Rayo,642000
2026-09-27,Nacho Pérez Nacho Pérez,Levante,1245000
2026-09-27,Nahuel Tenaglia Tenaglia,Alavés,9901000
2026-09-27,Natan Natan,Betis,8010000
2026-09-27,Nathan-Dylan Saliba Saliba,Villarreal,3282000
2026-09-27,Nelson Deossa Deossa,Betis,2104000
2026-09-27,Nemanja Gudelj Gudelj,Getafe,1163000
2026-09-27,Nico Guillén Guillén,Sevilla,160000
2026-09-27,Nico Serrano Serrano,Athletic,194000
2026-09-27,Nico Williams N. Williams,Athletic,11533000
2026-09-27,Nicolas Pépé Pépé,Villarreal,14922000
2026-09-27,Nicolás Valentini Valentini,Alavés,605000
2026-09-27,Noé Carrillo Noé Carrillo,Deportivo,160000
2026-09-27,Obed Vargas Vargas,Atlético,192000
2026-09-27,Odysseas Vlachodimos Vlachodimos,Sevilla,7790000
2026-09-27,Oihan Sancet Sancet,Athletic,9055000
2026-09-27,Omar El Hilali El Hilali,Espanyol,5384000
2026-09-27,Orel Mangala Mangala,Getafe,1907000
2026-09-27,Oriol Rey Oriol Rey,Levante,1177000
2026-09-27,Orri Steinn Óskarsson Óskarsson,Real Sociedad,4574000
2026-09-27,Pablo Barrios Barrios,Atlético,10703000
2026-09-27,Pablo Campos Cuñat Campos,Levante,163000
2026-09-27,Pablo Durán Durán,Celta,908000
2026-09-27,Pablo Fornals Fornals,Betis,14155000
2026-09-27,Pablo García Pablo García,Racing,2692000
2026-09-27,Pablo Gavi Gavi,Barcelona,3766000
2026-09-27,Pablo Ibáñez Ibáñez,Alavés,5230000
2026-09-27,Pablo Maffeo Maffeo,Valencia,2187000
2026-09-27,Pablo Martínez Pablo Martínez,Málaga,533000
2026-09-27,Pablo Marín Marín,Real Sociedad,160000
2026-09-27,Pablo Ramón Pablo Ramón,Racing,2394000
2026-09-27,Paco Cortés Cortés,Levante,160000
2026-09-27,Pape Gueye Pape Gueye,Villarreal,12237000
2026-09-27,Pathé Ciss Pathé Ciss,Rayo,4225000
2026-09-27,Pau Cubarsí Cubarsí,Barcelona,16214000
2026-09-27,Pau Navarro Pau Navarro,Villarreal,1210000
2026-09-27,Pedri González Pedri,Barcelona,21706000
2026-09-27,Pedro Bigas Bigas,Elche,230000
2026-09-27,Pedro Díaz Pedro Díaz,Rayo,1089000
2026-09-27,Pedro Felipe Pedro Felipe,Racing,178000
2026-09-27,Peio Canales Canales,Athletic,1598000
2026-09-27,Pelayo Fernández Pelayo,Rayo,204000
2026-09-27,Pepelu Pepelu,Valencia,5041000
2026-09-27,Peque Peque,Sevilla,1430000
2026-09-27,Pere Milla Pere Milla,Espanyol,1468000
2026-09-27,Petar Ratkov Ratkov,Levante,1032000
2026-09-27,Pierre-Emerick Aubameyang Aubameyang,Deportivo,9091000
2026-09-27,Pol Lozano Lozano,Espanyol,162000
2026-09-27,Péter Gulácsi Gulacsi,Villarreal,1736000
2026-09-27,Quilindschy Hartman Hartman,Espanyol,1228000
2026-09-27,Rafa Garrido Rafita,Málaga,3157000
2026-09-27,Rafa Rodríguez Rafa Rodríguez,Málaga,276000
2026-09-27,Rafel Bauzà Bauzà,Espanyol,173000
2026-09-27,Ramón Enríquez Enríquez,Málaga,195000
2026-09-27,Ramón Terrats Terrats,Getafe,6119000
2026-09-27,Randy Nteka Nteka,Rayo,160000
2026-09-27,Raphinha Raphinha,Barcelona,20716000
2026-09-27,Raul Moro Raul Moro,Osasuna,1540000
2026-09-27,Rayane Belaid Rayane,Rayo,160000
2026-09-27,Raúl Asencio Asencio,Real Madrid,217000
2026-09-27,Raúl De Tomás De Tomás,Rayo,160000
2026-09-27,Raúl García Raúl García,Osasuna,1745000
2026-09-27,Renato Veiga Veiga,Villarreal,7549000
2026-09-27,Riki Rodríguez Riki,Deportivo,202000
2026-09-27,Robbie Ure Ure,Sevilla,2569000
2026-09-27,Robert Navarro Navarro,Athletic,3546000
2026-09-27,Roberto Fernández Roberto,Espanyol,10904000
2026-09-27,Robin Le Normand Le Normand,Atlético,2545000
2026-09-27,Rockson Yeboah Yeboah,Osasuna,315000
2026-09-27,Rodri Hernández Rodri,Barcelona,14731000
2026-09-27,Rodrigo Gamón Gamón,Valencia,196000
2026-09-27,Rodrigo Mendoza Mendoza,Atlético,160000
2026-09-27,Rodrigo Riquelme Riquelme,Betis,5572000
2026-09-27,Rodrygo Goes Rodrygo,Real Madrid,592000
2026-09-27,Roger Brugué Brugui,Levante,2047000
2026-09-27,Roger Hinojo Hinojo,Espanyol,2375000
2026-09-27,Romain Del Castillo Del Castillo,Osasuna,926000
2026-09-27,Roony Bardghji Bardghji,Barcelona,160000
2026-09-27,Roy Revivo Revivo,Elche,661000
2026-09-27,Rubén García Rubén G.,Osasuna,3290000
2026-09-27,Rubén López Rubén López,Deportivo,160000
2026-09-27,Rubén Sánchez Rubén Sánchez,Elche,519000
2026-09-27,Rubén Vargas Vargas,Sevilla,2054000
2026-09-27,Ryunosuke Sato Sato,Valencia,1991000
2026-09-27,Saba Sazonov Sazonov,Getafe,162000
2026-09-27,Salvi Esquivel Esquivel,Atlético,176000
2026-09-27,Samu Becerra Becerra,Rayo,160000
2026-09-27,Santi Comesaña Comesaña,Villarreal,4771000
2026-09-27,Santiago Mouriño Mouriño,Villarreal,3922000
2026-09-27,Sebastián Boselli Boselli,Getafe,187000
2026-09-27,Sebastián Cáceres Cáceres,Celta,674000
2026-09-27,Selton Sánchez Selton,Athletic,203000
2026-09-27,Sergi Canós Canós,Valencia,160000
2026-09-27,Sergi Cardona S. Cardona,Villarreal,620000
2026-09-27,Sergio Camello Camello,Rayo,9514000
2026-09-27,Sergio Canales Canales,Racing,7403000
2026-09-27,Sergio Carreira Carreira,Celta,5559000
2026-09-27,Sergio Gómez Sergio Gómez,Real Sociedad,6602000
2026-09-27,Sergio Herrera Herrera,Osasuna,6640000
2026-09-27,Sergio Martínez Sergio Martínez,Real Madrid,331000
2026-09-27,Simon Eriksson Eriksson,Racing,192000
2026-09-27,Stefan Bajcetic Bajcetic,Celta,165000
2026-09-27,Stole Dimitrievski Dimitrievski,Valencia,6981000
2026-09-27,Tajon Buchanan Buchanan,Villarreal,5274000
2026-09-27,Takefusa Kubo Kubo,Real Sociedad,7360000
2026-09-27,Tani Oluwaseyi Oluwaseyi,Villarreal,354000
2026-09-27,Taufik Seidu Taufik,Atlético,169000
2026-09-27,Tete Morente Tete Morente,Elche,1458000
2026-09-27,Thiago Fernández Thiago,Levante,1081000
2026-09-27,Thiago Pitarch Thiago,Real Madrid,200000
2026-09-27,Thibaut Courtois Courtois,Real Madrid,10103000
2026-09-27,Thomas Lemar Lemar,Elche,1481000
2026-09-27,Toni Martinez Toni Martinez,Alavés,6442000
2026-09-27,Trent Alexander-Arnold Alexander-Arnold,Real Madrid,5849000
2026-09-27,Troy Parrott Parrott,Betis,6498000
2026-09-27,Tyrhys Dolan Dolan,Espanyol,4060000
2026-09-27,Umar Sadiq Sadiq,Valencia,1394000
2026-09-27,Unai Egiluz Egiluz,Athletic,160000
2026-09-27,Unai López Unai López,Rayo,5227000
2026-09-27,Unai Marrero Marrero,Real Sociedad,480000
2026-09-27,Unai Núñez U. Núñez,Espanyol,2672000
2026-09-27,Unai Santos Unai Santos,Osasuna,247000
2026-09-27,Unai Simón Unai Simón,Athletic,9972000
2026-09-27,Urko González de Zarate Urko,Espanyol,1711000
2026-09-27,Valentin Rosier Rosier,Osasuna,547000
2026-09-27,Valentín Gómez Valentín Gómez,Betis,549000
2026-09-27,Vanja Drkusic Drkusic,Espanyol,161000
2026-09-27,Ville Koski Koski,Alavés,4195000
2026-09-27,Vinicius Junior Vinicius,Real Madrid,19848000
2026-09-27,Víctor Chust Chust,Elche,2159000
2026-09-27,Víctor García Víctor García,Levante,497000
2026-09-27,Williot Swedberg Swedberg,Celta,1643000
2026-09-27,Wojciech Szczesny Szczesny,Barcelona,303000
2026-09-27,Xanet Oláiz Oláiz,Alavés,160000
2026-09-27,Xavi Espart Espart,Barcelona,4677000
2026-09-27,Ximo Navarro Ximo,Deportivo,2523000
2026-09-27,Yago Santiago Santiago,Elche,160000
2026-09-27,Yan Diomande Y. Diomande,Real Madrid,16332000
2026-09-27,Yangel Herrera Herrera,Real Sociedad,4339000
2026-09-27,Yanis Musuayi Musuayi,Levante,160000
2026-09-27,Yassir Zabiri Zabiri,Racing,6133000
2026-09-27,Yeray Álvarez Yeray,Athletic,2600000
2026-09-27,Yeremay Hernández Yeremay,Deportivo,7246000
2026-09-27,Yoel Lago Lago,Celta,2183000
2026-09-27,Youssef Enríquez Youssef,Alavés,1746000
2026-09-27,Youssouf Fofana Fofana,Sevilla,5965000
2026-09-27,Yuri Berchiche Yuri,Athletic,5625000
2026-09-27,Zaid Romero Romero,Getafe,4751000
2026-09-27,Zakaria Eddahchouri Eddahchouri,Deportivo,1302000
2026-09-27,Álex Baena Baena,Atlético,13200000
2026-09-27,Álex Berenguer Berenguer,Athletic,5229000
2026-09-27,Álex Calatrava Calatrava,Espanyol,5091000
2026-09-27,Álex Grimaldo Grimaldo,Atlético,9877000
2026-09-27,Álex Pastor Pastor,Málaga,187000
2026-09-27,Álex Remiro Remiro,Real Sociedad,10081000
2026-09-27,Álvaro Djaló Djaló,Athletic,160000
2026-09-27,Álvaro F. Carreras A. F. Carreras,Real Madrid,3264000
2026-09-27,Álvaro Fernández Álvaro,Deportivo,185000
2026-09-27,Álvaro Fidalgo Fidalgo,Betis,181000
2026-09-27,Álvaro García Álvaro García,Rayo,8915000
2026-09-27,Álvaro Leiva Leiva,Real Madrid,181000
2026-09-27,Álvaro Mantilla Mantilla,Racing,1317000
2026-09-27,Álvaro Núñez Á. Núñez,Celta,1227000
2026-09-27,Álvaro Odriozola Odriozola,Real Sociedad,160000
2026-09-27,Álvaro Padilla Padilla,Elche,184000
2026-09-27,Álvaro Valles Valles,Betis,11134000
2026-09-27,Ángel Fortuño Fortuño,Espanyol,209000
2026-09-27,Ángel Ortiz Ortiz,Betis,210000
2026-09-27,Ángel Pérez Ángel Pérez,Alavés,7681000
2026-09-27,Éder Militão Militão,Real Madrid,1730000
2026-09-27,Íñigo Ruiz de Galarreta R. de Galarreta,Athletic,5817000
2026-09-27,Íñigo Sainz-Maza Sainz-Maza,Racing,174000
2026-09-27,Óscar López Óscar López,Getafe,162000
2026-09-27,Óscar Valentín Valentín,Rayo,1463000
2026-09-28,Aaron Ndive Mayol Mayol,Valencia,743000
2026-09-28,Aarón Martín Aarón,Racing,166000
2026-09-28,Aarón Ochoa Ochoa,Málaga,172000
2026-09-28,Abde Ezzalzouli Abde,Betis,13150000
2026-09-28,Abde Rebbach Rebbach,Alavés,1798000
2026-09-28,Abdel Abqar Abqar,Getafe,160000
2026-09-28,Abdoulaye Faye Faye,Celta,207000
2026-09-28,Abel Bretones Bretones,Osasuna,2316000
2026-09-28,Abiel Osorio Osorio,Elche,699000
2026-09-28,Adam Aznou Aznou,Málaga,160000
2026-09-28,Adam Boayar Adam Boayar,Elche,167000
2026-09-28,Adama Traoré A. Traoré,Deportivo,3331000
2026-09-28,Ademola Lookman Lookman,Atlético,10373000
2026-09-28,Adrià Altimira Altimira,Deportivo,1032000
2026-09-28,Adrià Pedrosa Pedrosa,Rayo,1576000
2026-09-28,Adrián Niño Niño,Málaga,720000
2026-09-28,Adrián Rodríguez Adrián,Alavés,161000
2026-09-28,Adrián de la Fuente De la Fuente,Levante,9825000
2026-09-28,Aihen Muñoz Aihen,Real Sociedad,201000
2026-09-28,Aimar Oroz Oroz,Osasuna,2006000
2026-09-28,Aissa Mandi Mandi,Levante,5017000
2026-09-28,Aitor Fernández Aitor,Osasuna,796000
2026-09-28,Aitor Mañas Aitor Mañas,Alavés,160000
2026-09-28,Aitor Paredes Paredes,Athletic,5394000
2026-09-28,Aitor Ruibal Ruibal,Betis,195000
2026-09-28,Alassane Diatta Diatta,Villarreal,188000
2026-09-28,Alberto Moleiro Moleiro,Villarreal,11507000
2026-09-28,Alberto Risco Risco,Getafe,160000
2026-09-28,Aleix Febas Febas,Celta,7642000
2026-09-28,Alejandro Balde Balde,Barcelona,2059000
2026-09-28,Alejandro Catena Catena,Osasuna,8025000
2026-09-28,Alejandro Iturbe Iturbe,Elche,171000
2026-09-28,Alejandro Rego Rego,Athletic,160000
2026-09-28,Aleksa Puric Puric,Atlético,163000
2026-09-28,Alemão Alemão,Rayo,904000
2026-09-28,Alex Freeman Freeman,Villarreal,1594000
2026-09-28,Alex Marchal Marchal,Real Sociedad,160000
2026-09-28,Alex Padilla Padilla,Athletic,160000
2026-09-28,Alexander Sorloth Sörloth,Atlético,4427000
2026-09-28,Alfonso González Alfon,Sevilla,240000
2026-09-28,Alfonso Herrero Herrero,Málaga,8637000
2026-09-28,Ali Houary Ali Houary,Elche,160000
2026-09-28,Aliou Dieng Dieng,Valencia,676000
2026-09-28,Altay Bayindir Bayindir,Celta,210000
2026-09-28,Ander Barrenetxea Barrenetxea,Real Sociedad,7775000
2026-09-28,Ander Guevara Guevara,Alavés,347000
2026-09-28,Andoni Gorosabel Gorosabel,Espanyol,160000
2026-09-28,Andreas Christensen A. Christensen,Barcelona,3061000
2026-09-28,Andrei Ratiu Ratiu,Rayo,7851000
2026-09-28,Andriy Lunin Lunin,Real Madrid,164000
2026-09-28,André Almeida Almeida,Racing,1035000
2026-09-28,Andrés Antañón Antañón,Celta,201000
2026-09-28,Andrés Castrín Castrín,Sevilla,4072000
2026-09-28,Andrés García Andrés García,Getafe,4005000
2026-09-28,Andrés Martín Andrés Martín,Racing,3246000
2026-09-28,Angel Recio Recio,Málaga,1648000
2026-09-28,Angeliño Angeliño,Deportivo,1105000
2026-09-28,Antal Yaakobishvili Yaakobishvili,Atlético,292000
2026-09-28,Ante Budimir Budimir,Osasuna,16560000
2026-09-28,Anthony Gordon Gordon,Barcelona,14978000
2026-09-28,Antonio Blanco Blanco,Alavés,6507000
2026-09-28,Antonio Rüdiger Rüdiger,Real Madrid,6149000
2026-09-28,Antonio Sivera Sivera,Alavés,10548000
2026-09-28,Antony Antony,Betis,14964000
2026-09-28,Arda Güler Güler,Real Madrid,15531000
2026-09-28,Arkaitz Mariezkurrena Mariezkurrena,Real Sociedad,160000
2026-09-28,Arnau Comas Comas,Deportivo,160000
2026-09-28,Arnau Martínez Arnau,Valencia,2485000
2026-09-28,Arnau Ortiz Ortiz,Atlético,539000
2026-09-28,Arnaut Danjuma Danjuma,Valencia,5443000
2026-09-28,Arouna Sangante Sangante,Sevilla,408000
2026-09-28,Arsen Zakharyan Zakharyan,Real Sociedad,178000
2026-09-28,Asier Osambela Osambela,Osasuna,316000
2026-09-28,Asier Villalibre Villalibre,Racing,1681000
2026-09-28,Augusto Batalla Batalla,Rayo,2161000
2026-09-28,Aurélien Tchouaméni Tchouaméni,Real Madrid,9897000
2026-09-28,Axel Tape Tape,Levante,160000
2026-09-28,Aymeric Laporte Laporte,Athletic,10890000
2026-09-28,Ayoze Pérez Ayoze,Villarreal,6199000
2026-09-28,Bambo Diaby Bambo,Elche,160000
2026-09-28,Bernardo Silva Bernardo Silva,Real Madrid,9260000
2026-09-28,Beñat Gerenabarrena Gerenabarrena,Athletic,2168000
2026-09-28,Beñat Prados Prados,Athletic,160000
2026-09-28,Beñat Turrientes Turrientes,Real Sociedad,2109000
2026-09-28,Bil Nsongo Bil Nsongo,Deportivo,5621000
2026-09-28,Borja Iglesias Iglesias,Celta,6194000
2026-09-28,Borja Mayoral Mayoral,Getafe,342000
2026-09-28,Boyomo Boyomo,Osasuna,2669000
2026-09-28,Brahim Díaz Brahim,Real Madrid,2489000
2026-09-28,Brian Fariñas Fariñas,Barcelona,191000
2026-09-28,Bright Ede Ede,Deportivo,737000
2026-09-28,Bryan Zaragoza Bryan,Espanyol,7185000
2026-09-28,Buba Sangaré Sangaré,Elche,2669000
2026-09-28,Carl Starfelt Starfelt,Celta,3201000
2026-09-28,Carles Aleñá Aleñá,Alavés,287000
2026-09-28,Carlos Ballestero Ballestero,Alavés,160000
2026-09-28,Carlos Benavidez Protesoni,Alavés,160000
2026-09-28,Carlos Dotor Dotor,Málaga,2580000
2026-09-28,Carlos Espí Carlos Espí,Real Madrid,9426000
2026-09-28,Carlos López Carlos López,Málaga,160000
2026-09-28,Carlos Macià Carlos Macià,Villarreal,303000
2026-09-28,Carlos Puga Puga,Málaga,2920000
2026-09-28,Carlos Romero Romero,Villarreal,7702000
2026-09-28,Carlos Soler Carlos Soler,Real Sociedad,8009000
2026-09-28,Chidera Ejuke Ejuke,Sevilla,4392000
2026-09-28,Christantus Uche Uche,Getafe,1486000
2026-09-28,Chupete Chupete,Málaga,5388000
2026-09-28,Clemens Riedel Riedel,Espanyol,1109000
2026-09-28,Coke Carrillo Carrillo,Celta,160000
2026-09-28,Couhaib Driouech Driouech,Celta,224000
2026-09-28,Cristian Rivero Rivero,Valencia,160000
2026-09-28,Cristian Romero Romero,Atlético,10187000
2026-09-28,Cucho Hernández Cucho,Betis,10154000
2026-09-28,César Tárrega Tárrega,Valencia,1880000
2026-09-28,Dakonam Djené Djené,Getafe,3428000
2026-09-28,Dani Barcia Barcia,Deportivo,160000
2026-09-28,Dani Ceballos Ceballos,Betis,1655000
2026-09-28,Dani Cárdenas Cárdenas,Rayo,1184000
2026-09-28,Dani Díaz Dani Díaz,Real Sociedad,160000
2026-09-28,Dani Lorenzo Lorenzo,Málaga,3969000
2026-09-28,Dani Martínez Dani Martínez,Atlético,194000
2026-09-28,Dani Olmo Olmo,Barcelona,15060000
2026-09-28,Dani Requena Requena,Levante,193000
2026-09-28,Dani Vivian Vivian,Athletic,1110000
2026-09-28,Daniel Raba Raba,Valencia,207000
2026-09-28,Daniel Yáñez Yáñez,Real Madrid,170000
2026-09-28,David Hancko Hancko,Atlético,10061000
2026-09-28,David Larrubia Larrubia,Málaga,7045000
2026-09-28,David Mella Mella,Deportivo,441000
2026-09-28,David Otorbi Otorbi,Valencia,1027000
2026-09-28,David Soria Soria,Getafe,10433000
2026-09-28,Davinchi Davinchi,Getafe,200000
2026-09-28,Dean Huijsen Huijsen,Real Madrid,10076000
2026-09-28,Denis Suárez Denis Suárez,Alavés,2179000
2026-09-28,Denzel Dumfries Dumfries,Real Madrid,7209000
2026-09-28,Diego Aguado D. Aguado,Real Madrid,160000
2026-09-28,Diego Conde Conde,Betis,207000
2026-09-28,Diego Javier Llorente D. Llorente,Betis,2070000
2026-09-28,Diego López Diego López,Valencia,202000
2026-09-28,Diego Murillo Murillo,Málaga,160000
2026-09-28,Diego Rico Diego Rico,Osasuna,160000
2026-09-28,Diego Villares Villares,Deportivo,421000
2026-09-28,Dimitri Foulquier Foulquier,Valencia,160000
2026-09-28,Dominik Livakovic Livakovic,Barcelona,747000
2026-09-28,Edu Expósito Edu Expósito,Espanyol,10258000
2026-09-28,Eduardo Camavinga Camavinga,Real Madrid,4387000
2026-09-28,Einar Galilea Galilea,Málaga,2528000
2026-09-28,Emil Audero Audero,Rayo,1434000
2026-09-28,Endrick Endrick,Real Madrid,523000
2026-09-28,Eneko Jauregi Jauregi,Málaga,198000
2026-09-28,Enes Ünal Enes Ünal,Getafe,5451000
2026-09-28,Enzo Bardelli Bardeli,Levante,2002000
2026-09-28,Eric Garcia Eric Garcia,Barcelona,14242000
2026-09-28,Ezequiel Ponce Ponce,Elche,160000
2026-09-28,Facundo Bernal Bernal,Betis,3805000
2026-09-28,Facundo Buonanotte Buonanotte,Elche,1876000
2026-09-28,Facundo Garcés Garcés,Alavés,177000
2026-09-28,Facundo González Facu González,Racing,692000
2026-09-28,Federico Redondo Redondo,Elche,160000
2026-09-28,Federico Valverde Valverde,Real Madrid,14749000
2026-09-28,Ferland Mendy Mendy,Real Madrid,160000
2026-09-28,Fermín López Fermín,Barcelona,17770000
2026-09-28,Fernando Calero Calero,Málaga,271000
2026-09-28,Fernando Niño Fer Niño,Elche,5173000
2026-09-28,Ferran Jutglà Jutglà,Celta,6926000
2026-09-28,Filip Ugrinic Ugrinic,Valencia,1327000
2026-09-28,Florian Lejeune Lejeune,Rayo,6294000
2026-09-28,Fran García Fran García,Betis,7198000
2026-09-28,Fran González Fran González,Sevilla,160000
2026-09-28,Fran Pérez Fran Pérez,Rayo,186000
2026-09-28,Francho Serrano Francho,Getafe,323000
2026-09-28,Frenkie de Jong F. de Jong,Barcelona,2348000
2026-09-28,Fábio Cardoso Cardoso,Sevilla,168000
2026-09-28,Félix Correia Félix Correia,Sevilla,1536000
2026-09-28,Gabriel Jesus Gabriel Jesús,Barcelona,6063000
2026-09-28,Gabriel Moscardo Moscardo,Espanyol,656000
2026-09-28,Gabriel Suazo Suazo,Sevilla,4974000
2026-09-28,Georges Mikautadze Mikautadze,Villarreal,12839000
2026-09-28,Georgiy Tsitaishvili Tsitaishvili,Rayo,558000
2026-09-28,Gerard Martín Martín,Barcelona,10585000
2026-09-28,Gerard Moreno Gerard,Villarreal,13771000
2026-09-28,Germán Parreño,Deportivo,183000
2026-09-28,Germán Valera Valera,Elche,7600000
2026-09-28,Giacomo Quagliata Quagliata,Deportivo,5180000
2026-09-28,Giorgi Guliashvili Guliashvili,Racing,183000
2026-09-28,Giorgi Kochorashvili Kochorashvili,Sevilla,1733000
2026-09-28,Giovani Lo Celso Lo Celso,Betis,2983000
2026-09-28,Giuliano Simeone Giuliano,Atlético,10298000
2026-09-28,Gnangoro Bouare Bouare,Rayo,468000
2026-09-28,Gonzalo Villar Villar,Elche,5216000
2026-09-28,Gonçalo Guedes Guedes,Real Sociedad,6025000
2026-09-28,Gorka Carrera Carrera,Real Sociedad,160000
2026-09-28,Gorka Guruzeta Guruzeta,Athletic,2963000
2026-09-28,Grady Diangana Diangana,Elche,185000
2026-09-28,Guido Rodríguez Guido,Valencia,7703000
2026-09-28,Haitam Abaida Haitam,Málaga,199000
2026-09-28,Hamza Abdelkarim Abdelkarim,Barcelona,1024000
2026-09-28,Harvey Elliott Elliott,Valencia,3266000
2026-09-28,Hugo Burcio Burcio,Celta,183000
2026-09-28,Hugo Duro Duro,Valencia,3211000
2026-09-28,Hugo González Hugo González,Celta,1253000
2026-09-28,Hugo Novoa Novoa,Alavés,195000
2026-09-28,Hugo Rincón Rincón,Athletic,196000
2026-09-28,Hugo Sotelo Sotelo,Levante,188000
2026-09-28,Hugo Álvarez Hugo Álvarez,Celta,780000
2026-09-28,Héctor Bellerín Bellerín,Betis,5871000
2026-09-28,Héctor Fort Fort,Real Sociedad,1184000
2026-09-28,Iago Aspas Aspas,Celta,4026000
2026-09-28,Ibrahima Konaté Konaté,Real Madrid,9832000
2026-09-28,Ifeanyi Ndukwe Ndukwe,Levante,203000
2026-09-28,Igor Zubeldia Zubeldia,Real Sociedad,2390000
2026-09-28,Iker Córdoba Córdoba,Valencia,160000
2026-09-28,Iker Losada Losada,Betis,165000
2026-09-28,Iker Luque Luque,Racing,267000
2026-09-28,Iker Muñoz Iker Muñoz,Osasuna,2563000
2026-09-28,Ilaix Moriba Moriba,Celta,4944000
2026-09-28,Ilias Akhomach Akhomach,Villarreal,940000
2026-09-28,Ionut Radu Radu,Celta,10049000
2026-09-28,Isaac Romero Romero,Sevilla,3281000
2026-09-28,Isco Alarcón Isco,Betis,10139000
2026-09-28,Isi Palazón Isi,Rayo,3426000
2026-09-28,Iván Azón Iván Azón,Getafe,1210000
2026-09-28,Iván Balliu Balliu,Rayo,297000
2026-09-28,Iván Martín Iván Martín,Racing,2332000
2026-09-28,Iván Romero Iván Romero,Levante,6481000
2026-09-28,Iván Villar Iván Villar,Celta,183000
2026-09-28,Izan Merino Merino,Málaga,1229000
2026-09-28,Iñaki Rupérez Rupérez,Real Sociedad,174000
2026-09-28,Iñaki Williams I. Williams,Athletic,5735000
2026-09-28,Iñigo Arguibide Arguibide,Osasuna,1454000
2026-09-28,Iñigo Vicente Iñigo Vicente,Racing,10086000
2026-09-28,Jairo Noriega Noriega,Deportivo,207000
2026-09-28,Jan Oblak Oblak,Atlético,10161000
2026-09-28,Javi Galán Galán,Celta,2507000
2026-09-28,Javi Guerra Javi Guerra,Valencia,5366000
2026-09-28,Javi Morcillo Morcillo,Elche,797000
2026-09-28,Javi Puado Puado,Espanyol,553000
2026-09-28,Javi Rodríguez Javi Rodríguez,Celta,1336000
2026-09-28,Javi Rueda Rueda,Celta,3508000
2026-09-28,Jean Ives Valou Valou,Getafe,160000
2026-09-28,Jeanuël Belocian Belocian,Racing,1569000
2026-09-28,Jens Cajuste Cajuste,Málaga,173000
2026-09-28,Jeremy Toljan Toljan,Levante,1356000
2026-09-28,Jesse Bisiwu Bisiwu,Barcelona,198000
2026-09-28,Jesús Areso Areso,Athletic,2431000
2026-09-28,Jesús Vázquez Jesús Vázquez,Valencia,534000
2026-09-28,Jiri Letácek Letácek,Getafe,177000
2026-09-28,Joan Garcia Joan Garcia,Barcelona,14728000
2026-09-28,Joao Cancelo Cancelo,Barcelona,11386000
2026-09-28,Joaquín Muñoz Joaquín,Málaga,1364000
2026-09-28,Job Ochieng Ochieng,Real Sociedad,1081000
2026-09-28,Jofre Carreras Jofre,Espanyol,187000
2026-09-28,Johan Mojica Mojica,Getafe,5310000
2026-09-28,Johaneko Louis-Jean Johaneko,Athletic,833000
2026-09-28,Johnny Cardoso Cardoso,Atlético,1063000
2026-09-28,Jon Ander Olasagasti Olasagasti,Levante,5271000
2026-09-28,Jon Aramburu Aramburu,Real Sociedad,6792000
2026-09-28,Jon Gorrotxategi Gorrotxategi,Real Sociedad,463000
2026-09-28,Jon Guridi Guridi,Sevilla,2943000
2026-09-28,Jon Martín Jon Martín,Real Sociedad,5259000
2026-09-28,Jon Moncayola Moncayola,Osasuna,2830000
2026-09-28,Jon Pacheco Pacheco,Real Sociedad,160000
2026-09-28,Jonathan Asp Jensen Asp Jensen,Deportivo,222000
2026-09-28,Jonathan David Jonathan David,Atlético,8193000
2026-09-28,Jonathan Dubasin Dubasin,Osasuna,1062000
2026-09-28,Jones El-Abdellaoui El-Abdellaoui,Celta,175000
2026-09-28,Jonny Castro Jonny,Alavés,4728000
2026-09-28,Jordi Pesquer Pesquer,Barcelona,173000
2026-09-28,Jorge Cabello Jorge Cabello,Levante,203000
2026-09-28,Jorge Cestero Cestero,Real Madrid,168000
2026-09-28,Jorge Domínguez Jorge Domínguez,Atlético,163000
2026-09-28,Jorge Herrando Herrando,Osasuna,179000
2026-09-28,Jorge Montes Montes,Getafe,187000
2026-09-28,Jorge Salinas Salinas,Racing,4425000
2026-09-28,Jorge de Frutos De Frutos,Rayo,6127000
2026-09-28,Josan Ferrández Josan,Elche,160000
2026-09-28,Joselu Pérez Joselu,Getafe,167000
2026-09-28,José Gayà Gayà,Valencia,2803000
2026-09-28,José Manuel Copete Copete,Valencia,160000
2026-09-28,José María Giménez Giménez,Deportivo,2928000
2026-09-28,José Salinas Salinas,Málaga,896000
2026-09-28,José Ángel Carmona Carmona,Sevilla,260000
2026-09-28,José Ángel López José Ángel,Espanyol,191000
2026-09-28,Jozhua Vertrouwd Vertrouwd,Rayo,189000
2026-09-28,Juan Berrocal Berrocal,Málaga,246000
2026-09-28,Juan Carlos Arana Arana,Racing,160000
2026-09-28,Juan Cruz Juan Cruz,Málaga,1524000
2026-09-28,Juan Foyth Foyth,Villarreal,4894000
2026-09-28,Juan Iglesias Iglesias,Sevilla,6830000
2026-09-28,Juan Musso Musso,Atlético,186000
2026-09-28,Juanmi Jiménez Juanmi,Getafe,191000
2026-09-28,Jude Bellingham Bellingham,Real Madrid,20064000
2026-09-28,Julen Agirrezabala Agirrezabala,Racing,5851000
2026-09-28,Julen Lobete Lobete,Málaga,160000
2026-09-28,Jules Koundé Koundé,Barcelona,6116000
2026-09-28,Julio Díaz Julio Díaz,Sevilla,160000
2026-09-28,Julián Álvarez Alvarez,Atlético,11452000
2026-09-28,Junior Firpo Junior,Betis,447000
2026-09-28,Justin de Haas De Haas,Valencia,2286000
2026-09-28,Kang-In Lee Kang-In Lee,Atlético,11744000
2026-09-28,Karim Adeyemi Adeyemi,Barcelona,12367000
2026-09-28,Karl Etta Eyong Etta Eyong,Levante,1866000
2026-09-28,Kayne van Oevelen Van Oevelen,Valencia,175000
2026-09-28,Kevin Lomónaco Lomónaco,Elche,610000
2026-09-28,Kevin Sánchez Kevin Sánchez,Deportivo,190000
2026-09-28,Kike Barja Kike Barja,Osasuna,1119000
2026-09-28,Kike García Kike García,Espanyol,160000
2026-09-28,Kike Salas Kike Salas,Sevilla,4999000
2026-09-28,Kiko Femenia Femenia,Getafe,160000
2026-09-28,Koke Resurrección Koke,Atlético,9504000
2026-09-28,Kylian Mbappé Mbappé,Real Madrid,24716000
2026-09-28,Lamine Yamal Yamal,Barcelona,23844000
2026-09-28,Lander Pinillos Pinillos,Alavés,160000
2026-09-28,Laro Gómez Laro Gómez,Racing,186000
2026-09-28,Leandro Cabrera Cabrera,Espanyol,4472000
2026-09-28,Leo Román Leo Román,Deportivo,9809000
2026-09-28,Logan Costa Logan Costa,Villarreal,160000
2026-09-28,Lorenzo Amatucci Amatucci,Deportivo,9227000
2026-09-28,Lucas Boyé Boyé,Alavés,9787000
2026-09-28,Lucas Cepeda Cepeda,Elche,2428000
2026-09-28,Lucas Noubi Noubi,Deportivo,3080000
2026-09-28,Lucas Stassin Stassin,Sevilla,5107000
2026-09-28,Lucas Torró Torró,Osasuna,350000
2026-09-28,Lucien Agoume Agoume,Sevilla,6791000
2026-09-28,Luis Rioja Rioja,Valencia,2756000
2026-09-28,Luismi Cruz Luismi,Deportivo,5391000
2026-09-28,Luiz Felipe Luiz Felipe,Rayo,194000
2026-09-28,Luiz Junior Luiz Junior,Villarreal,2678000
2026-09-28,Luka Sucic L. Sucic,Real Sociedad,6855000
2026-09-28,Luken Beitia Beitia,Real Sociedad,348000
2026-09-28,Maguette Gueye Maguette,Racing,1122000
2026-09-28,Mamadou Sarr M. Sarr,Real Sociedad,3461000
2026-09-28,Manu Bueno Manu Bueno,Sevilla,185000
2026-09-28,Manu Hernando Hernando,Racing,1635000
2026-09-28,Manu Sánchez Manu Sánchez,Levante,3773000
2026-09-28,Marash Kumbulla Kumbulla,Rayo,176000
2026-09-28,Marc Aguado Aguado,Elche,1974000
2026-09-28,Marc Bartra Bartra,Betis,6469000
2026-09-28,Marc Bernal Bernal,Barcelona,9521000
2026-09-28,Marc Casadó Casadó,Deportivo,1449000
2026-09-28,Marc Cucurella Cucurella,Real Madrid,11520000
2026-09-28,Marc Doménech Doménech,Atlético,160000
2026-09-28,Marc Pubill Pubill,Atlético,10152000
2026-09-28,Marc Roca Marc Roca,Betis,7338000
2026-09-28,Marc Santos Marc Santos,Levante,160000
2026-09-28,Marcos Alonso M. Alonso,Celta,7988000
2026-09-28,Marcos Fernández Marcos,Espanyol,1405000
2026-09-28,Marcos Llorente M. Llorente,Atlético,10486000
2026-09-28,Marcão Marcão,Sevilla,160000
2026-09-28,Mariano Díaz Mariano,Alavés,5025000
2026-09-28,Mario Martín Mario Martín,Getafe,568000
2026-09-28,Mario Soriano Mario,Deportivo,6645000
2026-09-28,Marko Dmitrovic Dmitrovic,Espanyol,9227000
2026-09-28,Maroan Sannadi Sannadi,Athletic,160000
2026-09-28,Martim Neto Martim Neto,Elche,160000
2026-09-28,Martín Satriano Satriano,Getafe,6156000
2026-09-28,Mathew Ryan Ryan,Levante,9978000
2026-09-28,Matia Barzic Barzic,Elche,160000
2026-09-28,Matteo Prati Prati,Racing,257000
2026-09-28,Matías Dituro Dituro,Elche,4659000
2026-09-28,Miguel Cubo Cubo,Atlético,170000
2026-09-28,Miguel Loureiro Loureiro,Deportivo,788000
2026-09-28,Miguel Rodríguez Miguel,Alavés,160000
2026-09-28,Miguel Román Román,Celta,5193000
2026-09-28,Miguel Sierra Sierra,Sevilla,4874000
2026-09-28,Mikel Jauregizar Jauregizar,Athletic,1927000
2026-09-28,Mikel Oyarzabal Oyarzabal,Real Sociedad,15550000
2026-09-28,Mikel Rodriguez Mikel Rodriguez,Alavés,160000
2026-09-28,Moi Gómez Moi Gómez,Osasuna,558000
2026-09-28,Morten Hjulmand Hjulmand,Atlético,8640000
2026-09-28,Mouctar Diakhaby Diakhaby,Valencia,245000
2026-09-28,Moussa Diarra Moussa,Málaga,160000
2026-09-28,Mujaid Sadick Mujaid,Rayo,697000
2026-09-28,Nacho Pérez Nacho Pérez,Levante,1156000
2026-09-28,Nahuel Tenaglia Tenaglia,Alavés,9766000
2026-09-28,Natan Natan,Betis,8364000
2026-09-28,Nathan-Dylan Saliba Saliba,Villarreal,3515000
2026-09-28,Nelson Deossa Deossa,Betis,2267000
2026-09-28,Nemanja Gudelj Gudelj,Getafe,1175000
2026-09-28,Nico Guillén Guillén,Sevilla,189000
2026-09-28,Nico Serrano Serrano,Athletic,160000
2026-09-28,Nico Williams N. Williams,Athletic,11635000
2026-09-28,Nicolas Pépé Pépé,Villarreal,14730000
2026-09-28,Nicolás Valentini Valentini,Alavés,686000
2026-09-28,Noé Carrillo Noé Carrillo,Deportivo,168000
2026-09-28,Obed Vargas Vargas,Atlético,160000
2026-09-28,Odysseas Vlachodimos Vlachodimos,Sevilla,7938000
2026-09-28,Oihan Sancet Sancet,Athletic,9216000
2026-09-28,Omar El Hilali El Hilali,Espanyol,5297000
2026-09-28,Orel Mangala Mangala,Getafe,1778000
2026-09-28,Oriol Rey Oriol Rey,Levante,1108000
2026-09-28,Orri Steinn Óskarsson Óskarsson,Real Sociedad,4170000
2026-09-28,Pablo Barrios Barrios,Atlético,10662000
2026-09-28,Pablo Campos Cuñat Campos,Levante,160000
2026-09-28,Pablo Durán Durán,Celta,1053000
2026-09-28,Pablo Fornals Fornals,Betis,13917000
2026-09-28,Pablo García Pablo García,Racing,2887000
2026-09-28,Pablo Gavi Gavi,Barcelona,3476000
2026-09-28,Pablo Ibáñez Ibáñez,Alavés,5153000
2026-09-28,Pablo Maffeo Maffeo,Valencia,2092000
2026-09-28,Pablo Martínez Pablo Martínez,Málaga,482000
2026-09-28,Pablo Marín Marín,Real Sociedad,160000
2026-09-28,Pablo Ramón Pablo Ramón,Racing,2256000
2026-09-28,Paco Cortés Cortés,Levante,160000
2026-09-28,Pape Gueye Pape Gueye,Villarreal,12266000
2026-09-28,Pathé Ciss Pathé Ciss,Rayo,4558000
2026-09-28,Pau Cubarsí Cubarsí,Barcelona,16181000
2026-09-28,Pau Navarro Pau Navarro,Villarreal,1267000
2026-09-28,Pedri González Pedri,Barcelona,21664000
2026-09-28,Pedro Bigas Bigas,Elche,171000
2026-09-28,Pedro Díaz Pedro Díaz,Rayo,1121000
2026-09-28,Pedro Felipe Pedro Felipe,Racing,175000
2026-09-28,Peio Canales Canales,Athletic,1558000
2026-09-28,Pelayo Fernández Pelayo,Rayo,190000
2026-09-28,Pepelu Pepelu,Valencia,4779000
2026-09-28,Peque Peque,Sevilla,1317000
2026-09-28,Pere Milla Pere Milla,Espanyol,1355000
2026-09-28,Petar Ratkov Ratkov,Levante,896000
2026-09-28,Pierre-Emerick Aubameyang Aubameyang,Deportivo,9200000
2026-09-28,Pol Lozano Lozano,Espanyol,199000
2026-09-28,Péter Gulácsi Gulacsi,Villarreal,1876000
2026-09-28,Quilindschy Hartman Hartman,Espanyol,1136000
2026-09-28,Rafa Garrido Rafita,Málaga,3354000
2026-09-28,Rafa Rodríguez Rafa Rodríguez,Málaga,312000
2026-09-28,Rafel Bauzà Bauzà,Espanyol,166000
2026-09-28,Ramón Enríquez Enríquez,Málaga,214000
2026-09-28,Ramón Terrats Terrats,Getafe,6335000
2026-09-28,Randy Nteka Nteka,Rayo,160000
2026-09-28,Raphinha Raphinha,Barcelona,20775000
2026-09-28,Raul Moro Raul Moro,Osasuna,1414000
2026-09-28,Rayane Belaid Rayane,Rayo,187000
2026-09-28,Raúl Asencio Asencio,Real Madrid,303000
2026-09-28,Raúl De Tomás De Tomás,Rayo,189000
2026-09-28,Raúl García Raúl García,Osasuna,1673000
2026-09-28,Renato Veiga Veiga,Villarreal,7839000
2026-09-28,Riki Rodríguez Riki,Deportivo,160000
2026-09-28,Robbie Ure Ure,Sevilla,2457000
2026-09-28,Robert Navarro Navarro,Athletic,3870000
2026-09-28,Roberto Fernández Roberto,Espanyol,11089000
2026-09-28,Robin Le Normand Le Normand,Atlético,2686000
2026-09-28,Rockson Yeboah Yeboah,Osasuna,229000
2026-09-28,Rodri Hernández Rodri,Barcelona,15007000
2026-09-28,Rodrigo Gamón Gamón,Valencia,189000
2026-09-28,Rodrigo Mendoza Mendoza,Atlético,194000
2026-09-28,Rodrigo Riquelme Riquelme,Betis,5491000
2026-09-28,Rodrygo Goes Rodrygo,Real Madrid,619000
2026-09-28,Roger Brugué Brugui,Levante,2238000
2026-09-28,Roger Hinojo Hinojo,Espanyol,2427000
2026-09-28,Romain Del Castillo Del Castillo,Osasuna,800000
2026-09-28,Roony Bardghji Bardghji,Barcelona,160000
2026-09-28,Roy Revivo Revivo,Elche,757000
2026-09-28,Rubén García Rubén G.,Osasuna,3069000
2026-09-28,Rubén López Rubén López,Deportivo,160000
2026-09-28,Rubén Sánchez Rubén Sánchez,Elche,577000
2026-09-28,Rubén Vargas Vargas,Sevilla,1929000
2026-09-28,Ryunosuke Sato Sato,Valencia,1822000
2026-09-28,Saba Sazonov Sazonov,Getafe,160000
2026-09-28,Salvi Esquivel Esquivel,Atlético,160000
2026-09-28,Samu Becerra Becerra,Rayo,160000
2026-09-28,Santi Comesaña Comesaña,Villarreal,4386000
2026-09-28,Santiago Mouriño Mouriño,Villarreal,3634000
2026-09-28,Sebastián Boselli Boselli,Getafe,160000
2026-09-28,Sebastián Cáceres Cáceres,Celta,759000
2026-09-28,Selton Sánchez Selton,Athletic,172000
2026-09-28,Sergi Canós Canós,Valencia,160000
2026-09-28,Sergi Cardona S. Cardona,Villarreal,698000
2026-09-28,Sergio Camello Camello,Rayo,9966000
2026-09-28,Sergio Canales Canales,Racing,7468000
2026-09-28,Sergio Carreira Carreira,Celta,5714000
2026-09-28,Sergio Gómez Sergio Gómez,Real Sociedad,6662000
2026-09-28,Sergio Herrera Herrera,Osasuna,6350000
2026-09-28,Sergio Martínez Sergio Martínez,Real Madrid,259000
2026-09-28,Simon Eriksson Eriksson,Racing,160000
2026-09-28,Stefan Bajcetic Bajcetic,Celta,165000
2026-09-28,Stole Dimitrievski Dimitrievski,Valencia,7048000
2026-09-28,Tajon Buchanan Buchanan,Villarreal,5325000
2026-09-28,Takefusa Kubo Kubo,Real Sociedad,7086000
2026-09-28,Tani Oluwaseyi Oluwaseyi,Villarreal,259000
2026-09-28,Taufik Seidu Taufik,Atlético,169000
2026-09-28,Tete Morente Tete Morente,Elche,1500000
2026-09-28,Thiago Fernández Thiago,Levante,1018000
2026-09-28,Thiago Pitarch Thiago,Real Madrid,199000
2026-09-28,Thibaut Courtois Courtois,Real Madrid,10114000
2026-09-28,Thomas Lemar Lemar,Elche,1615000
2026-09-28,Toni Martinez Toni Martinez,Alavés,6230000
2026-09-28,Trent Alexander-Arnold Alexander-Arnold,Real Madrid,5685000
2026-09-28,Troy Parrott Parrott,Betis,6572000
2026-09-28,Tyrhys Dolan Dolan,Espanyol,3729000
2026-09-28,Umar Sadiq Sadiq,Valencia,1308000
2026-09-28,Unai Egiluz Egiluz,Athletic,160000
2026-09-28,Unai López Unai López,Rayo,5227000
2026-09-28,Unai Marrero Marrero,Real Sociedad,392000
2026-09-28,Unai Núñez U. Núñez,Espanyol,2533000
2026-09-28,Unai Santos Unai Santos,Osasuna,276000
2026-09-28,Unai Simón Unai Simón,Athletic,9882000
2026-09-28,Urko González de Zarate Urko,Espanyol,1583000
2026-09-28,Valentin Rosier Rosier,Osasuna,496000
2026-09-28,Valentín Gómez Valentín Gómez,Betis,638000
2026-09-28,Vanja Drkusic Drkusic,Espanyol,161000
2026-09-28,Ville Koski Koski,Alavés,4531000
2026-09-28,Vinicius Junior Vinicius,Real Madrid,19743000
2026-09-28,Víctor Chust Chust,Elche,2031000
2026-09-28,Víctor García Víctor García,Levante,372000
2026-09-28,Williot Swedberg Swedberg,Celta,1540000
2026-09-28,Wojciech Szczesny Szczesny,Barcelona,236000
2026-09-28,Xanet Oláiz Oláiz,Alavés,167000
2026-09-28,Xavi Espart Espart,Barcelona,5093000
2026-09-28,Ximo Navarro Ximo,Deportivo,2369000
2026-09-28,Yago Santiago Santiago,Elche,160000
2026-09-28,Yan Diomande Y. Diomande,Real Madrid,16288000
2026-09-28,Yangel Herrera Herrera,Real Sociedad,4639000
2026-09-28,Yanis Musuayi Musuayi,Levante,165000
2026-09-28,Yassir Zabiri Zabiri,Racing,6400000
2026-09-28,Yeray Álvarez Yeray,Athletic,2419000
2026-09-28,Yeremay Hernández Yeremay,Deportivo,7120000
2026-09-28,Yoel Lago Lago,Celta,2372000
2026-09-28,Youssef Enríquez Youssef,Alavés,1637000
2026-09-28,Youssouf Fofana Fofana,Sevilla,6197000
2026-09-28,Yuri Berchiche Yuri,Athletic,5775000
2026-09-28,Zaid Romero Romero,Getafe,5120000
2026-09-28,Zakaria Eddahchouri Eddahchouri,Deportivo,1322000
2026-09-28,Álex Baena Baena,Atlético,13389000
2026-09-28,Álex Berenguer Berenguer,Athletic,5266000
2026-09-28,Álex Calatrava Calatrava,Espanyol,4758000
2026-09-28,Álex Grimaldo Grimaldo,Atlético,10157000
2026-09-28,Álex Pastor Pastor,Málaga,194000
2026-09-28,Álex Remiro Remiro,Real Sociedad,10029000
2026-09-28,Álvaro Djaló Djaló,Athletic,171000
2026-09-28,Álvaro F. Carreras A. F. Carreras,Real Madrid,3424000
2026-09-28,Álvaro Fernández Álvaro,Deportivo,209000
2026-09-28,Álvaro Fidalgo Fidalgo,Betis,162000
2026-09-28,Álvaro García Álvaro García,Rayo,9153000
2026-09-28,Álvaro Leiva Leiva,Real Madrid,181000
2026-09-28,Álvaro Mantilla Mantilla,Racing,1232000
2026-09-28,Álvaro Núñez Á. Núñez,Celta,1316000
2026-09-28,Álvaro Odriozola Odriozola,Real Sociedad,160000
2026-09-28,Álvaro Padilla Padilla,Elche,210000
2026-09-28,Álvaro Valles Valles,Betis,11310000
2026-09-28,Ángel Fortuño Fortuño,Espanyol,193000
2026-09-28,Ángel Ortiz Ortiz,Betis,198000
2026-09-28,Ángel Pérez Ángel Pérez,Alavés,7886000
2026-09-28,Éder Militão Militão,Real Madrid,1829000
2026-09-28,Íñigo Ruiz de Galarreta R. de Galarreta,Athletic,5957000
2026-09-28,Íñigo Sainz-Maza Sainz-Maza,Racing,165000
2026-09-28,Óscar López Óscar López,Getafe,160000
2026-09-28,Óscar Valentín Valentín,Rayo,1372000
2026-09-29,Aaron Ndive Mayol Mayol,Valencia,877000
2026-09-29,Aarón Martín Aarón,Racing,179000
2026-09-29,Aarón Ochoa Ochoa,Málaga,160000
2026-09-29,Abde Ezzalzouli Abde,Betis,13318000
2026-09-29,Abde Rebbach Rebbach,Alavés,1718000
2026-09-29,Abdel Abqar Abqar,Getafe,163000
2026-09-29,Abdoulaye Faye Faye,Celta,160000
2026-09-29,Abel Bretones Bretones,Osasuna,2133000
2026-09-29,Abiel Osorio Osorio,Elche,783000
2026-09-29,Adam Aznou Aznou,Málaga,160000
2026-09-29,Adam Boayar Adam Boayar,Elche,201000
2026-09-29,Adama Traoré A. Traoré,Deportivo,3542000
2026-09-29,Ademola Lookman Lookman,Atlético,10173000
2026-09-29,Adrià Altimira Altimira,Deportivo,903000
2026-09-29,Adrià Pedrosa Pedrosa,Rayo,1711000
2026-09-29,Adrián Niño Niño,Málaga,791000
2026-09-29,Adrián Rodríguez Adrián,Alavés,174000
2026-09-29,Adrián de la Fuente De la Fuente,Levante,10010000
2026-09-29,Aihen Muñoz Aihen,Real Sociedad,199000
2026-09-29,Aimar Oroz Oroz,Osasuna,1881000
2026-09-29,Aissa Mandi Mandi,Levante,4777000
2026-09-29,Aitor Fernández Aitor,Osasuna,933000
2026-09-29,Aitor Mañas Aitor Mañas,Alavés,160000
2026-09-29,Aitor Paredes Paredes,Athletic,5574000
2026-09-29,Aitor Ruibal Ruibal,Betis,233000
2026-09-29,Alassane Diatta Diatta,Villarreal,177000
2026-09-29,Alberto Moleiro Moleiro,Villarreal,11648000
2026-09-29,Alberto Risco Risco,Getafe,160000
2026-09-29,Aleix Febas Febas,Celta,7301000
2026-09-29,Alejandro Balde Balde,Barcelona,1926000
2026-09-29,Alejandro Catena Catena,Osasuna,7768000
2026-09-29,Alejandro Iturbe Iturbe,Elche,165000
2026-09-29,Alejandro Rego Rego,Athletic,160000
2026-09-29,Aleksa Puric Puric,Atlético,163000
2026-09-29,Alemão Alemão,Rayo,813000
2026-09-29,Alex Freeman Freeman,Villarreal,1725000
2026-09-29,Alex Marchal Marchal,Real Sociedad,160000
2026-09-29,Alex Padilla Padilla,Athletic,208000
2026-09-29,Alexander Sorloth Sörloth,Atlético,4154000
2026-09-29,Alfonso González Alfon,Sevilla,163000
2026-09-29,Alfonso Herrero Herrero,Málaga,8953000
2026-09-29,Ali Houary Ali Houary,Elche,160000
2026-09-29,Aliou Dieng Dieng,Valencia,569000
2026-09-29,Altay Bayindir Bayindir,Celta,160000
2026-09-29,Ander Barrenetxea Barrenetxea,Real Sociedad,8052000
2026-09-29,Ander Guevara Guevara,Alavés,401000
2026-09-29,Andoni Gorosabel Gorosabel,Espanyol,160000
2026-09-29,Andreas Christensen A. Christensen,Barcelona,2844000
2026-09-29,Andrei Ratiu Ratiu,Rayo,8061000
2026-09-29,Andriy Lunin Lunin,Real Madrid,182000
2026-09-29,André Almeida Almeida,Racing,1055000
2026-09-29,Andrés Antañón Antañón,Celta,160000
2026-09-29,Andrés Castrín Castrín,Sevilla,4358000
2026-09-29,Andrés García Andrés García,Getafe,3757000
2026-09-29,Andrés Martín Andrés Martín,Racing,3063000
2026-09-29,Angel Recio Recio,Málaga,1736000
2026-09-29,Angeliño Angeliño,Deportivo,1020000
2026-09-29,Antal Yaakobishvili Yaakobishvili,Atlético,292000
2026-09-29,Ante Budimir Budimir,Osasuna,16586000
2026-09-29,Anthony Gordon Gordon,Barcelona,14906000
2026-09-29,Antonio Blanco Blanco,Alavés,6235000
2026-09-29,Antonio Rüdiger Rüdiger,Real Madrid,6356000
2026-09-29,Antonio Sivera Sivera,Alavés,10594000
2026-09-29,Antony Antony,Betis,14869000
2026-09-29,Arda Güler Güler,Real Madrid,15575000
2026-09-29,Arkaitz Mariezkurrena Mariezkurrena,Real Sociedad,160000
2026-09-29,Arnau Comas Comas,Deportivo,160000
2026-09-29,Arnau Martínez Arnau,Valencia,2272000
2026-09-29,Arnau Ortiz Ortiz,Atlético,540000
2026-09-29,Arnaut Danjuma Danjuma,Valencia,5578000
2026-09-29,Arouna Sangante Sangante,Sevilla,300000
2026-09-29,Arsen Zakharyan Zakharyan,Real Sociedad,206000
2026-09-29,Asier Osambela Osambela,Osasuna,357000
2026-09-29,Asier Villalibre Villalibre,Racing,1542000
2026-09-29,Augusto Batalla Batalla,Rayo,1968000
2026-09-29,Aurélien Tchouaméni Tchouaméni,Real Madrid,9719000
2026-09-29,Axel Tape Tape,Levante,175000
2026-09-29,Aymeric Laporte Laporte,Athletic,10942000
2026-09-29,Ayoze Pérez Ayoze,Villarreal,6404000
2026-09-29,Bambo Diaby Bambo,Elche,181000
2026-09-29,Bernardo Silva Bernardo Silva,Real Madrid,9495000
2026-09-29,Beñat Gerenabarrena Gerenabarrena,Athletic,2277000
2026-09-29,Beñat Prados Prados,Athletic,181000
2026-09-29,Beñat Turrientes Turrientes,Real Sociedad,1913000
2026-09-29,Bil Nsongo Bil Nsongo,Deportivo,5784000
2026-09-29,Borja Iglesias Iglesias,Celta,6067000
2026-09-29,Borja Mayoral Mayoral,Getafe,241000
2026-09-29,Boyomo Boyomo,Osasuna,2438000
2026-09-29,Brahim Díaz Brahim,Real Madrid,2313000
2026-09-29,Brian Fariñas Fariñas,Barcelona,177000
2026-09-29,Bright Ede Ede,Deportivo,659000
2026-09-29,Bryan Zaragoza Bryan,Espanyol,6924000
2026-09-29,Buba Sangaré Sangaré,Elche,2805000
2026-09-29,Carl Starfelt Starfelt,Celta,3308000
2026-09-29,Carles Aleñá Aleñá,Alavés,220000
2026-09-29,Carlos Ballestero Ballestero,Alavés,160000
2026-09-29,Carlos Benavidez Protesoni,Alavés,218000
2026-09-29,Carlos Dotor Dotor,Málaga,2737000
2026-09-29,Carlos Espí Carlos Espí,Real Madrid,9691000
2026-09-29,Carlos López Carlos López,Málaga,162000
2026-09-29,Carlos Macià Carlos Macià,Villarreal,312000
2026-09-29,Carlos Puga Puga,Málaga,2700000
2026-09-29,Carlos Romero Romero,Villarreal,7384000
2026-09-29,Carlos Soler Carlos Soler,Real Sociedad,8265000
2026-09-29,Chidera Ejuke Ejuke,Sevilla,4653000
2026-09-29,Christantus Uche Uche,Getafe,1345000
2026-09-29,Chupete Chupete,Málaga,5179000
2026-09-29,Clemens Riedel Riedel,Espanyol,1040000
2026-09-29,Coke Carrillo Carrillo,Celta,160000
2026-09-29,Couhaib Driouech Driouech,Celta,160000
2026-09-29,Cristian Rivero Rivero,Valencia,160000
2026-09-29,Cristian Romero Romero,Atlético,10320000
2026-09-29,Cucho Hernández Cucho,Betis,10200000
2026-09-29,César Tárrega Tárrega,Valencia,1720000
2026-09-29,Dakonam Djené Djené,Getafe,3651000
2026-09-29,Dani Barcia Barcia,Deportivo,193000
2026-09-29,Dani Ceballos Ceballos,Betis,1779000
2026-09-29,Dani Cárdenas Cárdenas,Rayo,1118000
2026-09-29,Dani Díaz Dani Díaz,Real Sociedad,160000
2026-09-29,Dani Lorenzo Lorenzo,Málaga,3720000
2026-09-29,Dani Martínez Dani Martínez,Atlético,166000
2026-09-29,Dani Olmo Olmo,Barcelona,15046000
2026-09-29,Dani Requena Requena,Levante,210000
2026-09-29,Dani Vivian Vivian,Athletic,1065000
2026-09-29,Daniel Raba Raba,Valencia,227000
2026-09-29,Daniel Yáñez Yáñez,Real Madrid,170000
2026-09-29,David Hancko Hancko,Atlético,10018000
2026-09-29,David Larrubia Larrubia,Málaga,7100000
2026-09-29,David Mella Mella,Deportivo,386000
2026-09-29,David Otorbi Otorbi,Valencia,1094000
2026-09-29,David Soria Soria,Getafe,10490000
2026-09-29,Davinchi Davinchi,Getafe,160000
2026-09-29,Dean Huijsen Huijsen,Real Madrid,9787000
2026-09-29,Denis Suárez Denis Suárez,Alavés,2038000
2026-09-29,Denzel Dumfries Dumfries,Real Madrid,7011000
2026-09-29,Diego Aguado D. Aguado,Real Madrid,160000
2026-09-29,Diego Conde Conde,Betis,180000
2026-09-29,Diego Javier Llorente D. Llorente,Betis,1922000
2026-09-29,Diego López Diego López,Valencia,160000
2026-09-29,Diego Murillo Murillo,Málaga,160000
2026-09-29,Diego Rico Diego Rico,Osasuna,239000
2026-09-29,Diego Villares Villares,Deportivo,531000
2026-09-29,Dimitri Foulquier Foulquier,Valencia,160000
2026-09-29,Dominik Livakovic Livakovic,Barcelona,856000
2026-09-29,Edu Expósito Edu Expósito,Espanyol,10257000
2026-09-29,Eduardo Camavinga Camavinga,Real Madrid,4137000
2026-09-29,Einar Galilea Galilea,Málaga,2350000
2026-09-29,Emil Audero Audero,Rayo,1512000
2026-09-29,Endrick Endrick,Real Madrid,492000
2026-09-29,Eneko Jauregi Jauregi,Málaga,185000
2026-09-29,Enes Ünal Enes Ünal,Getafe,5323000
2026-09-29,Enzo Bardelli Bardeli,Levante,2032000
2026-09-29,Eric Garcia Eric Garcia,Barcelona,14047000
2026-09-29,Ezequiel Ponce Ponce,Elche,164000
2026-09-29,Facundo Bernal Bernal,Betis,3550000
2026-09-29,Facundo Buonanotte Buonanotte,Elche,1743000
2026-09-29,Facundo Garcés Garcés,Alavés,167000
2026-09-29,Facundo González Facu González,Racing,572000
2026-09-29,Federico Redondo Redondo,Elche,160000
2026-09-29,Federico Valverde Valverde,Real Madrid,14551000
2026-09-29,Ferland Mendy Mendy,Real Madrid,166000
2026-09-29,Fermín López Fermín,Barcelona,17787000
2026-09-29,Fernando Calero Calero,Málaga,285000
2026-09-29,Fernando Niño Fer Niño,Elche,5408000
2026-09-29,Ferran Jutglà Jutglà,Celta,6970000
2026-09-29,Filip Ugrinic Ugrinic,Valencia,1238000
2026-09-29,Florian Lejeune Lejeune,Rayo,6076000
2026-09-29,Fran García Fran García,Betis,7332000
2026-09-29,Fran González Fran González,Sevilla,160000
2026-09-29,Fran Pérez Fran Pérez,Rayo,192000
2026-09-29,Francho Serrano Francho,Getafe,370000
2026-09-29,Frenkie de Jong F. de Jong,Barcelona,2187000
2026-09-29,Fábio Cardoso Cardoso,Sevilla,163000
2026-09-29,Félix Correia Félix Correia,Sevilla,1631000
2026-09-29,Gabriel Jesus Gabriel Jesús,Barcelona,6212000
2026-09-29,Gabriel Moscardo Moscardo,Espanyol,554000
2026-09-29,Gabriel Suazo Suazo,Sevilla,5260000
2026-09-29,Georges Mikautadze Mikautadze,Villarreal,12679000
2026-09-29,Georgiy Tsitaishvili Tsitaishvili,Rayo,576000
2026-09-29,Gerard Martín Martín,Barcelona,10635000
2026-09-29,Gerard Moreno Gerard,Villarreal,13620000
2026-09-29,Germán Parreño,Deportivo,189000
2026-09-29,Germán Valera Valera,Elche,7820000
2026-09-29,Giacomo Quagliata Quagliata,Deportivo,5197000
2026-09-29,Giorgi Guliashvili Guliashvili,Racing,160000
2026-09-29,Giorgi Kochorashvili Kochorashvili,Sevilla,1779000
2026-09-29,Giovani Lo Celso Lo Celso,Betis,2771000
2026-09-29,Giuliano Simeone Giuliano,Atlético,10349000
2026-09-29,Gnangoro Bouare Bouare,Rayo,369000
2026-09-29,Gonzalo Villar Villar,Elche,5273000
2026-09-29,Gonçalo Guedes Guedes,Real Sociedad,5850000
2026-09-29,Gorka Carrera Carrera,Real Sociedad,160000
2026-09-29,Gorka Guruzeta Guruzeta,Athletic,2719000
2026-09-29,Grady Diangana Diangana,Elche,200000
2026-09-29,Guido Rodríguez Guido,Valencia,7768000
2026-09-29,Haitam Abaida Haitam,Málaga,160000
2026-09-29,Hamza Abdelkarim Abdelkarim,Barcelona,904000
2026-09-29,Harvey Elliott Elliott,Valencia,3013000
2026-09-29,Hugo Burcio Burcio,Celta,183000
2026-09-29,Hugo Duro Duro,Valencia,3030000
2026-09-29,Hugo González Hugo González,Celta,1345000
2026-09-29,Hugo Novoa Novoa,Alavés,203000
2026-09-29,Hugo Rincón Rincón,Athletic,193000
2026-09-29,Hugo Sotelo Sotelo,Levante,200000
2026-09-29,Hugo Álvarez Hugo Álvarez,Celta,889000
2026-09-29,Héctor Bellerín Bellerín,Betis,5982000
2026-09-29,Héctor Fort Fort,Real Sociedad,1093000
2026-09-29,Iago Aspas Aspas,Celta,3657000
2026-09-29,Ibrahima Konaté Konaté,Real Madrid,9563000
2026-09-29,Ifeanyi Ndukwe Ndukwe,Levante,177000
2026-09-29,Igor Zubeldia Zubeldia,Real Sociedad,2227000
2026-09-29,Iker Córdoba Córdoba,Valencia,160000
2026-09-29,Iker Losada Losada,Betis,173000
2026-09-29,Iker Luque Luque,Racing,179000
2026-09-29,Iker Muñoz Iker Muñoz,Osasuna,2409000
2026-09-29,Ilaix Moriba Moriba,Celta,5221000
2026-09-29,Ilias Akhomach Akhomach,Villarreal,1068000
2026-09-29,Ionut Radu Radu,Celta,9956000
2026-09-29,Isaac Romero Romero,Sevilla,3069000
2026-09-29,Isco Alarcón Isco,Betis,10024000
2026-09-29,Isi Palazón Isi,Rayo,3644000
2026-09-29,Iván Azón Iván Azón,Getafe,1312000
2026-09-29,Iván Balliu Balliu,Rayo,251000
2026-09-29,Iván Martín Iván Martín,Racing,2474000
2026-09-29,Iván Romero Iván Romero,Levante,6719000
2026-09-29,Iván Villar Iván Villar,Celta,206000
2026-09-29,Izan Merino Merino,Málaga,1121000
2026-09-29,Iñaki Rupérez Rupérez,Real Sociedad,160000
2026-09-29,Iñaki Williams I. Williams,Athletic,5531000
2026-09-29,Iñigo Arguibide Arguibide,Osasuna,1387000
2026-09-29,Iñigo Vicente Iñigo Vicente,Racing,10086000
2026-09-29,Jairo Noriega Noriega,Deportivo,207000
2026-09-29,Jan Oblak Oblak,Atlético,10165000
2026-09-29,Javi Galán Galán,Celta,2403000
2026-09-29,Javi Guerra Javi Guerra,Valencia,5372000
2026-09-29,Javi Morcillo Morcillo,Elche,902000
2026-09-29,Javi Puado Puado,Espanyol,589000
2026-09-29,Javi Rodríguez Javi Rodríguez,Celta,1207000
2026-09-29,Javi Rueda Rueda,Celta,3710000
2026-09-29,Jean Ives Valou Valou,Getafe,185000
2026-09-29,Jeanuël Belocian Belocian,Racing,1433000
2026-09-29,Jens Cajuste Cajuste,Málaga,198000
2026-09-29,Jeremy Toljan Toljan,Levante,1423000
2026-09-29,Jesse Bisiwu Bisiwu,Barcelona,167000
2026-09-29,Jesús Areso Areso,Athletic,2556000
2026-09-29,Jesús Vázquez Jesús Vázquez,Valencia,438000
2026-09-29,Jiri Letácek Letácek,Getafe,160000
2026-09-29,Joan Garcia Joan Garcia,Barcelona,14490000
2026-09-29,Joao Cancelo Cancelo,Barcelona,11260000
2026-09-29,Joaquín Muñoz Joaquín,Málaga,1263000
2026-09-29,Job Ochieng Ochieng,Real Sociedad,1124000
2026-09-29,Jofre Carreras Jofre,Espanyol,160000
2026-09-29,Johan Mojica Mojica,Getafe,5415000
2026-09-29,Johaneko Louis-Jean Johaneko,Athletic,744000
2026-09-29,Johnny Cardoso Cardoso,Atlético,1148000
2026-09-29,Jon Ander Olasagasti Olasagasti,Levante,5080000
2026-09-29,Jon Aramburu Aramburu,Real Sociedad,6953000
2026-09-29,Jon Gorrotxategi Gorrotxategi,Real Sociedad,549000
2026-09-29,Jon Guridi Guridi,Sevilla,2772000
2026-09-29,Jon Martín Jon Martín,Real Sociedad,5082000
2026-09-29,Jon Moncayola Moncayola,Osasuna,2616000
2026-09-29,Jon Pacheco Pacheco,Real Sociedad,177000
2026-09-29,Jonathan Asp Jensen Asp Jensen,Deportivo,165000
2026-09-29,Jonathan David Jonathan David,Atlético,8560000
2026-09-29,Jonathan Dubasin Dubasin,Osasuna,996000
2026-09-29,Jones El-Abdellaoui El-Abdellaoui,Celta,160000
2026-09-29,Jonny Castro Jonny,Alavés,4503000
2026-09-29,Jordi Pesquer Pesquer,Barcelona,190000
2026-09-29,Jorge Cabello Jorge Cabello,Levante,160000
2026-09-29,Jorge Cestero Cestero,Real Madrid,168000
2026-09-29,Jorge Domínguez Jorge Domínguez,Atlético,160000
2026-09-29,Jorge Herrando Herrando,Osasuna,160000
2026-09-29,Jorge Montes Montes,Getafe,187000
2026-09-29,Jorge Salinas Salinas,Racing,4049000
2026-09-29,Jorge de Frutos De Frutos,Rayo,5928000
2026-09-29,Josan Ferrández Josan,Elche,160000
2026-09-29,Joselu Pérez Joselu,Getafe,167000
2026-09-29,José Gayà Gayà,Valencia,2945000
2026-09-29,José Manuel Copete Copete,Valencia,164000
2026-09-29,José María Giménez Giménez,Deportivo,3185000
2026-09-29,José Salinas Salinas,Málaga,828000
2026-09-29,José Ángel Carmona Carmona,Sevilla,169000
2026-09-29,José Ángel López José Ángel,Espanyol,194000
2026-09-29,Jozhua Vertrouwd Vertrouwd,Rayo,160000
2026-09-29,Juan Berrocal Berrocal,Málaga,252000
2026-09-29,Juan Carlos Arana Arana,Racing,180000
2026-09-29,Juan Cruz Juan Cruz,Málaga,1416000
2026-09-29,Juan Foyth Foyth,Villarreal,5082000
2026-09-29,Juan Iglesias Iglesias,Sevilla,7048000
2026-09-29,Juan Musso Musso,Atlético,160000
2026-09-29,Juanmi Jiménez Juanmi,Getafe,160000
2026-09-29,Jude Bellingham Bellingham,Real Madrid,20036000
2026-09-29,Julen Agirrezabala Agirrezabala,Racing,5982000
2026-09-29,Julen Lobete Lobete,Málaga,160000
2026-09-29,Jules Koundé Koundé,Barcelona,5904000
2026-09-29,Julio Díaz Julio Díaz,Sevilla,160000
2026-09-29,Julián Álvarez Alvarez,Atlético,11335000
2026-09-29,Junior Firpo Junior,Betis,476000
2026-09-29,Justin de Haas De Haas,Valencia,2447000
2026-09-29,Kang-In Lee Kang-In Lee,Atlético,11893000
2026-09-29,Karim Adeyemi Adeyemi,Barcelona,12526000
2026-09-29,Karl Etta Eyong Etta Eyong,Levante,1715000
2026-09-29,Kayne van Oevelen Van Oevelen,Valencia,193000
2026-09-29,Kevin Lomónaco Lomónaco,Elche,526000
2026-09-29,Kevin Sánchez Kevin Sánchez,Deportivo,160000
2026-09-29,Kike Barja Kike Barja,Osasuna,1056000
2026-09-29,Kike García Kike García,Espanyol,183000
2026-09-29,Kike Salas Kike Salas,Sevilla,4882000
2026-09-29,Kiko Femenia Femenia,Getafe,178000
2026-09-29,Koke Resurrección Koke,Atlético,9839000
2026-09-29,Kylian Mbappé Mbappé,Real Madrid,24682000
2026-09-29,Lamine Yamal Yamal,Barcelona,23865000
2026-09-29,Lander Pinillos Pinillos,Alavés,160000
2026-09-29,Laro Gómez Laro Gómez,Racing,160000
2026-09-29,Leandro Cabrera Cabrera,Espanyol,4172000
2026-09-29,Leo Román Leo Román,Deportivo,9557000
2026-09-29,Logan Costa Logan Costa,Villarreal,163000
2026-09-29,Lorenzo Amatucci Amatucci,Deportivo,9441000
2026-09-29,Lucas Boyé Boyé,Alavés,10061000
2026-09-29,Lucas Cepeda Cepeda,Elche,2599000
2026-09-29,Lucas Noubi Noubi,Deportivo,2804000
2026-09-29,Lucas Stassin Stassin,Sevilla,4990000
2026-09-29,Lucas Torró Torró,Osasuna,298000
2026-09-29,Lucien Agoume Agoume,Sevilla,7038000
2026-09-29,Luis Rioja Rioja,Valencia,2857000
2026-09-29,Luismi Cruz Luismi,Deportivo,5539000
2026-09-29,Luiz Felipe Luiz Felipe,Rayo,182000
2026-09-29,Luiz Junior Luiz Junior,Villarreal,2425000
2026-09-29,Luka Sucic L. Sucic,Real Sociedad,7137000
2026-09-29,Luken Beitia Beitia,Real Sociedad,402000
2026-09-29,Maguette Gueye Maguette,Racing,1081000
2026-09-29,Mamadou Sarr M. Sarr,Real Sociedad,3163000
2026-09-29,Manu Bueno Manu Bueno,Sevilla,174000
2026-09-29,Manu Hernando Hernando,Racing,1483000
2026-09-29,Manu Sánchez Manu Sánchez,Levante,4004000
2026-09-29,Marash Kumbulla Kumbulla,Rayo,160000
2026-09-29,Marc Aguado Aguado,Elche,1803000
2026-09-29,Marc Bartra Bartra,Betis,6531000
2026-09-29,Marc Bernal Bernal,Barcelona,9206000
2026-09-29,Marc Casadó Casadó,Deportivo,1331000
2026-09-29,Marc Cucurella Cucurella,Real Madrid,11345000
2026-09-29,Marc Doménech Doménech,Atlético,160000
2026-09-29,Marc Pubill Pubill,Atlético,10167000
2026-09-29,Marc Roca Marc Roca,Betis,7462000
2026-09-29,Marc Santos Marc Santos,Levante,205000
2026-09-29,Marcos Alonso M. Alonso,Celta,7640000
2026-09-29,Marcos Fernández Marcos,Espanyol,1529000
2026-09-29,Marcos Llorente M. Llorente,Atlético,10549000
2026-09-29,Marcão Marcão,Sevilla,160000
2026-09-29,Mariano Díaz Mariano,Alavés,5170000
2026-09-29,Mario Martín Mario Martín,Getafe,477000
2026-09-29,Mario Soriano Mario,Deportivo,6885000
2026-09-29,Marko Dmitrovic Dmitrovic,Espanyol,8922000
2026-09-29,Maroan Sannadi Sannadi,Athletic,183000
2026-09-29,Martim Neto Martim Neto,Elche,160000
2026-09-29,Martín Satriano Satriano,Getafe,5979000
2026-09-29,Mathew Ryan Ryan,Levante,9949000
2026-09-29,Matia Barzic Barzic,Elche,204000
2026-09-29,Matteo Prati Prati,Racing,181000
2026-09-29,Matías Dituro Dituro,Elche,4504000
2026-09-29,Miguel Cubo Cubo,Atlético,170000
2026-09-29,Miguel Loureiro Loureiro,Deportivo,785000
2026-09-29,Miguel Rodríguez Miguel,Alavés,203000
2026-09-29,Miguel Román Román,Celta,5351000
2026-09-29,Miguel Sierra Sierra,Sevilla,5207000
2026-09-29,Mikel Jauregizar Jauregizar,Athletic,2026000
2026-09-29,Mikel Oyarzabal Oyarzabal,Real Sociedad,15445000
2026-09-29,Mikel Rodriguez Mikel Rodriguez,Alavés,160000
2026-09-29,Moi Gómez Moi Gómez,Osasuna,491000
2026-09-29,Morten Hjulmand Hjulmand,Atlético,8333000
2026-09-29,Mouctar Diakhaby Diakhaby,Valencia,160000
2026-09-29,Moussa Diarra Moussa,Málaga,186000
2026-09-29,Mujaid Sadick Mujaid,Rayo,760000
2026-09-29,Nacho Pérez Nacho Pérez,Levante,1068000
2026-09-29,Nahuel Tenaglia Tenaglia,Alavés,9602000
2026-09-29,Natan Natan,Betis,8709000
2026-09-29,Nathan-Dylan Saliba Saliba,Villarreal,3759000
2026-09-29,Nelson Deossa Deossa,Betis,2434000
2026-09-29,Nemanja Gudelj Gudelj,Getafe,1181000
2026-09-29,Nico Guillén Guillén,Sevilla,190000
2026-09-29,Nico Serrano Serrano,Athletic,167000
2026-09-29,Nico Williams N. Williams,Athletic,11721000
2026-09-29,Nicolas Pépé Pépé,Villarreal,14543000
2026-09-29,Nicolás Valentini Valentini,Alavés,780000
2026-09-29,Noé Carrillo Noé Carrillo,Deportivo,169000
2026-09-29,Obed Vargas Vargas,Atlético,160000
2026-09-29,Odysseas Vlachodimos Vlachodimos,Sevilla,8082000
2026-09-29,Oihan Sancet Sancet,Athletic,9333000
2026-09-29,Omar El Hilali El Hilali,Espanyol,5169000
2026-09-29,Orel Mangala Mangala,Getafe,1645000
2026-09-29,Oriol Rey Oriol Rey,Levante,1050000
2026-09-29,Orri Steinn Óskarsson Óskarsson,Real Sociedad,3788000
2026-09-29,Pablo Barrios Barrios,Atlético,10604000
2026-09-29,Pablo Campos Cuñat Campos,Levante,183000
2026-09-29,Pablo Durán Durán,Celta,1122000
2026-09-29,Pablo Fornals Fornals,Betis,13685000
2026-09-29,Pablo García Pablo García,Racing,3093000
2026-09-29,Pablo Gavi Gavi,Barcelona,3247000
2026-09-29,Pablo Ibáñez Ibáñez,Alavés,4984000
2026-09-29,Pablo Maffeo Maffeo,Valencia,2011000
2026-09-29,Pablo Martínez Pablo Martínez,Málaga,399000
2026-09-29,Pablo Marín Marín,Real Sociedad,160000
2026-09-29,Pablo Ramón Pablo Ramón,Racing,2109000
2026-09-29,Paco Cortés Cortés,Levante,207000
2026-09-29,Pape Gueye Pape Gueye,Villarreal,12267000
2026-09-29,Pathé Ciss Pathé Ciss,Rayo,4888000
2026-09-29,Pau Cubarsí Cubarsí,Barcelona,16117000
2026-09-29,Pau Navarro Pau Navarro,Villarreal,1316000
2026-09-29,Pedri González Pedri,Barcelona,21601000
2026-09-29,Pedro Bigas Bigas,Elche,196000
2026-09-29,Pedro Díaz Pedro Díaz,Rayo,1140000
2026-09-29,Pedro Felipe Pedro Felipe,Racing,207000
2026-09-29,Peio Canales Canales,Athletic,1516000
2026-09-29,Pelayo Fernández Pelayo,Rayo,160000
2026-09-29,Pepelu Pepelu,Valencia,4469000
2026-09-29,Peque Peque,Sevilla,1204000
2026-09-29,Pere Milla Pere Milla,Espanyol,1245000
2026-09-29,Petar Ratkov Ratkov,Levante,748000
2026-09-29,Pierre-Emerick Aubameyang Aubameyang,Deportivo,9162000
2026-09-29,Pol Lozano Lozano,Espanyol,206000
2026-09-29,Péter Gulácsi Gulacsi,Villarreal,2023000
2026-09-29,Quilindschy Hartman Hartman,Espanyol,1044000
2026-09-29,Rafa Garrido Rafita,Málaga,3555000
2026-09-29,Rafa Rodríguez Rafa Rodríguez,Málaga,331000
2026-09-29,Rafel Bauzà Bauzà,Espanyol,160000
2026-09-29,Ramón Enríquez Enríquez,Málaga,164000
2026-09-29,Ramón Terrats Terrats,Getafe,6555000
2026-09-29,Randy Nteka Nteka,Rayo,172000
2026-09-29,Raphinha Raphinha,Barcelona,20821000
2026-09-29,Raul Moro Raul Moro,Osasuna,1291000
2026-09-29,Rayane Belaid Rayane,Rayo,178000
2026-09-29,Raúl Asencio Asencio,Real Madrid,370000
2026-09-29,Raúl De Tomás De Tomás,Rayo,210000
2026-09-29,Raúl García Raúl García,Osasuna,1573000
2026-09-29,Renato Veiga Veiga,Villarreal,8135000
2026-09-29,Riki Rodríguez Riki,Deportivo,220000
2026-09-29,Robbie Ure Ure,Sevilla,2344000
2026-09-29,Robert Navarro Navarro,Athletic,4215000
2026-09-29,Roberto Fernández Roberto,Espanyol,11244000
2026-09-29,Robin Le Normand Le Normand,Atlético,2832000
2026-09-29,Rockson Yeboah Yeboah,Osasuna,181000
2026-09-29,Rodri Hernández Rodri,Barcelona,15096000
2026-09-29,Rodrigo Gamón Gamón,Valencia,177000
2026-09-29,Rodrigo Mendoza Mendoza,Atlético,160000
2026-09-29,Rodrigo Riquelme Riquelme,Betis,5293000
2026-09-29,Rodrygo Goes Rodrygo,Real Madrid,660000
2026-09-29,Roger Brugué Brugui,Levante,2443000
2026-09-29,Roger Hinojo Hinojo,Espanyol,2465000
2026-09-29,Romain Del Castillo Del Castillo,Osasuna,666000
2026-09-29,Roony Bardghji Bardghji,Barcelona,165000
2026-09-29,Roy Revivo Revivo,Elche,865000
2026-09-29,Rubén García Rubén G.,Osasuna,2879000
2026-09-29,Rubén López Rubén López,Deportivo,160000
2026-09-29,Rubén Sánchez Rubén Sánchez,Elche,632000
2026-09-29,Rubén Vargas Vargas,Sevilla,1822000
2026-09-29,Ryunosuke Sato Sato,Valencia,1670000
2026-09-29,Saba Sazonov Sazonov,Getafe,190000
2026-09-29,Salvi Esquivel Esquivel,Atlético,160000
2026-09-29,Samu Becerra Becerra,Rayo,160000
2026-09-29,Santi Comesaña Comesaña,Villarreal,4016000
2026-09-29,Santiago Mouriño Mouriño,Villarreal,3344000
2026-09-29,Sebastián Boselli Boselli,Getafe,203000
2026-09-29,Sebastián Cáceres Cáceres,Celta,850000
2026-09-29,Selton Sánchez Selton,Athletic,160000
2026-09-29,Sergi Canós Canós,Valencia,176000
2026-09-29,Sergi Cardona S. Cardona,Villarreal,782000
2026-09-29,Sergio Camello Camello,Rayo,10305000
2026-09-29,Sergio Canales Canales,Racing,7509000
2026-09-29,Sergio Carreira Carreira,Celta,5870000
2026-09-29,Sergio Gómez Sergio Gómez,Real Sociedad,6716000
2026-09-29,Sergio Herrera Herrera,Osasuna,6059000
2026-09-29,Sergio Martínez Sergio Martínez,Real Madrid,160000
2026-09-29,Simon Eriksson Eriksson,Racing,160000
2026-09-29,Stefan Bajcetic Bajcetic,Celta,165000
2026-09-29,Stole Dimitrievski Dimitrievski,Valencia,7064000
2026-09-29,Tajon Buchanan Buchanan,Villarreal,5356000
2026-09-29,Takefusa Kubo Kubo,Real Sociedad,6794000
2026-09-29,Tani Oluwaseyi Oluwaseyi,Villarreal,167000
2026-09-29,Taufik Seidu Taufik,Atlético,169000
2026-09-29,Tete Morente Tete Morente,Elche,1530000
2026-09-29,Thiago Fernández Thiago,Levante,961000
2026-09-29,Thiago Pitarch Thiago,Real Madrid,160000
2026-09-29,Thibaut Courtois Courtois,Real Madrid,10120000
2026-09-29,Thomas Lemar Lemar,Elche,1759000
2026-09-29,Toni Martinez Toni Martinez,Alavés,6006000
2026-09-29,Trent Alexander-Arnold Alexander-Arnold,Real Madrid,5477000
2026-09-29,Troy Parrott Parrott,Betis,6622000
2026-09-29,Tyrhys Dolan Dolan,Espanyol,3427000
2026-09-29,Umar Sadiq Sadiq,Valencia,1222000
2026-09-29,Unai Egiluz Egiluz,Athletic,160000
2026-09-29,Unai López Unai López,Rayo,5067000
2026-09-29,Unai Marrero Marrero,Real Sociedad,312000
2026-09-29,Unai Núñez U. Núñez,Espanyol,2394000
2026-09-29,Unai Santos Unai Santos,Osasuna,280000
2026-09-29,Unai Simón Unai Simón,Athletic,9767000
2026-09-29,Urko González de Zarate Urko,Espanyol,1467000
2026-09-29,Valentin Rosier Rosier,Osasuna,439000
2026-09-29,Valentín Gómez Valentín Gómez,Betis,736000
2026-09-29,Vanja Drkusic Drkusic,Espanyol,160000
2026-09-29,Ville Koski Koski,Alavés,4868000
2026-09-29,Vinicius Junior Vinicius,Real Madrid,19634000
2026-09-29,Víctor Chust Chust,Elche,1900000
2026-09-29,Víctor García Víctor García,Levante,293000
2026-09-29,Williot Swedberg Swedberg,Celta,1432000
2026-09-29,Wojciech Szczesny Szczesny,Barcelona,160000
2026-09-29,Xanet Oláiz Oláiz,Alavés,183000
2026-09-29,Xavi Espart Espart,Barcelona,5288000
2026-09-29,Ximo Navarro Ximo,Deportivo,2196000
2026-09-29,Yago Santiago Santiago,Elche,160000
2026-09-29,Yan Diomande Y. Diomande,Real Madrid,16217000
2026-09-29,Yangel Herrera Herrera,Real Sociedad,4942000
2026-09-29,Yanis Musuayi Musuayi,Levante,198000
2026-09-29,Yassir Zabiri Zabiri,Racing,6673000
2026-09-29,Yeray Álvarez Yeray,Athletic,2220000
2026-09-29,Yeremay Hernández Yeremay,Deportivo,6948000
2026-09-29,Yoel Lago Lago,Celta,2576000
2026-09-29,Youssef Enríquez Youssef,Alavés,1538000
2026-09-29,Youssouf Fofana Fofana,Sevilla,6421000
2026-09-29,Yuri Berchiche Yuri,Athletic,5911000
2026-09-29,Zaid Romero Romero,Getafe,5258000
2026-09-29,Zakaria Eddahchouri Eddahchouri,Deportivo,1280000
2026-09-29,Álex Baena Baena,Atlético,13569000
2026-09-29,Álex Berenguer Berenguer,Athletic,5279000
2026-09-29,Álex Calatrava Calatrava,Espanyol,4378000
2026-09-29,Álex Grimaldo Grimaldo,Atlético,10297000
2026-09-29,Álex Pastor Pastor,Málaga,160000
2026-09-29,Álex Remiro Remiro,Real Sociedad,9954000
2026-09-29,Álvaro Djaló Djaló,Athletic,160000
2026-09-29,Álvaro F. Carreras A. F. Carreras,Real Madrid,3612000
2026-09-29,Álvaro Fernández Álvaro,Deportivo,160000
2026-09-29,Álvaro Fidalgo Fidalgo,Betis,214000
2026-09-29,Álvaro García Álvaro García,Rayo,9360000
2026-09-29,Álvaro Leiva Leiva,Real Madrid,181000
2026-09-29,Álvaro Mantilla Mantilla,Racing,1153000
2026-09-29,Álvaro Núñez Á. Núñez,Celta,1409000
2026-09-29,Álvaro Odriozola Odriozola,Real Sociedad,160000
2026-09-29,Álvaro Padilla Padilla,Elche,160000
2026-09-29,Álvaro Valles Valles,Betis,11479000
2026-09-29,Ángel Fortuño Fortuño,Espanyol,160000
2026-09-29,Ángel Ortiz Ortiz,Betis,160000
2026-09-29,Ángel Pérez Ángel Pérez,Alavés,8106000
2026-09-29,Éder Militão Militão,Real Madrid,1947000
2026-09-29,Íñigo Ruiz de Galarreta R. de Galarreta,Athletic,6072000
2026-09-29,Íñigo Sainz-Maza Sainz-Maza,Racing,160000
2026-09-29,Óscar López Óscar López,Getafe,169000
2026-09-29,Óscar Valentín Valentín,Rayo,1285000
2026-09-30,Aaron Ndive Mayol Mayol,Valencia,954000
2026-09-30,Aarón Martín Aarón,Racing,160000
2026-09-30,Aarón Ochoa Ochoa,Málaga,160000
2026-09-30,Abde Ezzalzouli Abde,Betis,13396000
2026-09-30,Abde Rebbach Rebbach,Alavés,1682000
2026-09-30,Abdel Abqar Abqar,Getafe,210000
2026-09-30,Abdoulaye Faye Faye,Celta,160000
2026-09-30,Abel Bretones Bretones,Osasuna,2044000
2026-09-30,Abiel Osorio Osorio,Elche,829000
2026-09-30,Adam Aznou Aznou,Málaga,160000
2026-09-30,Adam Boayar Adam Boayar,Elche,169000
2026-09-30,Adama Traoré A. Traoré,Deportivo,3650000
2026-09-30,Ademola Lookman Lookman,Atlético,10076000
2026-09-30,Adrià Altimira Altimira,Deportivo,824000
2026-09-30,Adrià Pedrosa Pedrosa,Rayo,1784000
2026-09-30,Adrián Niño Niño,Málaga,830000
2026-09-30,Adrián Rodríguez Adrián,Alavés,180000
2026-09-30,Adrián de la Fuente De la Fuente,Levante,10017000
2026-09-30,Aihen Muñoz Aihen,Real Sociedad,191000
2026-09-30,Aimar Oroz Oroz,Osasuna,1840000
2026-09-30,Aissa Mandi Mandi,Levante,4599000
2026-09-30,Aitor Fernández Aitor,Osasuna,1012000
2026-09-30,Aitor Mañas Aitor Mañas,Alavés,173000
2026-09-30,Aitor Paredes Paredes,Athletic,5668000
2026-09-30,Aitor Ruibal Ruibal,Betis,264000
2026-09-30,Alassane Diatta Diatta,Villarreal,160000
2026-09-30,Alberto Moleiro Moleiro,Villarreal,11726000
2026-09-30,Alberto Risco Risco,Getafe,160000
2026-09-30,Aleix Febas Febas,Celta,7172000
2026-09-30,Alejandro Balde Balde,Barcelona,1863000
2026-09-30,Alejandro Catena Catena,Osasuna,7596000
2026-09-30,Alejandro Iturbe Iturbe,Elche,187000
2026-09-30,Alejandro Rego Rego,Athletic,173000
2026-09-30,Alemão Alemão,Rayo,764000
2026-09-30,Alex Freeman Freeman,Villarreal,1794000
2026-09-30,Alex Marchal Marchal,Real Sociedad,160000
2026-09-30,Alex Padilla Padilla,Athletic,195000
2026-09-30,Alexander Sorloth Sörloth,Atlético,4011000
2026-09-30,Alfonso González Alfon,Sevilla,193000
2026-09-30,Alfonso Herrero Herrero,Málaga,9096000
2026-09-30,Ali Houary Ali Houary,Elche,160000
2026-09-30,Aliou Dieng Dieng,Valencia,526000
2026-09-30,Altay Bayindir Bayindir,Celta,160000
2026-09-30,Ander Barrenetxea Barrenetxea,Real Sociedad,8184000
2026-09-30,Ander Guevara Guevara,Alavés,436000
2026-09-30,Andoni Gorosabel Gorosabel,Espanyol,160000
2026-09-30,Andreas Christensen A. Christensen,Barcelona,2736000
2026-09-30,Andrei Ratiu Ratiu,Rayo,8159000
2026-09-30,Andriy Lunin Lunin,Real Madrid,191000
2026-09-30,André Almeida Almeida,Racing,1063000
2026-09-30,Andrés Antañón Antañón,Celta,160000
2026-09-30,Andrés Castrín Castrín,Sevilla,4509000
2026-09-30,Andrés García Andrés García,Getafe,3646000
2026-09-30,Andrés Martín Andrés Martín,Racing,2970000
2026-09-30,Angel Recio Recio,Málaga,1780000
2026-09-30,Angeliño Angeliño,Deportivo,985000
2026-09-30,Antal Yaakobishvili Yaakobishvili,Atlético,292000
2026-09-30,Ante Budimir Budimir,Osasuna,16596000
2026-09-30,Anthony Gordon Gordon,Barcelona,14890000
2026-09-30,Antonio Blanco Blanco,Alavés,6133000
2026-09-30,Antonio Rüdiger Rüdiger,Real Madrid,6458000
2026-09-30,Antonio Sivera Sivera,Alavés,10614000
2026-09-30,Antony Antony,Betis,14818000
2026-09-30,Arda Güler Güler,Real Madrid,15603000
2026-09-30,Arkaitz Mariezkurrena Mariezkurrena,Real Sociedad,160000
2026-09-30,Arnau Comas Comas,Deportivo,160000
2026-09-30,Arnau Martínez Arnau,Valencia,2170000
2026-09-30,Arnau Ortiz Ortiz,Atlético,516000
2026-09-30,Arnaut Danjuma Danjuma,Valencia,5648000
2026-09-30,Arouna Sangante Sangante,Sevilla,260000
2026-09-30,Arsen Zakharyan Zakharyan,Real Sociedad,196000
2026-09-30,Asier Osambela Osambela,Osasuna,384000
2026-09-30,Asier Villalibre Villalibre,Racing,1480000
2026-09-30,Augusto Batalla Batalla,Rayo,1877000
2026-09-30,Aurélien Tchouaméni Tchouaméni,Real Madrid,9604000
2026-09-30,Axel Tape Tape,Levante,160000
2026-09-30,Aymeric Laporte Laporte,Athletic,10972000
2026-09-30,Ayoze Pérez Ayoze,Villarreal,6504000
2026-09-30,Bambo Diaby Bambo,Elche,182000
2026-09-30,Bernardo Silva Bernardo Silva,Real Madrid,9618000
2026-09-30,Beñat Gerenabarrena Gerenabarrena,Athletic,2332000
2026-09-30,Beñat Prados Prados,Athletic,160000
2026-09-30,Beñat Turrientes Turrientes,Real Sociedad,1829000
2026-09-30,Bil Nsongo Bil Nsongo,Deportivo,5863000
2026-09-30,Borja Iglesias Iglesias,Celta,5989000
2026-09-30,Borja Mayoral Mayoral,Getafe,179000
2026-09-30,Boyomo Boyomo,Osasuna,2326000
2026-09-30,Brahim Díaz Brahim,Real Madrid,2231000
2026-09-30,Brian Fariñas Fariñas,Barcelona,183000
2026-09-30,Bright Ede Ede,Deportivo,631000
2026-09-30,Bryan Zaragoza Bryan,Espanyol,6805000
2026-09-30,Buba Sangaré Sangaré,Elche,2860000
2026-09-30,Carl Starfelt Starfelt,Celta,3376000
2026-09-30,Carles Aleñá Aleñá,Alavés,186000
2026-09-30,Carlos Ballestero Ballestero,Alavés,160000
2026-09-30,Carlos Benavidez Protesoni,Alavés,227000
2026-09-30,Carlos Dotor Dotor,Málaga,2816000
2026-09-30,Carlos Espí Carlos Espí,Real Madrid,9817000
2026-09-30,Carlos López Carlos López,Málaga,201000
2026-09-30,Carlos Macià Carlos Macià,Villarreal,309000
2026-09-30,Carlos Puga Puga,Málaga,2594000
2026-09-30,Carlos Romero Romero,Villarreal,7220000
2026-09-30,Carlos Soler Carlos Soler,Real Sociedad,8390000
2026-09-30,Chidera Ejuke Ejuke,Sevilla,4793000
2026-09-30,Christantus Uche Uche,Getafe,1278000
2026-09-30,Chupete Chupete,Málaga,5080000
2026-09-30,Clemens Riedel Riedel,Espanyol,1012000
2026-09-30,Coke Carrillo Carrillo,Celta,160000
2026-09-30,Couhaib Driouech Driouech,Celta,198000
2026-09-30,Cristian Rivero Rivero,Valencia,210000
2026-09-30,Cristian Romero Romero,Atlético,10385000
2026-09-30,Cucho Hernández Cucho,Betis,10206000
2026-09-30,César Tárrega Tárrega,Valencia,1641000
2026-09-30,Dakonam Djené Djené,Getafe,3768000
2026-09-30,Dani Barcia Barcia,Deportivo,160000
2026-09-30,Dani Ceballos Ceballos,Betis,1844000
2026-09-30,Dani Cárdenas Cárdenas,Rayo,1074000
2026-09-30,Dani Díaz Dani Díaz,Real Sociedad,160000
2026-09-30,Dani Lorenzo Lorenzo,Málaga,3616000
2026-09-30,Dani Martínez Dani Martínez,Atlético,210000
2026-09-30,Dani Olmo Olmo,Barcelona,15031000
2026-09-30,Dani Requena Requena,Levante,197000
2026-09-30,Dani Vivian Vivian,Athletic,1052000
2026-09-30,Daniel Raba Raba,Valencia,217000
2026-09-30,Daniel Yáñez Yáñez,Real Madrid,170000
2026-09-30,David Hancko Hancko,Atlético,9956000
2026-09-30,David Larrubia Larrubia,Málaga,7103000
2026-09-30,David Mella Mella,Deportivo,364000
2026-09-30,David Otorbi Otorbi,Valencia,1124000
2026-09-30,David Soria Soria,Getafe,10501000
2026-09-30,Davinchi Davinchi,Getafe,160000
2026-09-30,Dean Huijsen Huijsen,Real Madrid,9584000
2026-09-30,Denis Suárez Denis Suárez,Alavés,1978000
2026-09-30,Denzel Dumfries Dumfries,Real Madrid,6874000
2026-09-30,Diego Aguado D. Aguado,Real Madrid,160000
2026-09-30,Diego Conde Conde,Betis,160000
2026-09-30,Diego Javier Llorente D. Llorente,Betis,1862000
2026-09-30,Diego López Diego López,Valencia,164000
2026-09-30,Diego Murillo Murillo,Málaga,160000
2026-09-30,Diego Rico Diego Rico,Osasuna,274000
2026-09-30,Diego Villares Villares,Deportivo,558000
2026-09-30,Dimitri Foulquier Foulquier,Valencia,186000
2026-09-30,Dominik Livakovic Livakovic,Barcelona,914000
2026-09-30,Edu Expósito Edu Expósito,Espanyol,10238000
2026-09-30,Eduardo Camavinga Camavinga,Real Madrid,4052000
2026-09-30,Einar Galilea Galilea,Málaga,2249000
2026-09-30,Emil Audero Audero,Rayo,1559000
2026-09-30,Endrick Endrick,Real Madrid,475000
2026-09-30,Eneko Jauregi Jauregi,Málaga,163000
2026-09-30,Enes Ünal Enes Ünal,Getafe,5234000
2026-09-30,Enzo Bardelli Bardeli,Levante,2053000
2026-09-30,Eric Garcia Eric Garcia,Barcelona,13929000
2026-09-30,Ezequiel Ponce Ponce,Elche,160000
2026-09-30,Facundo Bernal Bernal,Betis,3449000
2026-09-30,Facundo Buonanotte Buonanotte,Elche,1676000
2026-09-30,Facundo Garcés Garcés,Alavés,160000
2026-09-30,Facundo González Facu González,Racing,520000
2026-09-30,Federico Redondo Redondo,Elche,175000
2026-09-30,Federico Valverde Valverde,Real Madrid,14422000
2026-09-30,Ferland Mendy Mendy,Real Madrid,160000
2026-09-30,Fermín López Fermín,Barcelona,17787000
2026-09-30,Fernando Calero Calero,Málaga,286000
2026-09-30,Fernando Niño Fer Niño,Elche,5528000
2026-09-30,Ferran Jutglà Jutglà,Celta,6988000
2026-09-30,Filip Ugrinic Ugrinic,Valencia,1189000
2026-09-30,Florian Lejeune Lejeune,Rayo,5966000
2026-09-30,Fran García Fran García,Betis,7387000
2026-09-30,Fran González Fran González,Sevilla,160000
2026-09-30,Fran Pérez Fran Pérez,Rayo,188000
2026-09-30,Francho Serrano Francho,Getafe,401000
2026-09-30,Frenkie de Jong F. de Jong,Barcelona,2104000
2026-09-30,Fábio Cardoso Cardoso,Sevilla,160000
2026-09-30,Félix Correia Félix Correia,Sevilla,1683000
2026-09-30,Gabriel Jesus Gabriel Jesús,Barcelona,6289000
2026-09-30,Gabriel Moscardo Moscardo,Espanyol,509000
2026-09-30,Gabriel Suazo Suazo,Sevilla,5346000
2026-09-30,Georges Mikautadze Mikautadze,Villarreal,12582000
2026-09-30,Georgiy Tsitaishvili Tsitaishvili,Rayo,581000
2026-09-30,Gerard Martín Martín,Barcelona,10656000
2026-09-30,Gerard Moreno Gerard,Villarreal,13519000
2026-09-30,Germán Parreño,Deportivo,167000
2026-09-30,Germán Valera Valera,Elche,7927000
2026-09-30,Giacomo Quagliata Quagliata,Deportivo,5132000
2026-09-30,Giorgi Guliashvili Guliashvili,Racing,160000
2026-09-30,Giorgi Kochorashvili Kochorashvili,Sevilla,1793000
2026-09-30,Giovani Lo Celso Lo Celso,Betis,2670000
2026-09-30,Giuliano Simeone Giuliano,Atlético,10371000
2026-09-30,Gnangoro Bouare Bouare,Rayo,344000
2026-09-30,Gonzalo Villar Villar,Elche,5289000
2026-09-30,Gonçalo Guedes Guedes,Real Sociedad,5778000
2026-09-30,Gorka Carrera Carrera,Real Sociedad,160000
2026-09-30,Gorka Guruzeta Guruzeta,Athletic,2610000
2026-09-30,Grady Diangana Diangana,Elche,180000
2026-09-30,Guido Rodríguez Guido,Valencia,7779000
2026-09-30,Haitam Abaida Haitam,Málaga,183000
2026-09-30,Hamza Abdelkarim Abdelkarim,Barcelona,842000
2026-09-30,Harvey Elliott Elliott,Valencia,2907000
2026-09-30,Hugo Burcio Burcio,Celta,183000
2026-09-30,Hugo Duro Duro,Valencia,2969000
2026-09-30,Hugo González Hugo González,Celta,1396000
2026-09-30,Hugo Novoa Novoa,Alavés,210000
2026-09-30,Hugo Rincón Rincón,Athletic,169000
2026-09-30,Hugo Sotelo Sotelo,Levante,188000
2026-09-30,Hugo Álvarez Hugo Álvarez,Celta,954000
2026-09-30,Héctor Bellerín Bellerín,Betis,6040000
2026-09-30,Héctor Fort Fort,Real Sociedad,1050000
2026-09-30,Iago Aspas Aspas,Celta,3491000
2026-09-30,Ibrahima Konaté Konaté,Real Madrid,9386000
2026-09-30,Ifeanyi Ndukwe Ndukwe,Levante,181000
2026-09-30,Igor Zubeldia Zubeldia,Real Sociedad,2141000
2026-09-30,Iker Córdoba Córdoba,Valencia,160000
2026-09-30,Iker Losada Losada,Betis,160000
2026-09-30,Iker Luque Luque,Racing,160000
2026-09-30,Iker Muñoz Iker Muñoz,Osasuna,2326000
2026-09-30,Ilaix Moriba Moriba,Celta,5301000
2026-09-30,Ilias Akhomach Akhomach,Villarreal,1113000
2026-09-30,Ionut Radu Radu,Celta,9907000
2026-09-30,Isaac Romero Romero,Sevilla,2968000
2026-09-30,Isco Alarcón Isco,Betis,9959000
2026-09-30,Isi Palazón Isi,Rayo,3757000
2026-09-30,Iván Azón Iván Azón,Getafe,1367000
2026-09-30,Iván Balliu Balliu,Rayo,220000
2026-09-30,Iván Martín Iván Martín,Racing,2557000
2026-09-30,Iván Romero Iván Romero,Levante,6844000
2026-09-30,Iván Villar Iván Villar,Celta,177000
2026-09-30,Izan Merino Merino,Málaga,1074000
2026-09-30,Iñaki Rupérez Rupérez,Real Sociedad,165000
2026-09-30,Iñaki Williams I. Williams,Athletic,5424000
2026-09-30,Iñigo Arguibide Arguibide,Osasuna,1364000
2026-09-30,Iñigo Vicente Iñigo Vicente,Racing,10051000
2026-09-30,Jairo Noriega Noriega,Deportivo,165000
2026-09-30,Jan Oblak Oblak,Atlético,10128000
2026-09-30,Javi Galán Galán,Celta,2355000
2026-09-30,Javi Guerra Javi Guerra,Valencia,5367000
2026-09-30,Javi Morcillo Morcillo,Elche,962000
2026-09-30,Javi Puado Puado,Espanyol,614000
2026-09-30,Javi Rodríguez Javi Rodríguez,Celta,1150000
2026-09-30,Javi Rueda Rueda,Celta,3820000
2026-09-30,Jean Ives Valou Valou,Getafe,182000
2026-09-30,Jeanuël Belocian Belocian,Racing,1374000
2026-09-30,Jens Cajuste Cajuste,Málaga,165000
2026-09-30,Jeremy Toljan Toljan,Levante,1463000
2026-09-30,Jesse Bisiwu Bisiwu,Barcelona,161000
2026-09-30,Jesús Areso Areso,Athletic,2619000
2026-09-30,Jesús Vázquez Jesús Vázquez,Valencia,391000
2026-09-30,Jiri Letácek Letácek,Getafe,160000
2026-09-30,Joan Garcia Joan Garcia,Barcelona,14394000
2026-09-30,Joao Cancelo Cancelo,Barcelona,11200000
2026-09-30,Joaquín Muñoz Joaquín,Málaga,1227000
2026-09-30,Job Ochieng Ochieng,Real Sociedad,1146000
2026-09-30,Jofre Carreras Jofre,Espanyol,169000
2026-09-30,Johan Mojica Mojica,Getafe,5463000
2026-09-30,Johaneko Louis-Jean Johaneko,Athletic,693000
2026-09-30,Johnny Cardoso Cardoso,Atlético,1191000
2026-09-30,Jon Ander Olasagasti Olasagasti,Levante,4989000
2026-09-30,Jon Aramburu Aramburu,Real Sociedad,7038000
2026-09-30,Jon Gorrotxategi Gorrotxategi,Real Sociedad,576000
2026-09-30,Jon Guridi Guridi,Sevilla,2675000
2026-09-30,Jon Martín Jon Martín,Real Sociedad,4988000
2026-09-30,Jon Moncayola Moncayola,Osasuna,2511000
2026-09-30,Jon Pacheco Pacheco,Real Sociedad,160000
2026-09-30,Jonathan Asp Jensen Asp Jensen,Deportivo,160000
2026-09-30,Jonathan David Jonathan David,Atlético,8749000
2026-09-30,Jonathan Dubasin Dubasin,Osasuna,932000
2026-09-30,Jones El-Abdellaoui El-Abdellaoui,Celta,160000
2026-09-30,Jonny Castro Jonny,Alavés,4430000
2026-09-30,Jordi Pesquer Pesquer,Barcelona,160000
2026-09-30,Jorge Cabello Jorge Cabello,Levante,175000
2026-09-30,Jorge Cestero Cestero,Real Madrid,168000
2026-09-30,Jorge Domínguez Jorge Domínguez,Atlético,178000
2026-09-30,Jorge Herrando Herrando,Osasuna,160000
2026-09-30,Jorge Montes Montes,Getafe,187000
2026-09-30,Jorge Salinas Salinas,Racing,3892000
2026-09-30,Jorge de Frutos De Frutos,Rayo,5840000
2026-09-30,Josan Ferrández Josan,Elche,172000
2026-09-30,Joselu Pérez Joselu,Getafe,167000
2026-09-30,José Gayà Gayà,Valencia,3025000
2026-09-30,José Manuel Copete Copete,Valencia,160000
2026-09-30,José María Giménez Giménez,Deportivo,3320000
2026-09-30,José Salinas Salinas,Málaga,761000
2026-09-30,José Ángel Carmona Carmona,Sevilla,165000
2026-09-30,José Ángel López José Ángel,Espanyol,172000
2026-09-30,Jozhua Vertrouwd Vertrouwd,Rayo,189000
2026-09-30,Juan Berrocal Berrocal,Málaga,240000
2026-09-30,Juan Carlos Arana Arana,Racing,160000
2026-09-30,Juan Cruz Juan Cruz,Málaga,1359000
2026-09-30,Juan Foyth Foyth,Villarreal,5109000
2026-09-30,Juan Iglesias Iglesias,Sevilla,7153000
2026-09-30,Juan Musso Musso,Atlético,203000
2026-09-30,Juanmi Jiménez Juanmi,Getafe,209000
2026-09-30,Jude Bellingham Bellingham,Real Madrid,20020000
2026-09-30,Julen Agirrezabala Agirrezabala,Racing,6021000
2026-09-30,Julen Lobete Lobete,Málaga,160000
2026-09-30,Jules Koundé Koundé,Barcelona,5786000
2026-09-30,Julio Díaz Julio Díaz,Sevilla,160000
2026-09-30,Julián Álvarez Alvarez,Atlético,11261000
2026-09-30,Junior Firpo Junior,Betis,483000
2026-09-30,Justin de Haas De Haas,Valencia,2527000
2026-09-30,Kang-In Lee Kang-In Lee,Atlético,11967000
2026-09-30,Karim Adeyemi Adeyemi,Barcelona,12599000
2026-09-30,Karl Etta Eyong Etta Eyong,Levante,1655000
2026-09-30,Kayne van Oevelen Van Oevelen,Valencia,175000
2026-09-30,Kevin Lomónaco Lomónaco,Elche,488000
2026-09-30,Kevin Sánchez Kevin Sánchez,Deportivo,160000
2026-09-30,Kike Barja Kike Barja,Osasuna,1022000
2026-09-30,Kike García Kike García,Espanyol,188000
2026-09-30,Kike Salas Kike Salas,Sevilla,4835000
2026-09-30,Kiko Femenia Femenia,Getafe,175000
2026-09-30,Koke Resurrección Koke,Atlético,10005000
2026-09-30,Kylian Mbappé Mbappé,Real Madrid,24666000
2026-09-30,Lamine Yamal Yamal,Barcelona,23882000
2026-09-30,Lander Pinillos Pinillos,Alavés,160000
2026-09-30,Laro Gómez Laro Gómez,Racing,179000
2026-09-30,Leandro Cabrera Cabrera,Espanyol,4042000
2026-09-30,Leo Román Leo Román,Deportivo,9434000
2026-09-30,Logan Costa Logan Costa,Villarreal,198000
2026-09-30,Lorenzo Amatucci Amatucci,Deportivo,9522000
2026-09-30,Lucas Boyé Boyé,Alavés,10075000
2026-09-30,Lucas Cepeda Cepeda,Elche,2695000
2026-09-30,Lucas Noubi Noubi,Deportivo,2676000
2026-09-30,Lucas Stassin Stassin,Sevilla,4889000
2026-09-30,Lucas Torró Torró,Osasuna,263000
2026-09-30,Lucien Agoume Agoume,Sevilla,7155000
2026-09-30,Luis Rioja Rioja,Valencia,2906000
2026-09-30,Luismi Cruz Luismi,Deportivo,5601000
2026-09-30,Luiz Felipe Luiz Felipe,Rayo,167000
2026-09-30,Luiz Junior Luiz Junior,Villarreal,2314000
2026-09-30,Luka Sucic L. Sucic,Real Sociedad,7290000
2026-09-30,Luken Beitia Beitia,Real Sociedad,436000
2026-09-30,Maguette Gueye Maguette,Racing,1048000
2026-09-30,Mamadou Sarr M. Sarr,Real Sociedad,3024000
2026-09-30,Manu Bueno Manu Bueno,Sevilla,160000
2026-09-30,Manu Hernando Hernando,Racing,1417000
2026-09-30,Manu Sánchez Manu Sánchez,Levante,4115000
2026-09-30,Marash Kumbulla Kumbulla,Rayo,160000
2026-09-30,Marc Aguado Aguado,Elche,1728000
2026-09-30,Marc Bartra Bartra,Betis,6558000
2026-09-30,Marc Bernal Bernal,Barcelona,9055000
2026-09-30,Marc Casadó Casadó,Deportivo,1271000
2026-09-30,Marc Cucurella Cucurella,Real Madrid,11256000
2026-09-30,Marc Doménech Doménech,Atlético,160000
2026-09-30,Marc Pubill Pubill,Atlético,10184000
2026-09-30,Marc Roca Marc Roca,Betis,7523000
2026-09-30,Marc Santos Marc Santos,Levante,186000
2026-09-30,Marcos Alonso M. Alonso,Celta,7484000
2026-09-30,Marcos Fernández Marcos,Espanyol,1595000
2026-09-30,Marcos Llorente M. Llorente,Atlético,10572000
2026-09-30,Marcão Marcão,Sevilla,183000
2026-09-30,Mariano Díaz Mariano,Alavés,5227000
2026-09-30,Mario Martín Mario Martín,Getafe,415000
2026-09-30,Mario Soriano Mario,Deportivo,7005000
2026-09-30,Marko Dmitrovic Dmitrovic,Espanyol,8771000
2026-09-30,Maroan Sannadi Sannadi,Athletic,160000
2026-09-30,Martim Neto Martim Neto,Elche,160000
2026-09-30,Martín Satriano Satriano,Getafe,5916000
2026-09-30,Mathew Ryan Ryan,Levante,9884000
2026-09-30,Matia Barzic Barzic,Elche,199000
2026-09-30,Matteo Prati Prati,Racing,160000
2026-09-30,Matías Dituro Dituro,Elche,4409000
2026-09-30,Miguel Cubo Cubo,Atlético,170000
2026-09-30,Miguel Loureiro Loureiro,Deportivo,743000
2026-09-30,Miguel Rodríguez Miguel,Alavés,192000
2026-09-30,Miguel Román Román,Celta,5409000
2026-09-30,Miguel Sierra Sierra,Sevilla,5317000
2026-09-30,Mikel Jauregizar Jauregizar,Athletic,2069000
2026-09-30,Mikel Oyarzabal Oyarzabal,Real Sociedad,15392000
2026-09-30,Mikel Rodriguez Mikel Rodriguez,Alavés,163000
2026-09-30,Moi Gómez Moi Gómez,Osasuna,460000
2026-09-30,Morten Hjulmand Hjulmand,Atlético,8172000
2026-09-30,Mouctar Diakhaby Diakhaby,Valencia,183000
2026-09-30,Moussa Diarra Moussa,Málaga,182000
2026-09-30,Mujaid Sadick Mujaid,Rayo,799000
2026-09-30,Nacho Pérez Nacho Pérez,Levante,1027000
2026-09-30,Nahuel Tenaglia Tenaglia,Alavés,9496000
2026-09-30,Natan Natan,Betis,8894000
2026-09-30,Nathan-Dylan Saliba Saliba,Villarreal,3893000
2026-09-30,Nelson Deossa Deossa,Betis,2529000
2026-09-30,Nemanja Gudelj Gudelj,Getafe,1185000
2026-09-30,Nico Guillén Guillén,Sevilla,160000
2026-09-30,Nico Serrano Serrano,Athletic,160000
2026-09-30,Nico Williams N. Williams,Athletic,11770000
2026-09-30,Nicolas Pépé Pépé,Villarreal,14458000
2026-09-30,Nicolás Valentini Valentini,Alavés,833000
2026-09-30,Noé Carrillo Noé Carrillo,Deportivo,160000
2026-09-30,Obed Vargas Vargas,Atlético,160000
2026-09-30,Odysseas Vlachodimos Vlachodimos,Sevilla,8130000
2026-09-30,Oihan Sancet Sancet,Athletic,9388000
2026-09-30,Omar El Hilali El Hilali,Espanyol,5112000
2026-09-30,Orel Mangala Mangala,Getafe,1585000
2026-09-30,Oriol Rey Oriol Rey,Levante,1023000
2026-09-30,Orri Steinn Óskarsson Óskarsson,Real Sociedad,3617000
2026-09-30,Pablo Barrios Barrios,Atlético,10580000
2026-09-30,Pablo Campos Cuñat Campos,Levante,160000
2026-09-30,Pablo Durán Durán,Celta,1155000
2026-09-30,Pablo Fornals Fornals,Betis,13567000
2026-09-30,Pablo García Pablo García,Racing,3202000
2026-09-30,Pablo Gavi Gavi,Barcelona,3123000
2026-09-30,Pablo Ibáñez Ibáñez,Alavés,4865000
2026-09-30,Pablo Maffeo Maffeo,Valencia,1983000
2026-09-30,Pablo Martínez Pablo Martínez,Málaga,363000
2026-09-30,Pablo Marín Marín,Real Sociedad,173000
2026-09-30,Pablo Ramón Pablo Ramón,Racing,2031000
2026-09-30,Paco Cortés Cortés,Levante,190000
2026-09-30,Pape Gueye Pape Gueye,Villarreal,12237000
2026-09-30,Pathé Ciss Pathé Ciss,Rayo,5067000
2026-09-30,Pau Cubarsí Cubarsí,Barcelona,16089000
2026-09-30,Pau Navarro Pau Navarro,Villarreal,1349000
2026-09-30,Pedri González Pedri,Barcelona,21576000
2026-09-30,Pedro Bigas Bigas,Elche,217000
2026-09-30,Pedro Díaz Pedro Díaz,Rayo,1152000
2026-09-30,Pedro Felipe Pedro Felipe,Racing,201000
2026-09-30,Peio Canales Canales,Athletic,1488000
2026-09-30,Pelayo Fernández Pelayo,Rayo,210000
2026-09-30,Pepelu Pepelu,Valencia,4347000
2026-09-30,Peque Peque,Sevilla,1152000
2026-09-30,Pere Milla Pere Milla,Espanyol,1192000
2026-09-30,Petar Ratkov Ratkov,Levante,679000
2026-09-30,Pierre-Emerick Aubameyang Aubameyang,Deportivo,9095000
2026-09-30,Pol Lozano Lozano,Espanyol,177000
2026-09-30,Péter Gulácsi Gulacsi,Villarreal,2099000
2026-09-30,Quilindschy Hartman Hartman,Espanyol,1007000
2026-09-30,Rafa Garrido Rafita,Málaga,3654000
2026-09-30,Rafa Rodríguez Rafa Rodríguez,Málaga,348000
2026-09-30,Rafel Bauzà Bauzà,Espanyol,160000
2026-09-30,Ramón Enríquez Enríquez,Málaga,189000
2026-09-30,Ramón Terrats Terrats,Getafe,6661000
2026-09-30,Randy Nteka Nteka,Rayo,160000
2026-09-30,Raphinha Raphinha,Barcelona,20834000
2026-09-30,Raul Moro Raul Moro,Osasuna,1232000
2026-09-30,Rayane Belaid Rayane,Rayo,176000
2026-09-30,Raúl Asencio Asencio,Real Madrid,406000
2026-09-30,Raúl De Tomás De Tomás,Rayo,171000
2026-09-30,Raúl García Raúl García,Osasuna,1517000
2026-09-30,Renato Veiga Veiga,Villarreal,8281000
2026-09-30,Riki Rodríguez Riki,Deportivo,254000
2026-09-30,Robbie Ure Ure,Sevilla,2296000
2026-09-30,Robert Navarro Navarro,Athletic,4398000
2026-09-30,Roberto Fernández Roberto,Espanyol,11327000
2026-09-30,Robin Le Normand Le Normand,Atlético,2912000
2026-09-30,Rockson Yeboah Yeboah,Osasuna,180000
2026-09-30,Rodri Hernández Rodri,Barcelona,15139000
2026-09-30,Rodrigo Gamón Gamón,Valencia,190000
2026-09-30,Rodrigo Mendoza Mendoza,Atlético,207000
2026-09-30,Rodrigo Riquelme Riquelme,Betis,5186000
2026-09-30,Rodrygo Goes Rodrygo,Real Madrid,685000
2026-09-30,Roger Brugué Brugui,Levante,2553000
2026-09-30,Roger Hinojo Hinojo,Espanyol,2482000
2026-09-30,Romain Del Castillo Del Castillo,Osasuna,614000
2026-09-30,Roony Bardghji Bardghji,Barcelona,160000
2026-09-30,Roy Revivo Revivo,Elche,927000
2026-09-30,Rubén García Rubén G.,Osasuna,2798000
2026-09-30,Rubén López Rubén López,Deportivo,167000
2026-09-30,Rubén Sánchez Rubén Sánchez,Elche,661000
2026-09-30,Rubén Vargas Vargas,Sevilla,1755000
2026-09-30,Ryunosuke Sato Sato,Valencia,1603000
2026-09-30,Saba Sazonov Sazonov,Getafe,176000
2026-09-30,Salvi Esquivel Esquivel,Atlético,160000
2026-09-30,Samu Becerra Becerra,Rayo,160000
2026-09-30,Santi Comesaña Comesaña,Villarreal,3858000
2026-09-30,Santiago Mouriño Mouriño,Villarreal,3210000
2026-09-30,Sebastián Boselli Boselli,Getafe,219000
2026-09-30,Sebastián Cáceres Cáceres,Celta,886000
2026-09-30,Selton Sánchez Selton,Athletic,160000
2026-09-30,Sergi Canós Canós,Valencia,183000
2026-09-30,Sergi Cardona S. Cardona,Villarreal,831000
2026-09-30,Sergio Camello Camello,Rayo,10405000
2026-09-30,Sergio Canales Canales,Racing,7521000
2026-09-30,Sergio Carreira Carreira,Celta,5938000
2026-09-30,Sergio Gómez Sergio Gómez,Real Sociedad,6716000
2026-09-30,Sergio Herrera Herrera,Osasuna,5927000
2026-09-30,Sergio Martínez Sergio Martínez,Real Madrid,160000
2026-09-30,Simon Eriksson Eriksson,Racing,160000
2026-09-30,Stefan Bajcetic Bajcetic,Celta,165000
2026-09-30,Stole Dimitrievski Dimitrievski,Valencia,7014000
2026-09-30,Tajon Buchanan Buchanan,Villarreal,5364000
2026-09-30,Takefusa Kubo Kubo,Real Sociedad,6655000
2026-09-30,Tani Oluwaseyi Oluwaseyi,Villarreal,199000
2026-09-30,Taufik Seidu Taufik,Atlético,169000
2026-09-30,Tete Morente Tete Morente,Elche,1543000
2026-09-30,Thiago Fernández Thiago,Levante,940000
2026-09-30,Thiago Pitarch Thiago,Real Madrid,160000
2026-09-30,Thibaut Courtois Courtois,Real Madrid,10114000
2026-09-30,Thomas Lemar Lemar,Elche,1837000
2026-09-30,Toni Martinez Toni Martinez,Alavés,5903000
2026-09-30,Trent Alexander-Arnold Alexander-Arnold,Real Madrid,5381000
2026-09-30,Troy Parrott Parrott,Betis,6644000
2026-09-30,Tyrhys Dolan Dolan,Espanyol,3289000
2026-09-30,Umar Sadiq Sadiq,Valencia,1176000
2026-09-30,Unai Egiluz Egiluz,Athletic,160000
2026-09-30,Unai López Unai López,Rayo,5004000
2026-09-30,Unai Marrero Marrero,Real Sociedad,276000
2026-09-30,Unai Núñez U. Núñez,Espanyol,2338000
2026-09-30,Unai Santos Unai Santos,Osasuna,282000
2026-09-30,Unai Simón Unai Simón,Athletic,9706000
2026-09-30,Urko González de Zarate Urko,Espanyol,1404000
2026-09-30,Valentin Rosier Rosier,Osasuna,421000
2026-09-30,Valentín Gómez Valentín Gómez,Betis,792000
2026-09-30,Vanja Drkusic Drkusic,Espanyol,170000
2026-09-30,Ville Koski Koski,Alavés,5040000
2026-09-30,Vinicius Junior Vinicius,Real Madrid,19579000
2026-09-30,Víctor Chust Chust,Elche,1849000
2026-09-30,Víctor García Víctor García,Levante,264000
2026-09-30,Williot Swedberg Swedberg,Celta,1389000
2026-09-30,Wojciech Szczesny Szczesny,Barcelona,160000
2026-09-30,Xanet Oláiz Oláiz,Alavés,160000
2026-09-30,Xavi Espart Espart,Barcelona,5383000
2026-09-30,Ximo Navarro Ximo,Deportivo,2120000
2026-09-30,Yago Santiago Santiago,Elche,160000
2026-09-30,Yan Diomande Y. Diomande,Real Madrid,16176000
2026-09-30,Yangel Herrera Herrera,Real Sociedad,5099000
2026-09-30,Yanis Musuayi Musuayi,Levante,178000
2026-09-30,Yassir Zabiri Zabiri,Racing,6814000
2026-09-30,Yeray Álvarez Yeray,Athletic,2131000
2026-09-30,Yeremay Hernández Yeremay,Deportivo,6848000
2026-09-30,Yoel Lago Lago,Celta,2685000
2026-09-30,Youssef Enríquez Youssef,Alavés,1487000
2026-09-30,Youssouf Fofana Fofana,Sevilla,6537000
2026-09-30,Yuri Berchiche Yuri,Athletic,5973000
2026-09-30,Zaid Romero Romero,Getafe,5305000
2026-09-30,Zakaria Eddahchouri Eddahchouri,Deportivo,1236000
2026-09-30,Álex Baena Baena,Atlético,13658000
2026-09-30,Álex Berenguer Berenguer,Athletic,5277000
2026-09-30,Álex Calatrava Calatrava,Espanyol,4215000
2026-09-30,Álex Grimaldo Grimaldo,Atlético,10350000
2026-09-30,Álex Pastor Pastor,Málaga,160000
2026-09-30,Álex Remiro Remiro,Real Sociedad,9920000
2026-09-30,Álvaro Djaló Djaló,Athletic,160000
2026-09-30,Álvaro F. Carreras A. F. Carreras,Real Madrid,3706000
2026-09-30,Álvaro Fernández Álvaro,Deportivo,207000
2026-09-30,Álvaro Fidalgo Fidalgo,Betis,187000
2026-09-30,Álvaro García Álvaro García,Rayo,9468000
2026-09-30,Álvaro Leiva Leiva,Real Madrid,181000
2026-09-30,Álvaro Mantilla Mantilla,Racing,1124000
2026-09-30,Álvaro Núñez Á. Núñez,Celta,1457000
2026-09-30,Álvaro Odriozola Odriozola,Real Sociedad,200000
2026-09-30,Álvaro Padilla Padilla,Elche,192000
2026-09-30,Álvaro Valles Valles,Betis,11551000
2026-09-30,Ángel Fortuño Fortuño,Espanyol,170000
2026-09-30,Ángel Ortiz Ortiz,Betis,160000
2026-09-30,Ángel Pérez Ángel Pérez,Alavés,8202000
2026-09-30,Éder Militão Militão,Real Madrid,2010000
2026-09-30,Íñigo Ruiz de Galarreta R. de Galarreta,Athletic,6121000
2026-09-30,Íñigo Sainz-Maza Sainz-Maza,Racing,162000
2026-09-30,Óscar López Óscar López,Getafe,160000
2026-09-30,Óscar Valentín Valentín,Rayo,1248000
