fuente,jornada,jugador,equipo,puntos,jugo,capturado
mixto2,7,Íñigo Ruiz de Galarreta R. de Galarreta,Athletic,6.0,1,2026-09-25
mixto2,5,Íñigo Ruiz de Galarreta R. de Galarreta,Athletic,4.0,1,2026-09-25
mixto2,4,Íñigo Ruiz de Galarreta R. de Galarreta,Athletic,3.0,1,2026-09-25
mixto2,3,Íñigo Ruiz de Galarreta R. de Galarreta,Athletic,7.0,1,2026-09-25
mixto2,1,Íñigo Ruiz de Galarreta R. de Galarreta,Athletic,,0,2026-09-25
mixto2,2,Íñigo Ruiz de Galarreta R. de Galarreta,Athletic,2.0,1,2026-09-25
mixto2,7,Aymeric Laporte Laporte,Athletic,6.0,1,2026-09-25
mixto2,5,Aymeric Laporte Laporte,Athletic,4.0,1,2026-09-25
mixto2,4,Aymeric Laporte Laporte,Athletic,6.0,1,2026-09-25
mixto2,3,Aymeric Laporte Laporte,Athletic,5.0,1,2026-09-25
mixto2,1,Aymeric Laporte Laporte,Athletic,0.0,1,2026-09-25
mixto2,2,Aymeric Laporte Laporte,Athletic,5.0,1,2026-09-25
mixto2,7,Yuri Berchiche Yuri,Athletic,7.0,1,2026-09-25
mixto2,5,Yuri Berchiche Yuri,Athletic,5.0,1,2026-09-25
mixto2,4,Yuri Berchiche Yuri,Athletic,4.0,1,2026-09-25
mixto2,3,Yuri Berchiche Yuri,Athletic,5.0,1,2026-09-25
mixto2,1,Yuri Berchiche Yuri,Athletic,,0,2026-09-25
mixto2,2,Yuri Berchiche Yuri,Athletic,-9.0,1,2026-09-25
mixto2,7,Iñaki Williams I. Williams,Athletic,1.0,1,2026-09-25
mixto2,5,Iñaki Williams I. Williams,Athletic,3.0,1,2026-09-25
mixto2,4,Iñaki Williams I. Williams,Athletic,4.0,1,2026-09-25
mixto2,3,Iñaki Williams I. Williams,Athletic,3.0,1,2026-09-25
mixto2,1,Iñaki Williams I. Williams,Athletic,1.0,1,2026-09-25
mixto2,2,Iñaki Williams I. Williams,Athletic,2.0,1,2026-09-25
mixto2,7,Yeray Álvarez Yeray,Athletic,,0,2026-09-25
mixto2,5,Yeray Álvarez Yeray,Athletic,3.0,1,2026-09-25
mixto2,4,Yeray Álvarez Yeray,Athletic,5.0,1,2026-09-25
mixto2,3,Yeray Álvarez Yeray,Athletic,,0,2026-09-25
mixto2,1,Yeray Álvarez Yeray,Athletic,2.0,1,2026-09-25
mixto2,2,Yeray Álvarez Yeray,Athletic,3.0,1,2026-09-25
mixto2,7,Álex Berenguer Berenguer,Athletic,3.0,1,2026-09-25
mixto2,5,Álex Berenguer Berenguer,Athletic,6.0,1,2026-09-25
mixto2,4,Álex Berenguer Berenguer,Athletic,2.0,1,2026-09-25
mixto2,3,Álex Berenguer Berenguer,Athletic,13.0,1,2026-09-25
mixto2,1,Álex Berenguer Berenguer,Athletic,3.0,1,2026-09-25
mixto2,2,Álex Berenguer Berenguer,Athletic,2.0,1,2026-09-25
mixto2,7,Unai Simón Unai Simón,Athletic,3.0,1,2026-09-25
mixto2,5,Unai Simón Unai Simón,Athletic,4.0,1,2026-09-25
mixto2,4,Unai Simón Unai Simón,Athletic,9.0,1,2026-09-25
mixto2,3,Unai Simón Unai Simón,Athletic,7.0,1,2026-09-25
mixto2,1,Unai Simón Unai Simón,Athletic,11.0,1,2026-09-25
mixto2,2,Unai Simón Unai Simón,Athletic,-3.0,1,2026-09-25
mixto2,7,Gorka Guruzeta Guruzeta,Athletic,,0,2026-09-25
mixto2,5,Gorka Guruzeta Guruzeta,Athletic,,0,2026-09-25
mixto2,4,Gorka Guruzeta Guruzeta,Athletic,2.0,1,2026-09-25
mixto2,3,Gorka Guruzeta Guruzeta,Athletic,2.0,1,2026-09-25
mixto2,1,Gorka Guruzeta Guruzeta,Athletic,1.0,1,2026-09-25
mixto2,2,Gorka Guruzeta Guruzeta,Athletic,2.0,1,2026-09-25
mixto2,7,Oihan Sancet Sancet,Athletic,-1.0,1,2026-09-25
mixto2,5,Oihan Sancet Sancet,Athletic,4.0,1,2026-09-25
mixto2,4,Oihan Sancet Sancet,Athletic,13.0,1,2026-09-25
mixto2,3,Oihan Sancet Sancet,Athletic,3.0,1,2026-09-25
mixto2,1,Oihan Sancet Sancet,Athletic,3.0,1,2026-09-25
mixto2,2,Oihan Sancet Sancet,Athletic,2.0,1,2026-09-25
mixto2,7,Robert Navarro Navarro,Athletic,6.0,1,2026-09-25
mixto2,5,Robert Navarro Navarro,Athletic,3.0,1,2026-09-25
mixto2,4,Robert Navarro Navarro,Athletic,12.0,1,2026-09-25
mixto2,3,Robert Navarro Navarro,Athletic,12.0,1,2026-09-25
mixto2,1,Robert Navarro Navarro,Athletic,2.0,1,2026-09-25
mixto2,2,Robert Navarro Navarro,Athletic,,0,2026-09-25
mixto2,7,Jesús Areso Areso,Athletic,5.0,1,2026-09-25
mixto2,5,Jesús Areso Areso,Athletic,-1.0,1,2026-09-25
mixto2,4,Jesús Areso Areso,Athletic,5.0,1,2026-09-25
mixto2,3,Jesús Areso Areso,Athletic,6.0,1,2026-09-25
mixto2,1,Jesús Areso Areso,Athletic,,0,2026-09-25
mixto2,2,Jesús Areso Areso,Athletic,-1.0,1,2026-09-25
mixto2,7,Aitor Paredes Paredes,Athletic,8.0,1,2026-09-25
mixto2,5,Aitor Paredes Paredes,Athletic,,0,2026-09-25
mixto2,4,Aitor Paredes Paredes,Athletic,4.0,1,2026-09-25
mixto2,3,Aitor Paredes Paredes,Athletic,5.0,1,2026-09-25
mixto2,1,Aitor Paredes Paredes,Athletic,,0,2026-09-25
mixto2,2,Aitor Paredes Paredes,Athletic,11.0,1,2026-09-25
mixto2,7,Nico Williams N. Williams,Athletic,5.0,1,2026-09-25
mixto2,5,Nico Williams N. Williams,Athletic,7.0,1,2026-09-25
mixto2,4,Nico Williams N. Williams,Athletic,11.0,1,2026-09-25
mixto2,3,Nico Williams N. Williams,Athletic,2.0,1,2026-09-25
mixto2,1,Nico Williams N. Williams,Athletic,2.0,1,2026-09-25
mixto2,2,Nico Williams N. Williams,Athletic,4.0,1,2026-09-25
mixto2,7,Beñat Gerenabarrena Gerenabarrena,Athletic,,0,2026-09-25
mixto2,5,Beñat Gerenabarrena Gerenabarrena,Athletic,2.0,1,2026-09-25
mixto2,4,Beñat Gerenabarrena Gerenabarrena,Athletic,5.0,1,2026-09-25
mixto2,3,Beñat Gerenabarrena Gerenabarrena,Athletic,6.0,1,2026-09-25
mixto2,1,Beñat Gerenabarrena Gerenabarrena,Athletic,3.0,1,2026-09-25
mixto2,2,Beñat Gerenabarrena Gerenabarrena,Athletic,4.0,1,2026-09-25
mixto2,7,Alex Padilla Padilla,Athletic,,0,2026-09-25
mixto2,5,Alex Padilla Padilla,Athletic,,0,2026-09-25
mixto2,4,Alex Padilla Padilla,Athletic,,0,2026-09-25
mixto2,3,Alex Padilla Padilla,Athletic,,0,2026-09-25
mixto2,1,Alex Padilla Padilla,Athletic,,0,2026-09-25
mixto2,2,Alex Padilla Padilla,Athletic,,0,2026-09-25
mixto2,7,Hugo Rincón Rincón,Athletic,,0,2026-09-25
mixto2,5,Hugo Rincón Rincón,Athletic,,0,2026-09-25
mixto2,4,Hugo Rincón Rincón,Athletic,,0,2026-09-25
mixto2,3,Hugo Rincón Rincón,Athletic,,0,2026-09-25
mixto2,1,Hugo Rincón Rincón,Athletic,2.0,1,2026-09-25
mixto2,2,Hugo Rincón Rincón,Athletic,3.0,1,2026-09-25
mixto2,7,Adama Boiro Boiro,Athletic,,0,2026-09-25
mixto2,5,Adama Boiro Boiro,Athletic,2.0,1,2026-09-25
mixto2,4,Adama Boiro Boiro,Athletic,,0,2026-09-25
mixto2,7,Álvaro Djaló Djaló,Athletic,,0,2026-09-25
mixto2,5,Álvaro Djaló Djaló,Athletic,,0,2026-09-25
mixto2,4,Álvaro Djaló Djaló,Athletic,,0,2026-09-25
mixto2,3,Álvaro Djaló Djaló,Athletic,,0,2026-09-25
mixto2,1,Álvaro Djaló Djaló,Athletic,2.0,1,2026-09-25
mixto2,2,Álvaro Djaló Djaló,Athletic,,0,2026-09-25
mixto2,7,Mikel Jauregizar Jauregizar,Athletic,4.0,1,2026-09-25
mixto2,5,Mikel Jauregizar Jauregizar,Athletic,4.0,1,2026-09-25
mixto2,4,Mikel Jauregizar Jauregizar,Athletic,3.0,1,2026-09-25
mixto2,3,Mikel Jauregizar Jauregizar,Athletic,3.0,1,2026-09-25
mixto2,1,Mikel Jauregizar Jauregizar,Athletic,3.0,1,2026-09-25
mixto2,2,Mikel Jauregizar Jauregizar,Athletic,,0,2026-09-25
mixto2,7,Maroan Sannadi Sannadi,Athletic,2.0,1,2026-09-25
mixto2,5,Maroan Sannadi Sannadi,Athletic,2.0,1,2026-09-25
mixto2,4,Maroan Sannadi Sannadi,Athletic,,0,2026-09-25
mixto2,3,Maroan Sannadi Sannadi,Athletic,,0,2026-09-25
mixto2,1,Maroan Sannadi Sannadi,Athletic,,0,2026-09-25
mixto2,2,Maroan Sannadi Sannadi,Athletic,1.0,1,2026-09-25
mixto2,7,Peio Canales Canales,Athletic,3.0,1,2026-09-25
mixto2,5,Peio Canales Canales,Athletic,,0,2026-09-25
mixto2,4,Peio Canales Canales,Athletic,,0,2026-09-25
mixto2,3,Peio Canales Canales,Athletic,3.0,1,2026-09-25
mixto2,1,Peio Canales Canales,Athletic,4.0,1,2026-09-25
mixto2,2,Peio Canales Canales,Athletic,5.0,1,2026-09-25
mixto2,7,Alejandro Rego Rego,Athletic,,0,2026-09-25
mixto2,5,Alejandro Rego Rego,Athletic,,0,2026-09-25
mixto2,4,Alejandro Rego Rego,Athletic,,0,2026-09-25
mixto2,3,Alejandro Rego Rego,Athletic,,0,2026-09-25
mixto2,1,Alejandro Rego Rego,Athletic,,0,2026-09-25
mixto2,2,Alejandro Rego Rego,Athletic,,0,2026-09-25
mixto2,7,Johaneko Louis-Jean Johaneko,Athletic,2.0,1,2026-09-25
mixto2,5,Johaneko Louis-Jean Johaneko,Athletic,3.0,1,2026-09-25
mixto2,4,Johaneko Louis-Jean Johaneko,Athletic,3.0,1,2026-09-25
mixto2,3,Johaneko Louis-Jean Johaneko,Athletic,1.0,1,2026-09-25
mixto2,1,Johaneko Louis-Jean Johaneko,Athletic,5.0,1,2026-09-25
mixto2,2,Johaneko Louis-Jean Johaneko,Athletic,,0,2026-09-25
mixto2,7,Iker Monreal Monreal,Athletic,,0,2026-09-25
mixto2,5,Iker Monreal Monreal,Athletic,,0,2026-09-25
mixto2,4,Iker Monreal Monreal,Athletic,,0,2026-09-25
mixto2,3,Iker Monreal Monreal,Athletic,,0,2026-09-25
mixto2,1,Iker Monreal Monreal,Athletic,,0,2026-09-25
mixto2,2,Iker Monreal Monreal,Athletic,,0,2026-09-25
mixto2,7,Beñat Prados Prados,Athletic,,0,2026-09-25
mixto2,5,Beñat Prados Prados,Athletic,,0,2026-09-25
mixto2,4,Beñat Prados Prados,Athletic,,0,2026-09-25
mixto2,3,Beñat Prados Prados,Athletic,,0,2026-09-25
mixto2,1,Beñat Prados Prados,Athletic,,0,2026-09-25
mixto2,2,Beñat Prados Prados,Athletic,,0,2026-09-25
mixto2,7,Selton Sánchez Selton,Athletic,,0,2026-09-25
mixto2,5,Selton Sánchez Selton,Athletic,,0,2026-09-25
mixto2,4,Selton Sánchez Selton,Athletic,,0,2026-09-25
mixto2,3,Selton Sánchez Selton,Athletic,,0,2026-09-25
mixto2,1,Selton Sánchez Selton,Athletic,,0,2026-09-25
mixto2,2,Selton Sánchez Selton,Athletic,,0,2026-09-25
mixto2,7,Nico Serrano Serrano,Athletic,3.0,1,2026-09-25
mixto2,5,Nico Serrano Serrano,Athletic,,0,2026-09-25
mixto2,4,Nico Serrano Serrano,Athletic,,0,2026-09-25
mixto2,3,Nico Serrano Serrano,Athletic,,0,2026-09-25
mixto2,1,Nico Serrano Serrano,Athletic,,0,2026-09-25
mixto2,2,Nico Serrano Serrano,Athletic,,0,2026-09-25
mixto2,7,Koke Resurrección Koke,Atlético,10.0,1,2026-09-25
mixto2,6,Koke Resurrección Koke,Atlético,6.0,1,2026-09-25
mixto2,5,Koke Resurrección Koke,Atlético,4.0,1,2026-09-25
mixto2,4,Koke Resurrección Koke,Atlético,3.0,1,2026-09-25
mixto2,3,Koke Resurrección Koke,Atlético,4.0,1,2026-09-25
mixto2,2,Koke Resurrección Koke,Atlético,6.0,1,2026-09-25
mixto2,1,Koke Resurrección Koke,Atlético,5.0,1,2026-09-25
mixto2,7,Jan Oblak Oblak,Atlético,4.0,1,2026-09-25
mixto2,6,Jan Oblak Oblak,Atlético,5.0,1,2026-09-25
mixto2,5,Jan Oblak Oblak,Atlético,6.0,1,2026-09-25
mixto2,4,Jan Oblak Oblak,Atlético,0.0,1,2026-09-25
mixto2,3,Jan Oblak Oblak,Atlético,5.0,1,2026-09-25
mixto2,2,Jan Oblak Oblak,Atlético,8.0,1,2026-09-25
mixto2,1,Jan Oblak Oblak,Atlético,4.0,1,2026-09-25
mixto2,7,Marcos Llorente M. Llorente,Atlético,5.0,1,2026-09-25
mixto2,6,Marcos Llorente M. Llorente,Atlético,6.0,1,2026-09-25
mixto2,5,Marcos Llorente M. Llorente,Atlético,5.0,1,2026-09-25
mixto2,4,Marcos Llorente M. Llorente,Atlético,2.0,1,2026-09-25
mixto2,3,Marcos Llorente M. Llorente,Atlético,6.0,1,2026-09-25
mixto2,2,Marcos Llorente M. Llorente,Atlético,4.0,1,2026-09-25
mixto2,1,Marcos Llorente M. Llorente,Atlético,4.0,1,2026-09-25
mixto2,7,Álex Grimaldo Grimaldo,Atlético,7.0,1,2026-09-25
mixto2,6,Álex Grimaldo Grimaldo,Atlético,8.0,1,2026-09-25
mixto2,5,Álex Grimaldo Grimaldo,Atlético,8.0,1,2026-09-25
mixto2,4,Álex Grimaldo Grimaldo,Atlético,0.0,1,2026-09-25
mixto2,3,Álex Grimaldo Grimaldo,Atlético,2.0,1,2026-09-25
mixto2,2,Álex Grimaldo Grimaldo,Atlético,3.0,1,2026-09-25
mixto2,1,Álex Grimaldo Grimaldo,Atlético,,0,2026-09-25
mixto2,7,Ademola Lookman Lookman,Atlético,3.0,1,2026-09-25
mixto2,6,Ademola Lookman Lookman,Atlético,3.0,1,2026-09-25
mixto2,5,Ademola Lookman Lookman,Atlético,-1.0,1,2026-09-25
mixto2,4,Ademola Lookman Lookman,Atlético,-1.0,1,2026-09-25
mixto2,3,Ademola Lookman Lookman,Atlético,10.0,1,2026-09-25
mixto2,2,Ademola Lookman Lookman,Atlético,3.0,1,2026-09-25
mixto2,1,Ademola Lookman Lookman,Atlético,1.0,1,2026-09-25
mixto2,7,Juan Musso Musso,Atlético,,0,2026-09-25
mixto2,6,Juan Musso Musso,Atlético,,0,2026-09-25
mixto2,5,Juan Musso Musso,Atlético,,0,2026-09-25
mixto2,4,Juan Musso Musso,Atlético,,0,2026-09-25
mixto2,3,Juan Musso Musso,Atlético,,0,2026-09-25
mixto2,2,Juan Musso Musso,Atlético,,0,2026-09-25
mixto2,1,Juan Musso Musso,Atlético,,0,2026-09-25
mixto2,7,David Hancko Hancko,Atlético,6.0,1,2026-09-25
mixto2,6,David Hancko Hancko,Atlético,2.0,1,2026-09-25
mixto2,5,David Hancko Hancko,Atlético,4.0,1,2026-09-25
mixto2,4,David Hancko Hancko,Atlético,2.0,1,2026-09-25
mixto2,3,David Hancko Hancko,Atlético,4.0,1,2026-09-25
mixto2,2,David Hancko Hancko,Atlético,4.0,1,2026-09-25
mixto2,1,David Hancko Hancko,Atlético,7.0,1,2026-09-25
mixto2,7,Robin Le Normand Le Normand,Atlético,1.0,1,2026-09-25
mixto2,6,Robin Le Normand Le Normand,Atlético,13.0,1,2026-09-25
mixto2,5,Robin Le Normand Le Normand,Atlético,,0,2026-09-25
mixto2,4,Robin Le Normand Le Normand,Atlético,,0,2026-09-25
mixto2,3,Robin Le Normand Le Normand,Atlético,,0,2026-09-25
mixto2,2,Robin Le Normand Le Normand,Atlético,-8.0,1,2026-09-25
mixto2,1,Robin Le Normand Le Normand,Atlético,4.0,1,2026-09-25
mixto2,7,Kang-In Lee Kang-In Lee,Atlético,5.0,1,2026-09-25
mixto2,6,Kang-In Lee Kang-In Lee,Atlético,14.0,1,2026-09-25
mixto2,5,Kang-In Lee Kang-In Lee,Atlético,2.0,1,2026-09-25
mixto2,4,Kang-In Lee Kang-In Lee,Atlético,3.0,1,2026-09-25
mixto2,3,Kang-In Lee Kang-In Lee,Atlético,6.0,1,2026-09-25
mixto2,2,Kang-In Lee Kang-In Lee,Atlético,3.0,1,2026-09-25
mixto2,1,Kang-In Lee Kang-In Lee,Atlético,14.0,1,2026-09-25
mixto2,7,Álex Baena Baena,Atlético,4.0,1,2026-09-25
mixto2,6,Álex Baena Baena,Atlético,13.0,1,2026-09-25
mixto2,5,Álex Baena Baena,Atlético,1.0,1,2026-09-25
mixto2,4,Álex Baena Baena,Atlético,3.0,1,2026-09-25
mixto2,3,Álex Baena Baena,Atlético,19.0,1,2026-09-25
mixto2,2,Álex Baena Baena,Atlético,2.0,1,2026-09-25
mixto2,1,Álex Baena Baena,Atlético,11.0,1,2026-09-25
mixto2,7,Giuliano Simeone Giuliano,Atlético,8.0,1,2026-09-25
mixto2,6,Giuliano Simeone Giuliano,Atlético,2.0,1,2026-09-25
mixto2,5,Giuliano Simeone Giuliano,Atlético,11.0,1,2026-09-25
mixto2,4,Giuliano Simeone Giuliano,Atlético,-1.0,1,2026-09-25
mixto2,3,Giuliano Simeone Giuliano,Atlético,1.0,1,2026-09-25
mixto2,2,Giuliano Simeone Giuliano,Atlético,11.0,1,2026-09-25
mixto2,1,Giuliano Simeone Giuliano,Atlético,2.0,1,2026-09-25
mixto2,7,Carlos Martín Carlos Martín,Atlético,,0,2026-09-25
mixto2,6,Carlos Martín Carlos Martín,Atlético,,0,2026-09-25
mixto2,5,Carlos Martín Carlos Martín,Atlético,2.0,1,2026-09-25
mixto2,7,Marc Pubill Pubill,Atlético,4.0,1,2026-09-25
mixto2,6,Marc Pubill Pubill,Atlético,3.0,1,2026-09-25
mixto2,5,Marc Pubill Pubill,Atlético,4.0,1,2026-09-25
mixto2,4,Marc Pubill Pubill,Atlético,2.0,1,2026-09-25
mixto2,3,Marc Pubill Pubill,Atlético,5.0,1,2026-09-25
mixto2,2,Marc Pubill Pubill,Atlético,12.0,1,2026-09-25
mixto2,1,Marc Pubill Pubill,Atlético,,0,2026-09-25
mixto2,7,Pablo Barrios Barrios,Atlético,,0,2026-09-25
mixto2,6,Pablo Barrios Barrios,Atlético,,0,2026-09-25
mixto2,5,Pablo Barrios Barrios,Atlético,,0,2026-09-25
mixto2,4,Pablo Barrios Barrios,Atlético,5.0,1,2026-09-25
mixto2,3,Pablo Barrios Barrios,Atlético,9.0,1,2026-09-25
mixto2,2,Pablo Barrios Barrios,Atlético,4.0,1,2026-09-25
mixto2,1,Pablo Barrios Barrios,Atlético,7.0,1,2026-09-25
mixto2,7,Rodrigo Mendoza Mendoza,Atlético,,0,2026-09-25
mixto2,6,Rodrigo Mendoza Mendoza,Atlético,,0,2026-09-25
mixto2,5,Rodrigo Mendoza Mendoza,Atlético,,0,2026-09-25
mixto2,4,Rodrigo Mendoza Mendoza,Atlético,,0,2026-09-25
mixto2,3,Rodrigo Mendoza Mendoza,Atlético,1.0,1,2026-09-25
mixto2,2,Rodrigo Mendoza Mendoza,Atlético,3.0,1,2026-09-25
mixto2,1,Rodrigo Mendoza Mendoza,Atlético,3.0,1,2026-09-25
mixto2,7,Morten Hjulmand Hjulmand,Atlético,1.0,1,2026-09-25
mixto2,6,Morten Hjulmand Hjulmand,Atlético,2.0,1,2026-09-25
mixto2,5,Morten Hjulmand Hjulmand,Atlético,6.0,1,2026-09-25
mixto2,4,Morten Hjulmand Hjulmand,Atlético,4.0,1,2026-09-25
mixto2,3,Morten Hjulmand Hjulmand,Atlético,5.0,1,2026-09-25
mixto2,2,Morten Hjulmand Hjulmand,Atlético,4.0,1,2026-09-25
mixto2,1,Morten Hjulmand Hjulmand,Atlético,3.0,1,2026-09-25
mixto2,7,Arnau Ortiz Ortiz,Atlético,,0,2026-09-25
mixto2,6,Arnau Ortiz Ortiz,Atlético,3.0,1,2026-09-25
mixto2,5,Arnau Ortiz Ortiz,Atlético,3.0,1,2026-09-25
mixto2,4,Arnau Ortiz Ortiz,Atlético,1.0,1,2026-09-25
mixto2,3,Arnau Ortiz Ortiz,Atlético,4.0,1,2026-09-25
mixto2,2,Arnau Ortiz Ortiz,Atlético,,0,2026-09-25
mixto2,1,Arnau Ortiz Ortiz,Atlético,4.0,1,2026-09-25
mixto2,7,Dani Martínez Dani Martínez,Atlético,,0,2026-09-25
mixto2,6,Dani Martínez Dani Martínez,Atlético,,0,2026-09-25
mixto2,5,Dani Martínez Dani Martínez,Atlético,,0,2026-09-25
mixto2,4,Dani Martínez Dani Martínez,Atlético,,0,2026-09-25
mixto2,3,Dani Martínez Dani Martínez,Atlético,,0,2026-09-25
mixto2,2,Dani Martínez Dani Martínez,Atlético,,0,2026-09-25
mixto2,1,Dani Martínez Dani Martínez,Atlético,5.0,1,2026-09-25
mixto2,7,Johnny Cardoso Cardoso,Atlético,3.0,1,2026-09-25
mixto2,6,Johnny Cardoso Cardoso,Atlético,10.0,1,2026-09-25
mixto2,5,Johnny Cardoso Cardoso,Atlético,2.0,1,2026-09-25
mixto2,4,Johnny Cardoso Cardoso,Atlético,2.0,1,2026-09-25
mixto2,3,Johnny Cardoso Cardoso,Atlético,2.0,1,2026-09-25
mixto2,2,Johnny Cardoso Cardoso,Atlético,,0,2026-09-25
mixto2,1,Johnny Cardoso Cardoso,Atlético,,0,2026-09-25
mixto2,7,Salvi Esquivel Esquivel,Atlético,,0,2026-09-25
mixto2,6,Salvi Esquivel Esquivel,Atlético,,0,2026-09-25
mixto2,5,Salvi Esquivel Esquivel,Atlético,,0,2026-09-25
mixto2,4,Salvi Esquivel Esquivel,Atlético,,0,2026-09-25
mixto2,3,Salvi Esquivel Esquivel,Atlético,,0,2026-09-25
mixto2,2,Salvi Esquivel Esquivel,Atlético,,0,2026-09-25
mixto2,1,Salvi Esquivel Esquivel,Atlético,,0,2026-09-25
mixto2,7,Miguel Cubo Cubo,Atlético,,0,2026-09-25
mixto2,6,Miguel Cubo Cubo,Atlético,,0,2026-09-25
mixto2,5,Miguel Cubo Cubo,Atlético,,0,2026-09-25
mixto2,4,Miguel Cubo Cubo,Atlético,,0,2026-09-25
mixto2,3,Miguel Cubo Cubo,Atlético,,0,2026-09-25
mixto2,2,Miguel Cubo Cubo,Atlético,,0,2026-09-25
mixto2,1,Miguel Cubo Cubo,Atlético,,0,2026-09-25
mixto2,7,Jorge Domínguez Jorge Domínguez,Atlético,,0,2026-09-25
mixto2,6,Jorge Domínguez Jorge Domínguez,Atlético,,0,2026-09-25
mixto2,5,Jorge Domínguez Jorge Domínguez,Atlético,,0,2026-09-25
mixto2,4,Jorge Domínguez Jorge Domínguez,Atlético,,0,2026-09-25
mixto2,3,Jorge Domínguez Jorge Domínguez,Atlético,,0,2026-09-25
mixto2,2,Jorge Domínguez Jorge Domínguez,Atlético,,0,2026-09-25
mixto2,1,Jorge Domínguez Jorge Domínguez,Atlético,3.0,1,2026-09-25
mixto2,7,Jorge Castillo Castillo,Atlético,,0,2026-09-25
mixto2,6,Jorge Castillo Castillo,Atlético,,0,2026-09-25
mixto2,5,Jorge Castillo Castillo,Atlético,,0,2026-09-25
mixto2,4,Jorge Castillo Castillo,Atlético,,0,2026-09-25
mixto2,3,Jorge Castillo Castillo,Atlético,,0,2026-09-25
mixto2,2,Jorge Castillo Castillo,Atlético,,0,2026-09-25
mixto2,1,Jorge Castillo Castillo,Atlético,,0,2026-09-25
mixto2,7,Julián Álvarez Alvarez,Atlético,3.0,1,2026-09-25
mixto2,6,Julián Álvarez Alvarez,Atlético,,0,2026-09-25
mixto2,5,Julián Álvarez Alvarez,Atlético,,0,2026-09-25
mixto2,4,Julián Álvarez Alvarez,Atlético,3.0,1,2026-09-25
mixto2,3,Julián Álvarez Alvarez,Atlético,,0,2026-09-25
mixto2,2,Julián Álvarez Alvarez,Atlético,1.0,1,2026-09-25
mixto2,1,Julián Álvarez Alvarez,Atlético,,0,2026-09-25
mixto2,7,Cristian Romero Romero,Atlético,7.0,1,2026-09-25
mixto2,6,Cristian Romero Romero,Atlético,8.0,1,2026-09-25
mixto2,5,Cristian Romero Romero,Atlético,7.0,1,2026-09-25
mixto2,4,Cristian Romero Romero,Atlético,3.0,1,2026-09-25
mixto2,3,Cristian Romero Romero,Atlético,,0,2026-09-25
mixto2,2,Cristian Romero Romero,Atlético,,0,2026-09-25
mixto2,1,Cristian Romero Romero,Atlético,,0,2026-09-25
mixto2,7,Jonathan David Jonathan David,Atlético,9.0,1,2026-09-25
mixto2,6,Jonathan David Jonathan David,Atlético,12.0,1,2026-09-25
mixto2,5,Jonathan David Jonathan David,Atlético,9.0,1,2026-09-25
mixto2,4,Jonathan David Jonathan David,Atlético,,0,2026-09-25
mixto2,7,Obed Vargas Vargas,Atlético,,0,2026-09-25
mixto2,6,Obed Vargas Vargas,Atlético,,0,2026-09-25
mixto2,5,Obed Vargas Vargas,Atlético,,0,2026-09-25
mixto2,4,Obed Vargas Vargas,Atlético,,0,2026-09-25
mixto2,3,Obed Vargas Vargas,Atlético,,0,2026-09-25
mixto2,2,Obed Vargas Vargas,Atlético,,0,2026-09-25
mixto2,1,Obed Vargas Vargas,Atlético,,0,2026-09-25
mixto2,7,Joao Cancelo Cancelo,Barcelona,3.0,1,2026-09-25
mixto2,6,Joao Cancelo Cancelo,Barcelona,14.0,1,2026-09-25
mixto2,5,Joao Cancelo Cancelo,Barcelona,3.0,1,2026-09-25
mixto2,4,Joao Cancelo Cancelo,Barcelona,,0,2026-09-25
mixto2,3,Joao Cancelo Cancelo,Barcelona,3.0,1,2026-09-25
mixto2,1,Joao Cancelo Cancelo,Barcelona,2.0,1,2026-09-25
mixto2,2,Joao Cancelo Cancelo,Barcelona,2.0,1,2026-09-25
mixto2,7,Dani Olmo Olmo,Barcelona,5.0,1,2026-09-25
mixto2,6,Dani Olmo Olmo,Barcelona,9.0,1,2026-09-25
mixto2,5,Dani Olmo Olmo,Barcelona,2.0,1,2026-09-25
mixto2,4,Dani Olmo Olmo,Barcelona,8.0,1,2026-09-25
mixto2,3,Dani Olmo Olmo,Barcelona,5.0,1,2026-09-25
mixto2,1,Dani Olmo Olmo,Barcelona,5.0,1,2026-09-25
mixto2,2,Dani Olmo Olmo,Barcelona,3.0,1,2026-09-25
mixto2,7,Andreas Christensen A. Christensen,Barcelona,3.0,1,2026-09-25
mixto2,6,Andreas Christensen A. Christensen,Barcelona,1.0,1,2026-09-25
mixto2,5,Andreas Christensen A. Christensen,Barcelona,3.0,1,2026-09-25
mixto2,4,Andreas Christensen A. Christensen,Barcelona,4.0,1,2026-09-25
mixto2,3,Andreas Christensen A. Christensen,Barcelona,2.0,1,2026-09-25
mixto2,1,Andreas Christensen A. Christensen,Barcelona,,0,2026-09-25
mixto2,2,Andreas Christensen A. Christensen,Barcelona,5.0,1,2026-09-25
mixto2,7,Wojciech Szczesny Szczesny,Barcelona,,0,2026-09-25
mixto2,6,Wojciech Szczesny Szczesny,Barcelona,-2.0,1,2026-09-25
mixto2,5,Wojciech Szczesny Szczesny,Barcelona,,0,2026-09-25
mixto2,4,Wojciech Szczesny Szczesny,Barcelona,,0,2026-09-25
mixto2,3,Wojciech Szczesny Szczesny,Barcelona,,0,2026-09-25
mixto2,1,Wojciech Szczesny Szczesny,Barcelona,,0,2026-09-25
mixto2,2,Wojciech Szczesny Szczesny,Barcelona,,0,2026-09-25
mixto2,7,Raphinha Raphinha,Barcelona,20.0,1,2026-09-25
mixto2,6,Raphinha Raphinha,Barcelona,20.0,1,2026-09-25
mixto2,5,Raphinha Raphinha,Barcelona,9.0,1,2026-09-25
mixto2,4,Raphinha Raphinha,Barcelona,10.0,1,2026-09-25
mixto2,3,Raphinha Raphinha,Barcelona,17.0,1,2026-09-25
mixto2,1,Raphinha Raphinha,Barcelona,12.0,1,2026-09-25
mixto2,2,Raphinha Raphinha,Barcelona,17.0,1,2026-09-25
mixto2,7,Jules Koundé Koundé,Barcelona,,0,2026-09-25
mixto2,6,Jules Koundé Koundé,Barcelona,,0,2026-09-25
mixto2,5,Jules Koundé Koundé,Barcelona,,0,2026-09-25
mixto2,4,Jules Koundé Koundé,Barcelona,6.0,1,2026-09-25
mixto2,3,Jules Koundé Koundé,Barcelona,1.0,1,2026-09-25
mixto2,1,Jules Koundé Koundé,Barcelona,3.0,1,2026-09-25
mixto2,2,Jules Koundé Koundé,Barcelona,3.0,1,2026-09-25
mixto2,7,Pedri González Pedri,Barcelona,5.0,1,2026-09-25
mixto2,6,Pedri González Pedri,Barcelona,6.0,1,2026-09-25
mixto2,5,Pedri González Pedri,Barcelona,4.0,1,2026-09-25
mixto2,4,Pedri González Pedri,Barcelona,13.0,1,2026-09-25
mixto2,3,Pedri González Pedri,Barcelona,5.0,1,2026-09-25
mixto2,1,Pedri González Pedri,Barcelona,9.0,1,2026-09-25
mixto2,2,Pedri González Pedri,Barcelona,4.0,1,2026-09-25
mixto2,7,Joan Garcia Joan Garcia,Barcelona,,0,2026-09-25
mixto2,6,Joan Garcia Joan Garcia,Barcelona,2.0,1,2026-09-25
mixto2,5,Joan Garcia Joan Garcia,Barcelona,5.0,1,2026-09-25
mixto2,4,Joan Garcia Joan Garcia,Barcelona,9.0,1,2026-09-25
mixto2,3,Joan Garcia Joan Garcia,Barcelona,3.0,1,2026-09-25
mixto2,1,Joan Garcia Joan Garcia,Barcelona,4.0,1,2026-09-25
mixto2,2,Joan Garcia Joan Garcia,Barcelona,6.0,1,2026-09-25
mixto2,7,Eric Garcia Eric Garcia,Barcelona,2.0,1,2026-09-25
mixto2,6,Eric Garcia Eric Garcia,Barcelona,5.0,1,2026-09-25
mixto2,5,Eric Garcia Eric Garcia,Barcelona,4.0,1,2026-09-25
mixto2,4,Eric Garcia Eric Garcia,Barcelona,2.0,1,2026-09-25
mixto2,3,Eric Garcia Eric Garcia,Barcelona,,0,2026-09-25
mixto2,1,Eric Garcia Eric Garcia,Barcelona,6.0,1,2026-09-25
mixto2,2,Eric Garcia Eric Garcia,Barcelona,8.0,1,2026-09-25
mixto2,7,Anthony Gordon Gordon,Barcelona,2.0,1,2026-09-25
mixto2,6,Anthony Gordon Gordon,Barcelona,,0,2026-09-25
mixto2,5,Anthony Gordon Gordon,Barcelona,2.0,1,2026-09-25
mixto2,4,Anthony Gordon Gordon,Barcelona,4.0,1,2026-09-25
mixto2,3,Anthony Gordon Gordon,Barcelona,8.0,1,2026-09-25
mixto2,1,Anthony Gordon Gordon,Barcelona,6.0,1,2026-09-25
mixto2,2,Anthony Gordon Gordon,Barcelona,8.0,1,2026-09-25
mixto2,7,Karim Adeyemi Adeyemi,Barcelona,4.0,1,2026-09-25
mixto2,6,Karim Adeyemi Adeyemi,Barcelona,10.0,1,2026-09-25
mixto2,5,Karim Adeyemi Adeyemi,Barcelona,12.0,1,2026-09-25
mixto2,4,Karim Adeyemi Adeyemi,Barcelona,4.0,1,2026-09-25
mixto2,3,Karim Adeyemi Adeyemi,Barcelona,3.0,1,2026-09-25
mixto2,1,Karim Adeyemi Adeyemi,Barcelona,3.0,1,2026-09-25
mixto2,2,Karim Adeyemi Adeyemi,Barcelona,10.0,1,2026-09-25
mixto2,7,Pablo Gavi Gavi,Barcelona,,0,2026-09-25
mixto2,6,Pablo Gavi Gavi,Barcelona,3.0,1,2026-09-25
mixto2,5,Pablo Gavi Gavi,Barcelona,,0,2026-09-25
mixto2,4,Pablo Gavi Gavi,Barcelona,,0,2026-09-25
mixto2,3,Pablo Gavi Gavi,Barcelona,,0,2026-09-25
mixto2,1,Pablo Gavi Gavi,Barcelona,,0,2026-09-25
mixto2,2,Pablo Gavi Gavi,Barcelona,3.0,1,2026-09-25
mixto2,7,Lamine Yamal Yamal,Barcelona,10.0,1,2026-09-25
mixto2,6,Lamine Yamal Yamal,Barcelona,13.0,1,2026-09-25
mixto2,5,Lamine Yamal Yamal,Barcelona,16.0,1,2026-09-25
mixto2,4,Lamine Yamal Yamal,Barcelona,17.0,1,2026-09-25
mixto2,3,Lamine Yamal Yamal,Barcelona,17.0,1,2026-09-25
mixto2,1,Lamine Yamal Yamal,Barcelona,7.0,1,2026-09-25
mixto2,2,Lamine Yamal Yamal,Barcelona,3.0,1,2026-09-25
mixto2,7,Pau Cubarsí Cubarsí,Barcelona,4.0,1,2026-09-25
mixto2,6,Pau Cubarsí Cubarsí,Barcelona,,0,2026-09-25
mixto2,5,Pau Cubarsí Cubarsí,Barcelona,6.0,1,2026-09-25
mixto2,4,Pau Cubarsí Cubarsí,Barcelona,7.0,1,2026-09-25
mixto2,3,Pau Cubarsí Cubarsí,Barcelona,5.0,1,2026-09-25
mixto2,1,Pau Cubarsí Cubarsí,Barcelona,7.0,1,2026-09-25
mixto2,2,Pau Cubarsí Cubarsí,Barcelona,,0,2026-09-25
mixto2,7,Fermín López Fermín,Barcelona,4.0,1,2026-09-25
mixto2,6,Fermín López Fermín,Barcelona,,0,2026-09-25
mixto2,5,Fermín López Fermín,Barcelona,4.0,1,2026-09-25
mixto2,4,Fermín López Fermín,Barcelona,15.0,1,2026-09-25
mixto2,3,Fermín López Fermín,Barcelona,4.0,1,2026-09-25
mixto2,1,Fermín López Fermín,Barcelona,12.0,1,2026-09-25
mixto2,2,Fermín López Fermín,Barcelona,19.0,1,2026-09-25
mixto2,7,Gerard Martín Martín,Barcelona,6.0,1,2026-09-25
mixto2,6,Gerard Martín Martín,Barcelona,4.0,1,2026-09-25
mixto2,5,Gerard Martín Martín,Barcelona,2.0,1,2026-09-25
mixto2,4,Gerard Martín Martín,Barcelona,4.0,1,2026-09-25
mixto2,3,Gerard Martín Martín,Barcelona,,0,2026-09-25
mixto2,1,Gerard Martín Martín,Barcelona,6.0,1,2026-09-25
mixto2,2,Gerard Martín Martín,Barcelona,6.0,1,2026-09-25
mixto2,7,Marc Bernal Bernal,Barcelona,2.0,1,2026-09-25
mixto2,6,Marc Bernal Bernal,Barcelona,3.0,1,2026-09-25
mixto2,5,Marc Bernal Bernal,Barcelona,2.0,1,2026-09-25
mixto2,4,Marc Bernal Bernal,Barcelona,4.0,1,2026-09-25
mixto2,3,Marc Bernal Bernal,Barcelona,5.0,1,2026-09-25
mixto2,1,Marc Bernal Bernal,Barcelona,5.0,1,2026-09-25
mixto2,2,Marc Bernal Bernal,Barcelona,5.0,1,2026-09-25
mixto2,7,Álvaro Cortés Cortés,Barcelona,,0,2026-09-25
mixto2,6,Álvaro Cortés Cortés,Barcelona,,0,2026-09-25
mixto2,5,Álvaro Cortés Cortés,Barcelona,,0,2026-09-25
mixto2,7,Eder Aller Aller,Barcelona,,0,2026-09-25
mixto2,6,Eder Aller Aller,Barcelona,,0,2026-09-25
mixto2,5,Eder Aller Aller,Barcelona,,0,2026-09-25
mixto2,4,Eder Aller Aller,Barcelona,,0,2026-09-25
mixto2,3,Eder Aller Aller,Barcelona,,0,2026-09-25
mixto2,1,Eder Aller Aller,Barcelona,,0,2026-09-25
mixto2,2,Eder Aller Aller,Barcelona,,0,2026-09-25
mixto2,7,Xavi Espart Espart,Barcelona,,0,2026-09-25
mixto2,6,Xavi Espart Espart,Barcelona,,0,2026-09-25
mixto2,5,Xavi Espart Espart,Barcelona,10.0,1,2026-09-25
mixto2,4,Xavi Espart Espart,Barcelona,5.0,1,2026-09-25
mixto2,3,Xavi Espart Espart,Barcelona,5.0,1,2026-09-25
mixto2,1,Xavi Espart Espart,Barcelona,5.0,1,2026-09-25
mixto2,2,Xavi Espart Espart,Barcelona,7.0,1,2026-09-25
mixto2,7,Hamza Abdelkarim Abdelkarim,Barcelona,,0,2026-09-25
mixto2,6,Hamza Abdelkarim Abdelkarim,Barcelona,,0,2026-09-25
mixto2,5,Hamza Abdelkarim Abdelkarim,Barcelona,,0,2026-09-25
mixto2,4,Hamza Abdelkarim Abdelkarim,Barcelona,,0,2026-09-25
mixto2,3,Hamza Abdelkarim Abdelkarim,Barcelona,2.0,1,2026-09-25
mixto2,1,Hamza Abdelkarim Abdelkarim,Barcelona,,0,2026-09-25
mixto2,2,Hamza Abdelkarim Abdelkarim,Barcelona,,0,2026-09-25
mixto2,7,Brian Fariñas Fariñas,Barcelona,,0,2026-09-25
mixto2,6,Brian Fariñas Fariñas,Barcelona,,0,2026-09-25
mixto2,5,Brian Fariñas Fariñas,Barcelona,,0,2026-09-25
mixto2,4,Brian Fariñas Fariñas,Barcelona,,0,2026-09-25
mixto2,3,Brian Fariñas Fariñas,Barcelona,,0,2026-09-25
mixto2,1,Brian Fariñas Fariñas,Barcelona,,0,2026-09-25
mixto2,2,Brian Fariñas Fariñas,Barcelona,,0,2026-09-25
mixto2,7,Jordi Pesquer Pesquer,Barcelona,,0,2026-09-25
mixto2,6,Jordi Pesquer Pesquer,Barcelona,,0,2026-09-25
mixto2,5,Jordi Pesquer Pesquer,Barcelona,,0,2026-09-25
mixto2,4,Jordi Pesquer Pesquer,Barcelona,,0,2026-09-25
mixto2,3,Jordi Pesquer Pesquer,Barcelona,,0,2026-09-25
mixto2,1,Jordi Pesquer Pesquer,Barcelona,,0,2026-09-25
mixto2,2,Jordi Pesquer Pesquer,Barcelona,,0,2026-09-25
mixto2,7,Rodri Hernández Rodri,Barcelona,9.0,1,2026-09-25
mixto2,6,Rodri Hernández Rodri,Barcelona,8.0,1,2026-09-25
mixto2,5,Rodri Hernández Rodri,Barcelona,8.0,1,2026-09-25
mixto2,4,Rodri Hernández Rodri,Barcelona,7.0,1,2026-09-25
mixto2,3,Rodri Hernández Rodri,Barcelona,3.0,1,2026-09-25
mixto2,1,Rodri Hernández Rodri,Barcelona,4.0,1,2026-09-25
mixto2,2,Rodri Hernández Rodri,Barcelona,,0,2026-09-25
mixto2,7,Alejandro Balde Balde,Barcelona,,0,2026-09-25
mixto2,6,Alejandro Balde Balde,Barcelona,5.0,1,2026-09-25
mixto2,5,Alejandro Balde Balde,Barcelona,,0,2026-09-25
mixto2,4,Alejandro Balde Balde,Barcelona,,0,2026-09-25
mixto2,3,Alejandro Balde Balde,Barcelona,,0,2026-09-25
mixto2,1,Alejandro Balde Balde,Barcelona,,0,2026-09-25
mixto2,2,Alejandro Balde Balde,Barcelona,,0,2026-09-25
mixto2,7,Dominik Livakovic Livakovic,Barcelona,4.0,1,2026-09-25
mixto2,6,Dominik Livakovic Livakovic,Barcelona,,0,2026-09-25
mixto2,5,Dominik Livakovic Livakovic,Barcelona,,0,2026-09-25
mixto2,4,Dominik Livakovic Livakovic,Barcelona,,0,2026-09-25
mixto2,3,Dominik Livakovic Livakovic,Barcelona,,0,2026-09-25
mixto2,1,Dominik Livakovic Livakovic,Barcelona,,0,2026-09-25
mixto2,7,Gabriel Jesus Gabriel Jesús,Barcelona,1.0,1,2026-09-25
mixto2,6,Gabriel Jesus Gabriel Jesús,Barcelona,11.0,1,2026-09-25
mixto2,5,Gabriel Jesus Gabriel Jesús,Barcelona,,0,2026-09-25
mixto2,4,Gabriel Jesus Gabriel Jesús,Barcelona,4.0,1,2026-09-25
mixto2,7,Iker Rodríguez Iker Rodríguez,Barcelona,,0,2026-09-25
mixto2,6,Iker Rodríguez Iker Rodríguez,Barcelona,,0,2026-09-25
mixto2,5,Iker Rodríguez Iker Rodríguez,Barcelona,,0,2026-09-25
mixto2,4,Iker Rodríguez Iker Rodríguez,Barcelona,,0,2026-09-25
mixto2,3,Iker Rodríguez Iker Rodríguez,Barcelona,,0,2026-09-25
mixto2,1,Iker Rodríguez Iker Rodríguez,Barcelona,,0,2026-09-25
mixto2,2,Iker Rodríguez Iker Rodríguez,Barcelona,,0,2026-09-25
mixto2,7,Marc Bartra Bartra,Betis,2.0,1,2026-09-25
mixto2,6,Marc Bartra Bartra,Betis,,0,2026-09-25
mixto2,5,Marc Bartra Bartra,Betis,5.0,1,2026-09-25
mixto2,4,Marc Bartra Bartra,Betis,7.0,1,2026-09-25
mixto2,3,Marc Bartra Bartra,Betis,11.0,1,2026-09-25
mixto2,1,Marc Bartra Bartra,Betis,,0,2026-09-25
mixto2,2,Marc Bartra Bartra,Betis,5.0,1,2026-09-25
mixto2,7,Isco Alarcón Isco,Betis,3.0,1,2026-09-25
mixto2,6,Isco Alarcón Isco,Betis,6.0,1,2026-09-25
mixto2,5,Isco Alarcón Isco,Betis,5.0,1,2026-09-25
mixto2,4,Isco Alarcón Isco,Betis,4.0,1,2026-09-25
mixto2,3,Isco Alarcón Isco,Betis,3.0,1,2026-09-25
mixto2,1,Isco Alarcón Isco,Betis,2.0,1,2026-09-25
mixto2,2,Isco Alarcón Isco,Betis,3.0,1,2026-09-25
mixto2,7,Diego Javier Llorente D. Llorente,Betis,,0,2026-09-25
mixto2,6,Diego Javier Llorente D. Llorente,Betis,,0,2026-09-25
mixto2,5,Diego Javier Llorente D. Llorente,Betis,,0,2026-09-25
mixto2,4,Diego Javier Llorente D. Llorente,Betis,3.0,1,2026-09-25
mixto2,3,Diego Javier Llorente D. Llorente,Betis,,0,2026-09-25
mixto2,1,Diego Javier Llorente D. Llorente,Betis,4.0,1,2026-09-25
mixto2,2,Diego Javier Llorente D. Llorente,Betis,,0,2026-09-25
mixto2,7,Héctor Bellerín Bellerín,Betis,2.0,1,2026-09-25
mixto2,6,Héctor Bellerín Bellerín,Betis,4.0,1,2026-09-25
mixto2,5,Héctor Bellerín Bellerín,Betis,6.0,1,2026-09-25
mixto2,4,Héctor Bellerín Bellerín,Betis,7.0,1,2026-09-25
mixto2,3,Héctor Bellerín Bellerín,Betis,-3.0,1,2026-09-25
mixto2,1,Héctor Bellerín Bellerín,Betis,4.0,1,2026-09-25
mixto2,2,Héctor Bellerín Bellerín,Betis,2.0,1,2026-09-25
mixto2,7,Pablo Fornals Fornals,Betis,6.0,1,2026-09-25
mixto2,6,Pablo Fornals Fornals,Betis,,0,2026-09-25
mixto2,5,Pablo Fornals Fornals,Betis,5.0,1,2026-09-25
mixto2,4,Pablo Fornals Fornals,Betis,4.0,1,2026-09-25
mixto2,3,Pablo Fornals Fornals,Betis,1.0,1,2026-09-25
mixto2,1,Pablo Fornals Fornals,Betis,2.0,1,2026-09-25
mixto2,2,Pablo Fornals Fornals,Betis,5.0,1,2026-09-25
mixto2,7,Marc Roca Marc Roca,Betis,5.0,1,2026-09-25
mixto2,6,Marc Roca Marc Roca,Betis,,0,2026-09-25
mixto2,5,Marc Roca Marc Roca,Betis,7.0,1,2026-09-25
mixto2,4,Marc Roca Marc Roca,Betis,4.0,1,2026-09-25
mixto2,3,Marc Roca Marc Roca,Betis,4.0,1,2026-09-25
mixto2,1,Marc Roca Marc Roca,Betis,,0,2026-09-25
mixto2,2,Marc Roca Marc Roca,Betis,5.0,1,2026-09-25
mixto2,7,Álvaro Valles Valles,Betis,8.0,1,2026-09-25
mixto2,6,Álvaro Valles Valles,Betis,8.0,1,2026-09-25
mixto2,5,Álvaro Valles Valles,Betis,10.0,1,2026-09-25
mixto2,4,Álvaro Valles Valles,Betis,11.0,1,2026-09-25
mixto2,3,Álvaro Valles Valles,Betis,3.0,1,2026-09-25
mixto2,1,Álvaro Valles Valles,Betis,8.0,1,2026-09-25
mixto2,2,Álvaro Valles Valles,Betis,6.0,1,2026-09-25
mixto2,7,Junior Firpo Junior,Betis,,0,2026-09-25
mixto2,6,Junior Firpo Junior,Betis,5.0,1,2026-09-25
mixto2,5,Junior Firpo Junior,Betis,,0,2026-09-25
mixto2,4,Junior Firpo Junior,Betis,,0,2026-09-25
mixto2,3,Junior Firpo Junior,Betis,,0,2026-09-25
mixto2,1,Junior Firpo Junior,Betis,4.0,1,2026-09-25
mixto2,2,Junior Firpo Junior,Betis,,0,2026-09-25
mixto2,7,Cucho Hernández Cucho,Betis,10.0,1,2026-09-25
mixto2,6,Cucho Hernández Cucho,Betis,1.0,1,2026-09-25
mixto2,5,Cucho Hernández Cucho,Betis,9.0,1,2026-09-25
mixto2,4,Cucho Hernández Cucho,Betis,2.0,1,2026-09-25
mixto2,3,Cucho Hernández Cucho,Betis,2.0,1,2026-09-25
mixto2,1,Cucho Hernández Cucho,Betis,2.0,1,2026-09-25
mixto2,2,Cucho Hernández Cucho,Betis,4.0,1,2026-09-25
mixto2,7,Fran García Fran García,Betis,4.0,1,2026-09-25
mixto2,6,Fran García Fran García,Betis,,0,2026-09-25
mixto2,5,Fran García Fran García,Betis,4.0,1,2026-09-25
mixto2,4,Fran García Fran García,Betis,5.0,1,2026-09-25
mixto2,3,Fran García Fran García,Betis,-1.0,1,2026-09-25
mixto2,1,Fran García Fran García,Betis,5.0,1,2026-09-25
mixto2,2,Fran García Fran García,Betis,6.0,1,2026-09-25
mixto2,7,Álvaro Fidalgo Fidalgo,Betis,,0,2026-09-25
mixto2,6,Álvaro Fidalgo Fidalgo,Betis,0.0,1,2026-09-25
mixto2,5,Álvaro Fidalgo Fidalgo,Betis,,0,2026-09-25
mixto2,4,Álvaro Fidalgo Fidalgo,Betis,3.0,1,2026-09-25
mixto2,3,Álvaro Fidalgo Fidalgo,Betis,,0,2026-09-25
mixto2,1,Álvaro Fidalgo Fidalgo,Betis,,0,2026-09-25
mixto2,2,Álvaro Fidalgo Fidalgo,Betis,,0,2026-09-25
mixto2,7,Rodrigo Riquelme Riquelme,Betis,0.0,1,2026-09-25
mixto2,6,Rodrigo Riquelme Riquelme,Betis,3.0,1,2026-09-25
mixto2,5,Rodrigo Riquelme Riquelme,Betis,2.0,1,2026-09-25
mixto2,4,Rodrigo Riquelme Riquelme,Betis,1.0,1,2026-09-25
mixto2,3,Rodrigo Riquelme Riquelme,Betis,8.0,1,2026-09-25
mixto2,1,Rodrigo Riquelme Riquelme,Betis,3.0,1,2026-09-25
mixto2,2,Rodrigo Riquelme Riquelme,Betis,13.0,1,2026-09-25
mixto2,7,Iker Losada Losada,Betis,,0,2026-09-25
mixto2,6,Iker Losada Losada,Betis,,0,2026-09-25
mixto2,5,Iker Losada Losada,Betis,,0,2026-09-25
mixto2,4,Iker Losada Losada,Betis,,0,2026-09-25
mixto2,3,Iker Losada Losada,Betis,,0,2026-09-25
mixto2,1,Iker Losada Losada,Betis,,0,2026-09-25
mixto2,2,Iker Losada Losada,Betis,,0,2026-09-25
mixto2,7,Antony Antony,Betis,3.0,1,2026-09-25
mixto2,6,Antony Antony,Betis,7.0,1,2026-09-25
mixto2,5,Antony Antony,Betis,4.0,1,2026-09-25
mixto2,4,Antony Antony,Betis,5.0,1,2026-09-25
mixto2,3,Antony Antony,Betis,3.0,1,2026-09-25
mixto2,1,Antony Antony,Betis,6.0,1,2026-09-25
mixto2,2,Antony Antony,Betis,7.0,1,2026-09-25
mixto2,7,Ángel Ortiz Ortiz,Betis,,0,2026-09-25
mixto2,6,Ángel Ortiz Ortiz,Betis,3.0,1,2026-09-25
mixto2,5,Ángel Ortiz Ortiz,Betis,,0,2026-09-25
mixto2,4,Ángel Ortiz Ortiz,Betis,,0,2026-09-25
mixto2,3,Ángel Ortiz Ortiz,Betis,,0,2026-09-25
mixto2,1,Ángel Ortiz Ortiz,Betis,4.0,1,2026-09-25
mixto2,2,Ángel Ortiz Ortiz,Betis,,0,2026-09-25
mixto2,7,Natan Natan,Betis,6.0,1,2026-09-25
mixto2,6,Natan Natan,Betis,7.0,1,2026-09-25
mixto2,5,Natan Natan,Betis,13.0,1,2026-09-25
mixto2,4,Natan Natan,Betis,7.0,1,2026-09-25
mixto2,3,Natan Natan,Betis,1.0,1,2026-09-25
mixto2,1,Natan Natan,Betis,,0,2026-09-25
mixto2,2,Natan Natan,Betis,6.0,1,2026-09-25
mixto2,7,Manu González Manu González,Betis,,0,2026-09-25
mixto2,6,Manu González Manu González,Betis,,0,2026-09-25
mixto2,5,Manu González Manu González,Betis,,0,2026-09-25
mixto2,4,Manu González Manu González,Betis,,0,2026-09-25
mixto2,3,Manu González Manu González,Betis,,0,2026-09-25
mixto2,1,Manu González Manu González,Betis,,0,2026-09-25
mixto2,2,Manu González Manu González,Betis,,0,2026-09-25
mixto2,7,Nelson Deossa Deossa,Betis,3.0,1,2026-09-25
mixto2,6,Nelson Deossa Deossa,Betis,7.0,1,2026-09-25
mixto2,5,Nelson Deossa Deossa,Betis,6.0,1,2026-09-25
mixto2,4,Nelson Deossa Deossa,Betis,4.0,1,2026-09-25
mixto2,3,Nelson Deossa Deossa,Betis,1.0,1,2026-09-25
mixto2,1,Nelson Deossa Deossa,Betis,4.0,1,2026-09-25
mixto2,2,Nelson Deossa Deossa,Betis,3.0,1,2026-09-25
mixto2,7,Facundo Bernal Bernal,Betis,3.0,1,2026-09-25
mixto2,6,Facundo Bernal Bernal,Betis,5.0,1,2026-09-25
mixto2,5,Facundo Bernal Bernal,Betis,1.0,1,2026-09-25
mixto2,4,Facundo Bernal Bernal,Betis,4.0,1,2026-09-25
mixto2,3,Facundo Bernal Bernal,Betis,3.0,1,2026-09-25
mixto2,1,Facundo Bernal Bernal,Betis,4.0,1,2026-09-25
mixto2,2,Facundo Bernal Bernal,Betis,4.0,1,2026-09-25
mixto2,7,Valentín Gómez Valentín Gómez,Betis,5.0,1,2026-09-25
mixto2,6,Valentín Gómez Valentín Gómez,Betis,5.0,1,2026-09-25
mixto2,5,Valentín Gómez Valentín Gómez,Betis,,0,2026-09-25
mixto2,4,Valentín Gómez Valentín Gómez,Betis,,0,2026-09-25
mixto2,3,Valentín Gómez Valentín Gómez,Betis,,0,2026-09-25
mixto2,1,Valentín Gómez Valentín Gómez,Betis,4.0,1,2026-09-25
mixto2,2,Valentín Gómez Valentín Gómez,Betis,,0,2026-09-25
mixto2,7,Troy Parrott Parrott,Betis,,0,2026-09-25
mixto2,6,Troy Parrott Parrott,Betis,4.0,1,2026-09-25
mixto2,5,Troy Parrott Parrott,Betis,,0,2026-09-25
mixto2,4,Troy Parrott Parrott,Betis,9.0,1,2026-09-25
mixto2,3,Troy Parrott Parrott,Betis,1.0,1,2026-09-25
mixto2,1,Troy Parrott Parrott,Betis,3.0,1,2026-09-25
mixto2,2,Troy Parrott Parrott,Betis,,0,2026-09-25
mixto2,7,Álvaro de Pablo De Pablo,Betis,,0,2026-09-25
mixto2,6,Álvaro de Pablo De Pablo,Betis,,0,2026-09-25
mixto2,5,Álvaro de Pablo De Pablo,Betis,,0,2026-09-25
mixto2,4,Álvaro de Pablo De Pablo,Betis,,0,2026-09-25
mixto2,3,Álvaro de Pablo De Pablo,Betis,,0,2026-09-25
mixto2,1,Álvaro de Pablo De Pablo,Betis,,0,2026-09-25
mixto2,2,Álvaro de Pablo De Pablo,Betis,,0,2026-09-25
mixto2,7,Abde Ezzalzouli Abde,Betis,5.0,1,2026-09-25
mixto2,6,Abde Ezzalzouli Abde,Betis,11.0,1,2026-09-25
mixto2,5,Abde Ezzalzouli Abde,Betis,8.0,1,2026-09-25
mixto2,4,Abde Ezzalzouli Abde,Betis,,0,2026-09-25
mixto2,3,Abde Ezzalzouli Abde,Betis,3.0,1,2026-09-25
mixto2,1,Abde Ezzalzouli Abde,Betis,,0,2026-09-25
mixto2,2,Abde Ezzalzouli Abde,Betis,,0,2026-09-25
mixto2,7,José Antonio Morante Morante,Betis,,0,2026-09-25
mixto2,6,José Antonio Morante Morante,Betis,,0,2026-09-25
mixto2,5,José Antonio Morante Morante,Betis,,0,2026-09-25
mixto2,4,José Antonio Morante Morante,Betis,,0,2026-09-25
mixto2,3,José Antonio Morante Morante,Betis,,0,2026-09-25
mixto2,1,José Antonio Morante Morante,Betis,,0,2026-09-25
mixto2,2,José Antonio Morante Morante,Betis,,0,2026-09-25
mixto2,7,Dani Ceballos Ceballos,Betis,2.0,1,2026-09-25
mixto2,6,Dani Ceballos Ceballos,Betis,3.0,1,2026-09-25
mixto2,5,Dani Ceballos Ceballos,Betis,5.0,1,2026-09-25
mixto2,4,Dani Ceballos Ceballos,Betis,,0,2026-09-25
mixto2,7,Giovani Lo Celso Lo Celso,Betis,,0,2026-09-25
mixto2,6,Giovani Lo Celso Lo Celso,Betis,,0,2026-09-25
mixto2,5,Giovani Lo Celso Lo Celso,Betis,2.0,1,2026-09-25
mixto2,4,Giovani Lo Celso Lo Celso,Betis,,0,2026-09-25
mixto2,3,Giovani Lo Celso Lo Celso,Betis,,0,2026-09-25
mixto2,1,Giovani Lo Celso Lo Celso,Betis,,0,2026-09-25
mixto2,2,Giovani Lo Celso Lo Celso,Betis,,0,2026-09-25
mixto2,7,Diego Conde Conde,Betis,,0,2026-09-25
mixto2,6,Diego Conde Conde,Betis,,0,2026-09-25
mixto2,5,Diego Conde Conde,Betis,,0,2026-09-25
mixto2,4,Diego Conde Conde,Betis,,0,2026-09-25
mixto2,3,Diego Conde Conde,Betis,,0,2026-09-25
mixto2,1,Diego Conde Conde,Betis,,0,2026-09-25
mixto2,2,Diego Conde Conde,Betis,,0,2026-09-25
mixto2,7,Iago Aspas Aspas,Celta,,0,2026-09-25
mixto2,5,Iago Aspas Aspas,Celta,3.0,1,2026-09-25
mixto2,4,Iago Aspas Aspas,Celta,4.0,1,2026-09-25
mixto2,6,Iago Aspas Aspas,Celta,3.0,1,2026-09-25
mixto2,3,Iago Aspas Aspas,Celta,4.0,1,2026-09-25
mixto2,1,Iago Aspas Aspas,Celta,9.0,1,2026-09-25
mixto2,2,Iago Aspas Aspas,Celta,3.0,1,2026-09-25
mixto2,7,Borja Iglesias Iglesias,Celta,5.0,1,2026-09-25
mixto2,5,Borja Iglesias Iglesias,Celta,,0,2026-09-25
mixto2,4,Borja Iglesias Iglesias,Celta,2.0,1,2026-09-25
mixto2,6,Borja Iglesias Iglesias,Celta,,0,2026-09-25
mixto2,3,Borja Iglesias Iglesias,Celta,,0,2026-09-25
mixto2,1,Borja Iglesias Iglesias,Celta,,0,2026-09-25
mixto2,2,Borja Iglesias Iglesias,Celta,,0,2026-09-25
mixto2,7,Iván Villar Iván Villar,Celta,,0,2026-09-25
mixto2,5,Iván Villar Iván Villar,Celta,,0,2026-09-25
mixto2,4,Iván Villar Iván Villar,Celta,,0,2026-09-25
mixto2,6,Iván Villar Iván Villar,Celta,,0,2026-09-25
mixto2,3,Iván Villar Iván Villar,Celta,,0,2026-09-25
mixto2,1,Iván Villar Iván Villar,Celta,,0,2026-09-25
mixto2,2,Iván Villar Iván Villar,Celta,,0,2026-09-25
mixto2,7,Marcos Alonso M. Alonso,Celta,,0,2026-09-25
mixto2,5,Marcos Alonso M. Alonso,Celta,4.0,1,2026-09-25
mixto2,4,Marcos Alonso M. Alonso,Celta,4.0,1,2026-09-25
mixto2,6,Marcos Alonso M. Alonso,Celta,5.0,1,2026-09-25
mixto2,3,Marcos Alonso M. Alonso,Celta,,0,2026-09-25
mixto2,1,Marcos Alonso M. Alonso,Celta,-5.0,1,2026-09-25
mixto2,2,Marcos Alonso M. Alonso,Celta,7.0,1,2026-09-25
mixto2,7,Ionut Radu Radu,Celta,7.0,1,2026-09-25
mixto2,5,Ionut Radu Radu,Celta,3.0,1,2026-09-25
mixto2,4,Ionut Radu Radu,Celta,3.0,1,2026-09-25
mixto2,6,Ionut Radu Radu,Celta,9.0,1,2026-09-25
mixto2,3,Ionut Radu Radu,Celta,9.0,1,2026-09-25
mixto2,1,Ionut Radu Radu,Celta,1.0,1,2026-09-25
mixto2,2,Ionut Radu Radu,Celta,3.0,1,2026-09-25
mixto2,7,Javi Galán Galán,Celta,4.0,1,2026-09-25
mixto2,5,Javi Galán Galán,Celta,2.0,1,2026-09-25
mixto2,4,Javi Galán Galán,Celta,3.0,1,2026-09-25
mixto2,6,Javi Galán Galán,Celta,2.0,1,2026-09-25
mixto2,3,Javi Galán Galán,Celta,,0,2026-09-25
mixto2,1,Javi Galán Galán,Celta,2.0,1,2026-09-25
mixto2,2,Javi Galán Galán,Celta,4.0,1,2026-09-25
mixto2,7,Aleix Febas Febas,Celta,,0,2026-09-25
mixto2,5,Aleix Febas Febas,Celta,,0,2026-09-25
mixto2,4,Aleix Febas Febas,Celta,,0,2026-09-25
mixto2,6,Aleix Febas Febas,Celta,,0,2026-09-25
mixto2,3,Aleix Febas Febas,Celta,0.0,1,2026-09-25
mixto2,1,Aleix Febas Febas,Celta,,0,2026-09-25
mixto2,2,Aleix Febas Febas,Celta,5.0,1,2026-09-25
mixto2,7,Sergio Carreira Carreira,Celta,7.0,1,2026-09-25
mixto2,5,Sergio Carreira Carreira,Celta,5.0,1,2026-09-25
mixto2,4,Sergio Carreira Carreira,Celta,3.0,1,2026-09-25
mixto2,6,Sergio Carreira Carreira,Celta,3.0,1,2026-09-25
mixto2,3,Sergio Carreira Carreira,Celta,1.0,1,2026-09-25
mixto2,1,Sergio Carreira Carreira,Celta,7.0,1,2026-09-25
mixto2,2,Sergio Carreira Carreira,Celta,4.0,1,2026-09-25
mixto2,7,Ferran Jutglà Jutglà,Celta,3.0,1,2026-09-25
mixto2,5,Ferran Jutglà Jutglà,Celta,11.0,1,2026-09-25
mixto2,4,Ferran Jutglà Jutglà,Celta,3.0,1,2026-09-25
mixto2,6,Ferran Jutglà Jutglà,Celta,2.0,1,2026-09-25
mixto2,3,Ferran Jutglà Jutglà,Celta,5.0,1,2026-09-25
mixto2,1,Ferran Jutglà Jutglà,Celta,3.0,1,2026-09-25
mixto2,2,Ferran Jutglà Jutglà,Celta,1.0,1,2026-09-25
mixto2,7,Ilaix Moriba Moriba,Celta,14.0,1,2026-09-25
mixto2,5,Ilaix Moriba Moriba,Celta,5.0,1,2026-09-25
mixto2,4,Ilaix Moriba Moriba,Celta,2.0,1,2026-09-25
mixto2,6,Ilaix Moriba Moriba,Celta,5.0,1,2026-09-25
mixto2,3,Ilaix Moriba Moriba,Celta,1.0,1,2026-09-25
mixto2,1,Ilaix Moriba Moriba,Celta,1.0,1,2026-09-25
mixto2,2,Ilaix Moriba Moriba,Celta,3.0,1,2026-09-25
mixto2,7,Altay Bayindir Bayindir,Celta,,0,2026-09-25
mixto2,5,Altay Bayindir Bayindir,Celta,,0,2026-09-25
mixto2,4,Altay Bayindir Bayindir,Celta,,0,2026-09-25
mixto2,6,Altay Bayindir Bayindir,Celta,,0,2026-09-25
mixto2,3,Altay Bayindir Bayindir,Celta,,0,2026-09-25
mixto2,1,Altay Bayindir Bayindir,Celta,,0,2026-09-25
mixto2,2,Altay Bayindir Bayindir,Celta,,0,2026-09-25
mixto2,7,Carl Starfelt Starfelt,Celta,,0,2026-09-25
mixto2,5,Carl Starfelt Starfelt,Celta,,0,2026-09-25
mixto2,4,Carl Starfelt Starfelt,Celta,13.0,1,2026-09-25
mixto2,6,Carl Starfelt Starfelt,Celta,,0,2026-09-25
mixto2,3,Carl Starfelt Starfelt,Celta,4.0,1,2026-09-25
mixto2,1,Carl Starfelt Starfelt,Celta,2.0,1,2026-09-25
mixto2,2,Carl Starfelt Starfelt,Celta,,0,2026-09-25
mixto2,7,Hugo Álvarez Hugo Álvarez,Celta,9.0,1,2026-09-25
mixto2,5,Hugo Álvarez Hugo Álvarez,Celta,3.0,1,2026-09-25
mixto2,4,Hugo Álvarez Hugo Álvarez,Celta,,0,2026-09-25
mixto2,6,Hugo Álvarez Hugo Álvarez,Celta,,0,2026-09-25
mixto2,3,Hugo Álvarez Hugo Álvarez,Celta,2.0,1,2026-09-25
mixto2,1,Hugo Álvarez Hugo Álvarez,Celta,3.0,1,2026-09-25
mixto2,2,Hugo Álvarez Hugo Álvarez,Celta,2.0,1,2026-09-25
mixto2,7,Hugo González Hugo González,Celta,9.0,1,2026-09-25
mixto2,5,Hugo González Hugo González,Celta,3.0,1,2026-09-25
mixto2,4,Hugo González Hugo González,Celta,7.0,1,2026-09-25
mixto2,6,Hugo González Hugo González,Celta,,0,2026-09-25
mixto2,3,Hugo González Hugo González,Celta,3.0,1,2026-09-25
mixto2,1,Hugo González Hugo González,Celta,,0,2026-09-25
mixto2,2,Hugo González Hugo González,Celta,,0,2026-09-25
mixto2,7,Williot Swedberg Swedberg,Celta,3.0,1,2026-09-25
mixto2,5,Williot Swedberg Swedberg,Celta,2.0,1,2026-09-25
mixto2,4,Williot Swedberg Swedberg,Celta,,0,2026-09-25
mixto2,6,Williot Swedberg Swedberg,Celta,3.0,1,2026-09-25
mixto2,3,Williot Swedberg Swedberg,Celta,2.0,1,2026-09-25
mixto2,1,Williot Swedberg Swedberg,Celta,2.0,1,2026-09-25
mixto2,2,Williot Swedberg Swedberg,Celta,3.0,1,2026-09-25
mixto2,7,Pablo Durán Durán,Celta,15.0,1,2026-09-25
mixto2,5,Pablo Durán Durán,Celta,,0,2026-09-25
mixto2,4,Pablo Durán Durán,Celta,1.0,1,2026-09-25
mixto2,6,Pablo Durán Durán,Celta,2.0,1,2026-09-25
mixto2,3,Pablo Durán Durán,Celta,,0,2026-09-25
mixto2,1,Pablo Durán Durán,Celta,3.0,1,2026-09-25
mixto2,2,Pablo Durán Durán,Celta,3.0,1,2026-09-25
mixto2,7,Álvaro Núñez Á. Núñez,Celta,6.0,1,2026-09-25
mixto2,5,Álvaro Núñez Á. Núñez,Celta,,0,2026-09-25
mixto2,4,Álvaro Núñez Á. Núñez,Celta,,0,2026-09-25
mixto2,6,Álvaro Núñez Á. Núñez,Celta,5.0,1,2026-09-25
mixto2,3,Álvaro Núñez Á. Núñez,Celta,4.0,1,2026-09-25
mixto2,1,Álvaro Núñez Á. Núñez,Celta,,0,2026-09-25
mixto2,2,Álvaro Núñez Á. Núñez,Celta,,0,2026-09-25
mixto2,7,Abdoulaye Faye Faye,Celta,,0,2026-09-25
mixto2,5,Abdoulaye Faye Faye,Celta,,0,2026-09-25
mixto2,4,Abdoulaye Faye Faye,Celta,,0,2026-09-25
mixto2,6,Abdoulaye Faye Faye,Celta,,0,2026-09-25
mixto2,3,Abdoulaye Faye Faye,Celta,0.0,1,2026-09-25
mixto2,1,Abdoulaye Faye Faye,Celta,,0,2026-09-25
mixto2,2,Abdoulaye Faye Faye,Celta,,0,2026-09-25
mixto2,7,Javi Rodríguez Javi Rodríguez,Celta,,0,2026-09-25
mixto2,5,Javi Rodríguez Javi Rodríguez,Celta,,0,2026-09-25
mixto2,4,Javi Rodríguez Javi Rodríguez,Celta,,0,2026-09-25
mixto2,6,Javi Rodríguez Javi Rodríguez,Celta,2.0,1,2026-09-25
mixto2,3,Javi Rodríguez Javi Rodríguez,Celta,0.0,1,2026-09-25
mixto2,1,Javi Rodríguez Javi Rodríguez,Celta,2.0,1,2026-09-25
mixto2,2,Javi Rodríguez Javi Rodríguez,Celta,4.0,1,2026-09-25
mixto2,7,Javi Rueda Rueda,Celta,3.0,1,2026-09-25
mixto2,5,Javi Rueda Rueda,Celta,3.0,1,2026-09-25
mixto2,4,Javi Rueda Rueda,Celta,4.0,1,2026-09-25
mixto2,6,Javi Rueda Rueda,Celta,3.0,1,2026-09-25
mixto2,3,Javi Rueda Rueda,Celta,4.0,1,2026-09-25
mixto2,1,Javi Rueda Rueda,Celta,2.0,1,2026-09-25
mixto2,2,Javi Rueda Rueda,Celta,2.0,1,2026-09-25
mixto2,7,Yoel Lago Lago,Celta,6.0,1,2026-09-25
mixto2,5,Yoel Lago Lago,Celta,4.0,1,2026-09-25
mixto2,4,Yoel Lago Lago,Celta,3.0,1,2026-09-25
mixto2,6,Yoel Lago Lago,Celta,4.0,1,2026-09-25
mixto2,3,Yoel Lago Lago,Celta,4.0,1,2026-09-25
mixto2,1,Yoel Lago Lago,Celta,3.0,1,2026-09-25
mixto2,2,Yoel Lago Lago,Celta,4.0,1,2026-09-25
mixto2,7,Miguel Román Román,Celta,14.0,1,2026-09-25
mixto2,5,Miguel Román Román,Celta,5.0,1,2026-09-25
mixto2,4,Miguel Román Román,Celta,3.0,1,2026-09-25
mixto2,6,Miguel Román Román,Celta,3.0,1,2026-09-25
mixto2,3,Miguel Román Román,Celta,4.0,1,2026-09-25
mixto2,1,Miguel Román Román,Celta,4.0,1,2026-09-25
mixto2,2,Miguel Román Román,Celta,6.0,1,2026-09-25
mixto2,7,Jones El-Abdellaoui El-Abdellaoui,Celta,,0,2026-09-25
mixto2,5,Jones El-Abdellaoui El-Abdellaoui,Celta,,0,2026-09-25
mixto2,4,Jones El-Abdellaoui El-Abdellaoui,Celta,3.0,1,2026-09-25
mixto2,6,Jones El-Abdellaoui El-Abdellaoui,Celta,,0,2026-09-25
mixto2,3,Jones El-Abdellaoui El-Abdellaoui,Celta,,0,2026-09-25
mixto2,1,Jones El-Abdellaoui El-Abdellaoui,Celta,2.0,1,2026-09-25
mixto2,2,Jones El-Abdellaoui El-Abdellaoui,Celta,2.0,1,2026-09-25
mixto2,7,Andrés Antañón Antañón,Celta,,0,2026-09-25
mixto2,5,Andrés Antañón Antañón,Celta,,0,2026-09-25
mixto2,4,Andrés Antañón Antañón,Celta,,0,2026-09-25
mixto2,6,Andrés Antañón Antañón,Celta,1.0,1,2026-09-25
mixto2,3,Andrés Antañón Antañón,Celta,,0,2026-09-25
mixto2,1,Andrés Antañón Antañón,Celta,,0,2026-09-25
mixto2,2,Andrés Antañón Antañón,Celta,,0,2026-09-25
mixto2,7,Hugo Burcio Burcio,Celta,2.0,1,2026-09-25
mixto2,5,Hugo Burcio Burcio,Celta,5.0,1,2026-09-25
mixto2,4,Hugo Burcio Burcio,Celta,,0,2026-09-25
mixto2,6,Hugo Burcio Burcio,Celta,,0,2026-09-25
mixto2,3,Hugo Burcio Burcio,Celta,,0,2026-09-25
mixto2,1,Hugo Burcio Burcio,Celta,,0,2026-09-25
mixto2,2,Hugo Burcio Burcio,Celta,,0,2026-09-25
mixto2,7,Kike Ribes Kike Ribes,Celta,,0,2026-09-25
mixto2,5,Kike Ribes Kike Ribes,Celta,,0,2026-09-25
mixto2,4,Kike Ribes Kike Ribes,Celta,,0,2026-09-25
mixto2,6,Kike Ribes Kike Ribes,Celta,,0,2026-09-25
mixto2,3,Kike Ribes Kike Ribes,Celta,,0,2026-09-25
mixto2,1,Kike Ribes Kike Ribes,Celta,,0,2026-09-25
mixto2,2,Kike Ribes Kike Ribes,Celta,,0,2026-09-25
mixto2,7,Coke Carrillo Carrillo,Celta,,0,2026-09-25
mixto2,5,Coke Carrillo Carrillo,Celta,,0,2026-09-25
mixto2,4,Coke Carrillo Carrillo,Celta,,0,2026-09-25
mixto2,6,Coke Carrillo Carrillo,Celta,,0,2026-09-25
mixto2,3,Coke Carrillo Carrillo,Celta,,0,2026-09-25
mixto2,1,Coke Carrillo Carrillo,Celta,,0,2026-09-25
mixto2,2,Coke Carrillo Carrillo,Celta,,0,2026-09-25
mixto2,7,Couhaib Driouech Driouech,Celta,,0,2026-09-25
mixto2,5,Couhaib Driouech Driouech,Celta,1.0,1,2026-09-25
mixto2,4,Couhaib Driouech Driouech,Celta,3.0,1,2026-09-25
mixto2,6,Couhaib Driouech Driouech,Celta,3.0,1,2026-09-25
mixto2,3,Couhaib Driouech Driouech,Celta,,0,2026-09-25
mixto2,1,Couhaib Driouech Driouech,Celta,,0,2026-09-25
mixto2,7,Sebastián Cáceres Cáceres,Celta,4.0,1,2026-09-25
mixto2,5,Sebastián Cáceres Cáceres,Celta,4.0,1,2026-09-25
mixto2,4,Sebastián Cáceres Cáceres,Celta,,0,2026-09-25
mixto2,6,Sebastián Cáceres Cáceres,Celta,,0,2026-09-25
mixto2,7,Ximo Navarro Ximo,Deportivo,2.0,1,2026-09-25
mixto2,6,Ximo Navarro Ximo,Deportivo,,0,2026-09-25
mixto2,5,Ximo Navarro Ximo,Deportivo,1.0,1,2026-09-25
mixto2,4,Ximo Navarro Ximo,Deportivo,5.0,1,2026-09-25
mixto2,3,Ximo Navarro Ximo,Deportivo,3.0,1,2026-09-25
mixto2,2,Ximo Navarro Ximo,Deportivo,2.0,1,2026-09-25
mixto2,1,Ximo Navarro Ximo,Deportivo,2.0,1,2026-09-25
mixto2,7,Germán Parreño,Deportivo,,0,2026-09-25
mixto2,6,Germán Parreño,Deportivo,,0,2026-09-25
mixto2,5,Germán Parreño,Deportivo,,0,2026-09-25
mixto2,4,Germán Parreño,Deportivo,,0,2026-09-25
mixto2,3,Germán Parreño,Deportivo,,0,2026-09-25
mixto2,2,Germán Parreño,Deportivo,,0,2026-09-25
mixto2,1,Germán Parreño,Deportivo,,0,2026-09-25
mixto2,7,Pierre-Emerick Aubameyang Aubameyang,Deportivo,5.0,1,2026-09-25
mixto2,6,Pierre-Emerick Aubameyang Aubameyang,Deportivo,2.0,1,2026-09-25
mixto2,5,Pierre-Emerick Aubameyang Aubameyang,Deportivo,9.0,1,2026-09-25
mixto2,4,Pierre-Emerick Aubameyang Aubameyang,Deportivo,14.0,1,2026-09-25
mixto2,3,Pierre-Emerick Aubameyang Aubameyang,Deportivo,13.0,1,2026-09-25
mixto2,2,Pierre-Emerick Aubameyang Aubameyang,Deportivo,9.0,1,2026-09-25
mixto2,1,Pierre-Emerick Aubameyang Aubameyang,Deportivo,11.0,1,2026-09-25
mixto2,7,Angeliño Angeliño,Deportivo,,0,2026-09-25
mixto2,6,Angeliño Angeliño,Deportivo,-8.0,1,2026-09-25
mixto2,5,Angeliño Angeliño,Deportivo,,0,2026-09-25
mixto2,4,Angeliño Angeliño,Deportivo,,0,2026-09-25
mixto2,3,Angeliño Angeliño,Deportivo,,0,2026-09-25
mixto2,2,Angeliño Angeliño,Deportivo,,0,2026-09-25
mixto2,1,Angeliño Angeliño,Deportivo,,0,2026-09-25
mixto2,7,Álvaro Fernández Álvaro,Deportivo,,0,2026-09-25
mixto2,6,Álvaro Fernández Álvaro,Deportivo,,0,2026-09-25
mixto2,5,Álvaro Fernández Álvaro,Deportivo,,0,2026-09-25
mixto2,4,Álvaro Fernández Álvaro,Deportivo,,0,2026-09-25
mixto2,3,Álvaro Fernández Álvaro,Deportivo,,0,2026-09-25
mixto2,2,Álvaro Fernández Álvaro,Deportivo,,0,2026-09-25
mixto2,1,Álvaro Fernández Álvaro,Deportivo,,0,2026-09-25
mixto2,7,Riki Rodríguez Riki,Deportivo,3.0,1,2026-09-25
mixto2,6,Riki Rodríguez Riki,Deportivo,2.0,1,2026-09-25
mixto2,5,Riki Rodríguez Riki,Deportivo,,0,2026-09-25
mixto2,4,Riki Rodríguez Riki,Deportivo,2.0,1,2026-09-25
mixto2,3,Riki Rodríguez Riki,Deportivo,4.0,1,2026-09-25
mixto2,2,Riki Rodríguez Riki,Deportivo,,0,2026-09-25
mixto2,1,Riki Rodríguez Riki,Deportivo,,0,2026-09-25
mixto2,7,Mario Soriano Mario,Deportivo,6.0,1,2026-09-25
mixto2,6,Mario Soriano Mario,Deportivo,4.0,1,2026-09-25
mixto2,5,Mario Soriano Mario,Deportivo,4.0,1,2026-09-25
mixto2,4,Mario Soriano Mario,Deportivo,3.0,1,2026-09-25
mixto2,3,Mario Soriano Mario,Deportivo,7.0,1,2026-09-25
mixto2,2,Mario Soriano Mario,Deportivo,2.0,1,2026-09-25
mixto2,1,Mario Soriano Mario,Deportivo,4.0,1,2026-09-25
mixto2,7,Leo Román Leo Román,Deportivo,3.0,1,2026-09-25
mixto2,6,Leo Román Leo Román,Deportivo,5.0,1,2026-09-25
mixto2,5,Leo Román Leo Román,Deportivo,3.0,1,2026-09-25
mixto2,4,Leo Román Leo Román,Deportivo,3.0,1,2026-09-25
mixto2,3,Leo Román Leo Román,Deportivo,4.0,1,2026-09-25
mixto2,2,Leo Román Leo Román,Deportivo,5.0,1,2026-09-25
mixto2,1,Leo Román Leo Román,Deportivo,8.0,1,2026-09-25
mixto2,7,Luismi Cruz Luismi,Deportivo,4.0,1,2026-09-25
mixto2,6,Luismi Cruz Luismi,Deportivo,2.0,1,2026-09-25
mixto2,5,Luismi Cruz Luismi,Deportivo,6.0,1,2026-09-25
mixto2,4,Luismi Cruz Luismi,Deportivo,11.0,1,2026-09-25
mixto2,3,Luismi Cruz Luismi,Deportivo,5.0,1,2026-09-25
mixto2,2,Luismi Cruz Luismi,Deportivo,5.0,1,2026-09-25
mixto2,1,Luismi Cruz Luismi,Deportivo,2.0,1,2026-09-25
mixto2,7,Arnau Comas Comas,Deportivo,,0,2026-09-25
mixto2,6,Arnau Comas Comas,Deportivo,,0,2026-09-25
mixto2,5,Arnau Comas Comas,Deportivo,,0,2026-09-25
mixto2,4,Arnau Comas Comas,Deportivo,,0,2026-09-25
mixto2,3,Arnau Comas Comas,Deportivo,,0,2026-09-25
mixto2,2,Arnau Comas Comas,Deportivo,,0,2026-09-25
mixto2,1,Arnau Comas Comas,Deportivo,,0,2026-09-25
mixto2,7,Adrià Altimira Altimira,Deportivo,,0,2026-09-25
mixto2,6,Adrià Altimira Altimira,Deportivo,2.0,1,2026-09-25
mixto2,5,Adrià Altimira Altimira,Deportivo,,0,2026-09-25
mixto2,4,Adrià Altimira Altimira,Deportivo,,0,2026-09-25
mixto2,3,Adrià Altimira Altimira,Deportivo,-2.0,1,2026-09-25
mixto2,2,Adrià Altimira Altimira,Deportivo,2.0,1,2026-09-25
mixto2,1,Adrià Altimira Altimira,Deportivo,4.0,1,2026-09-25
mixto2,7,Giacomo Quagliata Quagliata,Deportivo,3.0,1,2026-09-25
mixto2,6,Giacomo Quagliata Quagliata,Deportivo,3.0,1,2026-09-25
mixto2,5,Giacomo Quagliata Quagliata,Deportivo,3.0,1,2026-09-25
mixto2,4,Giacomo Quagliata Quagliata,Deportivo,3.0,1,2026-09-25
mixto2,3,Giacomo Quagliata Quagliata,Deportivo,6.0,1,2026-09-25
mixto2,2,Giacomo Quagliata Quagliata,Deportivo,3.0,1,2026-09-25
mixto2,1,Giacomo Quagliata Quagliata,Deportivo,3.0,1,2026-09-25
mixto2,7,Miguel Loureiro Loureiro,Deportivo,,0,2026-09-25
mixto2,6,Miguel Loureiro Loureiro,Deportivo,6.0,1,2026-09-25
mixto2,5,Miguel Loureiro Loureiro,Deportivo,,0,2026-09-25
mixto2,4,Miguel Loureiro Loureiro,Deportivo,3.0,1,2026-09-25
mixto2,3,Miguel Loureiro Loureiro,Deportivo,3.0,1,2026-09-25
mixto2,2,Miguel Loureiro Loureiro,Deportivo,2.0,1,2026-09-25
mixto2,1,Miguel Loureiro Loureiro,Deportivo,,0,2026-09-25
mixto2,7,Lorenzo Amatucci Amatucci,Deportivo,,0,2026-09-25
mixto2,6,Lorenzo Amatucci Amatucci,Deportivo,5.0,1,2026-09-25
mixto2,5,Lorenzo Amatucci Amatucci,Deportivo,4.0,1,2026-09-25
mixto2,4,Lorenzo Amatucci Amatucci,Deportivo,5.0,1,2026-09-25
mixto2,3,Lorenzo Amatucci Amatucci,Deportivo,5.0,1,2026-09-25
mixto2,2,Lorenzo Amatucci Amatucci,Deportivo,5.0,1,2026-09-25
mixto2,1,Lorenzo Amatucci Amatucci,Deportivo,6.0,1,2026-09-25
mixto2,7,Diego Villares Villares,Deportivo,11.0,1,2026-09-25
mixto2,6,Diego Villares Villares,Deportivo,,0,2026-09-25
mixto2,5,Diego Villares Villares,Deportivo,,0,2026-09-25
mixto2,4,Diego Villares Villares,Deportivo,,0,2026-09-25
mixto2,3,Diego Villares Villares,Deportivo,,0,2026-09-25
mixto2,2,Diego Villares Villares,Deportivo,3.0,1,2026-09-25
mixto2,1,Diego Villares Villares,Deportivo,3.0,1,2026-09-25
mixto2,7,David Mella Mella,Deportivo,3.0,1,2026-09-25
mixto2,6,David Mella Mella,Deportivo,,0,2026-09-25
mixto2,5,David Mella Mella,Deportivo,,0,2026-09-25
mixto2,4,David Mella Mella,Deportivo,,0,2026-09-25
mixto2,3,David Mella Mella,Deportivo,,0,2026-09-25
mixto2,2,David Mella Mella,Deportivo,2.0,1,2026-09-25
mixto2,1,David Mella Mella,Deportivo,2.0,1,2026-09-25
mixto2,7,Kevin Sánchez Kevin Sánchez,Deportivo,,0,2026-09-25
mixto2,6,Kevin Sánchez Kevin Sánchez,Deportivo,,0,2026-09-25
mixto2,5,Kevin Sánchez Kevin Sánchez,Deportivo,,0,2026-09-25
mixto2,4,Kevin Sánchez Kevin Sánchez,Deportivo,,0,2026-09-25
mixto2,3,Kevin Sánchez Kevin Sánchez,Deportivo,,0,2026-09-25
mixto2,2,Kevin Sánchez Kevin Sánchez,Deportivo,,0,2026-09-25
mixto2,1,Kevin Sánchez Kevin Sánchez,Deportivo,1.0,1,2026-09-25
mixto2,7,Zakaria Eddahchouri Eddahchouri,Deportivo,,0,2026-09-25
mixto2,6,Zakaria Eddahchouri Eddahchouri,Deportivo,2.0,1,2026-09-25
mixto2,5,Zakaria Eddahchouri Eddahchouri,Deportivo,3.0,1,2026-09-25
mixto2,4,Zakaria Eddahchouri Eddahchouri,Deportivo,10.0,1,2026-09-25
mixto2,3,Zakaria Eddahchouri Eddahchouri,Deportivo,,0,2026-09-25
mixto2,2,Zakaria Eddahchouri Eddahchouri,Deportivo,,0,2026-09-25
mixto2,1,Zakaria Eddahchouri Eddahchouri,Deportivo,2.0,1,2026-09-25
mixto2,7,Jonathan Asp Jensen Asp Jensen,Deportivo,3.0,1,2026-09-25
mixto2,6,Jonathan Asp Jensen Asp Jensen,Deportivo,3.0,1,2026-09-25
mixto2,5,Jonathan Asp Jensen Asp Jensen,Deportivo,,0,2026-09-25
mixto2,4,Jonathan Asp Jensen Asp Jensen,Deportivo,,0,2026-09-25
mixto2,3,Jonathan Asp Jensen Asp Jensen,Deportivo,2.0,1,2026-09-25
mixto2,2,Jonathan Asp Jensen Asp Jensen,Deportivo,2.0,1,2026-09-25
mixto2,1,Jonathan Asp Jensen Asp Jensen,Deportivo,2.0,1,2026-09-25
mixto2,7,Lucas Noubi Noubi,Deportivo,,0,2026-09-25
mixto2,6,Lucas Noubi Noubi,Deportivo,,0,2026-09-25
mixto2,5,Lucas Noubi Noubi,Deportivo,3.0,1,2026-09-25
mixto2,4,Lucas Noubi Noubi,Deportivo,4.0,1,2026-09-25
mixto2,3,Lucas Noubi Noubi,Deportivo,5.0,1,2026-09-25
mixto2,2,Lucas Noubi Noubi,Deportivo,2.0,1,2026-09-25
mixto2,1,Lucas Noubi Noubi,Deportivo,2.0,1,2026-09-25
mixto2,7,Bil Nsongo Bil Nsongo,Deportivo,3.0,1,2026-09-25
mixto2,6,Bil Nsongo Bil Nsongo,Deportivo,4.0,1,2026-09-25
mixto2,5,Bil Nsongo Bil Nsongo,Deportivo,2.0,1,2026-09-25
mixto2,4,Bil Nsongo Bil Nsongo,Deportivo,6.0,1,2026-09-25
mixto2,3,Bil Nsongo Bil Nsongo,Deportivo,7.0,1,2026-09-25
mixto2,2,Bil Nsongo Bil Nsongo,Deportivo,2.0,1,2026-09-25
mixto2,1,Bil Nsongo Bil Nsongo,Deportivo,4.0,1,2026-09-25
mixto2,7,Teun Gijselhart Gijselhart,Deportivo,,0,2026-09-25
mixto2,6,Teun Gijselhart Gijselhart,Deportivo,,0,2026-09-25
mixto2,5,Teun Gijselhart Gijselhart,Deportivo,,0,2026-09-25
mixto2,4,Teun Gijselhart Gijselhart,Deportivo,2.0,1,2026-09-25
mixto2,3,Teun Gijselhart Gijselhart,Deportivo,,0,2026-09-25
mixto2,2,Teun Gijselhart Gijselhart,Deportivo,,0,2026-09-25
mixto2,7,Bright Ede Ede,Deportivo,4.0,1,2026-09-25
mixto2,6,Bright Ede Ede,Deportivo,,0,2026-09-25
mixto2,5,Bright Ede Ede,Deportivo,,0,2026-09-25
mixto2,4,Bright Ede Ede,Deportivo,,0,2026-09-25
mixto2,3,Bright Ede Ede,Deportivo,1.0,1,2026-09-25
mixto2,2,Bright Ede Ede,Deportivo,3.0,1,2026-09-25
mixto2,1,Bright Ede Ede,Deportivo,4.0,1,2026-09-25
mixto2,7,José María Giménez Giménez,Deportivo,5.0,1,2026-09-25
mixto2,6,José María Giménez Giménez,Deportivo,2.0,1,2026-09-25
mixto2,5,José María Giménez Giménez,Deportivo,3.0,1,2026-09-25
mixto2,4,José María Giménez Giménez,Deportivo,6.0,1,2026-09-25
mixto2,3,José María Giménez Giménez,Deportivo,3.0,1,2026-09-25
mixto2,2,José María Giménez Giménez,Deportivo,3.0,1,2026-09-25
mixto2,1,José María Giménez Giménez,Deportivo,,0,2026-09-25
mixto2,7,Yeremay Hernández Yeremay,Deportivo,2.0,1,2026-09-25
mixto2,6,Yeremay Hernández Yeremay,Deportivo,2.0,1,2026-09-25
mixto2,5,Yeremay Hernández Yeremay,Deportivo,2.0,1,2026-09-25
mixto2,4,Yeremay Hernández Yeremay,Deportivo,4.0,1,2026-09-25
mixto2,3,Yeremay Hernández Yeremay,Deportivo,3.0,1,2026-09-25
mixto2,2,Yeremay Hernández Yeremay,Deportivo,2.0,1,2026-09-25
mixto2,1,Yeremay Hernández Yeremay,Deportivo,,0,2026-09-25
mixto2,7,Adama Traoré A. Traoré,Deportivo,2.0,1,2026-09-25
mixto2,6,Adama Traoré A. Traoré,Deportivo,3.0,1,2026-09-25
mixto2,5,Adama Traoré A. Traoré,Deportivo,2.0,1,2026-09-25
mixto2,4,Adama Traoré A. Traoré,Deportivo,1.0,1,2026-09-25
mixto2,3,Adama Traoré A. Traoré,Deportivo,,0,2026-09-25
mixto2,7,Marc Casadó Casadó,Deportivo,3.0,1,2026-09-25
mixto2,6,Marc Casadó Casadó,Deportivo,,0,2026-09-25
mixto2,5,Marc Casadó Casadó,Deportivo,4.0,1,2026-09-25
mixto2,4,Marc Casadó Casadó,Deportivo,3.0,1,2026-09-25
mixto2,3,Marc Casadó Casadó,Deportivo,,0,2026-09-25
mixto2,2,Marc Casadó Casadó,Deportivo,,0,2026-09-25
mixto2,1,Marc Casadó Casadó,Deportivo,,0,2026-09-25
mixto2,7,Dani Barcia Barcia,Deportivo,,0,2026-09-25
mixto2,6,Dani Barcia Barcia,Deportivo,,0,2026-09-25
mixto2,5,Dani Barcia Barcia,Deportivo,,0,2026-09-25
mixto2,4,Dani Barcia Barcia,Deportivo,,0,2026-09-25
mixto2,3,Dani Barcia Barcia,Deportivo,,0,2026-09-25
mixto2,2,Dani Barcia Barcia,Deportivo,,0,2026-09-25
mixto2,1,Dani Barcia Barcia,Deportivo,,0,2026-09-25
mixto2,7,Pere Milla Pere Milla,Espanyol,2.0,1,2026-09-25
mixto2,6,Pere Milla Pere Milla,Espanyol,,0,2026-09-25
mixto2,5,Pere Milla Pere Milla,Espanyol,3.0,1,2026-09-25
mixto2,4,Pere Milla Pere Milla,Espanyol,,0,2026-09-25
mixto2,3,Pere Milla Pere Milla,Espanyol,2.0,1,2026-09-25
mixto2,2,Pere Milla Pere Milla,Espanyol,2.0,1,2026-09-25
mixto2,1,Pere Milla Pere Milla,Espanyol,3.0,1,2026-09-25
mixto2,7,Edu Expósito Edu Expósito,Espanyol,6.0,1,2026-09-25
mixto2,6,Edu Expósito Edu Expósito,Espanyol,4.0,1,2026-09-25
mixto2,5,Edu Expósito Edu Expósito,Espanyol,5.0,1,2026-09-25
mixto2,4,Edu Expósito Edu Expósito,Espanyol,5.0,1,2026-09-25
mixto2,3,Edu Expósito Edu Expósito,Espanyol,4.0,1,2026-09-25
mixto2,2,Edu Expósito Edu Expósito,Espanyol,6.0,1,2026-09-25
mixto2,1,Edu Expósito Edu Expósito,Espanyol,4.0,1,2026-09-25
mixto2,7,Marko Dmitrovic Dmitrovic,Espanyol,-1.0,1,2026-09-25
mixto2,6,Marko Dmitrovic Dmitrovic,Espanyol,2.0,1,2026-09-25
mixto2,5,Marko Dmitrovic Dmitrovic,Espanyol,7.0,1,2026-09-25
mixto2,4,Marko Dmitrovic Dmitrovic,Espanyol,3.0,1,2026-09-25
mixto2,3,Marko Dmitrovic Dmitrovic,Espanyol,8.0,1,2026-09-25
mixto2,2,Marko Dmitrovic Dmitrovic,Espanyol,5.0,1,2026-09-25
mixto2,1,Marko Dmitrovic Dmitrovic,Espanyol,3.0,1,2026-09-25
mixto2,7,Unai Núñez U. Núñez,Espanyol,3.0,1,2026-09-25
mixto2,6,Unai Núñez U. Núñez,Espanyol,,0,2026-09-25
mixto2,5,Unai Núñez U. Núñez,Espanyol,,0,2026-09-25
mixto2,4,Unai Núñez U. Núñez,Espanyol,1.0,1,2026-09-25
mixto2,3,Unai Núñez U. Núñez,Espanyol,4.0,1,2026-09-25
mixto2,2,Unai Núñez U. Núñez,Espanyol,3.0,1,2026-09-25
mixto2,1,Unai Núñez U. Núñez,Espanyol,6.0,1,2026-09-25
mixto2,7,Pol Lozano Lozano,Espanyol,,0,2026-09-25
mixto2,6,Pol Lozano Lozano,Espanyol,1.0,1,2026-09-25
mixto2,5,Pol Lozano Lozano,Espanyol,,0,2026-09-25
mixto2,4,Pol Lozano Lozano,Espanyol,,0,2026-09-25
mixto2,3,Pol Lozano Lozano,Espanyol,,0,2026-09-25
mixto2,2,Pol Lozano Lozano,Espanyol,2.0,1,2026-09-25
mixto2,1,Pol Lozano Lozano,Espanyol,3.0,1,2026-09-25
mixto2,7,Urko González de Zarate Urko,Espanyol,1.0,1,2026-09-25
mixto2,6,Urko González de Zarate Urko,Espanyol,1.0,1,2026-09-25
mixto2,5,Urko González de Zarate Urko,Espanyol,4.0,1,2026-09-25
mixto2,4,Urko González de Zarate Urko,Espanyol,3.0,1,2026-09-25
mixto2,3,Urko González de Zarate Urko,Espanyol,2.0,1,2026-09-25
mixto2,2,Urko González de Zarate Urko,Espanyol,2.0,1,2026-09-25
mixto2,1,Urko González de Zarate Urko,Espanyol,5.0,1,2026-09-25
mixto2,7,Jofre Carreras Jofre,Espanyol,,0,2026-09-25
mixto2,6,Jofre Carreras Jofre,Espanyol,,0,2026-09-25
mixto2,5,Jofre Carreras Jofre,Espanyol,,0,2026-09-25
mixto2,4,Jofre Carreras Jofre,Espanyol,,0,2026-09-25
mixto2,3,Jofre Carreras Jofre,Espanyol,2.0,1,2026-09-25
mixto2,2,Jofre Carreras Jofre,Espanyol,0.0,1,2026-09-25
mixto2,1,Jofre Carreras Jofre,Espanyol,1.0,1,2026-09-25
mixto2,7,Roberto Fernández Roberto,Espanyol,2.0,1,2026-09-25
mixto2,6,Roberto Fernández Roberto,Espanyol,10.0,1,2026-09-25
mixto2,5,Roberto Fernández Roberto,Espanyol,14.0,1,2026-09-25
mixto2,4,Roberto Fernández Roberto,Espanyol,3.0,1,2026-09-25
mixto2,3,Roberto Fernández Roberto,Espanyol,10.0,1,2026-09-25
mixto2,2,Roberto Fernández Roberto,Espanyol,4.0,1,2026-09-25
mixto2,1,Roberto Fernández Roberto,Espanyol,17.0,1,2026-09-25
mixto2,7,Ángel Fortuño Fortuño,Espanyol,,0,2026-09-25
mixto2,6,Ángel Fortuño Fortuño,Espanyol,,0,2026-09-25
mixto2,5,Ángel Fortuño Fortuño,Espanyol,,0,2026-09-25
mixto2,4,Ángel Fortuño Fortuño,Espanyol,,0,2026-09-25
mixto2,3,Ángel Fortuño Fortuño,Espanyol,,0,2026-09-25
mixto2,2,Ángel Fortuño Fortuño,Espanyol,,0,2026-09-25
mixto2,1,Ángel Fortuño Fortuño,Espanyol,,0,2026-09-25
mixto2,7,Omar El Hilali El Hilali,Espanyol,,0,2026-09-25
mixto2,6,Omar El Hilali El Hilali,Espanyol,-4.0,1,2026-09-25
mixto2,5,Omar El Hilali El Hilali,Espanyol,8.0,1,2026-09-25
mixto2,4,Omar El Hilali El Hilali,Espanyol,5.0,1,2026-09-25
mixto2,3,Omar El Hilali El Hilali,Espanyol,6.0,1,2026-09-25
mixto2,2,Omar El Hilali El Hilali,Espanyol,2.0,1,2026-09-25
mixto2,1,Omar El Hilali El Hilali,Espanyol,3.0,1,2026-09-25
mixto2,7,Marcos Fernández Marcos,Espanyol,6.0,1,2026-09-25
mixto2,6,Marcos Fernández Marcos,Espanyol,5.0,1,2026-09-25
mixto2,5,Marcos Fernández Marcos,Espanyol,6.0,1,2026-09-25
mixto2,4,Marcos Fernández Marcos,Espanyol,9.0,1,2026-09-25
mixto2,3,Marcos Fernández Marcos,Espanyol,2.0,1,2026-09-25
mixto2,2,Marcos Fernández Marcos,Espanyol,,0,2026-09-25
mixto2,1,Marcos Fernández Marcos,Espanyol,2.0,1,2026-09-25
mixto2,7,Quilindschy Hartman Hartman,Espanyol,2.0,1,2026-09-25
mixto2,6,Quilindschy Hartman Hartman,Espanyol,4.0,1,2026-09-25
mixto2,5,Quilindschy Hartman Hartman,Espanyol,,0,2026-09-25
mixto2,4,Quilindschy Hartman Hartman,Espanyol,3.0,1,2026-09-25
mixto2,3,Quilindschy Hartman Hartman,Espanyol,,0,2026-09-25
mixto2,2,Quilindschy Hartman Hartman,Espanyol,,0,2026-09-25
mixto2,1,Quilindschy Hartman Hartman,Espanyol,,0,2026-09-25
mixto2,7,Álex Calatrava Calatrava,Espanyol,1.0,1,2026-09-25
mixto2,6,Álex Calatrava Calatrava,Espanyol,2.0,1,2026-09-25
mixto2,5,Álex Calatrava Calatrava,Espanyol,2.0,1,2026-09-25
mixto2,4,Álex Calatrava Calatrava,Espanyol,4.0,1,2026-09-25
mixto2,3,Álex Calatrava Calatrava,Espanyol,2.0,1,2026-09-25
mixto2,2,Álex Calatrava Calatrava,Espanyol,10.0,1,2026-09-25
mixto2,1,Álex Calatrava Calatrava,Espanyol,5.0,1,2026-09-25
mixto2,7,Llorenç Serred Serred,Espanyol,,0,2026-09-25
mixto2,6,Llorenç Serred Serred,Espanyol,,0,2026-09-25
mixto2,5,Llorenç Serred Serred,Espanyol,,0,2026-09-25
mixto2,4,Llorenç Serred Serred,Espanyol,,0,2026-09-25
mixto2,3,Llorenç Serred Serred,Espanyol,,0,2026-09-25
mixto2,2,Llorenç Serred Serred,Espanyol,,0,2026-09-25
mixto2,1,Llorenç Serred Serred,Espanyol,,0,2026-09-25
mixto2,7,Rafel Bauzà Bauzà,Espanyol,,0,2026-09-25
mixto2,6,Rafel Bauzà Bauzà,Espanyol,0.0,1,2026-09-25
mixto2,5,Rafel Bauzà Bauzà,Espanyol,,0,2026-09-25
mixto2,4,Rafel Bauzà Bauzà,Espanyol,,0,2026-09-25
mixto2,3,Rafel Bauzà Bauzà,Espanyol,2.0,1,2026-09-25
mixto2,2,Rafel Bauzà Bauzà,Espanyol,3.0,1,2026-09-25
mixto2,1,Rafel Bauzà Bauzà,Espanyol,3.0,1,2026-09-25
mixto2,7,Vanja Drkusic Drkusic,Espanyol,,0,2026-09-25
mixto2,6,Vanja Drkusic Drkusic,Espanyol,,0,2026-09-25
mixto2,5,Vanja Drkusic Drkusic,Espanyol,1.0,1,2026-09-25
mixto2,4,Vanja Drkusic Drkusic,Espanyol,,0,2026-09-25
mixto2,3,Vanja Drkusic Drkusic,Espanyol,3.0,1,2026-09-25
mixto2,2,Vanja Drkusic Drkusic,Espanyol,3.0,1,2026-09-25
mixto2,1,Vanja Drkusic Drkusic,Espanyol,,0,2026-09-25
mixto2,7,Javier Hernández Javier Hernández,Espanyol,0.0,1,2026-09-25
mixto2,6,Javier Hernández Javier Hernández,Espanyol,0.0,1,2026-09-25
mixto2,5,Javier Hernández Javier Hernández,Espanyol,0.0,1,2026-09-25
mixto2,4,Javier Hernández Javier Hernández,Espanyol,0.0,1,2026-09-25
mixto2,3,Javier Hernández Javier Hernández,Espanyol,0.0,1,2026-09-25
mixto2,2,Javier Hernández Javier Hernández,Espanyol,0.0,1,2026-09-25
mixto2,1,Javier Hernández Javier Hernández,Espanyol,0.0,1,2026-09-25
mixto2,7,José Ángel López José Ángel,Espanyol,1.0,1,2026-09-25
mixto2,6,José Ángel López José Ángel,Espanyol,,0,2026-09-25
mixto2,5,José Ángel López José Ángel,Espanyol,,0,2026-09-25
mixto2,4,José Ángel López José Ángel,Espanyol,,0,2026-09-25
mixto2,3,José Ángel López José Ángel,Espanyol,,0,2026-09-25
mixto2,2,José Ángel López José Ángel,Espanyol,,0,2026-09-25
mixto2,1,José Ángel López José Ángel,Espanyol,,0,2026-09-25
mixto2,7,Roger Hinojo Hinojo,Espanyol,0.0,1,2026-09-25
mixto2,6,Roger Hinojo Hinojo,Espanyol,2.0,1,2026-09-25
mixto2,5,Roger Hinojo Hinojo,Espanyol,3.0,1,2026-09-25
mixto2,4,Roger Hinojo Hinojo,Espanyol,2.0,1,2026-09-25
mixto2,3,Roger Hinojo Hinojo,Espanyol,5.0,1,2026-09-25
mixto2,2,Roger Hinojo Hinojo,Espanyol,1.0,1,2026-09-25
mixto2,1,Roger Hinojo Hinojo,Espanyol,7.0,1,2026-09-25
mixto2,7,Gabriel Moscardo Moscardo,Espanyol,,0,2026-09-25
mixto2,6,Gabriel Moscardo Moscardo,Espanyol,-2.0,1,2026-09-25
mixto2,5,Gabriel Moscardo Moscardo,Espanyol,3.0,1,2026-09-25
mixto2,4,Gabriel Moscardo Moscardo,Espanyol,5.0,1,2026-09-25
mixto2,3,Gabriel Moscardo Moscardo,Espanyol,3.0,1,2026-09-25
mixto2,2,Gabriel Moscardo Moscardo,Espanyol,,0,2026-09-25
mixto2,1,Gabriel Moscardo Moscardo,Espanyol,,0,2026-09-25
mixto2,7,Tyrhys Dolan Dolan,Espanyol,3.0,1,2026-09-25
mixto2,6,Tyrhys Dolan Dolan,Espanyol,,0,2026-09-25
mixto2,5,Tyrhys Dolan Dolan,Espanyol,2.0,1,2026-09-25
mixto2,4,Tyrhys Dolan Dolan,Espanyol,5.0,1,2026-09-25
mixto2,3,Tyrhys Dolan Dolan,Espanyol,2.0,1,2026-09-25
mixto2,2,Tyrhys Dolan Dolan,Espanyol,1.0,1,2026-09-25
mixto2,1,Tyrhys Dolan Dolan,Espanyol,10.0,1,2026-09-25
mixto2,7,Clemens Riedel Riedel,Espanyol,2.0,1,2026-09-25
mixto2,6,Clemens Riedel Riedel,Espanyol,2.0,1,2026-09-25
mixto2,5,Clemens Riedel Riedel,Espanyol,3.0,1,2026-09-25
mixto2,4,Clemens Riedel Riedel,Espanyol,3.0,1,2026-09-25
mixto2,3,Clemens Riedel Riedel,Espanyol,,0,2026-09-25
mixto2,2,Clemens Riedel Riedel,Espanyol,2.0,1,2026-09-25
mixto2,1,Clemens Riedel Riedel,Espanyol,3.0,1,2026-09-25
mixto2,7,Adama Timera Timera,Espanyol,,0,2026-09-25
mixto2,6,Adama Timera Timera,Espanyol,,0,2026-09-25
mixto2,5,Adama Timera Timera,Espanyol,,0,2026-09-25
mixto2,4,Adama Timera Timera,Espanyol,,0,2026-09-25
mixto2,3,Adama Timera Timera,Espanyol,,0,2026-09-25
mixto2,2,Adama Timera Timera,Espanyol,,0,2026-09-25
mixto2,1,Adama Timera Timera,Espanyol,,0,2026-09-25
mixto2,7,Leandro Cabrera Cabrera,Espanyol,1.0,1,2026-09-25
mixto2,6,Leandro Cabrera Cabrera,Espanyol,1.0,1,2026-09-25
mixto2,5,Leandro Cabrera Cabrera,Espanyol,4.0,1,2026-09-25
mixto2,4,Leandro Cabrera Cabrera,Espanyol,4.0,1,2026-09-25
mixto2,3,Leandro Cabrera Cabrera,Espanyol,,0,2026-09-25
mixto2,2,Leandro Cabrera Cabrera,Espanyol,,0,2026-09-25
mixto2,1,Leandro Cabrera Cabrera,Espanyol,,0,2026-09-25
mixto2,7,Bryan Zaragoza Bryan,Espanyol,2.0,1,2026-09-25
mixto2,6,Bryan Zaragoza Bryan,Espanyol,4.0,1,2026-09-25
mixto2,5,Bryan Zaragoza Bryan,Espanyol,3.0,1,2026-09-25
mixto2,4,Bryan Zaragoza Bryan,Espanyol,4.0,1,2026-09-25
mixto2,3,Bryan Zaragoza Bryan,Espanyol,,0,2026-09-25
mixto2,7,Andoni Gorosabel Gorosabel,Espanyol,,0,2026-09-25
mixto2,6,Andoni Gorosabel Gorosabel,Espanyol,,0,2026-09-25
mixto2,5,Andoni Gorosabel Gorosabel,Espanyol,,0,2026-09-25
mixto2,4,Andoni Gorosabel Gorosabel,Espanyol,,0,2026-09-25
mixto2,3,Andoni Gorosabel Gorosabel,Espanyol,,0,2026-09-25
mixto2,2,Andoni Gorosabel Gorosabel,Espanyol,,0,2026-09-25
mixto2,1,Andoni Gorosabel Gorosabel,Espanyol,,0,2026-09-25
mixto2,7,Víctor Mullerat Mullerat,Espanyol,,0,2026-09-25
mixto2,6,Víctor Mullerat Mullerat,Espanyol,,0,2026-09-25
mixto2,5,Víctor Mullerat Mullerat,Espanyol,,0,2026-09-25
mixto2,4,Víctor Mullerat Mullerat,Espanyol,,0,2026-09-25
mixto2,3,Víctor Mullerat Mullerat,Espanyol,,0,2026-09-25
mixto2,2,Víctor Mullerat Mullerat,Espanyol,,0,2026-09-25
mixto2,1,Víctor Mullerat Mullerat,Espanyol,,0,2026-09-25
mixto2,7,Johan Mojica Mojica,Getafe,6.0,1,2026-09-25
mixto2,6,Johan Mojica Mojica,Getafe,3.0,1,2026-09-25
mixto2,5,Johan Mojica Mojica,Getafe,4.0,1,2026-09-25
mixto2,4,Johan Mojica Mojica,Getafe,4.0,1,2026-09-25
mixto2,3,Johan Mojica Mojica,Getafe,3.0,1,2026-09-25
mixto2,2,Johan Mojica Mojica,Getafe,6.0,1,2026-09-25
mixto2,1,Johan Mojica Mojica,Getafe,,0,2026-09-25
mixto2,7,David Soria Soria,Getafe,7.0,1,2026-09-25
mixto2,6,David Soria Soria,Getafe,9.0,1,2026-09-25
mixto2,5,David Soria Soria,Getafe,5.0,1,2026-09-25
mixto2,4,David Soria Soria,Getafe,6.0,1,2026-09-25
mixto2,3,David Soria Soria,Getafe,4.0,1,2026-09-25
mixto2,2,David Soria Soria,Getafe,10.0,1,2026-09-25
mixto2,1,David Soria Soria,Getafe,5.0,1,2026-09-25
mixto2,7,Borja Mayoral Mayoral,Getafe,,0,2026-09-25
mixto2,6,Borja Mayoral Mayoral,Getafe,,0,2026-09-25
mixto2,5,Borja Mayoral Mayoral,Getafe,,0,2026-09-25
mixto2,4,Borja Mayoral Mayoral,Getafe,,0,2026-09-25
mixto2,3,Borja Mayoral Mayoral,Getafe,2.0,1,2026-09-25
mixto2,2,Borja Mayoral Mayoral,Getafe,0.0,1,2026-09-25
mixto2,1,Borja Mayoral Mayoral,Getafe,,0,2026-09-25
mixto2,7,Kiko Femenia Femenia,Getafe,,0,2026-09-25
mixto2,6,Kiko Femenia Femenia,Getafe,,0,2026-09-25
mixto2,5,Kiko Femenia Femenia,Getafe,,0,2026-09-25
mixto2,4,Kiko Femenia Femenia,Getafe,2.0,1,2026-09-25
mixto2,3,Kiko Femenia Femenia,Getafe,5.0,1,2026-09-25
mixto2,2,Kiko Femenia Femenia,Getafe,,0,2026-09-25
mixto2,1,Kiko Femenia Femenia,Getafe,-8.0,1,2026-09-25
mixto2,7,Enes Ünal Enes Ünal,Getafe,2.0,1,2026-09-25
mixto2,6,Enes Ünal Enes Ünal,Getafe,1.0,1,2026-09-25
mixto2,5,Enes Ünal Enes Ünal,Getafe,2.0,1,2026-09-25
mixto2,4,Enes Ünal Enes Ünal,Getafe,3.0,1,2026-09-25
mixto2,3,Enes Ünal Enes Ünal,Getafe,2.0,1,2026-09-25
mixto2,2,Enes Ünal Enes Ünal,Getafe,10.0,1,2026-09-25
mixto2,1,Enes Ünal Enes Ünal,Getafe,2.0,1,2026-09-25
mixto2,7,Dakonam Djené Djené,Getafe,5.0,1,2026-09-25
mixto2,6,Dakonam Djené Djené,Getafe,3.0,1,2026-09-25
mixto2,5,Dakonam Djené Djené,Getafe,5.0,1,2026-09-25
mixto2,4,Dakonam Djené Djené,Getafe,2.0,1,2026-09-25
mixto2,3,Dakonam Djené Djené,Getafe,-1.0,1,2026-09-25
mixto2,2,Dakonam Djené Djené,Getafe,5.0,1,2026-09-25
mixto2,1,Dakonam Djené Djené,Getafe,2.0,1,2026-09-25
mixto2,7,Abdel Abqar Abqar,Getafe,,0,2026-09-25
mixto2,6,Abdel Abqar Abqar,Getafe,,0,2026-09-25
mixto2,5,Abdel Abqar Abqar,Getafe,,0,2026-09-25
mixto2,4,Abdel Abqar Abqar,Getafe,,0,2026-09-25
mixto2,3,Abdel Abqar Abqar,Getafe,,0,2026-09-25
mixto2,2,Abdel Abqar Abqar,Getafe,0.0,1,2026-09-25
mixto2,1,Abdel Abqar Abqar,Getafe,2.0,1,2026-09-25
mixto2,7,Martín Satriano Satriano,Getafe,6.0,1,2026-09-25
mixto2,6,Martín Satriano Satriano,Getafe,2.0,1,2026-09-25
mixto2,5,Martín Satriano Satriano,Getafe,3.0,1,2026-09-25
mixto2,4,Martín Satriano Satriano,Getafe,10.0,1,2026-09-25
mixto2,3,Martín Satriano Satriano,Getafe,2.0,1,2026-09-25
mixto2,2,Martín Satriano Satriano,Getafe,3.0,1,2026-09-25
mixto2,1,Martín Satriano Satriano,Getafe,1.0,1,2026-09-25
mixto2,7,Ramón Terrats Terrats,Getafe,8.0,1,2026-09-25
mixto2,6,Ramón Terrats Terrats,Getafe,,0,2026-09-25
mixto2,5,Ramón Terrats Terrats,Getafe,11.0,1,2026-09-25
mixto2,4,Ramón Terrats Terrats,Getafe,3.0,1,2026-09-25
mixto2,3,Ramón Terrats Terrats,Getafe,6.0,1,2026-09-25
mixto2,2,Ramón Terrats Terrats,Getafe,6.0,1,2026-09-25
mixto2,1,Ramón Terrats Terrats,Getafe,4.0,1,2026-09-25
mixto2,7,Orel Mangala Mangala,Getafe,3.0,1,2026-09-25
mixto2,6,Orel Mangala Mangala,Getafe,3.0,1,2026-09-25
mixto2,5,Orel Mangala Mangala,Getafe,3.0,1,2026-09-25
mixto2,4,Orel Mangala Mangala,Getafe,2.0,1,2026-09-25
mixto2,3,Orel Mangala Mangala,Getafe,4.0,1,2026-09-25
mixto2,2,Orel Mangala Mangala,Getafe,3.0,1,2026-09-25
mixto2,1,Orel Mangala Mangala,Getafe,4.0,1,2026-09-25
mixto2,7,Mario Martín Mario Martín,Getafe,,0,2026-09-25
mixto2,6,Mario Martín Mario Martín,Getafe,-2.0,1,2026-09-25
mixto2,5,Mario Martín Mario Martín,Getafe,2.0,1,2026-09-25
mixto2,4,Mario Martín Mario Martín,Getafe,3.0,1,2026-09-25
mixto2,3,Mario Martín Mario Martín,Getafe,,0,2026-09-25
mixto2,2,Mario Martín Mario Martín,Getafe,,0,2026-09-25
mixto2,1,Mario Martín Mario Martín,Getafe,3.0,1,2026-09-25
mixto2,7,Saba Sazonov Sazonov,Getafe,2.0,1,2026-09-25
mixto2,6,Saba Sazonov Sazonov,Getafe,,0,2026-09-25
mixto2,5,Saba Sazonov Sazonov,Getafe,1.0,1,2026-09-25
mixto2,4,Saba Sazonov Sazonov,Getafe,,0,2026-09-25
mixto2,3,Saba Sazonov Sazonov,Getafe,,0,2026-09-25
mixto2,2,Saba Sazonov Sazonov,Getafe,2.0,1,2026-09-25
mixto2,1,Saba Sazonov Sazonov,Getafe,2.0,1,2026-09-25
mixto2,7,Andrés García Andrés García,Getafe,3.0,1,2026-09-25
mixto2,6,Andrés García Andrés García,Getafe,2.0,1,2026-09-25
mixto2,5,Andrés García Andrés García,Getafe,,0,2026-09-25
mixto2,4,Andrés García Andrés García,Getafe,5.0,1,2026-09-25
mixto2,3,Andrés García Andrés García,Getafe,4.0,1,2026-09-25
mixto2,2,Andrés García Andrés García,Getafe,8.0,1,2026-09-25
mixto2,1,Andrés García Andrés García,Getafe,2.0,1,2026-09-25
mixto2,7,Alberto Risco Risco,Getafe,,0,2026-09-25
mixto2,6,Alberto Risco Risco,Getafe,1.0,1,2026-09-25
mixto2,5,Alberto Risco Risco,Getafe,,0,2026-09-25
mixto2,4,Alberto Risco Risco,Getafe,,0,2026-09-25
mixto2,3,Alberto Risco Risco,Getafe,2.0,1,2026-09-25
mixto2,2,Alberto Risco Risco,Getafe,0.0,1,2026-09-25
mixto2,1,Alberto Risco Risco,Getafe,2.0,1,2026-09-25
mixto2,7,Diego Ferrer Ferrer,Getafe,,0,2026-09-25
mixto2,6,Diego Ferrer Ferrer,Getafe,,0,2026-09-25
mixto2,5,Diego Ferrer Ferrer,Getafe,,0,2026-09-25
mixto2,4,Diego Ferrer Ferrer,Getafe,,0,2026-09-25
mixto2,3,Diego Ferrer Ferrer,Getafe,,0,2026-09-25
mixto2,2,Diego Ferrer Ferrer,Getafe,,0,2026-09-25
mixto2,1,Diego Ferrer Ferrer,Getafe,,0,2026-09-25
mixto2,7,Jiri Letácek Letácek,Getafe,,0,2026-09-25
mixto2,6,Jiri Letácek Letácek,Getafe,,0,2026-09-25
mixto2,5,Jiri Letácek Letácek,Getafe,,0,2026-09-25
mixto2,4,Jiri Letácek Letácek,Getafe,,0,2026-09-25
mixto2,3,Jiri Letácek Letácek,Getafe,,0,2026-09-25
mixto2,2,Jiri Letácek Letácek,Getafe,,0,2026-09-25
mixto2,1,Jiri Letácek Letácek,Getafe,,0,2026-09-25
mixto2,7,Zaid Romero Romero,Getafe,6.0,1,2026-09-25
mixto2,6,Zaid Romero Romero,Getafe,7.0,1,2026-09-25
mixto2,5,Zaid Romero Romero,Getafe,,0,2026-09-25
mixto2,4,Zaid Romero Romero,Getafe,-5.0,1,2026-09-25
mixto2,3,Zaid Romero Romero,Getafe,4.0,1,2026-09-25
mixto2,2,Zaid Romero Romero,Getafe,4.0,1,2026-09-25
mixto2,1,Zaid Romero Romero,Getafe,2.0,1,2026-09-25
mixto2,7,Jean Ives Valou Valou,Getafe,,0,2026-09-25
mixto2,6,Jean Ives Valou Valou,Getafe,,0,2026-09-25
mixto2,5,Jean Ives Valou Valou,Getafe,,0,2026-09-25
mixto2,4,Jean Ives Valou Valou,Getafe,,0,2026-09-25
mixto2,3,Jean Ives Valou Valou,Getafe,,0,2026-09-25
mixto2,2,Jean Ives Valou Valou,Getafe,,0,2026-09-25
mixto2,1,Jean Ives Valou Valou,Getafe,1.0,1,2026-09-25
mixto2,7,Davinchi Davinchi,Getafe,0.0,1,2026-09-25
mixto2,6,Davinchi Davinchi,Getafe,1.0,1,2026-09-25
mixto2,5,Davinchi Davinchi,Getafe,2.0,1,2026-09-25
mixto2,4,Davinchi Davinchi,Getafe,,0,2026-09-25
mixto2,3,Davinchi Davinchi,Getafe,,0,2026-09-25
mixto2,2,Davinchi Davinchi,Getafe,,0,2026-09-25
mixto2,1,Davinchi Davinchi,Getafe,2.0,1,2026-09-25
mixto2,7,Sebastián Boselli Boselli,Getafe,,0,2026-09-25
mixto2,6,Sebastián Boselli Boselli,Getafe,2.0,1,2026-09-25
mixto2,5,Sebastián Boselli Boselli,Getafe,2.0,1,2026-09-25
mixto2,4,Sebastián Boselli Boselli,Getafe,0.0,1,2026-09-25
mixto2,3,Sebastián Boselli Boselli,Getafe,,0,2026-09-25
mixto2,2,Sebastián Boselli Boselli,Getafe,2.0,1,2026-09-25
mixto2,1,Sebastián Boselli Boselli,Getafe,1.0,1,2026-09-25
mixto2,7,Ebrahima Drammeh Drammeh,Getafe,,0,2026-09-25
mixto2,6,Ebrahima Drammeh Drammeh,Getafe,,0,2026-09-25
mixto2,5,Ebrahima Drammeh Drammeh,Getafe,,0,2026-09-25
mixto2,4,Ebrahima Drammeh Drammeh,Getafe,,0,2026-09-25
mixto2,3,Ebrahima Drammeh Drammeh,Getafe,,0,2026-09-25
mixto2,2,Ebrahima Drammeh Drammeh,Getafe,,0,2026-09-25
mixto2,1,Ebrahima Drammeh Drammeh,Getafe,,0,2026-09-25
mixto2,7,Francho Serrano Francho,Getafe,5.0,1,2026-09-25
mixto2,6,Francho Serrano Francho,Getafe,3.0,1,2026-09-25
mixto2,5,Francho Serrano Francho,Getafe,2.0,1,2026-09-25
mixto2,4,Francho Serrano Francho,Getafe,,0,2026-09-25
mixto2,3,Francho Serrano Francho,Getafe,2.0,1,2026-09-25
mixto2,2,Francho Serrano Francho,Getafe,3.0,1,2026-09-25
mixto2,7,Curro Burgos Curro,Getafe,,0,2026-09-25
mixto2,6,Curro Burgos Curro,Getafe,,0,2026-09-25
mixto2,5,Curro Burgos Curro,Getafe,,0,2026-09-25
mixto2,4,Curro Burgos Curro,Getafe,,0,2026-09-25
mixto2,3,Curro Burgos Curro,Getafe,,0,2026-09-25
mixto2,2,Curro Burgos Curro,Getafe,,0,2026-09-25
mixto2,1,Curro Burgos Curro,Getafe,,0,2026-09-25
mixto2,7,Óscar López Óscar López,Getafe,,0,2026-09-25
mixto2,6,Óscar López Óscar López,Getafe,2.0,1,2026-09-25
mixto2,5,Óscar López Óscar López,Getafe,,0,2026-09-25
mixto2,4,Óscar López Óscar López,Getafe,0.0,1,2026-09-25
mixto2,3,Óscar López Óscar López,Getafe,,0,2026-09-25
mixto2,2,Óscar López Óscar López,Getafe,,0,2026-09-25
mixto2,1,Óscar López Óscar López,Getafe,,0,2026-09-25
mixto2,7,Nemanja Gudelj Gudelj,Getafe,4.0,1,2026-09-25
mixto2,6,Nemanja Gudelj Gudelj,Getafe,1.0,1,2026-09-25
mixto2,5,Nemanja Gudelj Gudelj,Getafe,2.0,1,2026-09-25
mixto2,4,Nemanja Gudelj Gudelj,Getafe,3.0,1,2026-09-25
mixto2,3,Nemanja Gudelj Gudelj,Getafe,3.0,1,2026-09-25
mixto2,7,Joselu Pérez Joselu,Getafe,,0,2026-09-25
mixto2,6,Joselu Pérez Joselu,Getafe,,0,2026-09-25
mixto2,5,Joselu Pérez Joselu,Getafe,1.0,1,2026-09-25
mixto2,4,Joselu Pérez Joselu,Getafe,,0,2026-09-25
mixto2,3,Joselu Pérez Joselu,Getafe,,0,2026-09-25
mixto2,2,Joselu Pérez Joselu,Getafe,,0,2026-09-25
mixto2,1,Joselu Pérez Joselu,Getafe,,0,2026-09-25
mixto2,7,Moha Hamdoune Moha,Getafe,,0,2026-09-25
mixto2,6,Moha Hamdoune Moha,Getafe,,0,2026-09-25
mixto2,5,Moha Hamdoune Moha,Getafe,,0,2026-09-25
mixto2,4,Moha Hamdoune Moha,Getafe,,0,2026-09-25
mixto2,3,Moha Hamdoune Moha,Getafe,,0,2026-09-25
mixto2,2,Moha Hamdoune Moha,Getafe,,0,2026-09-25
mixto2,1,Moha Hamdoune Moha,Getafe,,0,2026-09-25
mixto2,7,Iván Azón Iván Azón,Getafe,10.0,1,2026-09-25
mixto2,6,Iván Azón Iván Azón,Getafe,6.0,1,2026-09-25
mixto2,5,Iván Azón Iván Azón,Getafe,4.0,1,2026-09-25
mixto2,4,Iván Azón Iván Azón,Getafe,1.0,1,2026-09-25
mixto2,7,Moha Achraf Moha Achraf,Getafe,,0,2026-09-25
mixto2,6,Moha Achraf Moha Achraf,Getafe,,0,2026-09-25
mixto2,5,Moha Achraf Moha Achraf,Getafe,,0,2026-09-25
mixto2,4,Moha Achraf Moha Achraf,Getafe,,0,2026-09-25
mixto2,3,Moha Achraf Moha Achraf,Getafe,,0,2026-09-25
mixto2,2,Moha Achraf Moha Achraf,Getafe,,0,2026-09-25
mixto2,1,Moha Achraf Moha Achraf,Getafe,,0,2026-09-25
mixto2,7,Aissa Mandi Mandi,Levante,2.0,1,2026-09-25
mixto2,5,Aissa Mandi Mandi,Levante,2.0,1,2026-09-25
mixto2,4,Aissa Mandi Mandi,Levante,4.0,1,2026-09-25
mixto2,3,Aissa Mandi Mandi,Levante,4.0,1,2026-09-25
mixto2,2,Aissa Mandi Mandi,Levante,7.0,1,2026-09-25
mixto2,1,Aissa Mandi Mandi,Levante,3.0,1,2026-09-25
mixto2,7,Mathew Ryan Ryan,Levante,5.0,1,2026-09-25
mixto2,5,Mathew Ryan Ryan,Levante,0.0,1,2026-09-25
mixto2,4,Mathew Ryan Ryan,Levante,8.0,1,2026-09-25
mixto2,3,Mathew Ryan Ryan,Levante,4.0,1,2026-09-25
mixto2,2,Mathew Ryan Ryan,Levante,10.0,1,2026-09-25
mixto2,1,Mathew Ryan Ryan,Levante,4.0,1,2026-09-25
mixto2,7,Jeremy Toljan Toljan,Levante,6.0,1,2026-09-25
mixto2,5,Jeremy Toljan Toljan,Levante,0.0,1,2026-09-25
mixto2,4,Jeremy Toljan Toljan,Levante,3.0,1,2026-09-25
mixto2,3,Jeremy Toljan Toljan,Levante,4.0,1,2026-09-25
mixto2,2,Jeremy Toljan Toljan,Levante,2.0,1,2026-09-25
mixto2,1,Jeremy Toljan Toljan,Levante,2.0,1,2026-09-25
mixto2,7,Adrián de la Fuente De la Fuente,Levante,4.0,1,2026-09-25
mixto2,5,Adrián de la Fuente De la Fuente,Levante,1.0,1,2026-09-25
mixto2,4,Adrián de la Fuente De la Fuente,Levante,5.0,1,2026-09-25
mixto2,3,Adrián de la Fuente De la Fuente,Levante,13.0,1,2026-09-25
mixto2,2,Adrián de la Fuente De la Fuente,Levante,5.0,1,2026-09-25
mixto2,1,Adrián de la Fuente De la Fuente,Levante,4.0,1,2026-09-25
mixto2,7,Manu Sánchez Manu Sánchez,Levante,2.0,1,2026-09-25
mixto2,5,Manu Sánchez Manu Sánchez,Levante,4.0,1,2026-09-25
mixto2,4,Manu Sánchez Manu Sánchez,Levante,6.0,1,2026-09-25
mixto2,3,Manu Sánchez Manu Sánchez,Levante,1.0,1,2026-09-25
mixto2,2,Manu Sánchez Manu Sánchez,Levante,4.0,1,2026-09-25
mixto2,1,Manu Sánchez Manu Sánchez,Levante,1.0,1,2026-09-25
mixto2,7,Iván Romero Iván Romero,Levante,11.0,1,2026-09-25
mixto2,5,Iván Romero Iván Romero,Levante,12.0,1,2026-09-25
mixto2,4,Iván Romero Iván Romero,Levante,3.0,1,2026-09-25
mixto2,3,Iván Romero Iván Romero,Levante,4.0,1,2026-09-25
mixto2,2,Iván Romero Iván Romero,Levante,1.0,1,2026-09-25
mixto2,1,Iván Romero Iván Romero,Levante,3.0,1,2026-09-25
mixto2,7,Víctor García Víctor García,Levante,1.0,1,2026-09-25
mixto2,5,Víctor García Víctor García,Levante,4.0,1,2026-09-25
mixto2,4,Víctor García Víctor García,Levante,,0,2026-09-25
mixto2,3,Víctor García Víctor García,Levante,4.0,1,2026-09-25
mixto2,2,Víctor García Víctor García,Levante,2.0,1,2026-09-25
mixto2,1,Víctor García Víctor García,Levante,2.0,1,2026-09-25
mixto2,7,Oriol Rey Oriol Rey,Levante,4.0,1,2026-09-25
mixto2,5,Oriol Rey Oriol Rey,Levante,4.0,1,2026-09-25
mixto2,4,Oriol Rey Oriol Rey,Levante,3.0,1,2026-09-25
mixto2,3,Oriol Rey Oriol Rey,Levante,5.0,1,2026-09-25
mixto2,2,Oriol Rey Oriol Rey,Levante,2.0,1,2026-09-25
mixto2,1,Oriol Rey Oriol Rey,Levante,3.0,1,2026-09-25
mixto2,7,Carlos Álvarez C. Álvarez,Levante,,0,2026-09-25
mixto2,5,Carlos Álvarez C. Álvarez,Levante,,0,2026-09-25
mixto2,4,Carlos Álvarez C. Álvarez,Levante,1.0,1,2026-09-25
mixto2,7,Jon Ander Olasagasti Olasagasti,Levante,2.0,1,2026-09-25
mixto2,5,Jon Ander Olasagasti Olasagasti,Levante,3.0,1,2026-09-25
mixto2,4,Jon Ander Olasagasti Olasagasti,Levante,7.0,1,2026-09-25
mixto2,3,Jon Ander Olasagasti Olasagasti,Levante,13.0,1,2026-09-25
mixto2,2,Jon Ander Olasagasti Olasagasti,Levante,3.0,1,2026-09-25
mixto2,1,Jon Ander Olasagasti Olasagasti,Levante,2.0,1,2026-09-25
mixto2,7,Karl Etta Eyong Etta Eyong,Levante,,0,2026-09-25
mixto2,5,Karl Etta Eyong Etta Eyong,Levante,,0,2026-09-25
mixto2,4,Karl Etta Eyong Etta Eyong,Levante,,0,2026-09-25
mixto2,3,Karl Etta Eyong Etta Eyong,Levante,6.0,1,2026-09-25
mixto2,2,Karl Etta Eyong Etta Eyong,Levante,0.0,1,2026-09-25
mixto2,1,Karl Etta Eyong Etta Eyong,Levante,1.0,1,2026-09-25
mixto2,7,Pablo Campos Cuñat Campos,Levante,,0,2026-09-25
mixto2,5,Pablo Campos Cuñat Campos,Levante,,0,2026-09-25
mixto2,4,Pablo Campos Cuñat Campos,Levante,,0,2026-09-25
mixto2,3,Pablo Campos Cuñat Campos,Levante,,0,2026-09-25
mixto2,2,Pablo Campos Cuñat Campos,Levante,,0,2026-09-25
mixto2,1,Pablo Campos Cuñat Campos,Levante,,0,2026-09-25
mixto2,7,Jorge Cabello Jorge Cabello,Levante,,0,2026-09-25
mixto2,5,Jorge Cabello Jorge Cabello,Levante,,0,2026-09-25
mixto2,4,Jorge Cabello Jorge Cabello,Levante,,0,2026-09-25
mixto2,3,Jorge Cabello Jorge Cabello,Levante,,0,2026-09-25
mixto2,2,Jorge Cabello Jorge Cabello,Levante,,0,2026-09-25
mixto2,1,Jorge Cabello Jorge Cabello,Levante,,0,2026-09-25
mixto2,7,Paco Cortés Cortés,Levante,,0,2026-09-25
mixto2,5,Paco Cortés Cortés,Levante,,0,2026-09-25
mixto2,4,Paco Cortés Cortés,Levante,2.0,1,2026-09-25
mixto2,3,Paco Cortés Cortés,Levante,2.0,1,2026-09-25
mixto2,2,Paco Cortés Cortés,Levante,,0,2026-09-25
mixto2,1,Paco Cortés Cortés,Levante,1.0,1,2026-09-25
mixto2,7,Nacho Pérez Nacho Pérez,Levante,,0,2026-09-25
mixto2,5,Nacho Pérez Nacho Pérez,Levante,3.0,1,2026-09-25
mixto2,4,Nacho Pérez Nacho Pérez,Levante,3.0,1,2026-09-25
mixto2,3,Nacho Pérez Nacho Pérez,Levante,1.0,1,2026-09-25
mixto2,2,Nacho Pérez Nacho Pérez,Levante,3.0,1,2026-09-25
mixto2,1,Nacho Pérez Nacho Pérez,Levante,4.0,1,2026-09-25
mixto2,7,Kareem Tunde Tunde,Levante,,0,2026-09-25
mixto2,5,Kareem Tunde Tunde,Levante,2.0,1,2026-09-25
mixto2,7,Enzo Bardelli Bardeli,Levante,2.0,1,2026-09-25
mixto2,5,Enzo Bardelli Bardeli,Levante,3.0,1,2026-09-25
mixto2,4,Enzo Bardelli Bardeli,Levante,3.0,1,2026-09-25
mixto2,3,Enzo Bardelli Bardeli,Levante,12.0,1,2026-09-25
mixto2,2,Enzo Bardelli Bardeli,Levante,3.0,1,2026-09-25
mixto2,1,Enzo Bardelli Bardeli,Levante,2.0,1,2026-09-25
mixto2,7,Igor Galdin Galdin,Levante,,0,2026-09-25
mixto2,5,Igor Galdin Galdin,Levante,,0,2026-09-25
mixto2,4,Igor Galdin Galdin,Levante,,0,2026-09-25
mixto2,3,Igor Galdin Galdin,Levante,,0,2026-09-25
mixto2,2,Igor Galdin Galdin,Levante,,0,2026-09-25
mixto2,1,Igor Galdin Galdin,Levante,,0,2026-09-25
mixto2,7,Marc Santos Marc Santos,Levante,,0,2026-09-25
mixto2,5,Marc Santos Marc Santos,Levante,,0,2026-09-25
mixto2,4,Marc Santos Marc Santos,Levante,,0,2026-09-25
mixto2,3,Marc Santos Marc Santos,Levante,,0,2026-09-25
mixto2,2,Marc Santos Marc Santos,Levante,,0,2026-09-25
mixto2,1,Marc Santos Marc Santos,Levante,2.0,1,2026-09-25
mixto2,7,Alberto Calatrava Calatrava,Levante,,0,2026-09-25
mixto2,5,Alberto Calatrava Calatrava,Levante,,0,2026-09-25
mixto2,4,Alberto Calatrava Calatrava,Levante,,0,2026-09-25
mixto2,3,Alberto Calatrava Calatrava,Levante,,0,2026-09-25
mixto2,2,Alberto Calatrava Calatrava,Levante,,0,2026-09-25
mixto2,1,Alberto Calatrava Calatrava,Levante,,0,2026-09-25
mixto2,7,Manel Usedo Usedo,Levante,,0,2026-09-25
mixto2,5,Manel Usedo Usedo,Levante,,0,2026-09-25
mixto2,4,Manel Usedo Usedo,Levante,,0,2026-09-25
mixto2,3,Manel Usedo Usedo,Levante,,0,2026-09-25
mixto2,2,Manel Usedo Usedo,Levante,,0,2026-09-25
mixto2,1,Manel Usedo Usedo,Levante,,0,2026-09-25
mixto2,7,Hugo Sotelo Sotelo,Levante,,0,2026-09-25
mixto2,5,Hugo Sotelo Sotelo,Levante,3.0,1,2026-09-25
mixto2,4,Hugo Sotelo Sotelo,Levante,3.0,1,2026-09-25
mixto2,3,Hugo Sotelo Sotelo,Levante,4.0,1,2026-09-25
mixto2,2,Hugo Sotelo Sotelo,Levante,0.0,1,2026-09-25
mixto2,1,Hugo Sotelo Sotelo,Levante,,0,2026-09-25
mixto2,7,Roger Brugué Brugui,Levante,5.0,1,2026-09-25
mixto2,5,Roger Brugué Brugui,Levante,11.0,1,2026-09-25
mixto2,4,Roger Brugué Brugui,Levante,1.0,1,2026-09-25
mixto2,3,Roger Brugué Brugui,Levante,18.0,1,2026-09-25
mixto2,2,Roger Brugué Brugui,Levante,5.0,1,2026-09-25
mixto2,1,Roger Brugué Brugui,Levante,,0,2026-09-25
mixto2,7,Dani Requena Requena,Levante,2.0,1,2026-09-25
mixto2,5,Dani Requena Requena,Levante,3.0,1,2026-09-25
mixto2,4,Dani Requena Requena,Levante,2.0,1,2026-09-25
mixto2,3,Dani Requena Requena,Levante,,0,2026-09-25
mixto2,2,Dani Requena Requena,Levante,,0,2026-09-25
mixto2,1,Dani Requena Requena,Levante,,0,2026-09-25
mixto2,7,Thiago Fernández Thiago,Levante,4.0,1,2026-09-25
mixto2,5,Thiago Fernández Thiago,Levante,,0,2026-09-25
mixto2,4,Thiago Fernández Thiago,Levante,3.0,1,2026-09-25
mixto2,3,Thiago Fernández Thiago,Levante,5.0,1,2026-09-25
mixto2,2,Thiago Fernández Thiago,Levante,3.0,1,2026-09-25
mixto2,1,Thiago Fernández Thiago,Levante,,0,2026-09-25
mixto2,7,Ifeanyi Ndukwe Ndukwe,Levante,2.0,1,2026-09-25
mixto2,5,Ifeanyi Ndukwe Ndukwe,Levante,2.0,1,2026-09-25
mixto2,4,Ifeanyi Ndukwe Ndukwe,Levante,,0,2026-09-25
mixto2,3,Ifeanyi Ndukwe Ndukwe,Levante,,0,2026-09-25
mixto2,2,Ifeanyi Ndukwe Ndukwe,Levante,,0,2026-09-25
mixto2,7,Yanis Musuayi Musuayi,Levante,2.0,1,2026-09-25
mixto2,5,Yanis Musuayi Musuayi,Levante,,0,2026-09-25
mixto2,4,Yanis Musuayi Musuayi,Levante,2.0,1,2026-09-25
mixto2,3,Yanis Musuayi Musuayi,Levante,,0,2026-09-25
mixto2,2,Yanis Musuayi Musuayi,Levante,,0,2026-09-25
mixto2,1,Yanis Musuayi Musuayi,Levante,,0,2026-09-25
mixto2,7,Petar Ratkov Ratkov,Levante,1.0,1,2026-09-25
mixto2,5,Petar Ratkov Ratkov,Levante,1.0,1,2026-09-25
mixto2,4,Petar Ratkov Ratkov,Levante,,0,2026-09-25
mixto2,7,Axel Tape Tape,Levante,,0,2026-09-25
mixto2,5,Axel Tape Tape,Levante,,0,2026-09-25
mixto2,4,Axel Tape Tape,Levante,,0,2026-09-25
mixto2,7,Asier Herrera Herrera,Levante,,0,2026-09-25
mixto2,5,Asier Herrera Herrera,Levante,,0,2026-09-25
mixto2,4,Asier Herrera Herrera,Levante,,0,2026-09-25
mixto2,3,Asier Herrera Herrera,Levante,,0,2026-09-25
mixto2,2,Asier Herrera Herrera,Levante,,0,2026-09-25
mixto2,1,Asier Herrera Herrera,Levante,,0,2026-09-25
mixto2,7,Einar Galilea Galilea,Málaga,,0,2026-09-25
mixto2,6,Einar Galilea Galilea,Málaga,2.0,1,2026-09-25
mixto2,5,Einar Galilea Galilea,Málaga,3.0,1,2026-09-25
mixto2,4,Einar Galilea Galilea,Málaga,5.0,1,2026-09-25
mixto2,3,Einar Galilea Galilea,Málaga,1.0,1,2026-09-25
mixto2,2,Einar Galilea Galilea,Málaga,3.0,1,2026-09-25
mixto2,1,Einar Galilea Galilea,Málaga,3.0,1,2026-09-25
mixto2,7,Joaquín Muñoz Joaquín,Málaga,2.0,1,2026-09-25
mixto2,6,Joaquín Muñoz Joaquín,Málaga,3.0,1,2026-09-25
mixto2,5,Joaquín Muñoz Joaquín,Málaga,2.0,1,2026-09-25
mixto2,4,Joaquín Muñoz Joaquín,Málaga,4.0,1,2026-09-25
mixto2,3,Joaquín Muñoz Joaquín,Málaga,2.0,1,2026-09-25
mixto2,2,Joaquín Muñoz Joaquín,Málaga,3.0,1,2026-09-25
mixto2,1,Joaquín Muñoz Joaquín,Málaga,4.0,1,2026-09-25
mixto2,7,Eneko Jauregi Jauregi,Málaga,2.0,1,2026-09-25
mixto2,6,Eneko Jauregi Jauregi,Málaga,,0,2026-09-25
mixto2,5,Eneko Jauregi Jauregi,Málaga,,0,2026-09-25
mixto2,4,Eneko Jauregi Jauregi,Málaga,,0,2026-09-25
mixto2,3,Eneko Jauregi Jauregi,Málaga,,0,2026-09-25
mixto2,2,Eneko Jauregi Jauregi,Málaga,,0,2026-09-25
mixto2,1,Eneko Jauregi Jauregi,Málaga,2.0,1,2026-09-25
mixto2,7,Alfonso Herrero Herrero,Málaga,7.0,1,2026-09-25
mixto2,6,Alfonso Herrero Herrero,Málaga,3.0,1,2026-09-25
mixto2,5,Alfonso Herrero Herrero,Málaga,8.0,1,2026-09-25
mixto2,4,Alfonso Herrero Herrero,Málaga,8.0,1,2026-09-25
mixto2,3,Alfonso Herrero Herrero,Málaga,4.0,1,2026-09-25
mixto2,2,Alfonso Herrero Herrero,Málaga,4.0,1,2026-09-25
mixto2,1,Alfonso Herrero Herrero,Málaga,8.0,1,2026-09-25
mixto2,7,Julen Lobete Lobete,Málaga,,0,2026-09-25
mixto2,6,Julen Lobete Lobete,Málaga,,0,2026-09-25
mixto2,5,Julen Lobete Lobete,Málaga,,0,2026-09-25
mixto2,4,Julen Lobete Lobete,Málaga,,0,2026-09-25
mixto2,3,Julen Lobete Lobete,Málaga,,0,2026-09-25
mixto2,2,Julen Lobete Lobete,Málaga,1.0,1,2026-09-25
mixto2,1,Julen Lobete Lobete,Málaga,,0,2026-09-25
mixto2,7,Ramón Enríquez Enríquez,Málaga,3.0,1,2026-09-25
mixto2,6,Ramón Enríquez Enríquez,Málaga,2.0,1,2026-09-25
mixto2,5,Ramón Enríquez Enríquez,Málaga,4.0,1,2026-09-25
mixto2,4,Ramón Enríquez Enríquez,Málaga,3.0,1,2026-09-25
mixto2,3,Ramón Enríquez Enríquez,Málaga,0.0,1,2026-09-25
mixto2,2,Ramón Enríquez Enríquez,Málaga,2.0,1,2026-09-25
mixto2,1,Ramón Enríquez Enríquez,Málaga,2.0,1,2026-09-25
mixto2,7,José Salinas Salinas,Málaga,3.0,1,2026-09-25
mixto2,6,José Salinas Salinas,Málaga,-1.0,1,2026-09-25
mixto2,5,José Salinas Salinas,Málaga,3.0,1,2026-09-25
mixto2,4,José Salinas Salinas,Málaga,5.0,1,2026-09-25
mixto2,3,José Salinas Salinas,Málaga,2.0,1,2026-09-25
mixto2,2,José Salinas Salinas,Málaga,,0,2026-09-25
mixto2,1,José Salinas Salinas,Málaga,2.0,1,2026-09-25
mixto2,7,David Larrubia Larrubia,Málaga,4.0,1,2026-09-25
mixto2,6,David Larrubia Larrubia,Málaga,3.0,1,2026-09-25
mixto2,5,David Larrubia Larrubia,Málaga,4.0,1,2026-09-25
mixto2,4,David Larrubia Larrubia,Málaga,4.0,1,2026-09-25
mixto2,3,David Larrubia Larrubia,Málaga,5.0,1,2026-09-25
mixto2,2,David Larrubia Larrubia,Málaga,3.0,1,2026-09-25
mixto2,1,David Larrubia Larrubia,Málaga,3.0,1,2026-09-25
mixto2,7,Haitam Abaida Haitam,Málaga,,0,2026-09-25
mixto2,6,Haitam Abaida Haitam,Málaga,,0,2026-09-25
mixto2,5,Haitam Abaida Haitam,Málaga,,0,2026-09-25
mixto2,4,Haitam Abaida Haitam,Málaga,,0,2026-09-25
mixto2,3,Haitam Abaida Haitam,Málaga,2.0,1,2026-09-25
mixto2,2,Haitam Abaida Haitam,Málaga,3.0,1,2026-09-25
mixto2,1,Haitam Abaida Haitam,Málaga,,0,2026-09-25
mixto2,7,Álex Pastor Pastor,Málaga,,0,2026-09-25
mixto2,6,Álex Pastor Pastor,Málaga,,0,2026-09-25
mixto2,5,Álex Pastor Pastor,Málaga,,0,2026-09-25
mixto2,4,Álex Pastor Pastor,Málaga,,0,2026-09-25
mixto2,3,Álex Pastor Pastor,Málaga,,0,2026-09-25
mixto2,2,Álex Pastor Pastor,Málaga,,0,2026-09-25
mixto2,1,Álex Pastor Pastor,Málaga,,0,2026-09-25
mixto2,7,Juan Cruz Juan Cruz,Málaga,2.0,1,2026-09-25
mixto2,6,Juan Cruz Juan Cruz,Málaga,3.0,1,2026-09-25
mixto2,5,Juan Cruz Juan Cruz,Málaga,4.0,1,2026-09-25
mixto2,4,Juan Cruz Juan Cruz,Málaga,3.0,1,2026-09-25
mixto2,3,Juan Cruz Juan Cruz,Málaga,2.0,1,2026-09-25
mixto2,2,Juan Cruz Juan Cruz,Málaga,3.0,1,2026-09-25
mixto2,1,Juan Cruz Juan Cruz,Málaga,2.0,1,2026-09-25
mixto2,7,Carlos Dotor Dotor,Málaga,4.0,1,2026-09-25
mixto2,6,Carlos Dotor Dotor,Málaga,8.0,1,2026-09-25
mixto2,5,Carlos Dotor Dotor,Málaga,,0,2026-09-25
mixto2,4,Carlos Dotor Dotor,Málaga,2.0,1,2026-09-25
mixto2,3,Carlos Dotor Dotor,Málaga,3.0,1,2026-09-25
mixto2,2,Carlos Dotor Dotor,Málaga,5.0,1,2026-09-25
mixto2,1,Carlos Dotor Dotor,Málaga,5.0,1,2026-09-25
mixto2,7,Carlos López Carlos López,Málaga,,0,2026-09-25
mixto2,6,Carlos López Carlos López,Málaga,,0,2026-09-25
mixto2,5,Carlos López Carlos López,Málaga,,0,2026-09-25
mixto2,4,Carlos López Carlos López,Málaga,,0,2026-09-25
mixto2,3,Carlos López Carlos López,Málaga,,0,2026-09-25
mixto2,2,Carlos López Carlos López,Málaga,,0,2026-09-25
mixto2,1,Carlos López Carlos López,Málaga,,0,2026-09-25
mixto2,7,Carlos Puga Puga,Málaga,,0,2026-09-25
mixto2,6,Carlos Puga Puga,Málaga,2.0,1,2026-09-25
mixto2,5,Carlos Puga Puga,Málaga,4.0,1,2026-09-25
mixto2,4,Carlos Puga Puga,Málaga,4.0,1,2026-09-25
mixto2,3,Carlos Puga Puga,Málaga,2.0,1,2026-09-25
mixto2,2,Carlos Puga Puga,Málaga,3.0,1,2026-09-25
mixto2,1,Carlos Puga Puga,Málaga,4.0,1,2026-09-25
mixto2,7,Izan Merino Merino,Málaga,,0,2026-09-25
mixto2,6,Izan Merino Merino,Málaga,1.0,1,2026-09-25
mixto2,5,Izan Merino Merino,Málaga,2.0,1,2026-09-25
mixto2,4,Izan Merino Merino,Málaga,3.0,1,2026-09-25
mixto2,3,Izan Merino Merino,Málaga,2.0,1,2026-09-25
mixto2,2,Izan Merino Merino,Málaga,4.0,1,2026-09-25
mixto2,1,Izan Merino Merino,Málaga,3.0,1,2026-09-25
mixto2,7,Chupete Chupete,Málaga,2.0,1,2026-09-25
mixto2,6,Chupete Chupete,Málaga,3.0,1,2026-09-25
mixto2,5,Chupete Chupete,Málaga,1.0,1,2026-09-25
mixto2,4,Chupete Chupete,Málaga,-1.0,1,2026-09-25
mixto2,3,Chupete Chupete,Málaga,2.0,1,2026-09-25
mixto2,2,Chupete Chupete,Málaga,9.0,1,2026-09-25
mixto2,1,Chupete Chupete,Málaga,-1.0,1,2026-09-25
mixto2,7,Rafa Rodríguez Rafa Rodríguez,Málaga,5.0,1,2026-09-25
mixto2,6,Rafa Rodríguez Rafa Rodríguez,Málaga,,0,2026-09-25
mixto2,5,Rafa Rodríguez Rafa Rodríguez,Málaga,,0,2026-09-25
mixto2,4,Rafa Rodríguez Rafa Rodríguez,Málaga,,0,2026-09-25
mixto2,3,Rafa Rodríguez Rafa Rodríguez,Málaga,2.0,1,2026-09-25
mixto2,2,Rafa Rodríguez Rafa Rodríguez,Málaga,2.0,1,2026-09-25
mixto2,1,Rafa Rodríguez Rafa Rodríguez,Málaga,2.0,1,2026-09-25
mixto2,7,Rafa Garrido Rafita,Málaga,4.0,1,2026-09-25
mixto2,6,Rafa Garrido Rafita,Málaga,3.0,1,2026-09-25
mixto2,5,Rafa Garrido Rafita,Málaga,3.0,1,2026-09-25
mixto2,4,Rafa Garrido Rafita,Málaga,4.0,1,2026-09-25
mixto2,3,Rafa Garrido Rafita,Málaga,1.0,1,2026-09-25
mixto2,2,Rafa Garrido Rafita,Málaga,5.0,1,2026-09-25
mixto2,1,Rafa Garrido Rafita,Málaga,4.0,1,2026-09-25
mixto2,7,Angel Recio Recio,Málaga,2.0,1,2026-09-25
mixto2,6,Angel Recio Recio,Málaga,7.0,1,2026-09-25
mixto2,5,Angel Recio Recio,Málaga,2.0,1,2026-09-25
mixto2,4,Angel Recio Recio,Málaga,5.0,1,2026-09-25
mixto2,3,Angel Recio Recio,Málaga,1.0,1,2026-09-25
mixto2,2,Angel Recio Recio,Málaga,2.0,1,2026-09-25
mixto2,1,Angel Recio Recio,Málaga,2.0,1,2026-09-25
mixto2,7,Dani Lorenzo Lorenzo,Málaga,6.0,1,2026-09-25
mixto2,6,Dani Lorenzo Lorenzo,Málaga,2.0,1,2026-09-25
mixto2,5,Dani Lorenzo Lorenzo,Málaga,0.0,1,2026-09-25
mixto2,4,Dani Lorenzo Lorenzo,Málaga,4.0,1,2026-09-25
mixto2,3,Dani Lorenzo Lorenzo,Málaga,,0,2026-09-25
mixto2,2,Dani Lorenzo Lorenzo,Málaga,5.0,1,2026-09-25
mixto2,1,Dani Lorenzo Lorenzo,Málaga,6.0,1,2026-09-25
mixto2,7,Juani Juani,Málaga,,0,2026-09-25
mixto2,6,Juani Juani,Málaga,,0,2026-09-25
mixto2,5,Juani Juani,Málaga,,0,2026-09-25
mixto2,4,Juani Juani,Málaga,,0,2026-09-25
mixto2,3,Juani Juani,Málaga,,0,2026-09-25
mixto2,2,Juani Juani,Málaga,,0,2026-09-25
mixto2,1,Juani Juani,Málaga,,0,2026-09-25
mixto2,7,Joseph Otu Otu,Málaga,,0,2026-09-25
mixto2,6,Joseph Otu Otu,Málaga,,0,2026-09-25
mixto2,5,Joseph Otu Otu,Málaga,,0,2026-09-25
mixto2,4,Joseph Otu Otu,Málaga,,0,2026-09-25
mixto2,3,Joseph Otu Otu,Málaga,,0,2026-09-25
mixto2,2,Joseph Otu Otu,Málaga,,0,2026-09-25
mixto2,1,Joseph Otu Otu,Málaga,,0,2026-09-25
mixto2,7,Pablo Martínez Pablo Martínez,Málaga,3.0,1,2026-09-25
mixto2,6,Pablo Martínez Pablo Martínez,Málaga,2.0,1,2026-09-25
mixto2,5,Pablo Martínez Pablo Martínez,Málaga,3.0,1,2026-09-25
mixto2,4,Pablo Martínez Pablo Martínez,Málaga,3.0,1,2026-09-25
mixto2,3,Pablo Martínez Pablo Martínez,Málaga,1.0,1,2026-09-25
mixto2,2,Pablo Martínez Pablo Martínez,Málaga,,0,2026-09-25
mixto2,7,Juan Berrocal Berrocal,Málaga,3.0,1,2026-09-25
mixto2,6,Juan Berrocal Berrocal,Málaga,,0,2026-09-25
mixto2,5,Juan Berrocal Berrocal,Málaga,2.0,1,2026-09-25
mixto2,4,Juan Berrocal Berrocal,Málaga,,0,2026-09-25
mixto2,3,Juan Berrocal Berrocal,Málaga,,0,2026-09-25
mixto2,2,Juan Berrocal Berrocal,Málaga,,0,2026-09-25
mixto2,1,Juan Berrocal Berrocal,Málaga,,0,2026-09-25
mixto2,7,Jens Cajuste Cajuste,Málaga,,0,2026-09-25
mixto2,6,Jens Cajuste Cajuste,Málaga,,0,2026-09-25
mixto2,5,Jens Cajuste Cajuste,Málaga,,0,2026-09-25
mixto2,4,Jens Cajuste Cajuste,Málaga,2.0,1,2026-09-25
mixto2,7,Adam Aznou Aznou,Málaga,,0,2026-09-25
mixto2,6,Adam Aznou Aznou,Málaga,,0,2026-09-25
mixto2,5,Adam Aznou Aznou,Málaga,,0,2026-09-25
mixto2,4,Adam Aznou Aznou,Málaga,,0,2026-09-25
mixto2,7,Adrián Niño Niño,Málaga,2.0,1,2026-09-25
mixto2,6,Adrián Niño Niño,Málaga,1.0,1,2026-09-25
mixto2,5,Adrián Niño Niño,Málaga,10.0,1,2026-09-25
mixto2,4,Adrián Niño Niño,Málaga,,0,2026-09-25
mixto2,3,Adrián Niño Niño,Málaga,,0,2026-09-25
mixto2,2,Adrián Niño Niño,Málaga,,0,2026-09-25
mixto2,1,Adrián Niño Niño,Málaga,,0,2026-09-25
mixto2,7,Andrés Céspedes Céspedes,Málaga,,0,2026-09-25
mixto2,6,Andrés Céspedes Céspedes,Málaga,,0,2026-09-25
mixto2,5,Andrés Céspedes Céspedes,Málaga,,0,2026-09-25
mixto2,4,Andrés Céspedes Céspedes,Málaga,,0,2026-09-25
mixto2,3,Andrés Céspedes Céspedes,Málaga,,0,2026-09-25
mixto2,2,Andrés Céspedes Céspedes,Málaga,,0,2026-09-25
mixto2,1,Andrés Céspedes Céspedes,Málaga,,0,2026-09-25
mixto2,7,Rubén García Rubén G.,Osasuna,3.0,1,2026-09-25
mixto2,6,Rubén García Rubén G.,Osasuna,2.0,1,2026-09-25
mixto2,5,Rubén García Rubén G.,Osasuna,3.0,1,2026-09-25
mixto2,4,Rubén García Rubén G.,Osasuna,2.0,1,2026-09-25
mixto2,3,Rubén García Rubén G.,Osasuna,3.0,1,2026-09-25
mixto2,1,Rubén García Rubén G.,Osasuna,5.0,1,2026-09-25
mixto2,2,Rubén García Rubén G.,Osasuna,4.0,1,2026-09-25
mixto2,7,Aitor Fernández Aitor,Osasuna,2.0,1,2026-09-25
mixto2,6,Aitor Fernández Aitor,Osasuna,9.0,1,2026-09-25
mixto2,5,Aitor Fernández Aitor,Osasuna,,0,2026-09-25
mixto2,4,Aitor Fernández Aitor,Osasuna,,0,2026-09-25
mixto2,3,Aitor Fernández Aitor,Osasuna,,0,2026-09-25
mixto2,1,Aitor Fernández Aitor,Osasuna,,0,2026-09-25
mixto2,2,Aitor Fernández Aitor,Osasuna,,0,2026-09-25
mixto2,7,Moi Gómez Moi Gómez,Osasuna,,0,2026-09-25
mixto2,6,Moi Gómez Moi Gómez,Osasuna,,0,2026-09-25
mixto2,5,Moi Gómez Moi Gómez,Osasuna,,0,2026-09-25
mixto2,4,Moi Gómez Moi Gómez,Osasuna,5.0,1,2026-09-25
mixto2,3,Moi Gómez Moi Gómez,Osasuna,4.0,1,2026-09-25
mixto2,1,Moi Gómez Moi Gómez,Osasuna,3.0,1,2026-09-25
mixto2,2,Moi Gómez Moi Gómez,Osasuna,3.0,1,2026-09-25
mixto2,7,Lucas Torró Torró,Osasuna,3.0,1,2026-09-25
mixto2,6,Lucas Torró Torró,Osasuna,3.0,1,2026-09-25
mixto2,5,Lucas Torró Torró,Osasuna,,0,2026-09-25
mixto2,4,Lucas Torró Torró,Osasuna,,0,2026-09-25
mixto2,3,Lucas Torró Torró,Osasuna,3.0,1,2026-09-25
mixto2,1,Lucas Torró Torró,Osasuna,3.0,1,2026-09-25
mixto2,2,Lucas Torró Torró,Osasuna,2.0,1,2026-09-25
mixto2,7,Kike Barja Kike Barja,Osasuna,2.0,1,2026-09-25
mixto2,6,Kike Barja Kike Barja,Osasuna,2.0,1,2026-09-25
mixto2,5,Kike Barja Kike Barja,Osasuna,4.0,1,2026-09-25
mixto2,4,Kike Barja Kike Barja,Osasuna,,0,2026-09-25
mixto2,3,Kike Barja Kike Barja,Osasuna,3.0,1,2026-09-25
mixto2,1,Kike Barja Kike Barja,Osasuna,10.0,1,2026-09-25
mixto2,2,Kike Barja Kike Barja,Osasuna,0.0,1,2026-09-25
mixto2,7,Diego Rico Diego Rico,Osasuna,3.0,1,2026-09-25
mixto2,6,Diego Rico Diego Rico,Osasuna,,0,2026-09-25
mixto2,5,Diego Rico Diego Rico,Osasuna,2.0,1,2026-09-25
mixto2,4,Diego Rico Diego Rico,Osasuna,,0,2026-09-25
mixto2,3,Diego Rico Diego Rico,Osasuna,,0,2026-09-25
mixto2,1,Diego Rico Diego Rico,Osasuna,,0,2026-09-25
mixto2,2,Diego Rico Diego Rico,Osasuna,,0,2026-09-25
mixto2,7,Alejandro Catena Catena,Osasuna,4.0,1,2026-09-25
mixto2,6,Alejandro Catena Catena,Osasuna,,0,2026-09-25
mixto2,5,Alejandro Catena Catena,Osasuna,2.0,1,2026-09-25
mixto2,4,Alejandro Catena Catena,Osasuna,-3.0,1,2026-09-25
mixto2,3,Alejandro Catena Catena,Osasuna,5.0,1,2026-09-25
mixto2,1,Alejandro Catena Catena,Osasuna,7.0,1,2026-09-25
mixto2,2,Alejandro Catena Catena,Osasuna,5.0,1,2026-09-25
mixto2,7,Sergio Herrera Herrera,Osasuna,,0,2026-09-25
mixto2,6,Sergio Herrera Herrera,Osasuna,,0,2026-09-25
mixto2,5,Sergio Herrera Herrera,Osasuna,2.0,1,2026-09-25
mixto2,4,Sergio Herrera Herrera,Osasuna,-2.0,1,2026-09-25
mixto2,3,Sergio Herrera Herrera,Osasuna,7.0,1,2026-09-25
mixto2,1,Sergio Herrera Herrera,Osasuna,2.0,1,2026-09-25
mixto2,2,Sergio Herrera Herrera,Osasuna,4.0,1,2026-09-25
mixto2,7,Ante Budimir Budimir,Osasuna,10.0,1,2026-09-25
mixto2,6,Ante Budimir Budimir,Osasuna,3.0,1,2026-09-25
mixto2,5,Ante Budimir Budimir,Osasuna,4.0,1,2026-09-25
mixto2,4,Ante Budimir Budimir,Osasuna,15.0,1,2026-09-25
mixto2,3,Ante Budimir Budimir,Osasuna,10.0,1,2026-09-25
mixto2,1,Ante Budimir Budimir,Osasuna,6.0,1,2026-09-25
mixto2,2,Ante Budimir Budimir,Osasuna,5.0,1,2026-09-25
mixto2,7,Raúl García Raúl García,Osasuna,2.0,1,2026-09-25
mixto2,6,Raúl García Raúl García,Osasuna,2.0,1,2026-09-25
mixto2,5,Raúl García Raúl García,Osasuna,3.0,1,2026-09-25
mixto2,4,Raúl García Raúl García,Osasuna,3.0,1,2026-09-25
mixto2,3,Raúl García Raúl García,Osasuna,4.0,1,2026-09-25
mixto2,1,Raúl García Raúl García,Osasuna,3.0,1,2026-09-25
mixto2,2,Raúl García Raúl García,Osasuna,2.0,1,2026-09-25
mixto2,7,Jorge Herrando Herrando,Osasuna,,0,2026-09-25
mixto2,6,Jorge Herrando Herrando,Osasuna,,0,2026-09-25
mixto2,5,Jorge Herrando Herrando,Osasuna,,0,2026-09-25
mixto2,4,Jorge Herrando Herrando,Osasuna,,0,2026-09-25
mixto2,3,Jorge Herrando Herrando,Osasuna,4.0,1,2026-09-25
mixto2,1,Jorge Herrando Herrando,Osasuna,3.0,1,2026-09-25
mixto2,2,Jorge Herrando Herrando,Osasuna,4.0,1,2026-09-25
mixto2,7,Aimar Oroz Oroz,Osasuna,,0,2026-09-25
mixto2,6,Aimar Oroz Oroz,Osasuna,,0,2026-09-25
mixto2,5,Aimar Oroz Oroz,Osasuna,,0,2026-09-25
mixto2,4,Aimar Oroz Oroz,Osasuna,,0,2026-09-25
mixto2,3,Aimar Oroz Oroz,Osasuna,4.0,1,2026-09-25
mixto2,1,Aimar Oroz Oroz,Osasuna,2.0,1,2026-09-25
mixto2,2,Aimar Oroz Oroz,Osasuna,3.0,1,2026-09-25
mixto2,7,Jon Moncayola Moncayola,Osasuna,2.0,1,2026-09-25
mixto2,6,Jon Moncayola Moncayola,Osasuna,3.0,1,2026-09-25
mixto2,5,Jon Moncayola Moncayola,Osasuna,3.0,1,2026-09-25
mixto2,4,Jon Moncayola Moncayola,Osasuna,1.0,1,2026-09-25
mixto2,3,Jon Moncayola Moncayola,Osasuna,4.0,1,2026-09-25
mixto2,1,Jon Moncayola Moncayola,Osasuna,2.0,1,2026-09-25
mixto2,2,Jon Moncayola Moncayola,Osasuna,4.0,1,2026-09-25
mixto2,7,Raul Moro Raul Moro,Osasuna,3.0,1,2026-09-25
mixto2,6,Raul Moro Raul Moro,Osasuna,3.0,1,2026-09-25
mixto2,5,Raul Moro Raul Moro,Osasuna,4.0,1,2026-09-25
mixto2,4,Raul Moro Raul Moro,Osasuna,4.0,1,2026-09-25
mixto2,3,Raul Moro Raul Moro,Osasuna,,0,2026-09-25
mixto2,1,Raul Moro Raul Moro,Osasuna,,0,2026-09-25
mixto2,2,Raul Moro Raul Moro,Osasuna,2.0,1,2026-09-25
mixto2,7,Boyomo Boyomo,Osasuna,,0,2026-09-25
mixto2,6,Boyomo Boyomo,Osasuna,2.0,1,2026-09-25
mixto2,5,Boyomo Boyomo,Osasuna,,0,2026-09-25
mixto2,4,Boyomo Boyomo,Osasuna,1.0,1,2026-09-25
mixto2,3,Boyomo Boyomo,Osasuna,4.0,1,2026-09-25
mixto2,1,Boyomo Boyomo,Osasuna,,0,2026-09-25
mixto2,2,Boyomo Boyomo,Osasuna,,0,2026-09-25
mixto2,7,Jonathan Dubasin Dubasin,Osasuna,2.0,1,2026-09-25
mixto2,6,Jonathan Dubasin Dubasin,Osasuna,1.0,1,2026-09-25
mixto2,5,Jonathan Dubasin Dubasin,Osasuna,3.0,1,2026-09-25
mixto2,4,Jonathan Dubasin Dubasin,Osasuna,2.0,1,2026-09-25
mixto2,3,Jonathan Dubasin Dubasin,Osasuna,3.0,1,2026-09-25
mixto2,1,Jonathan Dubasin Dubasin,Osasuna,2.0,1,2026-09-25
mixto2,2,Jonathan Dubasin Dubasin,Osasuna,2.0,1,2026-09-25
mixto2,7,Abel Bretones Bretones,Osasuna,3.0,1,2026-09-25
mixto2,6,Abel Bretones Bretones,Osasuna,-2.0,1,2026-09-25
mixto2,5,Abel Bretones Bretones,Osasuna,4.0,1,2026-09-25
mixto2,4,Abel Bretones Bretones,Osasuna,-2.0,1,2026-09-25
mixto2,3,Abel Bretones Bretones,Osasuna,5.0,1,2026-09-25
mixto2,1,Abel Bretones Bretones,Osasuna,2.0,1,2026-09-25
mixto2,2,Abel Bretones Bretones,Osasuna,3.0,1,2026-09-25
mixto2,7,Iker Muñoz Iker Muñoz,Osasuna,1.0,1,2026-09-25
mixto2,6,Iker Muñoz Iker Muñoz,Osasuna,,0,2026-09-25
mixto2,5,Iker Muñoz Iker Muñoz,Osasuna,5.0,1,2026-09-25
mixto2,4,Iker Muñoz Iker Muñoz,Osasuna,3.0,1,2026-09-25
mixto2,3,Iker Muñoz Iker Muñoz,Osasuna,3.0,1,2026-09-25
mixto2,1,Iker Muñoz Iker Muñoz,Osasuna,5.0,1,2026-09-25
mixto2,2,Iker Muñoz Iker Muñoz,Osasuna,4.0,1,2026-09-25
mixto2,7,Asier Osambela Osambela,Osasuna,3.0,1,2026-09-25
mixto2,6,Asier Osambela Osambela,Osasuna,2.0,1,2026-09-25
mixto2,5,Asier Osambela Osambela,Osasuna,3.0,1,2026-09-25
mixto2,4,Asier Osambela Osambela,Osasuna,2.0,1,2026-09-25
mixto2,3,Asier Osambela Osambela,Osasuna,,0,2026-09-25
mixto2,1,Asier Osambela Osambela,Osasuna,3.0,1,2026-09-25
mixto2,2,Asier Osambela Osambela,Osasuna,,0,2026-09-25
mixto2,7,Iñigo Arguibide Arguibide,Osasuna,2.0,1,2026-09-25
mixto2,6,Iñigo Arguibide Arguibide,Osasuna,0.0,1,2026-09-25
mixto2,5,Iñigo Arguibide Arguibide,Osasuna,2.0,1,2026-09-25
mixto2,4,Iñigo Arguibide Arguibide,Osasuna,0.0,1,2026-09-25
mixto2,3,Iñigo Arguibide Arguibide,Osasuna,7.0,1,2026-09-25
mixto2,1,Iñigo Arguibide Arguibide,Osasuna,3.0,1,2026-09-25
mixto2,2,Iñigo Arguibide Arguibide,Osasuna,4.0,1,2026-09-25
mixto2,7,Rafa Fernández Rafa,Osasuna,,0,2026-09-25
mixto2,6,Rafa Fernández Rafa,Osasuna,,0,2026-09-25
mixto2,5,Rafa Fernández Rafa,Osasuna,,0,2026-09-25
mixto2,4,Rafa Fernández Rafa,Osasuna,,0,2026-09-25
mixto2,3,Rafa Fernández Rafa,Osasuna,,0,2026-09-25
mixto2,1,Rafa Fernández Rafa,Osasuna,,0,2026-09-25
mixto2,2,Rafa Fernández Rafa,Osasuna,,0,2026-09-25
mixto2,7,Mauro Echegoyen Echegoyen,Osasuna,,0,2026-09-25
mixto2,6,Mauro Echegoyen Echegoyen,Osasuna,,0,2026-09-25
mixto2,5,Mauro Echegoyen Echegoyen,Osasuna,,0,2026-09-25
mixto2,4,Mauro Echegoyen Echegoyen,Osasuna,,0,2026-09-25
mixto2,3,Mauro Echegoyen Echegoyen,Osasuna,,0,2026-09-25
mixto2,1,Mauro Echegoyen Echegoyen,Osasuna,,0,2026-09-25
mixto2,2,Mauro Echegoyen Echegoyen,Osasuna,,0,2026-09-25
mixto2,7,Unai Santos Unai Santos,Osasuna,1.0,1,2026-09-25
mixto2,6,Unai Santos Unai Santos,Osasuna,0.0,1,2026-09-25
mixto2,5,Unai Santos Unai Santos,Osasuna,,0,2026-09-25
mixto2,4,Unai Santos Unai Santos,Osasuna,,0,2026-09-25
mixto2,3,Unai Santos Unai Santos,Osasuna,,0,2026-09-25
mixto2,1,Unai Santos Unai Santos,Osasuna,,0,2026-09-25
mixto2,2,Unai Santos Unai Santos,Osasuna,,0,2026-09-25
mixto2,7,Asier Bonel Bonel,Osasuna,,0,2026-09-25
mixto2,6,Asier Bonel Bonel,Osasuna,,0,2026-09-25
mixto2,5,Asier Bonel Bonel,Osasuna,,0,2026-09-25
mixto2,4,Asier Bonel Bonel,Osasuna,,0,2026-09-25
mixto2,3,Asier Bonel Bonel,Osasuna,,0,2026-09-25
mixto2,1,Asier Bonel Bonel,Osasuna,,0,2026-09-25
mixto2,2,Asier Bonel Bonel,Osasuna,,0,2026-09-25
mixto2,7,Rockson Yeboah Yeboah,Osasuna,,0,2026-09-25
mixto2,6,Rockson Yeboah Yeboah,Osasuna,2.0,1,2026-09-25
mixto2,5,Rockson Yeboah Yeboah,Osasuna,3.0,1,2026-09-25
mixto2,4,Rockson Yeboah Yeboah,Osasuna,1.0,1,2026-09-25
mixto2,3,Rockson Yeboah Yeboah,Osasuna,,0,2026-09-25
mixto2,1,Rockson Yeboah Yeboah,Osasuna,,0,2026-09-25
mixto2,2,Rockson Yeboah Yeboah,Osasuna,,0,2026-09-25
mixto2,7,Romain Del Castillo Del Castillo,Osasuna,,0,2026-09-25
mixto2,6,Romain Del Castillo Del Castillo,Osasuna,2.0,1,2026-09-25
mixto2,5,Romain Del Castillo Del Castillo,Osasuna,3.0,1,2026-09-25
mixto2,4,Romain Del Castillo Del Castillo,Osasuna,,0,2026-09-25
mixto2,7,Mikel Bermejo Bermejo,Osasuna,,0,2026-09-25
mixto2,6,Mikel Bermejo Bermejo,Osasuna,,0,2026-09-25
mixto2,5,Mikel Bermejo Bermejo,Osasuna,,0,2026-09-25
mixto2,4,Mikel Bermejo Bermejo,Osasuna,,0,2026-09-25
mixto2,3,Mikel Bermejo Bermejo,Osasuna,,0,2026-09-25
mixto2,1,Mikel Bermejo Bermejo,Osasuna,,0,2026-09-25
mixto2,2,Mikel Bermejo Bermejo,Osasuna,,0,2026-09-25
mixto2,7,Florian Lejeune Lejeune,Rayo,3.0,1,2026-09-25
mixto2,6,Florian Lejeune Lejeune,Rayo,3.0,1,2026-09-25
mixto2,5,Florian Lejeune Lejeune,Rayo,-3.0,1,2026-09-25
mixto2,4,Florian Lejeune Lejeune,Rayo,5.0,1,2026-09-25
mixto2,3,Florian Lejeune Lejeune,Rayo,1.0,1,2026-09-25
mixto2,2,Florian Lejeune Lejeune,Rayo,3.0,1,2026-09-25
mixto2,1,Florian Lejeune Lejeune,Rayo,2.0,1,2026-09-25
mixto2,7,Álvaro García Álvaro García,Rayo,3.0,1,2026-09-25
mixto2,6,Álvaro García Álvaro García,Rayo,13.0,1,2026-09-25
mixto2,5,Álvaro García Álvaro García,Rayo,2.0,1,2026-09-25
mixto2,4,Álvaro García Álvaro García,Rayo,5.0,1,2026-09-25
mixto2,3,Álvaro García Álvaro García,Rayo,4.0,1,2026-09-25
mixto2,2,Álvaro García Álvaro García,Rayo,2.0,1,2026-09-25
mixto2,1,Álvaro García Álvaro García,Rayo,9.0,1,2026-09-25
mixto2,7,Unai López Unai López,Rayo,4.0,1,2026-09-25
mixto2,6,Unai López Unai López,Rayo,4.0,1,2026-09-25
mixto2,5,Unai López Unai López,Rayo,2.0,1,2026-09-25
mixto2,4,Unai López Unai López,Rayo,5.0,1,2026-09-25
mixto2,3,Unai López Unai López,Rayo,3.0,1,2026-09-25
mixto2,2,Unai López Unai López,Rayo,6.0,1,2026-09-25
mixto2,1,Unai López Unai López,Rayo,5.0,1,2026-09-25
mixto2,7,Pedro Díaz Pedro Díaz,Rayo,3.0,1,2026-09-25
mixto2,6,Pedro Díaz Pedro Díaz,Rayo,5.0,1,2026-09-25
mixto2,5,Pedro Díaz Pedro Díaz,Rayo,4.0,1,2026-09-25
mixto2,4,Pedro Díaz Pedro Díaz,Rayo,4.0,1,2026-09-25
mixto2,3,Pedro Díaz Pedro Díaz,Rayo,2.0,1,2026-09-25
mixto2,2,Pedro Díaz Pedro Díaz,Rayo,,0,2026-09-25
mixto2,1,Pedro Díaz Pedro Díaz,Rayo,3.0,1,2026-09-25
mixto2,7,Andrei Ratiu Ratiu,Rayo,5.0,1,2026-09-25
mixto2,6,Andrei Ratiu Ratiu,Rayo,4.0,1,2026-09-25
mixto2,5,Andrei Ratiu Ratiu,Rayo,0.0,1,2026-09-25
mixto2,4,Andrei Ratiu Ratiu,Rayo,12.0,1,2026-09-25
mixto2,3,Andrei Ratiu Ratiu,Rayo,,0,2026-09-25
mixto2,2,Andrei Ratiu Ratiu,Rayo,1.0,1,2026-09-25
mixto2,1,Andrei Ratiu Ratiu,Rayo,1.0,1,2026-09-25
mixto2,7,Sergio Camello Camello,Rayo,10.0,1,2026-09-25
mixto2,6,Sergio Camello Camello,Rayo,6.0,1,2026-09-25
mixto2,5,Sergio Camello Camello,Rayo,11.0,1,2026-09-25
mixto2,4,Sergio Camello Camello,Rayo,17.0,1,2026-09-25
mixto2,3,Sergio Camello Camello,Rayo,16.0,1,2026-09-25
mixto2,2,Sergio Camello Camello,Rayo,11.0,1,2026-09-25
mixto2,1,Sergio Camello Camello,Rayo,2.0,1,2026-09-25
mixto2,7,Jorge de Frutos De Frutos,Rayo,4.0,1,2026-09-25
mixto2,6,Jorge de Frutos De Frutos,Rayo,,0,2026-09-25
mixto2,5,Jorge de Frutos De Frutos,Rayo,,0,2026-09-25
mixto2,4,Jorge de Frutos De Frutos,Rayo,-3.0,1,2026-09-25
mixto2,3,Jorge de Frutos De Frutos,Rayo,1.0,1,2026-09-25
mixto2,2,Jorge de Frutos De Frutos,Rayo,3.0,1,2026-09-25
mixto2,1,Jorge de Frutos De Frutos,Rayo,2.0,1,2026-09-25
mixto2,7,Randy Nteka Nteka,Rayo,,0,2026-09-25
mixto2,6,Randy Nteka Nteka,Rayo,,0,2026-09-25
mixto2,5,Randy Nteka Nteka,Rayo,,0,2026-09-25
mixto2,4,Randy Nteka Nteka,Rayo,,0,2026-09-25
mixto2,3,Randy Nteka Nteka,Rayo,2.0,1,2026-09-25
mixto2,2,Randy Nteka Nteka,Rayo,3.0,1,2026-09-25
mixto2,1,Randy Nteka Nteka,Rayo,3.0,1,2026-09-25
mixto2,7,Óscar Valentín Valentín,Rayo,3.0,1,2026-09-25
mixto2,6,Óscar Valentín Valentín,Rayo,4.0,1,2026-09-25
mixto2,5,Óscar Valentín Valentín,Rayo,3.0,1,2026-09-25
mixto2,4,Óscar Valentín Valentín,Rayo,3.0,1,2026-09-25
mixto2,3,Óscar Valentín Valentín,Rayo,3.0,1,2026-09-25
mixto2,2,Óscar Valentín Valentín,Rayo,3.0,1,2026-09-25
mixto2,1,Óscar Valentín Valentín,Rayo,3.0,1,2026-09-25
mixto2,7,Isi Palazón Isi,Rayo,,0,2026-09-25
mixto2,6,Isi Palazón Isi,Rayo,,0,2026-09-25
mixto2,5,Isi Palazón Isi,Rayo,,0,2026-09-25
mixto2,4,Isi Palazón Isi,Rayo,,0,2026-09-25
mixto2,3,Isi Palazón Isi,Rayo,,0,2026-09-25
mixto2,2,Isi Palazón Isi,Rayo,2.0,1,2026-09-25
mixto2,1,Isi Palazón Isi,Rayo,5.0,1,2026-09-25
mixto2,7,Iván Balliu Balliu,Rayo,2.0,1,2026-09-25
mixto2,6,Iván Balliu Balliu,Rayo,2.0,1,2026-09-25
mixto2,5,Iván Balliu Balliu,Rayo,0.0,1,2026-09-25
mixto2,4,Iván Balliu Balliu,Rayo,4.0,1,2026-09-25
mixto2,3,Iván Balliu Balliu,Rayo,0.0,1,2026-09-25
mixto2,2,Iván Balliu Balliu,Rayo,,0,2026-09-25
mixto2,1,Iván Balliu Balliu,Rayo,3.0,1,2026-09-25
mixto2,7,Pathé Ciss Pathé Ciss,Rayo,4.0,1,2026-09-25
mixto2,6,Pathé Ciss Pathé Ciss,Rayo,8.0,1,2026-09-25
mixto2,5,Pathé Ciss Pathé Ciss,Rayo,3.0,1,2026-09-25
mixto2,4,Pathé Ciss Pathé Ciss,Rayo,5.0,1,2026-09-25
mixto2,3,Pathé Ciss Pathé Ciss,Rayo,1.0,1,2026-09-25
mixto2,2,Pathé Ciss Pathé Ciss,Rayo,2.0,1,2026-09-25
mixto2,1,Pathé Ciss Pathé Ciss,Rayo,4.0,1,2026-09-25
mixto2,7,Dani Cárdenas Cárdenas,Rayo,,0,2026-09-25
mixto2,6,Dani Cárdenas Cárdenas,Rayo,,0,2026-09-25
mixto2,5,Dani Cárdenas Cárdenas,Rayo,,0,2026-09-25
mixto2,4,Dani Cárdenas Cárdenas,Rayo,2.0,1,2026-09-25
mixto2,3,Dani Cárdenas Cárdenas,Rayo,1.0,1,2026-09-25
mixto2,2,Dani Cárdenas Cárdenas,Rayo,3.0,1,2026-09-25
mixto2,1,Dani Cárdenas Cárdenas,Rayo,,0,2026-09-25
mixto2,7,Fran Pérez Fran Pérez,Rayo,,0,2026-09-25
mixto2,6,Fran Pérez Fran Pérez,Rayo,3.0,1,2026-09-25
mixto2,5,Fran Pérez Fran Pérez,Rayo,,0,2026-09-25
mixto2,4,Fran Pérez Fran Pérez,Rayo,-6.0,1,2026-09-25
mixto2,3,Fran Pérez Fran Pérez,Rayo,4.0,1,2026-09-25
mixto2,2,Fran Pérez Fran Pérez,Rayo,2.0,1,2026-09-25
mixto2,1,Fran Pérez Fran Pérez,Rayo,2.0,1,2026-09-25
mixto2,7,Alemão Alemão,Rayo,2.0,1,2026-09-25
mixto2,6,Alemão Alemão,Rayo,3.0,1,2026-09-25
mixto2,5,Alemão Alemão,Rayo,2.0,1,2026-09-25
mixto2,4,Alemão Alemão,Rayo,1.0,1,2026-09-25
mixto2,3,Alemão Alemão,Rayo,3.0,1,2026-09-25
mixto2,2,Alemão Alemão,Rayo,,0,2026-09-25
mixto2,1,Alemão Alemão,Rayo,4.0,1,2026-09-25
mixto2,7,Augusto Batalla Batalla,Rayo,,0,2026-09-25
mixto2,6,Augusto Batalla Batalla,Rayo,,0,2026-09-25
mixto2,5,Augusto Batalla Batalla,Rayo,,0,2026-09-25
mixto2,4,Augusto Batalla Batalla,Rayo,,0,2026-09-25
mixto2,3,Augusto Batalla Batalla,Rayo,,0,2026-09-25
mixto2,2,Augusto Batalla Batalla,Rayo,5.0,1,2026-09-25
mixto2,1,Augusto Batalla Batalla,Rayo,3.0,1,2026-09-25
mixto2,7,Pelayo Fernández Pelayo,Rayo,,0,2026-09-25
mixto2,6,Pelayo Fernández Pelayo,Rayo,,0,2026-09-25
mixto2,5,Pelayo Fernández Pelayo,Rayo,,0,2026-09-25
mixto2,4,Pelayo Fernández Pelayo,Rayo,,0,2026-09-25
mixto2,3,Pelayo Fernández Pelayo,Rayo,,0,2026-09-25
mixto2,2,Pelayo Fernández Pelayo,Rayo,1.0,1,2026-09-25
mixto2,1,Pelayo Fernández Pelayo,Rayo,2.0,1,2026-09-25
mixto2,7,Sergio José Lozano Lozano,Rayo,,0,2026-09-25
mixto2,6,Sergio José Lozano Lozano,Rayo,,0,2026-09-25
mixto2,5,Sergio José Lozano Lozano,Rayo,,0,2026-09-25
mixto2,4,Sergio José Lozano Lozano,Rayo,,0,2026-09-25
mixto2,3,Sergio José Lozano Lozano,Rayo,,0,2026-09-25
mixto2,2,Sergio José Lozano Lozano,Rayo,,0,2026-09-25
mixto2,1,Sergio José Lozano Lozano,Rayo,,0,2026-09-25
mixto2,7,Marco de la Sías De la Sías,Rayo,,0,2026-09-25
mixto2,6,Marco de la Sías De la Sías,Rayo,,0,2026-09-25
mixto2,5,Marco de la Sías De la Sías,Rayo,,0,2026-09-25
mixto2,4,Marco de la Sías De la Sías,Rayo,,0,2026-09-25
mixto2,3,Marco de la Sías De la Sías,Rayo,,0,2026-09-25
mixto2,2,Marco de la Sías De la Sías,Rayo,,0,2026-09-25
mixto2,1,Marco de la Sías De la Sías,Rayo,,0,2026-09-25
mixto2,7,Jozhua Vertrouwd Vertrouwd,Rayo,,0,2026-09-25
mixto2,6,Jozhua Vertrouwd Vertrouwd,Rayo,,0,2026-09-25
mixto2,5,Jozhua Vertrouwd Vertrouwd,Rayo,,0,2026-09-25
mixto2,4,Jozhua Vertrouwd Vertrouwd,Rayo,,0,2026-09-25
mixto2,3,Jozhua Vertrouwd Vertrouwd,Rayo,-1.0,1,2026-09-25
mixto2,2,Jozhua Vertrouwd Vertrouwd,Rayo,2.0,1,2026-09-25
mixto2,1,Jozhua Vertrouwd Vertrouwd,Rayo,,0,2026-09-25
mixto2,7,Iván Alonso Iván Alonso,Rayo,,0,2026-09-25
mixto2,6,Iván Alonso Iván Alonso,Rayo,,0,2026-09-25
mixto2,5,Iván Alonso Iván Alonso,Rayo,,0,2026-09-25
mixto2,4,Iván Alonso Iván Alonso,Rayo,,0,2026-09-25
mixto2,3,Iván Alonso Iván Alonso,Rayo,,0,2026-09-25
mixto2,2,Iván Alonso Iván Alonso,Rayo,,0,2026-09-25
mixto2,1,Iván Alonso Iván Alonso,Rayo,,0,2026-09-25
mixto2,7,Marco Román Román,Rayo,,0,2026-09-25
mixto2,6,Marco Román Román,Rayo,,0,2026-09-25
mixto2,5,Marco Román Román,Rayo,,0,2026-09-25
mixto2,4,Marco Román Román,Rayo,,0,2026-09-25
mixto2,3,Marco Román Román,Rayo,,0,2026-09-25
mixto2,2,Marco Román Román,Rayo,,0,2026-09-25
mixto2,1,Marco Román Román,Rayo,,0,2026-09-25
mixto2,7,Georgiy Tsitaishvili Tsitaishvili,Rayo,2.0,1,2026-09-25
mixto2,6,Georgiy Tsitaishvili Tsitaishvili,Rayo,3.0,1,2026-09-25
mixto2,5,Georgiy Tsitaishvili Tsitaishvili,Rayo,3.0,1,2026-09-25
mixto2,4,Georgiy Tsitaishvili Tsitaishvili,Rayo,2.0,1,2026-09-25
mixto2,3,Georgiy Tsitaishvili Tsitaishvili,Rayo,,0,2026-09-25
mixto2,2,Georgiy Tsitaishvili Tsitaishvili,Rayo,,0,2026-09-25
mixto2,1,Georgiy Tsitaishvili Tsitaishvili,Rayo,,0,2026-09-25
mixto2,7,Adrià Pedrosa Pedrosa,Rayo,6.0,1,2026-09-25
mixto2,6,Adrià Pedrosa Pedrosa,Rayo,13.0,1,2026-09-25
mixto2,5,Adrià Pedrosa Pedrosa,Rayo,2.0,1,2026-09-25
mixto2,4,Adrià Pedrosa Pedrosa,Rayo,3.0,1,2026-09-25
mixto2,3,Adrià Pedrosa Pedrosa,Rayo,2.0,1,2026-09-25
mixto2,2,Adrià Pedrosa Pedrosa,Rayo,,0,2026-09-25
mixto2,1,Adrià Pedrosa Pedrosa,Rayo,,0,2026-09-25
mixto2,7,Adrián Molina Molina,Rayo,,0,2026-09-25
mixto2,6,Adrián Molina Molina,Rayo,,0,2026-09-25
mixto2,5,Adrián Molina Molina,Rayo,,0,2026-09-25
mixto2,4,Adrián Molina Molina,Rayo,,0,2026-09-25
mixto2,3,Adrián Molina Molina,Rayo,,0,2026-09-25
mixto2,2,Adrián Molina Molina,Rayo,,0,2026-09-25
mixto2,1,Adrián Molina Molina,Rayo,,0,2026-09-25
mixto2,7,Gnangoro Bouare Bouare,Rayo,3.0,1,2026-09-25
mixto2,6,Gnangoro Bouare Bouare,Rayo,4.0,1,2026-09-25
mixto2,5,Gnangoro Bouare Bouare,Rayo,2.0,1,2026-09-25
mixto2,4,Gnangoro Bouare Bouare,Rayo,4.0,1,2026-09-25
mixto2,3,Gnangoro Bouare Bouare,Rayo,1.0,1,2026-09-25
mixto2,2,Gnangoro Bouare Bouare,Rayo,,0,2026-09-25
mixto2,1,Gnangoro Bouare Bouare,Rayo,,0,2026-09-25
mixto2,7,Emil Audero Audero,Rayo,3.0,1,2026-09-25
mixto2,6,Emil Audero Audero,Rayo,4.0,1,2026-09-25
mixto2,5,Emil Audero Audero,Rayo,3.0,1,2026-09-25
mixto2,4,Emil Audero Audero,Rayo,,0,2026-09-25
mixto2,7,Mujaid Sadick Mujaid,Rayo,3.0,1,2026-09-25
mixto2,6,Mujaid Sadick Mujaid,Rayo,3.0,1,2026-09-25
mixto2,5,Mujaid Sadick Mujaid,Rayo,2.0,1,2026-09-25
mixto2,4,Mujaid Sadick Mujaid,Rayo,,0,2026-09-25
mixto2,7,Rayane Belaid Rayane,Rayo,,0,2026-09-25
mixto2,6,Rayane Belaid Rayane,Rayo,,0,2026-09-25
mixto2,5,Rayane Belaid Rayane,Rayo,3.0,1,2026-09-25
mixto2,4,Rayane Belaid Rayane,Rayo,,0,2026-09-25
mixto2,3,Rayane Belaid Rayane,Rayo,,0,2026-09-25
mixto2,2,Rayane Belaid Rayane,Rayo,,0,2026-09-25
mixto2,1,Rayane Belaid Rayane,Rayo,,0,2026-09-25
mixto2,7,Marash Kumbulla Kumbulla,Rayo,,0,2026-09-25
mixto2,6,Marash Kumbulla Kumbulla,Rayo,,0,2026-09-25
mixto2,5,Marash Kumbulla Kumbulla,Rayo,,0,2026-09-25
mixto2,4,Marash Kumbulla Kumbulla,Rayo,,0,2026-09-25
mixto2,3,Marash Kumbulla Kumbulla,Rayo,,0,2026-09-25
mixto2,2,Marash Kumbulla Kumbulla,Rayo,,0,2026-09-25
mixto2,1,Marash Kumbulla Kumbulla,Rayo,,0,2026-09-25
mixto2,7,Samu Becerra Becerra,Rayo,,0,2026-09-25
mixto2,6,Samu Becerra Becerra,Rayo,,0,2026-09-25
mixto2,5,Samu Becerra Becerra,Rayo,,0,2026-09-25
mixto2,4,Samu Becerra Becerra,Rayo,,0,2026-09-25
mixto2,3,Samu Becerra Becerra,Rayo,,0,2026-09-25
mixto2,2,Samu Becerra Becerra,Rayo,,0,2026-09-25
mixto2,1,Samu Becerra Becerra,Rayo,,0,2026-09-25
mixto2,7,Thibaut Courtois Courtois,Real Madrid,9.0,1,2026-09-25
mixto2,6,Thibaut Courtois Courtois,Real Madrid,2.0,1,2026-09-25
mixto2,5,Thibaut Courtois Courtois,Real Madrid,8.0,1,2026-09-25
mixto2,4,Thibaut Courtois Courtois,Real Madrid,3.0,1,2026-09-25
mixto2,3,Thibaut Courtois Courtois,Real Madrid,3.0,1,2026-09-25
mixto2,1,Thibaut Courtois Courtois,Real Madrid,4.0,1,2026-09-25
mixto2,2,Thibaut Courtois Courtois,Real Madrid,2.0,1,2026-09-25
mixto2,7,Antonio Rüdiger Rüdiger,Real Madrid,12.0,1,2026-09-25
mixto2,6,Antonio Rüdiger Rüdiger,Real Madrid,,0,2026-09-25
mixto2,5,Antonio Rüdiger Rüdiger,Real Madrid,5.0,1,2026-09-25
mixto2,4,Antonio Rüdiger Rüdiger,Real Madrid,,0,2026-09-25
mixto2,3,Antonio Rüdiger Rüdiger,Real Madrid,7.0,1,2026-09-25
mixto2,1,Antonio Rüdiger Rüdiger,Real Madrid,,0,2026-09-25
mixto2,2,Antonio Rüdiger Rüdiger,Real Madrid,,0,2026-09-25
mixto2,7,Kylian Mbappé Mbappé,Real Madrid,2.0,1,2026-09-25
mixto2,6,Kylian Mbappé Mbappé,Real Madrid,11.0,1,2026-09-25
mixto2,5,Kylian Mbappé Mbappé,Real Madrid,15.0,1,2026-09-25
mixto2,4,Kylian Mbappé Mbappé,Real Madrid,0.0,1,2026-09-25
mixto2,3,Kylian Mbappé Mbappé,Real Madrid,11.0,1,2026-09-25
mixto2,1,Kylian Mbappé Mbappé,Real Madrid,20.0,1,2026-09-25
mixto2,2,Kylian Mbappé Mbappé,Real Madrid,3.0,1,2026-09-25
mixto2,7,Bernardo Silva Bernardo Silva,Real Madrid,6.0,1,2026-09-25
mixto2,6,Bernardo Silva Bernardo Silva,Real Madrid,,0,2026-09-25
mixto2,5,Bernardo Silva Bernardo Silva,Real Madrid,4.0,1,2026-09-25
mixto2,4,Bernardo Silva Bernardo Silva,Real Madrid,2.0,1,2026-09-25
mixto2,3,Bernardo Silva Bernardo Silva,Real Madrid,2.0,1,2026-09-25
mixto2,1,Bernardo Silva Bernardo Silva,Real Madrid,4.0,1,2026-09-25
mixto2,2,Bernardo Silva Bernardo Silva,Real Madrid,2.0,1,2026-09-25
mixto2,7,Federico Valverde Valverde,Real Madrid,3.0,1,2026-09-25
mixto2,6,Federico Valverde Valverde,Real Madrid,5.0,1,2026-09-25
mixto2,5,Federico Valverde Valverde,Real Madrid,4.0,1,2026-09-25
mixto2,4,Federico Valverde Valverde,Real Madrid,2.0,1,2026-09-25
mixto2,3,Federico Valverde Valverde,Real Madrid,6.0,1,2026-09-25
mixto2,1,Federico Valverde Valverde,Real Madrid,6.0,1,2026-09-25
mixto2,2,Federico Valverde Valverde,Real Madrid,4.0,1,2026-09-25
mixto2,7,Trent Alexander-Arnold Alexander-Arnold,Real Madrid,,0,2026-09-25
mixto2,6,Trent Alexander-Arnold Alexander-Arnold,Real Madrid,4.0,1,2026-09-25
mixto2,5,Trent Alexander-Arnold Alexander-Arnold,Real Madrid,,0,2026-09-25
mixto2,4,Trent Alexander-Arnold Alexander-Arnold,Real Madrid,1.0,1,2026-09-25
mixto2,3,Trent Alexander-Arnold Alexander-Arnold,Real Madrid,8.0,1,2026-09-25
mixto2,1,Trent Alexander-Arnold Alexander-Arnold,Real Madrid,,0,2026-09-25
mixto2,2,Trent Alexander-Arnold Alexander-Arnold,Real Madrid,3.0,1,2026-09-25
mixto2,7,Ibrahima Konaté Konaté,Real Madrid,5.0,1,2026-09-25
mixto2,6,Ibrahima Konaté Konaté,Real Madrid,3.0,1,2026-09-25
mixto2,5,Ibrahima Konaté Konaté,Real Madrid,3.0,1,2026-09-25
mixto2,4,Ibrahima Konaté Konaté,Real Madrid,3.0,1,2026-09-25
mixto2,3,Ibrahima Konaté Konaté,Real Madrid,,0,2026-09-25
mixto2,1,Ibrahima Konaté Konaté,Real Madrid,5.0,1,2026-09-25
mixto2,2,Ibrahima Konaté Konaté,Real Madrid,5.0,1,2026-09-25
mixto2,7,Marc Cucurella Cucurella,Real Madrid,1.0,1,2026-09-25
mixto2,6,Marc Cucurella Cucurella,Real Madrid,1.0,1,2026-09-25
mixto2,5,Marc Cucurella Cucurella,Real Madrid,0.0,1,2026-09-25
mixto2,4,Marc Cucurella Cucurella,Real Madrid,3.0,1,2026-09-25
mixto2,3,Marc Cucurella Cucurella,Real Madrid,5.0,1,2026-09-25
mixto2,1,Marc Cucurella Cucurella,Real Madrid,4.0,1,2026-09-25
mixto2,2,Marc Cucurella Cucurella,Real Madrid,3.0,1,2026-09-25
mixto2,7,Brahim Díaz Brahim,Real Madrid,,0,2026-09-25
mixto2,6,Brahim Díaz Brahim,Real Madrid,2.0,1,2026-09-25
mixto2,5,Brahim Díaz Brahim,Real Madrid,,0,2026-09-25
mixto2,4,Brahim Díaz Brahim,Real Madrid,,0,2026-09-25
mixto2,3,Brahim Díaz Brahim,Real Madrid,5.0,1,2026-09-25
mixto2,1,Brahim Díaz Brahim,Real Madrid,2.0,1,2026-09-25
mixto2,2,Brahim Díaz Brahim,Real Madrid,,0,2026-09-25
mixto2,7,Andriy Lunin Lunin,Real Madrid,,0,2026-09-25
mixto2,6,Andriy Lunin Lunin,Real Madrid,,0,2026-09-25
mixto2,5,Andriy Lunin Lunin,Real Madrid,,0,2026-09-25
mixto2,4,Andriy Lunin Lunin,Real Madrid,,0,2026-09-25
mixto2,3,Andriy Lunin Lunin,Real Madrid,,0,2026-09-25
mixto2,1,Andriy Lunin Lunin,Real Madrid,,0,2026-09-25
mixto2,2,Andriy Lunin Lunin,Real Madrid,,0,2026-09-25
mixto2,7,Vinicius Junior Vinicius,Real Madrid,0.0,1,2026-09-25
mixto2,6,Vinicius Junior Vinicius,Real Madrid,-2.0,1,2026-09-25
mixto2,5,Vinicius Junior Vinicius,Real Madrid,6.0,1,2026-09-25
mixto2,4,Vinicius Junior Vinicius,Real Madrid,4.0,1,2026-09-25
mixto2,3,Vinicius Junior Vinicius,Real Madrid,5.0,1,2026-09-25
mixto2,1,Vinicius Junior Vinicius,Real Madrid,10.0,1,2026-09-25
mixto2,2,Vinicius Junior Vinicius,Real Madrid,4.0,1,2026-09-25
mixto2,7,Denzel Dumfries Dumfries,Real Madrid,1.0,1,2026-09-25
mixto2,6,Denzel Dumfries Dumfries,Real Madrid,0.0,1,2026-09-25
mixto2,5,Denzel Dumfries Dumfries,Real Madrid,4.0,1,2026-09-25
mixto2,4,Denzel Dumfries Dumfries,Real Madrid,4.0,1,2026-09-25
mixto2,3,Denzel Dumfries Dumfries,Real Madrid,,0,2026-09-25
mixto2,1,Denzel Dumfries Dumfries,Real Madrid,3.0,1,2026-09-25
mixto2,2,Denzel Dumfries Dumfries,Real Madrid,4.0,1,2026-09-25
mixto2,7,Jude Bellingham Bellingham,Real Madrid,5.0,1,2026-09-25
mixto2,6,Jude Bellingham Bellingham,Real Madrid,5.0,1,2026-09-25
mixto2,5,Jude Bellingham Bellingham,Real Madrid,12.0,1,2026-09-25
mixto2,4,Jude Bellingham Bellingham,Real Madrid,4.0,1,2026-09-25
mixto2,3,Jude Bellingham Bellingham,Real Madrid,14.0,1,2026-09-25
mixto2,1,Jude Bellingham Bellingham,Real Madrid,9.0,1,2026-09-25
mixto2,2,Jude Bellingham Bellingham,Real Madrid,12.0,1,2026-09-25
mixto2,7,Eduardo Camavinga Camavinga,Real Madrid,5.0,1,2026-09-25
mixto2,6,Eduardo Camavinga Camavinga,Real Madrid,,0,2026-09-25
mixto2,5,Eduardo Camavinga Camavinga,Real Madrid,4.0,1,2026-09-25
mixto2,4,Eduardo Camavinga Camavinga,Real Madrid,3.0,1,2026-09-25
mixto2,3,Eduardo Camavinga Camavinga,Real Madrid,4.0,1,2026-09-25
mixto2,1,Eduardo Camavinga Camavinga,Real Madrid,3.0,1,2026-09-25
mixto2,2,Eduardo Camavinga Camavinga,Real Madrid,2.0,1,2026-09-25
mixto2,7,Álvaro F. Carreras A. F. Carreras,Real Madrid,,0,2026-09-25
mixto2,6,Álvaro F. Carreras A. F. Carreras,Real Madrid,,0,2026-09-25
mixto2,5,Álvaro F. Carreras A. F. Carreras,Real Madrid,14.0,1,2026-09-25
mixto2,4,Álvaro F. Carreras A. F. Carreras,Real Madrid,2.0,1,2026-09-25
mixto2,3,Álvaro F. Carreras A. F. Carreras,Real Madrid,,0,2026-09-25
mixto2,1,Álvaro F. Carreras A. F. Carreras,Real Madrid,2.0,1,2026-09-25
mixto2,2,Álvaro F. Carreras A. F. Carreras,Real Madrid,3.0,1,2026-09-25
mixto2,7,Sergio Mestre Mestre,Real Madrid,,0,2026-09-25
mixto2,6,Sergio Mestre Mestre,Real Madrid,,0,2026-09-25
mixto2,5,Sergio Mestre Mestre,Real Madrid,,0,2026-09-25
mixto2,4,Sergio Mestre Mestre,Real Madrid,,0,2026-09-25
mixto2,3,Sergio Mestre Mestre,Real Madrid,,0,2026-09-25
mixto2,1,Sergio Mestre Mestre,Real Madrid,,0,2026-09-25
mixto2,2,Sergio Mestre Mestre,Real Madrid,,0,2026-09-25
mixto2,7,Arda Güler Güler,Real Madrid,2.0,1,2026-09-25
mixto2,6,Arda Güler Güler,Real Madrid,6.0,1,2026-09-25
mixto2,5,Arda Güler Güler,Real Madrid,10.0,1,2026-09-25
mixto2,4,Arda Güler Güler,Real Madrid,9.0,1,2026-09-25
mixto2,3,Arda Güler Güler,Real Madrid,11.0,1,2026-09-25
mixto2,1,Arda Güler Güler,Real Madrid,6.0,1,2026-09-25
mixto2,2,Arda Güler Güler,Real Madrid,8.0,1,2026-09-25
mixto2,7,Dean Huijsen Huijsen,Real Madrid,-6.0,1,2026-09-25
mixto2,6,Dean Huijsen Huijsen,Real Madrid,2.0,1,2026-09-25
mixto2,5,Dean Huijsen Huijsen,Real Madrid,,0,2026-09-25
mixto2,4,Dean Huijsen Huijsen,Real Madrid,7.0,1,2026-09-25
mixto2,3,Dean Huijsen Huijsen,Real Madrid,5.0,1,2026-09-25
mixto2,1,Dean Huijsen Huijsen,Real Madrid,4.0,1,2026-09-25
mixto2,2,Dean Huijsen Huijsen,Real Madrid,4.0,1,2026-09-25
mixto2,7,Carlos Espí Carlos Espí,Real Madrid,,0,2026-09-25
mixto2,6,Carlos Espí Carlos Espí,Real Madrid,11.0,1,2026-09-25
mixto2,5,Carlos Espí Carlos Espí,Real Madrid,,0,2026-09-25
mixto2,4,Carlos Espí Carlos Espí,Real Madrid,3.0,1,2026-09-25
mixto2,3,Carlos Espí Carlos Espí,Real Madrid,,0,2026-09-25
mixto2,1,Carlos Espí Carlos Espí,Real Madrid,2.0,1,2026-09-25
mixto2,2,Carlos Espí Carlos Espí,Real Madrid,13.0,1,2026-09-25
mixto2,7,Alexis Ciria Ciria,Real Madrid,,0,2026-09-25
mixto2,6,Alexis Ciria Ciria,Real Madrid,,0,2026-09-25
mixto2,5,Alexis Ciria Ciria,Real Madrid,,0,2026-09-25
mixto2,4,Alexis Ciria Ciria,Real Madrid,,0,2026-09-25
mixto2,3,Alexis Ciria Ciria,Real Madrid,,0,2026-09-25
mixto2,1,Alexis Ciria Ciria,Real Madrid,,0,2026-09-25
mixto2,2,Alexis Ciria Ciria,Real Madrid,,0,2026-09-25
mixto2,7,Mario Rivas Rivas,Real Madrid,,0,2026-09-25
mixto2,6,Mario Rivas Rivas,Real Madrid,,0,2026-09-25
mixto2,5,Mario Rivas Rivas,Real Madrid,,0,2026-09-25
mixto2,4,Mario Rivas Rivas,Real Madrid,,0,2026-09-25
mixto2,3,Mario Rivas Rivas,Real Madrid,,0,2026-09-25
mixto2,1,Mario Rivas Rivas,Real Madrid,,0,2026-09-25
mixto2,2,Mario Rivas Rivas,Real Madrid,,0,2026-09-25
mixto2,7,Yan Diomande Y. Diomande,Real Madrid,7.0,1,2026-09-25
mixto2,6,Yan Diomande Y. Diomande,Real Madrid,7.0,1,2026-09-25
mixto2,5,Yan Diomande Y. Diomande,Real Madrid,5.0,1,2026-09-25
mixto2,4,Yan Diomande Y. Diomande,Real Madrid,1.0,1,2026-09-25
mixto2,3,Yan Diomande Y. Diomande,Real Madrid,4.0,1,2026-09-25
mixto2,1,Yan Diomande Y. Diomande,Real Madrid,2.0,1,2026-09-25
mixto2,2,Yan Diomande Y. Diomande,Real Madrid,2.0,1,2026-09-25
mixto2,7,Jorge Cestero Cestero,Real Madrid,,0,2026-09-25
mixto2,6,Jorge Cestero Cestero,Real Madrid,,0,2026-09-25
mixto2,5,Jorge Cestero Cestero,Real Madrid,,0,2026-09-25
mixto2,4,Jorge Cestero Cestero,Real Madrid,,0,2026-09-25
mixto2,3,Jorge Cestero Cestero,Real Madrid,,0,2026-09-25
mixto2,1,Jorge Cestero Cestero,Real Madrid,,0,2026-09-25
mixto2,2,Jorge Cestero Cestero,Real Madrid,,0,2026-09-25
mixto2,7,Manuel Ángel Manuel Ángel,Real Madrid,,0,2026-09-25
mixto2,6,Manuel Ángel Manuel Ángel,Real Madrid,,0,2026-09-25
mixto2,5,Manuel Ángel Manuel Ángel,Real Madrid,,0,2026-09-25
mixto2,7,Javi Navarro Javi Navarro,Real Madrid,,0,2026-09-25
mixto2,6,Javi Navarro Javi Navarro,Real Madrid,,0,2026-09-25
mixto2,5,Javi Navarro Javi Navarro,Real Madrid,,0,2026-09-25
mixto2,4,Javi Navarro Javi Navarro,Real Madrid,,0,2026-09-25
mixto2,3,Javi Navarro Javi Navarro,Real Madrid,,0,2026-09-25
mixto2,1,Javi Navarro Javi Navarro,Real Madrid,,0,2026-09-25
mixto2,2,Javi Navarro Javi Navarro,Real Madrid,,0,2026-09-25
mixto2,7,Aurélien Tchouaméni Tchouaméni,Real Madrid,3.0,1,2026-09-25
mixto2,6,Aurélien Tchouaméni Tchouaméni,Real Madrid,3.0,1,2026-09-25
mixto2,5,Aurélien Tchouaméni Tchouaméni,Real Madrid,4.0,1,2026-09-25
mixto2,4,Aurélien Tchouaméni Tchouaméni,Real Madrid,,0,2026-09-25
mixto2,3,Aurélien Tchouaméni Tchouaméni,Real Madrid,,0,2026-09-25
mixto2,1,Aurélien Tchouaméni Tchouaméni,Real Madrid,,0,2026-09-25
mixto2,2,Aurélien Tchouaméni Tchouaméni,Real Madrid,,0,2026-09-25
mixto2,7,Raúl Asencio Asencio,Real Madrid,,0,2026-09-25
mixto2,6,Raúl Asencio Asencio,Real Madrid,,0,2026-09-25
mixto2,5,Raúl Asencio Asencio,Real Madrid,,0,2026-09-25
mixto2,4,Raúl Asencio Asencio,Real Madrid,,0,2026-09-25
mixto2,3,Raúl Asencio Asencio,Real Madrid,,0,2026-09-25
mixto2,1,Raúl Asencio Asencio,Real Madrid,,0,2026-09-25
mixto2,2,Raúl Asencio Asencio,Real Madrid,,0,2026-09-25
mixto2,7,Endrick Endrick,Real Madrid,,0,2026-09-25
mixto2,6,Endrick Endrick,Real Madrid,2.0,1,2026-09-25
mixto2,5,Endrick Endrick,Real Madrid,,0,2026-09-25
mixto2,4,Endrick Endrick,Real Madrid,,0,2026-09-25
mixto2,3,Endrick Endrick,Real Madrid,,0,2026-09-25
mixto2,1,Endrick Endrick,Real Madrid,,0,2026-09-25
mixto2,2,Endrick Endrick,Real Madrid,,0,2026-09-25
mixto2,7,Thiago Pitarch Thiago,Real Madrid,,0,2026-09-25
mixto2,6,Thiago Pitarch Thiago,Real Madrid,,0,2026-09-25
mixto2,5,Thiago Pitarch Thiago,Real Madrid,,0,2026-09-25
mixto2,4,Thiago Pitarch Thiago,Real Madrid,,0,2026-09-25
mixto2,3,Thiago Pitarch Thiago,Real Madrid,,0,2026-09-25
mixto2,1,Thiago Pitarch Thiago,Real Madrid,,0,2026-09-25
mixto2,2,Thiago Pitarch Thiago,Real Madrid,,0,2026-09-25
mixto2,7,Álex Remiro Remiro,Real Sociedad,0.0,1,2026-09-25
mixto2,5,Álex Remiro Remiro,Real Sociedad,3.0,1,2026-09-25
mixto2,4,Álex Remiro Remiro,Real Sociedad,,0,2026-09-25
mixto2,6,Álex Remiro Remiro,Real Sociedad,4.0,1,2026-09-25
mixto2,3,Álex Remiro Remiro,Real Sociedad,6.0,1,2026-09-25
mixto2,1,Álex Remiro Remiro,Real Sociedad,7.0,1,2026-09-25
mixto2,2,Álex Remiro Remiro,Real Sociedad,8.0,1,2026-09-25
mixto2,7,Mikel Oyarzabal Oyarzabal,Real Sociedad,0.0,1,2026-09-25
mixto2,5,Mikel Oyarzabal Oyarzabal,Real Sociedad,2.0,1,2026-09-25
mixto2,4,Mikel Oyarzabal Oyarzabal,Real Sociedad,3.0,1,2026-09-25
mixto2,6,Mikel Oyarzabal Oyarzabal,Real Sociedad,4.0,1,2026-09-25
mixto2,3,Mikel Oyarzabal Oyarzabal,Real Sociedad,8.0,1,2026-09-25
mixto2,1,Mikel Oyarzabal Oyarzabal,Real Sociedad,3.0,1,2026-09-25
mixto2,2,Mikel Oyarzabal Oyarzabal,Real Sociedad,3.0,1,2026-09-25
mixto2,7,Carlos Soler Carlos Soler,Real Sociedad,0.0,1,2026-09-25
mixto2,5,Carlos Soler Carlos Soler,Real Sociedad,2.0,1,2026-09-25
mixto2,4,Carlos Soler Carlos Soler,Real Sociedad,5.0,1,2026-09-25
mixto2,6,Carlos Soler Carlos Soler,Real Sociedad,2.0,1,2026-09-25
mixto2,3,Carlos Soler Carlos Soler,Real Sociedad,4.0,1,2026-09-25
mixto2,1,Carlos Soler Carlos Soler,Real Sociedad,3.0,1,2026-09-25
mixto2,2,Carlos Soler Carlos Soler,Real Sociedad,3.0,1,2026-09-25
mixto2,7,Igor Zubeldia Zubeldia,Real Sociedad,,0,2026-09-25
mixto2,5,Igor Zubeldia Zubeldia,Real Sociedad,,0,2026-09-25
mixto2,4,Igor Zubeldia Zubeldia,Real Sociedad,2.0,1,2026-09-25
mixto2,6,Igor Zubeldia Zubeldia,Real Sociedad,5.0,1,2026-09-25
mixto2,3,Igor Zubeldia Zubeldia,Real Sociedad,6.0,1,2026-09-25
mixto2,1,Igor Zubeldia Zubeldia,Real Sociedad,1.0,1,2026-09-25
mixto2,2,Igor Zubeldia Zubeldia,Real Sociedad,1.0,1,2026-09-25
mixto2,7,Sergio Gómez Sergio Gómez,Real Sociedad,0.0,1,2026-09-25
mixto2,5,Sergio Gómez Sergio Gómez,Real Sociedad,2.0,1,2026-09-25
mixto2,4,Sergio Gómez Sergio Gómez,Real Sociedad,3.0,1,2026-09-25
mixto2,6,Sergio Gómez Sergio Gómez,Real Sociedad,6.0,1,2026-09-25
mixto2,3,Sergio Gómez Sergio Gómez,Real Sociedad,5.0,1,2026-09-25
mixto2,1,Sergio Gómez Sergio Gómez,Real Sociedad,2.0,1,2026-09-25
mixto2,2,Sergio Gómez Sergio Gómez,Real Sociedad,4.0,1,2026-09-25
mixto2,7,Ander Barrenetxea Barrenetxea,Real Sociedad,0.0,1,2026-09-25
mixto2,5,Ander Barrenetxea Barrenetxea,Real Sociedad,4.0,1,2026-09-25
mixto2,4,Ander Barrenetxea Barrenetxea,Real Sociedad,,0,2026-09-25
mixto2,6,Ander Barrenetxea Barrenetxea,Real Sociedad,3.0,1,2026-09-25
mixto2,3,Ander Barrenetxea Barrenetxea,Real Sociedad,10.0,1,2026-09-25
mixto2,1,Ander Barrenetxea Barrenetxea,Real Sociedad,2.0,1,2026-09-25
mixto2,2,Ander Barrenetxea Barrenetxea,Real Sociedad,2.0,1,2026-09-25
mixto2,7,Aihen Muñoz Aihen,Real Sociedad,0.0,1,2026-09-25
mixto2,5,Aihen Muñoz Aihen,Real Sociedad,,0,2026-09-25
mixto2,4,Aihen Muñoz Aihen,Real Sociedad,,0,2026-09-25
mixto2,6,Aihen Muñoz Aihen,Real Sociedad,,0,2026-09-25
mixto2,3,Aihen Muñoz Aihen,Real Sociedad,,0,2026-09-25
mixto2,1,Aihen Muñoz Aihen,Real Sociedad,,0,2026-09-25
mixto2,2,Aihen Muñoz Aihen,Real Sociedad,3.0,1,2026-09-25
mixto2,7,Yangel Herrera Herrera,Real Sociedad,0.0,1,2026-09-25
mixto2,5,Yangel Herrera Herrera,Real Sociedad,2.0,1,2026-09-25
mixto2,4,Yangel Herrera Herrera,Real Sociedad,10.0,1,2026-09-25
mixto2,6,Yangel Herrera Herrera,Real Sociedad,3.0,1,2026-09-25
mixto2,3,Yangel Herrera Herrera,Real Sociedad,3.0,1,2026-09-25
mixto2,1,Yangel Herrera Herrera,Real Sociedad,2.0,1,2026-09-25
mixto2,2,Yangel Herrera Herrera,Real Sociedad,3.0,1,2026-09-25
mixto2,7,Takefusa Kubo Kubo,Real Sociedad,,0,2026-09-25
mixto2,5,Takefusa Kubo Kubo,Real Sociedad,2.0,1,2026-09-25
mixto2,4,Takefusa Kubo Kubo,Real Sociedad,,0,2026-09-25
mixto2,6,Takefusa Kubo Kubo,Real Sociedad,3.0,1,2026-09-25
mixto2,3,Takefusa Kubo Kubo,Real Sociedad,2.0,1,2026-09-25
mixto2,1,Takefusa Kubo Kubo,Real Sociedad,3.0,1,2026-09-25
mixto2,2,Takefusa Kubo Kubo,Real Sociedad,6.0,1,2026-09-25
mixto2,7,Jon Pacheco Pacheco,Real Sociedad,,0,2026-09-25
mixto2,5,Jon Pacheco Pacheco,Real Sociedad,,0,2026-09-25
mixto2,4,Jon Pacheco Pacheco,Real Sociedad,2.0,1,2026-09-25
mixto2,6,Jon Pacheco Pacheco,Real Sociedad,,0,2026-09-25
mixto2,3,Jon Pacheco Pacheco,Real Sociedad,,0,2026-09-25
mixto2,1,Jon Pacheco Pacheco,Real Sociedad,,0,2026-09-25
mixto2,2,Jon Pacheco Pacheco,Real Sociedad,,0,2026-09-25
mixto2,7,Luka Sucic L. Sucic,Real Sociedad,0.0,1,2026-09-25
mixto2,5,Luka Sucic L. Sucic,Real Sociedad,5.0,1,2026-09-25
mixto2,4,Luka Sucic L. Sucic,Real Sociedad,11.0,1,2026-09-25
mixto2,6,Luka Sucic L. Sucic,Real Sociedad,2.0,1,2026-09-25
mixto2,3,Luka Sucic L. Sucic,Real Sociedad,4.0,1,2026-09-25
mixto2,1,Luka Sucic L. Sucic,Real Sociedad,8.0,1,2026-09-25
mixto2,2,Luka Sucic L. Sucic,Real Sociedad,2.0,1,2026-09-25
mixto2,7,Beñat Turrientes Turrientes,Real Sociedad,,0,2026-09-25
mixto2,5,Beñat Turrientes Turrientes,Real Sociedad,,0,2026-09-25
mixto2,4,Beñat Turrientes Turrientes,Real Sociedad,,0,2026-09-25
mixto2,6,Beñat Turrientes Turrientes,Real Sociedad,4.0,1,2026-09-25
mixto2,3,Beñat Turrientes Turrientes,Real Sociedad,3.0,1,2026-09-25
mixto2,1,Beñat Turrientes Turrientes,Real Sociedad,4.0,1,2026-09-25
mixto2,2,Beñat Turrientes Turrientes,Real Sociedad,3.0,1,2026-09-25
mixto2,7,Unai Marrero Marrero,Real Sociedad,,0,2026-09-25
mixto2,5,Unai Marrero Marrero,Real Sociedad,,0,2026-09-25
mixto2,4,Unai Marrero Marrero,Real Sociedad,7.0,1,2026-09-25
mixto2,6,Unai Marrero Marrero,Real Sociedad,,0,2026-09-25
mixto2,3,Unai Marrero Marrero,Real Sociedad,,0,2026-09-25
mixto2,1,Unai Marrero Marrero,Real Sociedad,,0,2026-09-25
mixto2,2,Unai Marrero Marrero,Real Sociedad,,0,2026-09-25
mixto2,7,Arsen Zakharyan Zakharyan,Real Sociedad,0.0,1,2026-09-25
mixto2,5,Arsen Zakharyan Zakharyan,Real Sociedad,1.0,1,2026-09-25
mixto2,4,Arsen Zakharyan Zakharyan,Real Sociedad,,0,2026-09-25
mixto2,6,Arsen Zakharyan Zakharyan,Real Sociedad,,0,2026-09-25
mixto2,3,Arsen Zakharyan Zakharyan,Real Sociedad,,0,2026-09-25
mixto2,1,Arsen Zakharyan Zakharyan,Real Sociedad,,0,2026-09-25
mixto2,2,Arsen Zakharyan Zakharyan,Real Sociedad,2.0,1,2026-09-25
mixto2,7,Orri Steinn Óskarsson Óskarsson,Real Sociedad,0.0,1,2026-09-25
mixto2,5,Orri Steinn Óskarsson Óskarsson,Real Sociedad,1.0,1,2026-09-25
mixto2,4,Orri Steinn Óskarsson Óskarsson,Real Sociedad,,0,2026-09-25
mixto2,6,Orri Steinn Óskarsson Óskarsson,Real Sociedad,3.0,1,2026-09-25
mixto2,3,Orri Steinn Óskarsson Óskarsson,Real Sociedad,10.0,1,2026-09-25
mixto2,1,Orri Steinn Óskarsson Óskarsson,Real Sociedad,2.0,1,2026-09-25
mixto2,2,Orri Steinn Óskarsson Óskarsson,Real Sociedad,1.0,1,2026-09-25
mixto2,7,Mikel Goti Goti,Real Sociedad,,0,2026-09-25
mixto2,5,Mikel Goti Goti,Real Sociedad,,0,2026-09-25
mixto2,4,Mikel Goti Goti,Real Sociedad,,0,2026-09-25
mixto2,7,Jon Martín Jon Martín,Real Sociedad,0.0,1,2026-09-25
mixto2,5,Jon Martín Jon Martín,Real Sociedad,,0,2026-09-25
mixto2,4,Jon Martín Jon Martín,Real Sociedad,-8.0,1,2026-09-25
mixto2,6,Jon Martín Jon Martín,Real Sociedad,5.0,1,2026-09-25
mixto2,3,Jon Martín Jon Martín,Real Sociedad,5.0,1,2026-09-25
mixto2,1,Jon Martín Jon Martín,Real Sociedad,2.0,1,2026-09-25
mixto2,2,Jon Martín Jon Martín,Real Sociedad,3.0,1,2026-09-25
mixto2,7,Alex Lebarbier Lebarbier,Real Sociedad,,0,2026-09-25
mixto2,5,Alex Lebarbier Lebarbier,Real Sociedad,,0,2026-09-25
mixto2,4,Alex Lebarbier Lebarbier,Real Sociedad,,0,2026-09-25
mixto2,6,Alex Lebarbier Lebarbier,Real Sociedad,,0,2026-09-25
mixto2,3,Alex Lebarbier Lebarbier,Real Sociedad,,0,2026-09-25
mixto2,1,Alex Lebarbier Lebarbier,Real Sociedad,,0,2026-09-25
mixto2,2,Alex Lebarbier Lebarbier,Real Sociedad,,0,2026-09-25
mixto2,7,Jon Aramburu Aramburu,Real Sociedad,0.0,1,2026-09-25
mixto2,5,Jon Aramburu Aramburu,Real Sociedad,4.0,1,2026-09-25
mixto2,4,Jon Aramburu Aramburu,Real Sociedad,3.0,1,2026-09-25
mixto2,6,Jon Aramburu Aramburu,Real Sociedad,8.0,1,2026-09-25
mixto2,3,Jon Aramburu Aramburu,Real Sociedad,4.0,1,2026-09-25
mixto2,1,Jon Aramburu Aramburu,Real Sociedad,2.0,1,2026-09-25
mixto2,2,Jon Aramburu Aramburu,Real Sociedad,1.0,1,2026-09-25
mixto2,7,Job Ochieng Ochieng,Real Sociedad,0.0,1,2026-09-25
mixto2,5,Job Ochieng Ochieng,Real Sociedad,1.0,1,2026-09-25
mixto2,4,Job Ochieng Ochieng,Real Sociedad,12.0,1,2026-09-25
mixto2,6,Job Ochieng Ochieng,Real Sociedad,,0,2026-09-25
mixto2,3,Job Ochieng Ochieng,Real Sociedad,,0,2026-09-25
mixto2,1,Job Ochieng Ochieng,Real Sociedad,2.0,1,2026-09-25
mixto2,2,Job Ochieng Ochieng,Real Sociedad,,0,2026-09-25
mixto2,7,Alex Marchal Marchal,Real Sociedad,,0,2026-09-25
mixto2,5,Alex Marchal Marchal,Real Sociedad,,0,2026-09-25
mixto2,4,Alex Marchal Marchal,Real Sociedad,2.0,1,2026-09-25
mixto2,6,Alex Marchal Marchal,Real Sociedad,2.0,1,2026-09-25
mixto2,3,Alex Marchal Marchal,Real Sociedad,4.0,1,2026-09-25
mixto2,1,Alex Marchal Marchal,Real Sociedad,,0,2026-09-25
mixto2,2,Alex Marchal Marchal,Real Sociedad,0.0,1,2026-09-25
mixto2,7,Luken Beitia Beitia,Real Sociedad,0.0,1,2026-09-25
mixto2,5,Luken Beitia Beitia,Real Sociedad,3.0,1,2026-09-25
mixto2,4,Luken Beitia Beitia,Real Sociedad,,0,2026-09-25
mixto2,6,Luken Beitia Beitia,Real Sociedad,,0,2026-09-25
mixto2,3,Luken Beitia Beitia,Real Sociedad,,0,2026-09-25
mixto2,1,Luken Beitia Beitia,Real Sociedad,0.0,1,2026-09-25
mixto2,2,Luken Beitia Beitia,Real Sociedad,,0,2026-09-25
mixto2,7,Theo Folgado Folgado,Real Sociedad,,0,2026-09-25
mixto2,5,Theo Folgado Folgado,Real Sociedad,,0,2026-09-25
mixto2,4,Theo Folgado Folgado,Real Sociedad,,0,2026-09-25
mixto2,6,Theo Folgado Folgado,Real Sociedad,,0,2026-09-25
mixto2,3,Theo Folgado Folgado,Real Sociedad,,0,2026-09-25
mixto2,1,Theo Folgado Folgado,Real Sociedad,,0,2026-09-25
mixto2,2,Theo Folgado Folgado,Real Sociedad,,0,2026-09-25
mixto2,7,Gorka Carrera Carrera,Real Sociedad,,0,2026-09-25
mixto2,5,Gorka Carrera Carrera,Real Sociedad,,0,2026-09-25
mixto2,4,Gorka Carrera Carrera,Real Sociedad,,0,2026-09-25
mixto2,6,Gorka Carrera Carrera,Real Sociedad,,0,2026-09-25
mixto2,3,Gorka Carrera Carrera,Real Sociedad,,0,2026-09-25
mixto2,1,Gorka Carrera Carrera,Real Sociedad,,0,2026-09-25
mixto2,2,Gorka Carrera Carrera,Real Sociedad,,0,2026-09-25
mixto2,7,Gonçalo Guedes Guedes,Real Sociedad,0.0,1,2026-09-25
mixto2,5,Gonçalo Guedes Guedes,Real Sociedad,3.0,1,2026-09-25
mixto2,4,Gonçalo Guedes Guedes,Real Sociedad,3.0,1,2026-09-25
mixto2,6,Gonçalo Guedes Guedes,Real Sociedad,3.0,1,2026-09-25
mixto2,3,Gonçalo Guedes Guedes,Real Sociedad,3.0,1,2026-09-25
mixto2,1,Gonçalo Guedes Guedes,Real Sociedad,2.0,1,2026-09-25
mixto2,2,Gonçalo Guedes Guedes,Real Sociedad,,0,2026-09-25
mixto2,7,Aitor Fraga Fraga,Real Sociedad,,0,2026-09-25
mixto2,5,Aitor Fraga Fraga,Real Sociedad,,0,2026-09-25
mixto2,4,Aitor Fraga Fraga,Real Sociedad,,0,2026-09-25
mixto2,6,Aitor Fraga Fraga,Real Sociedad,,0,2026-09-25
mixto2,3,Aitor Fraga Fraga,Real Sociedad,,0,2026-09-25
mixto2,1,Aitor Fraga Fraga,Real Sociedad,,0,2026-09-25
mixto2,2,Aitor Fraga Fraga,Real Sociedad,,0,2026-09-25
mixto2,7,Ibai Aguirre Aguirre,Real Sociedad,,0,2026-09-25
mixto2,5,Ibai Aguirre Aguirre,Real Sociedad,,0,2026-09-25
mixto2,4,Ibai Aguirre Aguirre,Real Sociedad,,0,2026-09-25
mixto2,6,Ibai Aguirre Aguirre,Real Sociedad,,0,2026-09-25
mixto2,3,Ibai Aguirre Aguirre,Real Sociedad,,0,2026-09-25
mixto2,1,Ibai Aguirre Aguirre,Real Sociedad,,0,2026-09-25
mixto2,2,Ibai Aguirre Aguirre,Real Sociedad,,0,2026-09-25
mixto2,7,Jon Gorrotxategi Gorrotxategi,Real Sociedad,0.0,1,2026-09-25
mixto2,5,Jon Gorrotxategi Gorrotxategi,Real Sociedad,1.0,1,2026-09-25
mixto2,4,Jon Gorrotxategi Gorrotxategi,Real Sociedad,2.0,1,2026-09-25
mixto2,6,Jon Gorrotxategi Gorrotxategi,Real Sociedad,3.0,1,2026-09-25
mixto2,3,Jon Gorrotxategi Gorrotxategi,Real Sociedad,0.0,1,2026-09-25
mixto2,1,Jon Gorrotxategi Gorrotxategi,Real Sociedad,,0,2026-09-25
mixto2,2,Jon Gorrotxategi Gorrotxategi,Real Sociedad,,0,2026-09-25
mixto2,7,Mamadou Sarr M. Sarr,Real Sociedad,,0,2026-09-25
mixto2,5,Mamadou Sarr M. Sarr,Real Sociedad,4.0,1,2026-09-25
mixto2,4,Mamadou Sarr M. Sarr,Real Sociedad,4.0,1,2026-09-25
mixto2,6,Mamadou Sarr M. Sarr,Real Sociedad,,0,2026-09-25
mixto2,3,Mamadou Sarr M. Sarr,Real Sociedad,,0,2026-09-25
mixto2,7,Héctor Fort Fort,Real Sociedad,,0,2026-09-25
mixto2,5,Héctor Fort Fort,Real Sociedad,,0,2026-09-25
mixto2,4,Héctor Fort Fort,Real Sociedad,2.0,1,2026-09-25
mixto2,6,Héctor Fort Fort,Real Sociedad,,0,2026-09-25
mixto2,3,Héctor Fort Fort,Real Sociedad,,0,2026-09-25
mixto2,1,Héctor Fort Fort,Real Sociedad,,0,2026-09-25
mixto2,2,Héctor Fort Fort,Real Sociedad,,0,2026-09-25
mixto2,7,Pablo Marín Marín,Real Sociedad,,0,2026-09-25
mixto2,5,Pablo Marín Marín,Real Sociedad,,0,2026-09-25
mixto2,4,Pablo Marín Marín,Real Sociedad,,0,2026-09-25
mixto2,6,Pablo Marín Marín,Real Sociedad,,0,2026-09-25
mixto2,3,Pablo Marín Marín,Real Sociedad,,0,2026-09-25
mixto2,1,Pablo Marín Marín,Real Sociedad,,0,2026-09-25
mixto2,2,Pablo Marín Marín,Real Sociedad,,0,2026-09-25
mixto2,7,Jon Guridi Guridi,Sevilla,3.0,1,2026-09-25
mixto2,6,Jon Guridi Guridi,Sevilla,5.0,1,2026-09-25
mixto2,5,Jon Guridi Guridi,Sevilla,2.0,1,2026-09-25
mixto2,4,Jon Guridi Guridi,Sevilla,3.0,1,2026-09-25
mixto2,3,Jon Guridi Guridi,Sevilla,1.0,1,2026-09-25
mixto2,2,Jon Guridi Guridi,Sevilla,2.0,1,2026-09-25
mixto2,1,Jon Guridi Guridi,Sevilla,8.0,1,2026-09-25
mixto2,7,Odysseas Vlachodimos Vlachodimos,Sevilla,4.0,1,2026-09-25
mixto2,6,Odysseas Vlachodimos Vlachodimos,Sevilla,8.0,1,2026-09-25
mixto2,5,Odysseas Vlachodimos Vlachodimos,Sevilla,4.0,1,2026-09-25
mixto2,4,Odysseas Vlachodimos Vlachodimos,Sevilla,5.0,1,2026-09-25
mixto2,3,Odysseas Vlachodimos Vlachodimos,Sevilla,-1.0,1,2026-09-25
mixto2,2,Odysseas Vlachodimos Vlachodimos,Sevilla,5.0,1,2026-09-25
mixto2,1,Odysseas Vlachodimos Vlachodimos,Sevilla,4.0,1,2026-09-25
mixto2,7,Lucien Agoume Agoume,Sevilla,4.0,1,2026-09-25
mixto2,6,Lucien Agoume Agoume,Sevilla,7.0,1,2026-09-25
mixto2,5,Lucien Agoume Agoume,Sevilla,6.0,1,2026-09-25
mixto2,4,Lucien Agoume Agoume,Sevilla,5.0,1,2026-09-25
mixto2,3,Lucien Agoume Agoume,Sevilla,3.0,1,2026-09-25
mixto2,2,Lucien Agoume Agoume,Sevilla,7.0,1,2026-09-25
mixto2,1,Lucien Agoume Agoume,Sevilla,4.0,1,2026-09-25
mixto2,7,Rafael Romero Rafa,Sevilla,,0,2026-09-25
mixto2,6,Rafael Romero Rafa,Sevilla,,0,2026-09-25
mixto2,5,Rafael Romero Rafa,Sevilla,,0,2026-09-25
mixto2,4,Rafael Romero Rafa,Sevilla,,0,2026-09-25
mixto2,3,Rafael Romero Rafa,Sevilla,,0,2026-09-25
mixto2,2,Rafael Romero Rafa,Sevilla,,0,2026-09-25
mixto2,1,Rafael Romero Rafa,Sevilla,,0,2026-09-25
mixto2,7,Juan Iglesias Iglesias,Sevilla,4.0,1,2026-09-25
mixto2,6,Juan Iglesias Iglesias,Sevilla,5.0,1,2026-09-25
mixto2,5,Juan Iglesias Iglesias,Sevilla,14.0,1,2026-09-25
mixto2,4,Juan Iglesias Iglesias,Sevilla,2.0,1,2026-09-25
mixto2,3,Juan Iglesias Iglesias,Sevilla,1.0,1,2026-09-25
mixto2,2,Juan Iglesias Iglesias,Sevilla,5.0,1,2026-09-25
mixto2,1,Juan Iglesias Iglesias,Sevilla,5.0,1,2026-09-25
mixto2,7,Rubén Vargas Vargas,Sevilla,,0,2026-09-25
mixto2,6,Rubén Vargas Vargas,Sevilla,,0,2026-09-25
mixto2,5,Rubén Vargas Vargas,Sevilla,,0,2026-09-25
mixto2,4,Rubén Vargas Vargas,Sevilla,,0,2026-09-25
mixto2,3,Rubén Vargas Vargas,Sevilla,,0,2026-09-25
mixto2,2,Rubén Vargas Vargas,Sevilla,,0,2026-09-25
mixto2,1,Rubén Vargas Vargas,Sevilla,2.0,1,2026-09-25
mixto2,7,José Ángel Carmona Carmona,Sevilla,1.0,1,2026-09-25
mixto2,6,José Ángel Carmona Carmona,Sevilla,,0,2026-09-25
mixto2,5,José Ángel Carmona Carmona,Sevilla,,0,2026-09-25
mixto2,4,José Ángel Carmona Carmona,Sevilla,3.0,1,2026-09-25
mixto2,3,José Ángel Carmona Carmona,Sevilla,,0,2026-09-25
mixto2,2,José Ángel Carmona Carmona,Sevilla,3.0,1,2026-09-25
mixto2,1,José Ángel Carmona Carmona,Sevilla,,0,2026-09-25
mixto2,7,Kike Salas Kike Salas,Sevilla,,0,2026-09-25
mixto2,6,Kike Salas Kike Salas,Sevilla,6.0,1,2026-09-25
mixto2,5,Kike Salas Kike Salas,Sevilla,6.0,1,2026-09-25
mixto2,4,Kike Salas Kike Salas,Sevilla,3.0,1,2026-09-25
mixto2,3,Kike Salas Kike Salas,Sevilla,4.0,1,2026-09-25
mixto2,2,Kike Salas Kike Salas,Sevilla,,0,2026-09-25
mixto2,1,Kike Salas Kike Salas,Sevilla,-3.0,1,2026-09-25
mixto2,7,Peque Peque,Sevilla,,0,2026-09-25
mixto2,6,Peque Peque,Sevilla,,0,2026-09-25
mixto2,5,Peque Peque,Sevilla,,0,2026-09-25
mixto2,4,Peque Peque,Sevilla,,0,2026-09-25
mixto2,3,Peque Peque,Sevilla,3.0,1,2026-09-25
mixto2,2,Peque Peque,Sevilla,3.0,1,2026-09-25
mixto2,1,Peque Peque,Sevilla,9.0,1,2026-09-25
mixto2,7,Manu Bueno Manu Bueno,Sevilla,,0,2026-09-25
mixto2,6,Manu Bueno Manu Bueno,Sevilla,,0,2026-09-25
mixto2,5,Manu Bueno Manu Bueno,Sevilla,,0,2026-09-25
mixto2,4,Manu Bueno Manu Bueno,Sevilla,2.0,1,2026-09-25
mixto2,3,Manu Bueno Manu Bueno,Sevilla,,0,2026-09-25
mixto2,2,Manu Bueno Manu Bueno,Sevilla,,0,2026-09-25
mixto2,1,Manu Bueno Manu Bueno,Sevilla,4.0,1,2026-09-25
mixto2,7,Fran González Fran González,Sevilla,,0,2026-09-25
mixto2,6,Fran González Fran González,Sevilla,,0,2026-09-25
mixto2,5,Fran González Fran González,Sevilla,,0,2026-09-25
mixto2,4,Fran González Fran González,Sevilla,,0,2026-09-25
mixto2,3,Fran González Fran González,Sevilla,,0,2026-09-25
mixto2,2,Fran González Fran González,Sevilla,,0,2026-09-25
mixto2,1,Fran González Fran González,Sevilla,,0,2026-09-25
mixto2,7,Isaac Romero Romero,Sevilla,3.0,1,2026-09-25
mixto2,6,Isaac Romero Romero,Sevilla,2.0,1,2026-09-25
mixto2,5,Isaac Romero Romero,Sevilla,3.0,1,2026-09-25
mixto2,4,Isaac Romero Romero,Sevilla,,0,2026-09-25
mixto2,3,Isaac Romero Romero,Sevilla,2.0,1,2026-09-25
mixto2,2,Isaac Romero Romero,Sevilla,12.0,1,2026-09-25
mixto2,1,Isaac Romero Romero,Sevilla,1.0,1,2026-09-25
mixto2,7,Chidera Ejuke Ejuke,Sevilla,2.0,1,2026-09-25
mixto2,6,Chidera Ejuke Ejuke,Sevilla,,0,2026-09-25
mixto2,5,Chidera Ejuke Ejuke,Sevilla,2.0,1,2026-09-25
mixto2,4,Chidera Ejuke Ejuke,Sevilla,3.0,1,2026-09-25
mixto2,3,Chidera Ejuke Ejuke,Sevilla,7.0,1,2026-09-25
mixto2,2,Chidera Ejuke Ejuke,Sevilla,12.0,1,2026-09-25
mixto2,1,Chidera Ejuke Ejuke,Sevilla,2.0,1,2026-09-25
mixto2,7,Gabriel Suazo Suazo,Sevilla,4.0,1,2026-09-25
mixto2,6,Gabriel Suazo Suazo,Sevilla,6.0,1,2026-09-25
mixto2,5,Gabriel Suazo Suazo,Sevilla,8.0,1,2026-09-25
mixto2,4,Gabriel Suazo Suazo,Sevilla,4.0,1,2026-09-25
mixto2,3,Gabriel Suazo Suazo,Sevilla,1.0,1,2026-09-25
mixto2,2,Gabriel Suazo Suazo,Sevilla,3.0,1,2026-09-25
mixto2,1,Gabriel Suazo Suazo,Sevilla,3.0,1,2026-09-25
mixto2,7,Ibrahima Sow Ibra,Sevilla,,0,2026-09-25
mixto2,6,Ibrahima Sow Ibra,Sevilla,,0,2026-09-25
mixto2,5,Ibrahima Sow Ibra,Sevilla,,0,2026-09-25
mixto2,4,Ibrahima Sow Ibra,Sevilla,,0,2026-09-25
mixto2,3,Ibrahima Sow Ibra,Sevilla,,0,2026-09-25
mixto2,2,Ibrahima Sow Ibra,Sevilla,,0,2026-09-25
mixto2,1,Ibrahima Sow Ibra,Sevilla,,0,2026-09-25
mixto2,7,Joaquín Oso Oso,Sevilla,,0,2026-09-25
mixto2,6,Joaquín Oso Oso,Sevilla,13.0,1,2026-09-25
mixto2,5,Joaquín Oso Oso,Sevilla,2.0,1,2026-09-25
mixto2,7,Nico Guillén Guillén,Sevilla,,0,2026-09-25
mixto2,6,Nico Guillén Guillén,Sevilla,,0,2026-09-25
mixto2,5,Nico Guillén Guillén,Sevilla,,0,2026-09-25
mixto2,4,Nico Guillén Guillén,Sevilla,,0,2026-09-25
mixto2,3,Nico Guillén Guillén,Sevilla,,0,2026-09-25
mixto2,2,Nico Guillén Guillén,Sevilla,2.0,1,2026-09-25
mixto2,1,Nico Guillén Guillén,Sevilla,3.0,1,2026-09-25
mixto2,7,Andrés Castrín Castrín,Sevilla,1.0,1,2026-09-25
mixto2,6,Andrés Castrín Castrín,Sevilla,6.0,1,2026-09-25
mixto2,5,Andrés Castrín Castrín,Sevilla,7.0,1,2026-09-25
mixto2,4,Andrés Castrín Castrín,Sevilla,2.0,1,2026-09-25
mixto2,3,Andrés Castrín Castrín,Sevilla,2.0,1,2026-09-25
mixto2,2,Andrés Castrín Castrín,Sevilla,6.0,1,2026-09-25
mixto2,1,Andrés Castrín Castrín,Sevilla,,0,2026-09-25
mixto2,7,Edu Altozano Altozano,Sevilla,,0,2026-09-25
mixto2,6,Edu Altozano Altozano,Sevilla,,0,2026-09-25
mixto2,5,Edu Altozano Altozano,Sevilla,,0,2026-09-25
mixto2,4,Edu Altozano Altozano,Sevilla,,0,2026-09-25
mixto2,3,Edu Altozano Altozano,Sevilla,,0,2026-09-25
mixto2,2,Edu Altozano Altozano,Sevilla,,0,2026-09-25
mixto2,1,Edu Altozano Altozano,Sevilla,,0,2026-09-25
mixto2,7,Miguel Sierra Sierra,Sevilla,6.0,1,2026-09-25
mixto2,6,Miguel Sierra Sierra,Sevilla,12.0,1,2026-09-25
mixto2,5,Miguel Sierra Sierra,Sevilla,2.0,1,2026-09-25
mixto2,4,Miguel Sierra Sierra,Sevilla,3.0,1,2026-09-25
mixto2,3,Miguel Sierra Sierra,Sevilla,11.0,1,2026-09-25
mixto2,2,Miguel Sierra Sierra,Sevilla,6.0,1,2026-09-25
mixto2,1,Miguel Sierra Sierra,Sevilla,6.0,1,2026-09-25
mixto2,7,Iker Muñoz Iker Muñoz,Sevilla,,0,2026-09-25
mixto2,6,Iker Muñoz Iker Muñoz,Sevilla,,0,2026-09-25
mixto2,5,Iker Muñoz Iker Muñoz,Sevilla,,0,2026-09-25
mixto2,4,Iker Muñoz Iker Muñoz,Sevilla,,0,2026-09-25
mixto2,3,Iker Muñoz Iker Muñoz,Sevilla,,0,2026-09-25
mixto2,2,Iker Muñoz Iker Muñoz,Sevilla,,0,2026-09-25
mixto2,1,Iker Muñoz Iker Muñoz,Sevilla,,0,2026-09-25
mixto2,7,Julio Díaz Julio Díaz,Sevilla,,0,2026-09-25
mixto2,6,Julio Díaz Julio Díaz,Sevilla,3.0,1,2026-09-25
mixto2,5,Julio Díaz Julio Díaz,Sevilla,2.0,1,2026-09-25
mixto2,4,Julio Díaz Julio Díaz,Sevilla,,0,2026-09-25
mixto2,3,Julio Díaz Julio Díaz,Sevilla,2.0,1,2026-09-25
mixto2,2,Julio Díaz Julio Díaz,Sevilla,3.0,1,2026-09-25
mixto2,1,Julio Díaz Julio Díaz,Sevilla,,0,2026-09-25
mixto2,7,Arouna Sangante Sangante,Sevilla,0.0,1,2026-09-25
mixto2,6,Arouna Sangante Sangante,Sevilla,,0,2026-09-25
mixto2,5,Arouna Sangante Sangante,Sevilla,,0,2026-09-25
mixto2,4,Arouna Sangante Sangante,Sevilla,-7.0,1,2026-09-25
mixto2,3,Arouna Sangante Sangante,Sevilla,,0,2026-09-25
mixto2,2,Arouna Sangante Sangante,Sevilla,3.0,1,2026-09-25
mixto2,1,Arouna Sangante Sangante,Sevilla,-1.0,1,2026-09-25
mixto2,7,Robbie Ure Ure,Sevilla,3.0,1,2026-09-25
mixto2,6,Robbie Ure Ure,Sevilla,0.0,1,2026-09-25
mixto2,5,Robbie Ure Ure,Sevilla,2.0,1,2026-09-25
mixto2,4,Robbie Ure Ure,Sevilla,2.0,1,2026-09-25
mixto2,3,Robbie Ure Ure,Sevilla,2.0,1,2026-09-25
mixto2,2,Robbie Ure Ure,Sevilla,1.0,1,2026-09-25
mixto2,1,Robbie Ure Ure,Sevilla,6.0,1,2026-09-25
mixto2,7,Giorgi Kochorashvili Kochorashvili,Sevilla,3.0,1,2026-09-25
mixto2,6,Giorgi Kochorashvili Kochorashvili,Sevilla,3.0,1,2026-09-25
mixto2,5,Giorgi Kochorashvili Kochorashvili,Sevilla,4.0,1,2026-09-25
mixto2,4,Giorgi Kochorashvili Kochorashvili,Sevilla,3.0,1,2026-09-25
mixto2,3,Giorgi Kochorashvili Kochorashvili,Sevilla,4.0,1,2026-09-25
mixto2,2,Giorgi Kochorashvili Kochorashvili,Sevilla,,0,2026-09-25
mixto2,7,Manuel Ángel Castillo Castillo,Sevilla,,0,2026-09-25
mixto2,6,Manuel Ángel Castillo Castillo,Sevilla,,0,2026-09-25
mixto2,5,Manuel Ángel Castillo Castillo,Sevilla,,0,2026-09-25
mixto2,4,Manuel Ángel Castillo Castillo,Sevilla,,0,2026-09-25
mixto2,3,Manuel Ángel Castillo Castillo,Sevilla,,0,2026-09-25
mixto2,2,Manuel Ángel Castillo Castillo,Sevilla,,0,2026-09-25
mixto2,1,Manuel Ángel Castillo Castillo,Sevilla,,0,2026-09-25
mixto2,7,Alfonso González Alfon,Sevilla,2.0,1,2026-09-25
mixto2,6,Alfonso González Alfon,Sevilla,,0,2026-09-25
mixto2,5,Alfonso González Alfon,Sevilla,,0,2026-09-25
mixto2,4,Alfonso González Alfon,Sevilla,,0,2026-09-25
mixto2,3,Alfonso González Alfon,Sevilla,2.0,1,2026-09-25
mixto2,2,Alfonso González Alfon,Sevilla,,0,2026-09-25
mixto2,1,Alfonso González Alfon,Sevilla,,0,2026-09-25
mixto2,7,Félix Correia Félix Correia,Sevilla,5.0,1,2026-09-25
mixto2,6,Félix Correia Félix Correia,Sevilla,4.0,1,2026-09-25
mixto2,5,Félix Correia Félix Correia,Sevilla,3.0,1,2026-09-25
mixto2,4,Félix Correia Félix Correia,Sevilla,,0,2026-09-25
mixto2,7,Youssouf Fofana Fofana,Sevilla,13.0,1,2026-09-25
mixto2,6,Youssouf Fofana Fofana,Sevilla,4.0,1,2026-09-25
mixto2,5,Youssouf Fofana Fofana,Sevilla,6.0,1,2026-09-25
mixto2,4,Youssouf Fofana Fofana,Sevilla,3.0,1,2026-09-25
mixto2,7,Sergio Recio Recio,Sevilla,,0,2026-09-25
mixto2,6,Sergio Recio Recio,Sevilla,,0,2026-09-25
mixto2,5,Sergio Recio Recio,Sevilla,,0,2026-09-25
mixto2,4,Sergio Recio Recio,Sevilla,,0,2026-09-25
mixto2,3,Sergio Recio Recio,Sevilla,,0,2026-09-25
mixto2,2,Sergio Recio Recio,Sevilla,,0,2026-09-25
mixto2,1,Sergio Recio Recio,Sevilla,,0,2026-09-25
mixto2,7,Lucas Stassin Stassin,Sevilla,,0,2026-09-25
mixto2,6,Lucas Stassin Stassin,Sevilla,6.0,1,2026-09-25
mixto2,5,Lucas Stassin Stassin,Sevilla,2.0,1,2026-09-25
mixto2,4,Lucas Stassin Stassin,Sevilla,11.0,1,2026-09-25
mixto2,3,Lucas Stassin Stassin,Sevilla,,0,2026-09-25
mixto2,2,Lucas Stassin Stassin,Sevilla,,0,2026-09-25
mixto2,1,Lucas Stassin Stassin,Sevilla,,0,2026-09-25
mixto2,7,Marcão Marcão,Sevilla,,0,2026-09-25
mixto2,6,Marcão Marcão,Sevilla,,0,2026-09-25
mixto2,5,Marcão Marcão,Sevilla,,0,2026-09-25
mixto2,4,Marcão Marcão,Sevilla,,0,2026-09-25
mixto2,3,Marcão Marcão,Sevilla,,0,2026-09-25
mixto2,2,Marcão Marcão,Sevilla,,0,2026-09-25
mixto2,1,Marcão Marcão,Sevilla,,0,2026-09-25
mixto2,7,José Gayà Gayà,Valencia,0.0,1,2026-09-25
mixto2,6,José Gayà Gayà,Valencia,4.0,1,2026-09-25
mixto2,5,José Gayà Gayà,Valencia,3.0,1,2026-09-25
mixto2,4,José Gayà Gayà,Valencia,3.0,1,2026-09-25
mixto2,3,José Gayà Gayà,Valencia,,0,2026-09-25
mixto2,1,José Gayà Gayà,Valencia,,0,2026-09-25
mixto2,2,José Gayà Gayà,Valencia,3.0,1,2026-09-25
mixto2,7,Stole Dimitrievski Dimitrievski,Valencia,0.0,1,2026-09-25
mixto2,6,Stole Dimitrievski Dimitrievski,Valencia,7.0,1,2026-09-25
mixto2,5,Stole Dimitrievski Dimitrievski,Valencia,3.0,1,2026-09-25
mixto2,4,Stole Dimitrievski Dimitrievski,Valencia,5.0,1,2026-09-25
mixto2,3,Stole Dimitrievski Dimitrievski,Valencia,3.0,1,2026-09-25
mixto2,1,Stole Dimitrievski Dimitrievski,Valencia,1.0,1,2026-09-25
mixto2,2,Stole Dimitrievski Dimitrievski,Valencia,4.0,1,2026-09-25
mixto2,7,Pablo Maffeo Maffeo,Valencia,0.0,1,2026-09-25
mixto2,6,Pablo Maffeo Maffeo,Valencia,3.0,1,2026-09-25
mixto2,5,Pablo Maffeo Maffeo,Valencia,0.0,1,2026-09-25
mixto2,4,Pablo Maffeo Maffeo,Valencia,-2.0,1,2026-09-25
mixto2,3,Pablo Maffeo Maffeo,Valencia,,0,2026-09-25
mixto2,1,Pablo Maffeo Maffeo,Valencia,4.0,1,2026-09-25
mixto2,2,Pablo Maffeo Maffeo,Valencia,3.0,1,2026-09-25
mixto2,7,Pepelu Pepelu,Valencia,0.0,1,2026-09-25
mixto2,6,Pepelu Pepelu,Valencia,5.0,1,2026-09-25
mixto2,5,Pepelu Pepelu,Valencia,2.0,1,2026-09-25
mixto2,4,Pepelu Pepelu,Valencia,-1.0,1,2026-09-25
mixto2,3,Pepelu Pepelu,Valencia,3.0,1,2026-09-25
mixto2,1,Pepelu Pepelu,Valencia,2.0,1,2026-09-25
mixto2,2,Pepelu Pepelu,Valencia,6.0,1,2026-09-25
mixto2,7,Mouctar Diakhaby Diakhaby,Valencia,,0,2026-09-25
mixto2,6,Mouctar Diakhaby Diakhaby,Valencia,,0,2026-09-25
mixto2,5,Mouctar Diakhaby Diakhaby,Valencia,,0,2026-09-25
mixto2,4,Mouctar Diakhaby Diakhaby,Valencia,-1.0,1,2026-09-25
mixto2,3,Mouctar Diakhaby Diakhaby,Valencia,0.0,1,2026-09-25
mixto2,1,Mouctar Diakhaby Diakhaby,Valencia,2.0,1,2026-09-25
mixto2,2,Mouctar Diakhaby Diakhaby,Valencia,5.0,1,2026-09-25
mixto2,7,Daniel Raba Raba,Valencia,,0,2026-09-25
mixto2,6,Daniel Raba Raba,Valencia,,0,2026-09-25
mixto2,5,Daniel Raba Raba,Valencia,,0,2026-09-25
mixto2,4,Daniel Raba Raba,Valencia,,0,2026-09-25
mixto2,3,Daniel Raba Raba,Valencia,2.0,1,2026-09-25
mixto2,1,Daniel Raba Raba,Valencia,,0,2026-09-25
mixto2,2,Daniel Raba Raba,Valencia,,0,2026-09-25
mixto2,7,Hugo Duro Duro,Valencia,0.0,1,2026-09-25
mixto2,6,Hugo Duro Duro,Valencia,3.0,1,2026-09-25
mixto2,5,Hugo Duro Duro,Valencia,2.0,1,2026-09-25
mixto2,4,Hugo Duro Duro,Valencia,2.0,1,2026-09-25
mixto2,3,Hugo Duro Duro,Valencia,2.0,1,2026-09-25
mixto2,1,Hugo Duro Duro,Valencia,2.0,1,2026-09-25
mixto2,2,Hugo Duro Duro,Valencia,2.0,1,2026-09-25
mixto2,7,Cristian Rivero Rivero,Valencia,,0,2026-09-25
mixto2,6,Cristian Rivero Rivero,Valencia,,0,2026-09-25
mixto2,5,Cristian Rivero Rivero,Valencia,,0,2026-09-25
mixto2,4,Cristian Rivero Rivero,Valencia,,0,2026-09-25
mixto2,3,Cristian Rivero Rivero,Valencia,,0,2026-09-25
mixto2,1,Cristian Rivero Rivero,Valencia,,0,2026-09-25
mixto2,2,Cristian Rivero Rivero,Valencia,,0,2026-09-25
mixto2,7,Arnaut Danjuma Danjuma,Valencia,0.0,1,2026-09-25
mixto2,6,Arnaut Danjuma Danjuma,Valencia,4.0,1,2026-09-25
mixto2,5,Arnaut Danjuma Danjuma,Valencia,3.0,1,2026-09-25
mixto2,4,Arnaut Danjuma Danjuma,Valencia,4.0,1,2026-09-25
mixto2,3,Arnaut Danjuma Danjuma,Valencia,3.0,1,2026-09-25
mixto2,1,Arnaut Danjuma Danjuma,Valencia,2.0,1,2026-09-25
mixto2,2,Arnaut Danjuma Danjuma,Valencia,3.0,1,2026-09-25
mixto2,7,Guido Rodríguez Guido,Valencia,0.0,1,2026-09-25
mixto2,6,Guido Rodríguez Guido,Valencia,4.0,1,2026-09-25
mixto2,5,Guido Rodríguez Guido,Valencia,,0,2026-09-25
mixto2,4,Guido Rodríguez Guido,Valencia,,0,2026-09-25
mixto2,3,Guido Rodríguez Guido,Valencia,,0,2026-09-25
mixto2,1,Guido Rodríguez Guido,Valencia,4.0,1,2026-09-25
mixto2,2,Guido Rodríguez Guido,Valencia,6.0,1,2026-09-25
mixto2,7,Umar Sadiq Sadiq,Valencia,,0,2026-09-25
mixto2,6,Umar Sadiq Sadiq,Valencia,,0,2026-09-25
mixto2,5,Umar Sadiq Sadiq,Valencia,,0,2026-09-25
mixto2,4,Umar Sadiq Sadiq,Valencia,,0,2026-09-25
mixto2,3,Umar Sadiq Sadiq,Valencia,9.0,1,2026-09-25
mixto2,1,Umar Sadiq Sadiq,Valencia,1.0,1,2026-09-25
mixto2,2,Umar Sadiq Sadiq,Valencia,2.0,1,2026-09-25
mixto2,7,Jesús Vázquez Jesús Vázquez,Valencia,0.0,1,2026-09-25
mixto2,6,Jesús Vázquez Jesús Vázquez,Valencia,2.0,1,2026-09-25
mixto2,5,Jesús Vázquez Jesús Vázquez,Valencia,3.0,1,2026-09-25
mixto2,4,Jesús Vázquez Jesús Vázquez,Valencia,0.0,1,2026-09-25
mixto2,3,Jesús Vázquez Jesús Vázquez,Valencia,0.0,1,2026-09-25
mixto2,1,Jesús Vázquez Jesús Vázquez,Valencia,3.0,1,2026-09-25
mixto2,2,Jesús Vázquez Jesús Vázquez,Valencia,3.0,1,2026-09-25
mixto2,7,César Tárrega Tárrega,Valencia,,0,2026-09-25
mixto2,6,César Tárrega Tárrega,Valencia,,0,2026-09-25
mixto2,5,César Tárrega Tárrega,Valencia,3.0,1,2026-09-25
mixto2,4,César Tárrega Tárrega,Valencia,1.0,1,2026-09-25
mixto2,3,César Tárrega Tárrega,Valencia,-2.0,1,2026-09-25
mixto2,1,César Tárrega Tárrega,Valencia,4.0,1,2026-09-25
mixto2,2,César Tárrega Tárrega,Valencia,6.0,1,2026-09-25
mixto2,7,Javi Guerra Javi Guerra,Valencia,0.0,1,2026-09-25
mixto2,6,Javi Guerra Javi Guerra,Valencia,5.0,1,2026-09-25
mixto2,5,Javi Guerra Javi Guerra,Valencia,3.0,1,2026-09-25
mixto2,4,Javi Guerra Javi Guerra,Valencia,-1.0,1,2026-09-25
mixto2,3,Javi Guerra Javi Guerra,Valencia,0.0,1,2026-09-25
mixto2,1,Javi Guerra Javi Guerra,Valencia,4.0,1,2026-09-25
mixto2,2,Javi Guerra Javi Guerra,Valencia,5.0,1,2026-09-25
mixto2,7,Filip Ugrinic Ugrinic,Valencia,0.0,1,2026-09-25
mixto2,6,Filip Ugrinic Ugrinic,Valencia,3.0,1,2026-09-25
mixto2,5,Filip Ugrinic Ugrinic,Valencia,3.0,1,2026-09-25
mixto2,4,Filip Ugrinic Ugrinic,Valencia,1.0,1,2026-09-25
mixto2,3,Filip Ugrinic Ugrinic,Valencia,3.0,1,2026-09-25
mixto2,1,Filip Ugrinic Ugrinic,Valencia,2.0,1,2026-09-25
mixto2,2,Filip Ugrinic Ugrinic,Valencia,4.0,1,2026-09-25
mixto2,7,David Otorbi Otorbi,Valencia,0.0,1,2026-09-25
mixto2,6,David Otorbi Otorbi,Valencia,3.0,1,2026-09-25
mixto2,5,David Otorbi Otorbi,Valencia,3.0,1,2026-09-25
mixto2,4,David Otorbi Otorbi,Valencia,2.0,1,2026-09-25
mixto2,3,David Otorbi Otorbi,Valencia,3.0,1,2026-09-25
mixto2,1,David Otorbi Otorbi,Valencia,2.0,1,2026-09-25
mixto2,2,David Otorbi Otorbi,Valencia,,0,2026-09-25
mixto2,7,Iker Córdoba Córdoba,Valencia,,0,2026-09-25
mixto2,6,Iker Córdoba Córdoba,Valencia,3.0,1,2026-09-25
mixto2,5,Iker Córdoba Córdoba,Valencia,2.0,1,2026-09-25
mixto2,4,Iker Córdoba Córdoba,Valencia,0.0,1,2026-09-25
mixto2,3,Iker Córdoba Córdoba,Valencia,,0,2026-09-25
mixto2,1,Iker Córdoba Córdoba,Valencia,,0,2026-09-25
mixto2,2,Iker Córdoba Córdoba,Valencia,,0,2026-09-25
mixto2,7,Raúl Jiménez Raúl Jiménez,Valencia,,0,2026-09-25
mixto2,6,Raúl Jiménez Raúl Jiménez,Valencia,,0,2026-09-25
mixto2,5,Raúl Jiménez Raúl Jiménez,Valencia,,0,2026-09-25
mixto2,4,Raúl Jiménez Raúl Jiménez,Valencia,,0,2026-09-25
mixto2,3,Raúl Jiménez Raúl Jiménez,Valencia,,0,2026-09-25
mixto2,1,Raúl Jiménez Raúl Jiménez,Valencia,,0,2026-09-25
mixto2,2,Raúl Jiménez Raúl Jiménez,Valencia,,0,2026-09-25
mixto2,7,Aliou Dieng Dieng,Valencia,,0,2026-09-25
mixto2,6,Aliou Dieng Dieng,Valencia,,0,2026-09-25
mixto2,5,Aliou Dieng Dieng,Valencia,3.0,1,2026-09-25
mixto2,4,Aliou Dieng Dieng,Valencia,4.0,1,2026-09-25
mixto2,3,Aliou Dieng Dieng,Valencia,3.0,1,2026-09-25
mixto2,1,Aliou Dieng Dieng,Valencia,1.0,1,2026-09-25
mixto2,2,Aliou Dieng Dieng,Valencia,2.0,1,2026-09-25
mixto2,7,Marcos Navarro Navarro,Valencia,,0,2026-09-25
mixto2,6,Marcos Navarro Navarro,Valencia,,0,2026-09-25
mixto2,5,Marcos Navarro Navarro,Valencia,,0,2026-09-25
mixto2,4,Marcos Navarro Navarro,Valencia,,0,2026-09-25
mixto2,3,Marcos Navarro Navarro,Valencia,,0,2026-09-25
mixto2,1,Marcos Navarro Navarro,Valencia,,0,2026-09-25
mixto2,2,Marcos Navarro Navarro,Valencia,,0,2026-09-25
mixto2,7,Justin de Haas De Haas,Valencia,0.0,1,2026-09-25
mixto2,6,Justin de Haas De Haas,Valencia,4.0,1,2026-09-25
mixto2,5,Justin de Haas De Haas,Valencia,,0,2026-09-25
mixto2,4,Justin de Haas De Haas,Valencia,,0,2026-09-25
mixto2,3,Justin de Haas De Haas,Valencia,,0,2026-09-25
mixto2,1,Justin de Haas De Haas,Valencia,,0,2026-09-25
mixto2,2,Justin de Haas De Haas,Valencia,3.0,1,2026-09-25
mixto2,7,Ryunosuke Sato Sato,Valencia,,0,2026-09-25
mixto2,6,Ryunosuke Sato Sato,Valencia,,0,2026-09-25
mixto2,5,Ryunosuke Sato Sato,Valencia,0.0,1,2026-09-25
mixto2,4,Ryunosuke Sato Sato,Valencia,2.0,1,2026-09-25
mixto2,3,Ryunosuke Sato Sato,Valencia,1.0,1,2026-09-25
mixto2,1,Ryunosuke Sato Sato,Valencia,4.0,1,2026-09-25
mixto2,2,Ryunosuke Sato Sato,Valencia,3.0,1,2026-09-25
mixto2,7,Jaume Durá Durá,Valencia,,0,2026-09-25
mixto2,6,Jaume Durá Durá,Valencia,,0,2026-09-25
mixto2,5,Jaume Durá Durá,Valencia,,0,2026-09-25
mixto2,4,Jaume Durá Durá,Valencia,,0,2026-09-25
mixto2,3,Jaume Durá Durá,Valencia,,0,2026-09-25
mixto2,1,Jaume Durá Durá,Valencia,,0,2026-09-25
mixto2,2,Jaume Durá Durá,Valencia,,0,2026-09-25
mixto2,7,Luis Rioja Rioja,Valencia,0.0,1,2026-09-25
mixto2,6,Luis Rioja Rioja,Valencia,11.0,1,2026-09-25
mixto2,5,Luis Rioja Rioja,Valencia,,0,2026-09-25
mixto2,4,Luis Rioja Rioja,Valencia,,0,2026-09-25
mixto2,3,Luis Rioja Rioja,Valencia,1.0,1,2026-09-25
mixto2,1,Luis Rioja Rioja,Valencia,4.0,1,2026-09-25
mixto2,2,Luis Rioja Rioja,Valencia,,0,2026-09-25
mixto2,7,Alejandro Panach Panach,Valencia,,0,2026-09-25
mixto2,6,Alejandro Panach Panach,Valencia,,0,2026-09-25
mixto2,5,Alejandro Panach Panach,Valencia,,0,2026-09-25
mixto2,4,Alejandro Panach Panach,Valencia,,0,2026-09-25
mixto2,3,Alejandro Panach Panach,Valencia,,0,2026-09-25
mixto2,1,Alejandro Panach Panach,Valencia,,0,2026-09-25
mixto2,2,Alejandro Panach Panach,Valencia,,0,2026-09-25
mixto2,7,Rubi Muñoz Rubi,Valencia,,0,2026-09-25
mixto2,6,Rubi Muñoz Rubi,Valencia,,0,2026-09-25
mixto2,5,Rubi Muñoz Rubi,Valencia,,0,2026-09-25
mixto2,4,Rubi Muñoz Rubi,Valencia,,0,2026-09-25
mixto2,3,Rubi Muñoz Rubi,Valencia,,0,2026-09-25
mixto2,1,Rubi Muñoz Rubi,Valencia,,0,2026-09-25
mixto2,2,Rubi Muñoz Rubi,Valencia,,0,2026-09-25
mixto2,7,Kayne van Oevelen Van Oevelen,Valencia,,0,2026-09-25
mixto2,6,Kayne van Oevelen Van Oevelen,Valencia,,0,2026-09-25
mixto2,5,Kayne van Oevelen Van Oevelen,Valencia,,0,2026-09-25
mixto2,4,Kayne van Oevelen Van Oevelen,Valencia,,0,2026-09-25
mixto2,3,Kayne van Oevelen Van Oevelen,Valencia,,0,2026-09-25
mixto2,1,Kayne van Oevelen Van Oevelen,Valencia,,0,2026-09-25
mixto2,7,Dimitri Foulquier Foulquier,Valencia,,0,2026-09-25
mixto2,6,Dimitri Foulquier Foulquier,Valencia,,0,2026-09-25
mixto2,5,Dimitri Foulquier Foulquier,Valencia,,0,2026-09-25
mixto2,4,Dimitri Foulquier Foulquier,Valencia,,0,2026-09-25
mixto2,3,Dimitri Foulquier Foulquier,Valencia,,0,2026-09-25
mixto2,1,Dimitri Foulquier Foulquier,Valencia,,0,2026-09-25
mixto2,2,Dimitri Foulquier Foulquier,Valencia,,0,2026-09-25
mixto2,7,Arnau Martínez Arnau,Valencia,,0,2026-09-25
mixto2,6,Arnau Martínez Arnau,Valencia,2.0,1,2026-09-25
mixto2,5,Arnau Martínez Arnau,Valencia,3.0,1,2026-09-25
mixto2,4,Arnau Martínez Arnau,Valencia,0.0,1,2026-09-25
mixto2,3,Arnau Martínez Arnau,Valencia,2.0,1,2026-09-25
mixto2,7,Aaron Ndive Mayol Mayol,Valencia,0.0,1,2026-09-25
mixto2,6,Aaron Ndive Mayol Mayol,Valencia,5.0,1,2026-09-25
mixto2,5,Aaron Ndive Mayol Mayol,Valencia,,0,2026-09-25
mixto2,4,Aaron Ndive Mayol Mayol,Valencia,,0,2026-09-25
mixto2,3,Aaron Ndive Mayol Mayol,Valencia,,0,2026-09-25
mixto2,1,Aaron Ndive Mayol Mayol,Valencia,,0,2026-09-25
mixto2,2,Aaron Ndive Mayol Mayol,Valencia,,0,2026-09-25
mixto2,7,Harvey Elliott Elliott,Valencia,0.0,1,2026-09-25
mixto2,6,Harvey Elliott Elliott,Valencia,,0,2026-09-25
mixto2,5,Harvey Elliott Elliott,Valencia,2.0,1,2026-09-25
mixto2,4,Harvey Elliott Elliott,Valencia,3.0,1,2026-09-25
mixto2,7,Aimar Blázquez Blázquez,Valencia,0.0,1,2026-09-25
mixto2,6,Aimar Blázquez Blázquez,Valencia,,0,2026-09-25
mixto2,5,Aimar Blázquez Blázquez,Valencia,,0,2026-09-25
mixto2,4,Aimar Blázquez Blázquez,Valencia,,0,2026-09-25
mixto2,3,Aimar Blázquez Blázquez,Valencia,,0,2026-09-25
mixto2,1,Aimar Blázquez Blázquez,Valencia,,0,2026-09-25
mixto2,2,Aimar Blázquez Blázquez,Valencia,,0,2026-09-25
mixto2,7,Rodrigo Gamón Gamón,Valencia,,0,2026-09-25
mixto2,6,Rodrigo Gamón Gamón,Valencia,,0,2026-09-25
mixto2,5,Rodrigo Gamón Gamón,Valencia,,0,2026-09-25
mixto2,4,Rodrigo Gamón Gamón,Valencia,,0,2026-09-25
mixto2,3,Rodrigo Gamón Gamón,Valencia,,0,2026-09-25
mixto2,1,Rodrigo Gamón Gamón,Valencia,,0,2026-09-25
mixto2,2,Rodrigo Gamón Gamón,Valencia,,0,2026-09-25
mixto2,7,Pedro Bigas Bigas,Elche,3.0,1,2026-09-25
mixto2,6,Pedro Bigas Bigas,Elche,,0,2026-09-25
mixto2,5,Pedro Bigas Bigas,Elche,,0,2026-09-25
mixto2,4,Pedro Bigas Bigas,Elche,-1.0,1,2026-09-25
mixto2,3,Pedro Bigas Bigas,Elche,2.0,1,2026-09-25
mixto2,2,Pedro Bigas Bigas,Elche,2.0,1,2026-09-25
mixto2,1,Pedro Bigas Bigas,Elche,,0,2026-09-25
mixto2,7,Josan Ferrández Josan,Elche,,0,2026-09-25
mixto2,6,Josan Ferrández Josan,Elche,2.0,1,2026-09-25
mixto2,5,Josan Ferrández Josan,Elche,,0,2026-09-25
mixto2,4,Josan Ferrández Josan,Elche,3.0,1,2026-09-25
mixto2,3,Josan Ferrández Josan,Elche,3.0,1,2026-09-25
mixto2,2,Josan Ferrández Josan,Elche,,0,2026-09-25
mixto2,1,Josan Ferrández Josan,Elche,,0,2026-09-25
mixto2,7,Ezequiel Ponce Ponce,Elche,,0,2026-09-25
mixto2,6,Ezequiel Ponce Ponce,Elche,,0,2026-09-25
mixto2,5,Ezequiel Ponce Ponce,Elche,,0,2026-09-25
mixto2,4,Ezequiel Ponce Ponce,Elche,2.0,1,2026-09-25
mixto2,3,Ezequiel Ponce Ponce,Elche,3.0,1,2026-09-25
mixto2,2,Ezequiel Ponce Ponce,Elche,3.0,1,2026-09-25
mixto2,1,Ezequiel Ponce Ponce,Elche,,0,2026-09-25
mixto2,7,Gonzalo Villar Villar,Elche,5.0,1,2026-09-25
mixto2,6,Gonzalo Villar Villar,Elche,4.0,1,2026-09-25
mixto2,5,Gonzalo Villar Villar,Elche,4.0,1,2026-09-25
mixto2,4,Gonzalo Villar Villar,Elche,3.0,1,2026-09-25
mixto2,3,Gonzalo Villar Villar,Elche,5.0,1,2026-09-25
mixto2,2,Gonzalo Villar Villar,Elche,3.0,1,2026-09-25
mixto2,1,Gonzalo Villar Villar,Elche,5.0,1,2026-09-25
mixto2,7,Tete Morente Tete Morente,Elche,3.0,1,2026-09-25
mixto2,6,Tete Morente Tete Morente,Elche,4.0,1,2026-09-25
mixto2,5,Tete Morente Tete Morente,Elche,3.0,1,2026-09-25
mixto2,4,Tete Morente Tete Morente,Elche,2.0,1,2026-09-25
mixto2,3,Tete Morente Tete Morente,Elche,6.0,1,2026-09-25
mixto2,2,Tete Morente Tete Morente,Elche,2.0,1,2026-09-25
mixto2,1,Tete Morente Tete Morente,Elche,3.0,1,2026-09-25
mixto2,7,Fernando Niño Fer Niño,Elche,16.0,1,2026-09-25
mixto2,6,Fernando Niño Fer Niño,Elche,10.0,1,2026-09-25
mixto2,5,Fernando Niño Fer Niño,Elche,2.0,1,2026-09-25
mixto2,4,Fernando Niño Fer Niño,Elche,8.0,1,2026-09-25
mixto2,3,Fernando Niño Fer Niño,Elche,10.0,1,2026-09-25
mixto2,2,Fernando Niño Fer Niño,Elche,2.0,1,2026-09-25
mixto2,1,Fernando Niño Fer Niño,Elche,2.0,1,2026-09-25
mixto2,7,Germán Valera Valera,Elche,14.0,1,2026-09-25
mixto2,6,Germán Valera Valera,Elche,3.0,1,2026-09-25
mixto2,5,Germán Valera Valera,Elche,4.0,1,2026-09-25
mixto2,4,Germán Valera Valera,Elche,4.0,1,2026-09-25
mixto2,3,Germán Valera Valera,Elche,1.0,1,2026-09-25
mixto2,2,Germán Valera Valera,Elche,1.0,1,2026-09-25
mixto2,1,Germán Valera Valera,Elche,6.0,1,2026-09-25
mixto2,7,Víctor Chust Chust,Elche,1.0,1,2026-09-25
mixto2,6,Víctor Chust Chust,Elche,2.0,1,2026-09-25
mixto2,5,Víctor Chust Chust,Elche,4.0,1,2026-09-25
mixto2,4,Víctor Chust Chust,Elche,2.0,1,2026-09-25
mixto2,3,Víctor Chust Chust,Elche,4.0,1,2026-09-25
mixto2,2,Víctor Chust Chust,Elche,-1.0,1,2026-09-25
mixto2,1,Víctor Chust Chust,Elche,5.0,1,2026-09-25
mixto2,7,David Affengruber Affengruber,Elche,3.0,1,2026-09-25
mixto2,6,David Affengruber Affengruber,Elche,-2.0,1,2026-09-25
mixto2,5,David Affengruber Affengruber,Elche,4.0,1,2026-09-25
mixto2,7,Matías Dituro Dituro,Elche,5.0,1,2026-09-25
mixto2,6,Matías Dituro Dituro,Elche,2.0,1,2026-09-25
mixto2,5,Matías Dituro Dituro,Elche,5.0,1,2026-09-25
mixto2,4,Matías Dituro Dituro,Elche,-2.0,1,2026-09-25
mixto2,3,Matías Dituro Dituro,Elche,0.0,1,2026-09-25
mixto2,2,Matías Dituro Dituro,Elche,0.0,1,2026-09-25
mixto2,1,Matías Dituro Dituro,Elche,2.0,1,2026-09-25
mixto2,7,Alejandro Iturbe Iturbe,Elche,,0,2026-09-25
mixto2,6,Alejandro Iturbe Iturbe,Elche,,0,2026-09-25
mixto2,5,Alejandro Iturbe Iturbe,Elche,,0,2026-09-25
mixto2,4,Alejandro Iturbe Iturbe,Elche,,0,2026-09-25
mixto2,3,Alejandro Iturbe Iturbe,Elche,,0,2026-09-25
mixto2,2,Alejandro Iturbe Iturbe,Elche,,0,2026-09-25
mixto2,1,Alejandro Iturbe Iturbe,Elche,,0,2026-09-25
mixto2,7,Marc Aguado Aguado,Elche,,0,2026-09-25
mixto2,6,Marc Aguado Aguado,Elche,3.0,1,2026-09-25
mixto2,5,Marc Aguado Aguado,Elche,,0,2026-09-25
mixto2,4,Marc Aguado Aguado,Elche,,0,2026-09-25
mixto2,3,Marc Aguado Aguado,Elche,0.0,1,2026-09-25
mixto2,2,Marc Aguado Aguado,Elche,1.0,1,2026-09-25
mixto2,1,Marc Aguado Aguado,Elche,13.0,1,2026-09-25
mixto2,7,Facundo Buonanotte Buonanotte,Elche,,0,2026-09-25
mixto2,6,Facundo Buonanotte Buonanotte,Elche,,0,2026-09-25
mixto2,5,Facundo Buonanotte Buonanotte,Elche,9.0,1,2026-09-25
mixto2,4,Facundo Buonanotte Buonanotte,Elche,3.0,1,2026-09-25
mixto2,3,Facundo Buonanotte Buonanotte,Elche,2.0,1,2026-09-25
mixto2,2,Facundo Buonanotte Buonanotte,Elche,3.0,1,2026-09-25
mixto2,1,Facundo Buonanotte Buonanotte,Elche,,0,2026-09-25
mixto2,7,Buba Sangaré Sangaré,Elche,3.0,1,2026-09-25
mixto2,6,Buba Sangaré Sangaré,Elche,3.0,1,2026-09-25
mixto2,5,Buba Sangaré Sangaré,Elche,3.0,1,2026-09-25
mixto2,4,Buba Sangaré Sangaré,Elche,1.0,1,2026-09-25
mixto2,3,Buba Sangaré Sangaré,Elche,8.0,1,2026-09-25
mixto2,2,Buba Sangaré Sangaré,Elche,-1.0,1,2026-09-25
mixto2,1,Buba Sangaré Sangaré,Elche,2.0,1,2026-09-25
mixto2,7,Nordin Al Lal Al Lal,Elche,,0,2026-09-25
mixto2,6,Nordin Al Lal Al Lal,Elche,,0,2026-09-25
mixto2,5,Nordin Al Lal Al Lal,Elche,,0,2026-09-25
mixto2,4,Nordin Al Lal Al Lal,Elche,,0,2026-09-25
mixto2,7,Martim Neto Martim Neto,Elche,,0,2026-09-25
mixto2,6,Martim Neto Martim Neto,Elche,1.0,1,2026-09-25
mixto2,5,Martim Neto Martim Neto,Elche,3.0,1,2026-09-25
mixto2,4,Martim Neto Martim Neto,Elche,,0,2026-09-25
mixto2,3,Martim Neto Martim Neto,Elche,,0,2026-09-25
mixto2,2,Martim Neto Martim Neto,Elche,2.0,1,2026-09-25
mixto2,1,Martim Neto Martim Neto,Elche,2.0,1,2026-09-25
mixto2,7,Matia Barzic Barzic,Elche,4.0,1,2026-09-25
mixto2,6,Matia Barzic Barzic,Elche,,0,2026-09-25
mixto2,5,Matia Barzic Barzic,Elche,,0,2026-09-25
mixto2,4,Matia Barzic Barzic,Elche,,0,2026-09-25
mixto2,3,Matia Barzic Barzic,Elche,,0,2026-09-25
mixto2,2,Matia Barzic Barzic,Elche,,0,2026-09-25
mixto2,1,Matia Barzic Barzic,Elche,,0,2026-09-25
mixto2,7,Ali Houary Ali Houary,Elche,,0,2026-09-25
mixto2,6,Ali Houary Ali Houary,Elche,,0,2026-09-25
mixto2,5,Ali Houary Ali Houary,Elche,,0,2026-09-25
mixto2,4,Ali Houary Ali Houary,Elche,,0,2026-09-25
mixto2,3,Ali Houary Ali Houary,Elche,1.0,1,2026-09-25
mixto2,2,Ali Houary Ali Houary,Elche,0.0,1,2026-09-25
mixto2,1,Ali Houary Ali Houary,Elche,3.0,1,2026-09-25
mixto2,7,Federico Redondo Redondo,Elche,-9.0,1,2026-09-25
mixto2,6,Federico Redondo Redondo,Elche,4.0,1,2026-09-25
mixto2,5,Federico Redondo Redondo,Elche,5.0,1,2026-09-25
mixto2,4,Federico Redondo Redondo,Elche,,0,2026-09-25
mixto2,3,Federico Redondo Redondo,Elche,,0,2026-09-25
mixto2,2,Federico Redondo Redondo,Elche,-1.0,1,2026-09-25
mixto2,1,Federico Redondo Redondo,Elche,3.0,1,2026-09-25
mixto2,7,Lucas Cepeda Cepeda,Elche,5.0,1,2026-09-25
mixto2,6,Lucas Cepeda Cepeda,Elche,6.0,1,2026-09-25
mixto2,5,Lucas Cepeda Cepeda,Elche,2.0,1,2026-09-25
mixto2,4,Lucas Cepeda Cepeda,Elche,4.0,1,2026-09-25
mixto2,3,Lucas Cepeda Cepeda,Elche,2.0,1,2026-09-25
mixto2,2,Lucas Cepeda Cepeda,Elche,3.0,1,2026-09-25
mixto2,1,Lucas Cepeda Cepeda,Elche,2.0,1,2026-09-25
mixto2,7,Javi Morcillo Morcillo,Elche,6.0,1,2026-09-25
mixto2,6,Javi Morcillo Morcillo,Elche,,0,2026-09-25
mixto2,5,Javi Morcillo Morcillo,Elche,3.0,1,2026-09-25
mixto2,4,Javi Morcillo Morcillo,Elche,2.0,1,2026-09-25
mixto2,3,Javi Morcillo Morcillo,Elche,2.0,1,2026-09-25
mixto2,2,Javi Morcillo Morcillo,Elche,,0,2026-09-25
mixto2,1,Javi Morcillo Morcillo,Elche,3.0,1,2026-09-25
mixto2,7,Álvaro Padilla Padilla,Elche,,0,2026-09-25
mixto2,6,Álvaro Padilla Padilla,Elche,,0,2026-09-25
mixto2,5,Álvaro Padilla Padilla,Elche,,0,2026-09-25
mixto2,4,Álvaro Padilla Padilla,Elche,,0,2026-09-25
mixto2,3,Álvaro Padilla Padilla,Elche,,0,2026-09-25
mixto2,2,Álvaro Padilla Padilla,Elche,,0,2026-09-25
mixto2,1,Álvaro Padilla Padilla,Elche,2.0,1,2026-09-25
mixto2,7,Umaru Konaré Umaru,Elche,,0,2026-09-25
mixto2,6,Umaru Konaré Umaru,Elche,,0,2026-09-25
mixto2,5,Umaru Konaré Umaru,Elche,2.0,1,2026-09-25
mixto2,7,Grady Diangana Diangana,Elche,,0,2026-09-25
mixto2,6,Grady Diangana Diangana,Elche,,0,2026-09-25
mixto2,5,Grady Diangana Diangana,Elche,,0,2026-09-25
mixto2,4,Grady Diangana Diangana,Elche,,0,2026-09-25
mixto2,3,Grady Diangana Diangana,Elche,,0,2026-09-25
mixto2,2,Grady Diangana Diangana,Elche,,0,2026-09-25
mixto2,1,Grady Diangana Diangana,Elche,,0,2026-09-25
mixto2,7,Abiel Osorio Osorio,Elche,3.0,1,2026-09-25
mixto2,6,Abiel Osorio Osorio,Elche,10.0,1,2026-09-25
mixto2,5,Abiel Osorio Osorio,Elche,2.0,1,2026-09-25
mixto2,4,Abiel Osorio Osorio,Elche,2.0,1,2026-09-25
mixto2,3,Abiel Osorio Osorio,Elche,,0,2026-09-25
mixto2,2,Abiel Osorio Osorio,Elche,,0,2026-09-25
mixto2,1,Abiel Osorio Osorio,Elche,,0,2026-09-25
mixto2,7,Thomas Lemar Lemar,Elche,6.0,1,2026-09-25
mixto2,6,Thomas Lemar Lemar,Elche,6.0,1,2026-09-25
mixto2,5,Thomas Lemar Lemar,Elche,2.0,1,2026-09-25
mixto2,4,Thomas Lemar Lemar,Elche,11.0,1,2026-09-25
mixto2,3,Thomas Lemar Lemar,Elche,,0,2026-09-25
mixto2,2,Thomas Lemar Lemar,Elche,,0,2026-09-25
mixto2,1,Thomas Lemar Lemar,Elche,,0,2026-09-25
mixto2,7,Rubén Sánchez Rubén Sánchez,Elche,6.0,1,2026-09-25
mixto2,6,Rubén Sánchez Rubén Sánchez,Elche,3.0,1,2026-09-25
mixto2,5,Rubén Sánchez Rubén Sánchez,Elche,1.0,1,2026-09-25
mixto2,4,Rubén Sánchez Rubén Sánchez,Elche,,0,2026-09-25
mixto2,3,Rubén Sánchez Rubén Sánchez,Elche,,0,2026-09-25
mixto2,2,Rubén Sánchez Rubén Sánchez,Elche,,0,2026-09-25
mixto2,1,Rubén Sánchez Rubén Sánchez,Elche,,0,2026-09-25
mixto2,7,Roy Revivo Revivo,Elche,6.0,1,2026-09-25
mixto2,6,Roy Revivo Revivo,Elche,1.0,1,2026-09-25
mixto2,5,Roy Revivo Revivo,Elche,3.0,1,2026-09-25
mixto2,4,Roy Revivo Revivo,Elche,1.0,1,2026-09-25
mixto2,7,Gerard Moreno Gerard,Villarreal,2.0,1,2026-09-25
mixto2,6,Gerard Moreno Gerard,Villarreal,,0,2026-09-25
mixto2,5,Gerard Moreno Gerard,Villarreal,11.0,1,2026-09-25
mixto2,4,Gerard Moreno Gerard,Villarreal,7.0,1,2026-09-25
mixto2,3,Gerard Moreno Gerard,Villarreal,3.0,1,2026-09-25
mixto2,2,Gerard Moreno Gerard,Villarreal,8.0,1,2026-09-25
mixto2,1,Gerard Moreno Gerard,Villarreal,4.0,1,2026-09-25
mixto2,7,Péter Gulácsi Gulacsi,Villarreal,3.0,1,2026-09-25
mixto2,6,Péter Gulácsi Gulacsi,Villarreal,2.0,1,2026-09-25
mixto2,5,Péter Gulácsi Gulacsi,Villarreal,11.0,1,2026-09-25
mixto2,4,Péter Gulácsi Gulacsi,Villarreal,,0,2026-09-25
mixto2,3,Péter Gulácsi Gulacsi,Villarreal,,0,2026-09-25
mixto2,2,Péter Gulácsi Gulacsi,Villarreal,,0,2026-09-25
mixto2,1,Péter Gulácsi Gulacsi,Villarreal,,0,2026-09-25
mixto2,7,Ayoze Pérez Ayoze,Villarreal,9.0,1,2026-09-25
mixto2,6,Ayoze Pérez Ayoze,Villarreal,4.0,1,2026-09-25
mixto2,5,Ayoze Pérez Ayoze,Villarreal,2.0,1,2026-09-25
mixto2,4,Ayoze Pérez Ayoze,Villarreal,4.0,1,2026-09-25
mixto2,3,Ayoze Pérez Ayoze,Villarreal,3.0,1,2026-09-25
mixto2,2,Ayoze Pérez Ayoze,Villarreal,4.0,1,2026-09-25
mixto2,1,Ayoze Pérez Ayoze,Villarreal,3.0,1,2026-09-25
mixto2,7,Juan Foyth Foyth,Villarreal,,0,2026-09-25
mixto2,6,Juan Foyth Foyth,Villarreal,,0,2026-09-25
mixto2,5,Juan Foyth Foyth,Villarreal,,0,2026-09-25
mixto2,4,Juan Foyth Foyth,Villarreal,,0,2026-09-25
mixto2,3,Juan Foyth Foyth,Villarreal,5.0,1,2026-09-25
mixto2,2,Juan Foyth Foyth,Villarreal,4.0,1,2026-09-25
mixto2,1,Juan Foyth Foyth,Villarreal,4.0,1,2026-09-25
mixto2,7,Santi Comesaña Comesaña,Villarreal,,0,2026-09-25
mixto2,6,Santi Comesaña Comesaña,Villarreal,4.0,1,2026-09-25
mixto2,5,Santi Comesaña Comesaña,Villarreal,4.0,1,2026-09-25
mixto2,4,Santi Comesaña Comesaña,Villarreal,2.0,1,2026-09-25
mixto2,3,Santi Comesaña Comesaña,Villarreal,2.0,1,2026-09-25
mixto2,2,Santi Comesaña Comesaña,Villarreal,1.0,1,2026-09-25
mixto2,1,Santi Comesaña Comesaña,Villarreal,1.0,1,2026-09-25
mixto2,7,Nicolas Pépé Pépé,Villarreal,1.0,1,2026-09-25
mixto2,6,Nicolas Pépé Pépé,Villarreal,,0,2026-09-25
mixto2,5,Nicolas Pépé Pépé,Villarreal,4.0,1,2026-09-25
mixto2,4,Nicolas Pépé Pépé,Villarreal,11.0,1,2026-09-25
mixto2,3,Nicolas Pépé Pépé,Villarreal,5.0,1,2026-09-25
mixto2,2,Nicolas Pépé Pépé,Villarreal,5.0,1,2026-09-25
mixto2,1,Nicolas Pépé Pépé,Villarreal,11.0,1,2026-09-25
mixto2,7,Pape Gueye Pape Gueye,Villarreal,3.0,1,2026-09-25
mixto2,6,Pape Gueye Pape Gueye,Villarreal,16.0,1,2026-09-25
mixto2,5,Pape Gueye Pape Gueye,Villarreal,4.0,1,2026-09-25
mixto2,4,Pape Gueye Pape Gueye,Villarreal,4.0,1,2026-09-25
mixto2,3,Pape Gueye Pape Gueye,Villarreal,3.0,1,2026-09-25
mixto2,2,Pape Gueye Pape Gueye,Villarreal,6.0,1,2026-09-25
mixto2,1,Pape Gueye Pape Gueye,Villarreal,12.0,1,2026-09-25
mixto2,7,Ilias Akhomach Akhomach,Villarreal,9.0,1,2026-09-25
mixto2,6,Ilias Akhomach Akhomach,Villarreal,6.0,1,2026-09-25
mixto2,5,Ilias Akhomach Akhomach,Villarreal,,0,2026-09-25
mixto2,4,Ilias Akhomach Akhomach,Villarreal,1.0,1,2026-09-25
mixto2,3,Ilias Akhomach Akhomach,Villarreal,2.0,1,2026-09-25
mixto2,2,Ilias Akhomach Akhomach,Villarreal,2.0,1,2026-09-25
mixto2,1,Ilias Akhomach Akhomach,Villarreal,2.0,1,2026-09-25
mixto2,7,Sergi Cardona S. Cardona,Villarreal,4.0,1,2026-09-25
mixto2,6,Sergi Cardona S. Cardona,Villarreal,4.0,1,2026-09-25
mixto2,5,Sergi Cardona S. Cardona,Villarreal,,0,2026-09-25
mixto2,4,Sergi Cardona S. Cardona,Villarreal,-1.0,1,2026-09-25
mixto2,3,Sergi Cardona S. Cardona,Villarreal,,0,2026-09-25
mixto2,2,Sergi Cardona S. Cardona,Villarreal,,0,2026-09-25
mixto2,1,Sergi Cardona S. Cardona,Villarreal,,0,2026-09-25
mixto2,7,Alberto Moleiro Moleiro,Villarreal,15.0,1,2026-09-25
mixto2,6,Alberto Moleiro Moleiro,Villarreal,11.0,1,2026-09-25
mixto2,5,Alberto Moleiro Moleiro,Villarreal,3.0,1,2026-09-25
mixto2,4,Alberto Moleiro Moleiro,Villarreal,5.0,1,2026-09-25
mixto2,3,Alberto Moleiro Moleiro,Villarreal,3.0,1,2026-09-25
mixto2,2,Alberto Moleiro Moleiro,Villarreal,4.0,1,2026-09-25
mixto2,1,Alberto Moleiro Moleiro,Villarreal,3.0,1,2026-09-25
mixto2,7,Renato Veiga Veiga,Villarreal,7.0,1,2026-09-25
mixto2,6,Renato Veiga Veiga,Villarreal,4.0,1,2026-09-25
mixto2,5,Renato Veiga Veiga,Villarreal,8.0,1,2026-09-25
mixto2,4,Renato Veiga Veiga,Villarreal,2.0,1,2026-09-25
mixto2,3,Renato Veiga Veiga,Villarreal,3.0,1,2026-09-25
mixto2,2,Renato Veiga Veiga,Villarreal,3.0,1,2026-09-25
mixto2,1,Renato Veiga Veiga,Villarreal,5.0,1,2026-09-25
mixto2,7,Tajon Buchanan Buchanan,Villarreal,3.0,1,2026-09-25
mixto2,6,Tajon Buchanan Buchanan,Villarreal,5.0,1,2026-09-25
mixto2,5,Tajon Buchanan Buchanan,Villarreal,3.0,1,2026-09-25
mixto2,4,Tajon Buchanan Buchanan,Villarreal,3.0,1,2026-09-25
mixto2,3,Tajon Buchanan Buchanan,Villarreal,3.0,1,2026-09-25
mixto2,2,Tajon Buchanan Buchanan,Villarreal,6.0,1,2026-09-25
mixto2,1,Tajon Buchanan Buchanan,Villarreal,2.0,1,2026-09-25
mixto2,7,Carlos Romero Romero,Villarreal,,0,2026-09-25
mixto2,6,Carlos Romero Romero,Villarreal,2.0,1,2026-09-25
mixto2,5,Carlos Romero Romero,Villarreal,2.0,1,2026-09-25
mixto2,4,Carlos Romero Romero,Villarreal,,0,2026-09-25
mixto2,3,Carlos Romero Romero,Villarreal,3.0,1,2026-09-25
mixto2,2,Carlos Romero Romero,Villarreal,1.0,1,2026-09-25
mixto2,1,Carlos Romero Romero,Villarreal,5.0,1,2026-09-25
mixto2,7,Santiago Mouriño Mouriño,Villarreal,2.0,1,2026-09-25
mixto2,6,Santiago Mouriño Mouriño,Villarreal,3.0,1,2026-09-25
mixto2,5,Santiago Mouriño Mouriño,Villarreal,1.0,1,2026-09-25
mixto2,4,Santiago Mouriño Mouriño,Villarreal,,0,2026-09-25
mixto2,3,Santiago Mouriño Mouriño,Villarreal,3.0,1,2026-09-25
mixto2,2,Santiago Mouriño Mouriño,Villarreal,3.0,1,2026-09-25
mixto2,1,Santiago Mouriño Mouriño,Villarreal,3.0,1,2026-09-25
mixto2,7,Georges Mikautadze Mikautadze,Villarreal,8.0,1,2026-09-25
mixto2,6,Georges Mikautadze Mikautadze,Villarreal,2.0,1,2026-09-25
mixto2,5,Georges Mikautadze Mikautadze,Villarreal,2.0,1,2026-09-25
mixto2,4,Georges Mikautadze Mikautadze,Villarreal,3.0,1,2026-09-25
mixto2,3,Georges Mikautadze Mikautadze,Villarreal,3.0,1,2026-09-25
mixto2,2,Georges Mikautadze Mikautadze,Villarreal,9.0,1,2026-09-25
mixto2,1,Georges Mikautadze Mikautadze,Villarreal,3.0,1,2026-09-25
mixto2,7,Logan Costa Logan Costa,Villarreal,,0,2026-09-25
mixto2,6,Logan Costa Logan Costa,Villarreal,,0,2026-09-25
mixto2,5,Logan Costa Logan Costa,Villarreal,,0,2026-09-25
mixto2,4,Logan Costa Logan Costa,Villarreal,3.0,1,2026-09-25
mixto2,3,Logan Costa Logan Costa,Villarreal,,0,2026-09-25
mixto2,2,Logan Costa Logan Costa,Villarreal,,0,2026-09-25
mixto2,1,Logan Costa Logan Costa,Villarreal,,0,2026-09-25
mixto2,7,Willy Kambwala Kambwala,Villarreal,,0,2026-09-25
mixto2,6,Willy Kambwala Kambwala,Villarreal,,0,2026-09-25
mixto2,7,Pau Navarro Pau Navarro,Villarreal,3.0,1,2026-09-25
mixto2,6,Pau Navarro Pau Navarro,Villarreal,3.0,1,2026-09-25
mixto2,5,Pau Navarro Pau Navarro,Villarreal,5.0,1,2026-09-25
mixto2,4,Pau Navarro Pau Navarro,Villarreal,,0,2026-09-25
mixto2,3,Pau Navarro Pau Navarro,Villarreal,,0,2026-09-25
mixto2,2,Pau Navarro Pau Navarro,Villarreal,,0,2026-09-25
mixto2,1,Pau Navarro Pau Navarro,Villarreal,,0,2026-09-25
mixto2,7,Tani Oluwaseyi Oluwaseyi,Villarreal,,0,2026-09-25
mixto2,6,Tani Oluwaseyi Oluwaseyi,Villarreal,,0,2026-09-25
mixto2,5,Tani Oluwaseyi Oluwaseyi,Villarreal,2.0,1,2026-09-25
mixto2,4,Tani Oluwaseyi Oluwaseyi,Villarreal,2.0,1,2026-09-25
mixto2,3,Tani Oluwaseyi Oluwaseyi,Villarreal,2.0,1,2026-09-25
mixto2,2,Tani Oluwaseyi Oluwaseyi,Villarreal,2.0,1,2026-09-25
mixto2,1,Tani Oluwaseyi Oluwaseyi,Villarreal,,0,2026-09-25
mixto2,7,Luiz Junior Luiz Junior,Villarreal,,0,2026-09-25
mixto2,6,Luiz Junior Luiz Junior,Villarreal,,0,2026-09-25
mixto2,5,Luiz Junior Luiz Junior,Villarreal,,0,2026-09-25
mixto2,4,Luiz Junior Luiz Junior,Villarreal,-2.0,1,2026-09-25
mixto2,3,Luiz Junior Luiz Junior,Villarreal,4.0,1,2026-09-25
mixto2,2,Luiz Junior Luiz Junior,Villarreal,0.0,1,2026-09-25
mixto2,1,Luiz Junior Luiz Junior,Villarreal,-1.0,1,2026-09-25
mixto2,7,Carlos Macià Carlos Macià,Villarreal,2.0,1,2026-09-25
mixto2,6,Carlos Macià Carlos Macià,Villarreal,4.0,1,2026-09-25
mixto2,5,Carlos Macià Carlos Macià,Villarreal,,0,2026-09-25
mixto2,4,Carlos Macià Carlos Macià,Villarreal,,0,2026-09-25
mixto2,3,Carlos Macià Carlos Macià,Villarreal,,0,2026-09-25
mixto2,2,Carlos Macià Carlos Macià,Villarreal,2.0,1,2026-09-25
mixto2,1,Carlos Macià Carlos Macià,Villarreal,3.0,1,2026-09-25
mixto2,7,Alex Freeman Freeman,Villarreal,5.0,1,2026-09-25
mixto2,6,Alex Freeman Freeman,Villarreal,7.0,1,2026-09-25
mixto2,5,Alex Freeman Freeman,Villarreal,2.0,1,2026-09-25
mixto2,4,Alex Freeman Freeman,Villarreal,3.0,1,2026-09-25
mixto2,3,Alex Freeman Freeman,Villarreal,4.0,1,2026-09-25
mixto2,2,Alex Freeman Freeman,Villarreal,,0,2026-09-25
mixto2,1,Alex Freeman Freeman,Villarreal,1.0,1,2026-09-25
mixto2,7,Cheikh Thiam Thiam,Villarreal,,0,2026-09-25
mixto2,6,Cheikh Thiam Thiam,Villarreal,,0,2026-09-25
mixto2,5,Cheikh Thiam Thiam,Villarreal,,0,2026-09-25
mixto2,4,Cheikh Thiam Thiam,Villarreal,,0,2026-09-25
mixto2,3,Cheikh Thiam Thiam,Villarreal,,0,2026-09-25
mixto2,2,Cheikh Thiam Thiam,Villarreal,,0,2026-09-25
mixto2,1,Cheikh Thiam Thiam,Villarreal,,0,2026-09-25
mixto2,7,Rubén Gómez Rubén Gómez,Villarreal,,0,2026-09-25
mixto2,6,Rubén Gómez Rubén Gómez,Villarreal,,0,2026-09-25
mixto2,5,Rubén Gómez Rubén Gómez,Villarreal,,0,2026-09-25
mixto2,4,Rubén Gómez Rubén Gómez,Villarreal,,0,2026-09-25
mixto2,3,Rubén Gómez Rubén Gómez,Villarreal,,0,2026-09-25
mixto2,2,Rubén Gómez Rubén Gómez,Villarreal,,0,2026-09-25
mixto2,1,Rubén Gómez Rubén Gómez,Villarreal,,0,2026-09-25
mixto2,7,Nizar El Jmili Nizar,Villarreal,,0,2026-09-25
mixto2,6,Nizar El Jmili Nizar,Villarreal,,0,2026-09-25
mixto2,5,Nizar El Jmili Nizar,Villarreal,,0,2026-09-25
mixto2,4,Nizar El Jmili Nizar,Villarreal,,0,2026-09-25
mixto2,3,Nizar El Jmili Nizar,Villarreal,,0,2026-09-25
mixto2,2,Nizar El Jmili Nizar,Villarreal,,0,2026-09-25
mixto2,1,Nizar El Jmili Nizar,Villarreal,,0,2026-09-25
mixto2,7,Alassane Diatta Diatta,Villarreal,,0,2026-09-25
mixto2,6,Alassane Diatta Diatta,Villarreal,,0,2026-09-25
mixto2,5,Alassane Diatta Diatta,Villarreal,,0,2026-09-25
mixto2,4,Alassane Diatta Diatta,Villarreal,,0,2026-09-25
mixto2,3,Alassane Diatta Diatta,Villarreal,,0,2026-09-25
mixto2,2,Alassane Diatta Diatta,Villarreal,,0,2026-09-25
mixto2,1,Alassane Diatta Diatta,Villarreal,,0,2026-09-25
mixto2,7,Nathan-Dylan Saliba Saliba,Villarreal,3.0,1,2026-09-25
mixto2,6,Nathan-Dylan Saliba Saliba,Villarreal,4.0,1,2026-09-25
mixto2,5,Nathan-Dylan Saliba Saliba,Villarreal,2.0,1,2026-09-25
mixto2,4,Nathan-Dylan Saliba Saliba,Villarreal,6.0,1,2026-09-25
mixto2,3,Nathan-Dylan Saliba Saliba,Villarreal,,0,2026-09-25
mixto2,7,Jonny Castro Jonny,Alavés,4.0,1,2026-09-25
mixto2,6,Jonny Castro Jonny,Alavés,,0,2026-09-25
mixto2,5,Jonny Castro Jonny,Alavés,4.0,1,2026-09-25
mixto2,4,Jonny Castro Jonny,Alavés,2.0,1,2026-09-25
mixto2,3,Jonny Castro Jonny,Alavés,6.0,1,2026-09-25
mixto2,2,Jonny Castro Jonny,Alavés,3.0,1,2026-09-25
mixto2,1,Jonny Castro Jonny,Alavés,4.0,1,2026-09-25
mixto2,7,Antonio Sivera Sivera,Alavés,11.0,1,2026-09-25
mixto2,6,Antonio Sivera Sivera,Alavés,4.0,1,2026-09-25
mixto2,5,Antonio Sivera Sivera,Alavés,5.0,1,2026-09-25
mixto2,4,Antonio Sivera Sivera,Alavés,7.0,1,2026-09-25
mixto2,3,Antonio Sivera Sivera,Alavés,8.0,1,2026-09-25
mixto2,2,Antonio Sivera Sivera,Alavés,4.0,1,2026-09-25
mixto2,1,Antonio Sivera Sivera,Alavés,4.0,1,2026-09-25
mixto2,7,Denis Suárez Denis Suárez,Alavés,,0,2026-09-25
mixto2,6,Denis Suárez Denis Suárez,Alavés,4.0,1,2026-09-25
mixto2,5,Denis Suárez Denis Suárez,Alavés,3.0,1,2026-09-25
mixto2,4,Denis Suárez Denis Suárez,Alavés,3.0,1,2026-09-25
mixto2,3,Denis Suárez Denis Suárez,Alavés,3.0,1,2026-09-25
mixto2,2,Denis Suárez Denis Suárez,Alavés,4.0,1,2026-09-25
mixto2,1,Denis Suárez Denis Suárez,Alavés,3.0,1,2026-09-25
mixto2,7,Carles Aleñá Aleñá,Alavés,3.0,1,2026-09-25
mixto2,6,Carles Aleñá Aleñá,Alavés,2.0,1,2026-09-25
mixto2,5,Carles Aleñá Aleñá,Alavés,2.0,1,2026-09-25
mixto2,4,Carles Aleñá Aleñá,Alavés,3.0,1,2026-09-25
mixto2,3,Carles Aleñá Aleñá,Alavés,,0,2026-09-25
mixto2,2,Carles Aleñá Aleñá,Alavés,2.0,1,2026-09-25
mixto2,1,Carles Aleñá Aleñá,Alavés,0.0,1,2026-09-25
mixto2,7,Mariano Díaz Mariano,Alavés,2.0,1,2026-09-25
mixto2,6,Mariano Díaz Mariano,Alavés,4.0,1,2026-09-25
mixto2,5,Mariano Díaz Mariano,Alavés,2.0,1,2026-09-25
mixto2,4,Mariano Díaz Mariano,Alavés,11.0,1,2026-09-25
mixto2,3,Mariano Díaz Mariano,Alavés,3.0,1,2026-09-25
mixto2,2,Mariano Díaz Mariano,Alavés,10.0,1,2026-09-25
mixto2,1,Mariano Díaz Mariano,Alavés,14.0,1,2026-09-25
mixto2,7,Ander Guevara Guevara,Alavés,4.0,1,2026-09-25
mixto2,6,Ander Guevara Guevara,Alavés,3.0,1,2026-09-25
mixto2,5,Ander Guevara Guevara,Alavés,,0,2026-09-25
mixto2,4,Ander Guevara Guevara,Alavés,,0,2026-09-25
mixto2,3,Ander Guevara Guevara,Alavés,,0,2026-09-25
mixto2,2,Ander Guevara Guevara,Alavés,,0,2026-09-25
mixto2,1,Ander Guevara Guevara,Alavés,0.0,1,2026-09-25
mixto2,7,Toni Martinez Toni Martinez,Alavés,2.0,1,2026-09-25
mixto2,6,Toni Martinez Toni Martinez,Alavés,4.0,1,2026-09-25
mixto2,5,Toni Martinez Toni Martinez,Alavés,4.0,1,2026-09-25
mixto2,4,Toni Martinez Toni Martinez,Alavés,,0,2026-09-25
mixto2,3,Toni Martinez Toni Martinez,Alavés,3.0,1,2026-09-25
mixto2,2,Toni Martinez Toni Martinez,Alavés,1.0,1,2026-09-25
mixto2,1,Toni Martinez Toni Martinez,Alavés,3.0,1,2026-09-25
mixto2,7,Lucas Boyé Boyé,Alavés,3.0,1,2026-09-25
mixto2,6,Lucas Boyé Boyé,Alavés,2.0,1,2026-09-25
mixto2,5,Lucas Boyé Boyé,Alavés,2.0,1,2026-09-25
mixto2,4,Lucas Boyé Boyé,Alavés,21.0,1,2026-09-25
mixto2,3,Lucas Boyé Boyé,Alavés,10.0,1,2026-09-25
mixto2,2,Lucas Boyé Boyé,Alavés,3.0,1,2026-09-25
mixto2,1,Lucas Boyé Boyé,Alavés,,0,2026-09-25
mixto2,7,Hugo Novoa Novoa,Alavés,,0,2026-09-25
mixto2,6,Hugo Novoa Novoa,Alavés,,0,2026-09-25
mixto2,5,Hugo Novoa Novoa,Alavés,,0,2026-09-25
mixto2,4,Hugo Novoa Novoa,Alavés,,0,2026-09-25
mixto2,3,Hugo Novoa Novoa,Alavés,,0,2026-09-25
mixto2,2,Hugo Novoa Novoa,Alavés,,0,2026-09-25
mixto2,1,Hugo Novoa Novoa,Alavés,,0,2026-09-25
mixto2,7,Miguel Rodríguez Miguel,Alavés,,0,2026-09-25
mixto2,6,Miguel Rodríguez Miguel,Alavés,3.0,1,2026-09-25
mixto2,5,Miguel Rodríguez Miguel,Alavés,0.0,1,2026-09-25
mixto2,4,Miguel Rodríguez Miguel,Alavés,2.0,1,2026-09-25
mixto2,3,Miguel Rodríguez Miguel,Alavés,,0,2026-09-25
mixto2,2,Miguel Rodríguez Miguel,Alavés,,0,2026-09-25
mixto2,1,Miguel Rodríguez Miguel,Alavés,,0,2026-09-25
mixto2,7,Antonio Blanco Blanco,Alavés,3.0,1,2026-09-25
mixto2,6,Antonio Blanco Blanco,Alavés,4.0,1,2026-09-25
mixto2,5,Antonio Blanco Blanco,Alavés,1.0,1,2026-09-25
mixto2,4,Antonio Blanco Blanco,Alavés,6.0,1,2026-09-25
mixto2,3,Antonio Blanco Blanco,Alavés,6.0,1,2026-09-25
mixto2,2,Antonio Blanco Blanco,Alavés,3.0,1,2026-09-25
mixto2,1,Antonio Blanco Blanco,Alavés,2.0,1,2026-09-25
mixto2,7,Adrián Rodríguez Adrián,Alavés,,0,2026-09-25
mixto2,6,Adrián Rodríguez Adrián,Alavés,,0,2026-09-25
mixto2,5,Adrián Rodríguez Adrián,Alavés,,0,2026-09-25
mixto2,4,Adrián Rodríguez Adrián,Alavés,,0,2026-09-25
mixto2,3,Adrián Rodríguez Adrián,Alavés,,0,2026-09-25
mixto2,2,Adrián Rodríguez Adrián,Alavés,,0,2026-09-25
mixto2,1,Adrián Rodríguez Adrián,Alavés,,0,2026-09-25
mixto2,7,Nahuel Tenaglia Tenaglia,Alavés,3.0,1,2026-09-25
mixto2,6,Nahuel Tenaglia Tenaglia,Alavés,4.0,1,2026-09-25
mixto2,5,Nahuel Tenaglia Tenaglia,Alavés,4.0,1,2026-09-25
mixto2,4,Nahuel Tenaglia Tenaglia,Alavés,2.0,1,2026-09-25
mixto2,3,Nahuel Tenaglia Tenaglia,Alavés,6.0,1,2026-09-25
mixto2,2,Nahuel Tenaglia Tenaglia,Alavés,5.0,1,2026-09-25
mixto2,1,Nahuel Tenaglia Tenaglia,Alavés,15.0,1,2026-09-25
mixto2,7,Pablo Ibáñez Ibáñez,Alavés,3.0,1,2026-09-25
mixto2,6,Pablo Ibáñez Ibáñez,Alavés,3.0,1,2026-09-25
mixto2,5,Pablo Ibáñez Ibáñez,Alavés,2.0,1,2026-09-25
mixto2,4,Pablo Ibáñez Ibáñez,Alavés,11.0,1,2026-09-25
mixto2,3,Pablo Ibáñez Ibáñez,Alavés,3.0,1,2026-09-25
mixto2,2,Pablo Ibáñez Ibáñez,Alavés,6.0,1,2026-09-25
mixto2,1,Pablo Ibáñez Ibáñez,Alavés,2.0,1,2026-09-25
mixto2,7,Carlos Benavidez Protesoni,Alavés,4.0,1,2026-09-25
mixto2,6,Carlos Benavidez Protesoni,Alavés,,0,2026-09-25
mixto2,5,Carlos Benavidez Protesoni,Alavés,2.0,1,2026-09-25
mixto2,4,Carlos Benavidez Protesoni,Alavés,,0,2026-09-25
mixto2,3,Carlos Benavidez Protesoni,Alavés,3.0,1,2026-09-25
mixto2,2,Carlos Benavidez Protesoni,Alavés,,0,2026-09-25
mixto2,1,Carlos Benavidez Protesoni,Alavés,,0,2026-09-25
mixto2,7,Abde Rebbach Rebbach,Alavés,4.0,1,2026-09-25
mixto2,6,Abde Rebbach Rebbach,Alavés,3.0,1,2026-09-25
mixto2,5,Abde Rebbach Rebbach,Alavés,6.0,1,2026-09-25
mixto2,4,Abde Rebbach Rebbach,Alavés,2.0,1,2026-09-25
mixto2,3,Abde Rebbach Rebbach,Alavés,2.0,1,2026-09-25
mixto2,2,Abde Rebbach Rebbach,Alavés,2.0,1,2026-09-25
mixto2,1,Abde Rebbach Rebbach,Alavés,5.0,1,2026-09-25
mixto2,7,Moussa Diarra Diarra,Alavés,,0,2026-09-25
mixto2,7,Aitor Mañas Aitor Mañas,Alavés,,0,2026-09-25
mixto2,6,Aitor Mañas Aitor Mañas,Alavés,,0,2026-09-25
mixto2,5,Aitor Mañas Aitor Mañas,Alavés,2.0,1,2026-09-25
mixto2,4,Aitor Mañas Aitor Mañas,Alavés,3.0,1,2026-09-25
mixto2,3,Aitor Mañas Aitor Mañas,Alavés,2.0,1,2026-09-25
mixto2,2,Aitor Mañas Aitor Mañas,Alavés,,0,2026-09-25
mixto2,1,Aitor Mañas Aitor Mañas,Alavés,2.0,1,2026-09-25
mixto2,7,Youssef Enríquez Youssef,Alavés,3.0,1,2026-09-25
mixto2,6,Youssef Enríquez Youssef,Alavés,2.0,1,2026-09-25
mixto2,5,Youssef Enríquez Youssef,Alavés,,0,2026-09-25
mixto2,4,Youssef Enríquez Youssef,Alavés,3.0,1,2026-09-25
mixto2,3,Youssef Enríquez Youssef,Alavés,4.0,1,2026-09-25
mixto2,2,Youssef Enríquez Youssef,Alavés,4.0,1,2026-09-25
mixto2,1,Youssef Enríquez Youssef,Alavés,4.0,1,2026-09-25
mixto2,7,Ángel Pérez Ángel Pérez,Alavés,3.0,1,2026-09-25
mixto2,6,Ángel Pérez Ángel Pérez,Alavés,6.0,1,2026-09-25
mixto2,5,Ángel Pérez Ángel Pérez,Alavés,2.0,1,2026-09-25
mixto2,4,Ángel Pérez Ángel Pérez,Alavés,10.0,1,2026-09-25
mixto2,3,Ángel Pérez Ángel Pérez,Alavés,8.0,1,2026-09-25
mixto2,2,Ángel Pérez Ángel Pérez,Alavés,4.0,1,2026-09-25
mixto2,1,Ángel Pérez Ángel Pérez,Alavés,5.0,1,2026-09-25
mixto2,7,Grégoire Swiderski Swiderski,Alavés,,0,2026-09-25
mixto2,6,Grégoire Swiderski Swiderski,Alavés,,0,2026-09-25
mixto2,5,Grégoire Swiderski Swiderski,Alavés,,0,2026-09-25
mixto2,4,Grégoire Swiderski Swiderski,Alavés,,0,2026-09-25
mixto2,3,Grégoire Swiderski Swiderski,Alavés,,0,2026-09-25
mixto2,2,Grégoire Swiderski Swiderski,Alavés,,0,2026-09-25
mixto2,1,Grégoire Swiderski Swiderski,Alavés,,0,2026-09-25
mixto2,7,Mikel Rodriguez Mikel Rodriguez,Alavés,,0,2026-09-25
mixto2,6,Mikel Rodriguez Mikel Rodriguez,Alavés,,0,2026-09-25
mixto2,5,Mikel Rodriguez Mikel Rodriguez,Alavés,,0,2026-09-25
mixto2,4,Mikel Rodriguez Mikel Rodriguez,Alavés,,0,2026-09-25
mixto2,3,Mikel Rodriguez Mikel Rodriguez,Alavés,3.0,1,2026-09-25
mixto2,2,Mikel Rodriguez Mikel Rodriguez,Alavés,3.0,1,2026-09-25
mixto2,1,Mikel Rodriguez Mikel Rodriguez,Alavés,11.0,1,2026-09-25
mixto2,7,Xanet Oláiz Oláiz,Alavés,,0,2026-09-25
mixto2,6,Xanet Oláiz Oláiz,Alavés,,0,2026-09-25
mixto2,5,Xanet Oláiz Oláiz,Alavés,,0,2026-09-25
mixto2,4,Xanet Oláiz Oláiz,Alavés,0.0,1,2026-09-25
mixto2,3,Xanet Oláiz Oláiz,Alavés,,0,2026-09-25
mixto2,2,Xanet Oláiz Oláiz,Alavés,,0,2026-09-25
mixto2,1,Xanet Oláiz Oláiz,Alavés,,0,2026-09-25
mixto2,7,Ville Koski Koski,Alavés,6.0,1,2026-09-25
mixto2,6,Ville Koski Koski,Alavés,3.0,1,2026-09-25
mixto2,5,Ville Koski Koski,Alavés,10.0,1,2026-09-25
mixto2,4,Ville Koski Koski,Alavés,0.0,1,2026-09-25
mixto2,3,Ville Koski Koski,Alavés,5.0,1,2026-09-25
mixto2,2,Ville Koski Koski,Alavés,2.0,1,2026-09-25
mixto2,1,Ville Koski Koski,Alavés,3.0,1,2026-09-25
mixto2,7,Nicolás Valentini Valentini,Alavés,4.0,1,2026-09-25
mixto2,6,Nicolás Valentini Valentini,Alavés,4.0,1,2026-09-25
mixto2,5,Nicolás Valentini Valentini,Alavés,4.0,1,2026-09-25
mixto2,4,Nicolás Valentini Valentini,Alavés,,0,2026-09-25
mixto2,3,Nicolás Valentini Valentini,Alavés,,0,2026-09-25
mixto2,2,Nicolás Valentini Valentini,Alavés,2.0,1,2026-09-25
mixto2,1,Nicolás Valentini Valentini,Alavés,,0,2026-09-25
mixto2,7,Selu Diallo Diallo,Alavés,,0,2026-09-25
mixto2,6,Selu Diallo Diallo,Alavés,,0,2026-09-25
mixto2,5,Selu Diallo Diallo,Alavés,,0,2026-09-25
mixto2,4,Selu Diallo Diallo,Alavés,,0,2026-09-25
mixto2,3,Selu Diallo Diallo,Alavés,,0,2026-09-25
mixto2,2,Selu Diallo Diallo,Alavés,,0,2026-09-25
mixto2,1,Selu Diallo Diallo,Alavés,,0,2026-09-25
mixto2,7,Izei Hernández Izei,Alavés,,0,2026-09-25
mixto2,6,Izei Hernández Izei,Alavés,,0,2026-09-25
mixto2,5,Izei Hernández Izei,Alavés,,0,2026-09-25
mixto2,4,Izei Hernández Izei,Alavés,,0,2026-09-25
mixto2,3,Izei Hernández Izei,Alavés,,0,2026-09-25
mixto2,2,Izei Hernández Izei,Alavés,,0,2026-09-25
mixto2,1,Izei Hernández Izei,Alavés,,0,2026-09-25
mixto2,7,Sergio Canales Canales,Racing,1.0,1,2026-09-25
mixto2,6,Sergio Canales Canales,Racing,1.0,1,2026-09-25
mixto2,5,Sergio Canales Canales,Racing,4.0,1,2026-09-25
mixto2,4,Sergio Canales Canales,Racing,9.0,1,2026-09-25
mixto2,3,Sergio Canales Canales,Racing,3.0,1,2026-09-25
mixto2,2,Sergio Canales Canales,Racing,2.0,1,2026-09-25
mixto2,1,Sergio Canales Canales,Racing,5.0,1,2026-09-25
mixto2,7,Asier Villalibre Villalibre,Racing,3.0,1,2026-09-25
mixto2,6,Asier Villalibre Villalibre,Racing,0.0,1,2026-09-25
mixto2,5,Asier Villalibre Villalibre,Racing,2.0,1,2026-09-25
mixto2,4,Asier Villalibre Villalibre,Racing,,0,2026-09-25
mixto2,3,Asier Villalibre Villalibre,Racing,4.0,1,2026-09-25
mixto2,2,Asier Villalibre Villalibre,Racing,2.0,1,2026-09-25
mixto2,1,Asier Villalibre Villalibre,Racing,1.0,1,2026-09-25
mixto2,7,Manu Hernando Hernando,Racing,,0,2026-09-25
mixto2,6,Manu Hernando Hernando,Racing,-3.0,1,2026-09-25
mixto2,5,Manu Hernando Hernando,Racing,,0,2026-09-25
mixto2,4,Manu Hernando Hernando,Racing,1.0,1,2026-09-25
mixto2,3,Manu Hernando Hernando,Racing,6.0,1,2026-09-25
mixto2,2,Manu Hernando Hernando,Racing,2.0,1,2026-09-25
mixto2,1,Manu Hernando Hernando,Racing,4.0,1,2026-09-25
mixto2,7,Iñigo Vicente Iñigo Vicente,Racing,2.0,1,2026-09-25
mixto2,6,Iñigo Vicente Iñigo Vicente,Racing,2.0,1,2026-09-25
mixto2,5,Iñigo Vicente Iñigo Vicente,Racing,9.0,1,2026-09-25
mixto2,4,Iñigo Vicente Iñigo Vicente,Racing,5.0,1,2026-09-25
mixto2,3,Iñigo Vicente Iñigo Vicente,Racing,9.0,1,2026-09-25
mixto2,2,Iñigo Vicente Iñigo Vicente,Racing,4.0,1,2026-09-25
mixto2,1,Iñigo Vicente Iñigo Vicente,Racing,6.0,1,2026-09-25
mixto2,7,Andrés Martín Andrés Martín,Racing,,0,2026-09-25
mixto2,6,Andrés Martín Andrés Martín,Racing,,0,2026-09-25
mixto2,5,Andrés Martín Andrés Martín,Racing,,0,2026-09-25
mixto2,4,Andrés Martín Andrés Martín,Racing,,0,2026-09-25
mixto2,3,Andrés Martín Andrés Martín,Racing,5.0,1,2026-09-25
mixto2,2,Andrés Martín Andrés Martín,Racing,0.0,1,2026-09-25
mixto2,1,Andrés Martín Andrés Martín,Racing,10.0,1,2026-09-25
mixto2,7,Pablo Ramón Pablo Ramón,Racing,1.0,1,2026-09-25
mixto2,6,Pablo Ramón Pablo Ramón,Racing,,0,2026-09-25
mixto2,5,Pablo Ramón Pablo Ramón,Racing,4.0,1,2026-09-25
mixto2,4,Pablo Ramón Pablo Ramón,Racing,4.0,1,2026-09-25
mixto2,3,Pablo Ramón Pablo Ramón,Racing,,0,2026-09-25
mixto2,2,Pablo Ramón Pablo Ramón,Racing,6.0,1,2026-09-25
mixto2,1,Pablo Ramón Pablo Ramón,Racing,4.0,1,2026-09-25
mixto2,7,Julen Agirrezabala Agirrezabala,Racing,1.0,1,2026-09-25
mixto2,6,Julen Agirrezabala Agirrezabala,Racing,5.0,1,2026-09-25
mixto2,5,Julen Agirrezabala Agirrezabala,Racing,9.0,1,2026-09-25
mixto2,4,Julen Agirrezabala Agirrezabala,Racing,3.0,1,2026-09-25
mixto2,3,Julen Agirrezabala Agirrezabala,Racing,5.0,1,2026-09-25
mixto2,2,Julen Agirrezabala Agirrezabala,Racing,3.0,1,2026-09-25
mixto2,1,Julen Agirrezabala Agirrezabala,Racing,4.0,1,2026-09-25
mixto2,7,Juan Carlos Arana Arana,Racing,,0,2026-09-25
mixto2,6,Juan Carlos Arana Arana,Racing,0.0,1,2026-09-25
mixto2,5,Juan Carlos Arana Arana,Racing,,0,2026-09-25
mixto2,4,Juan Carlos Arana Arana,Racing,0.0,1,2026-09-25
mixto2,3,Juan Carlos Arana Arana,Racing,,0,2026-09-25
mixto2,2,Juan Carlos Arana Arana,Racing,1.0,1,2026-09-25
mixto2,1,Juan Carlos Arana Arana,Racing,,0,2026-09-25
mixto2,7,Facundo González Facu González,Racing,,0,2026-09-25
mixto2,6,Facundo González Facu González,Racing,0.0,1,2026-09-25
mixto2,5,Facundo González Facu González,Racing,,0,2026-09-25
mixto2,4,Facundo González Facu González,Racing,1.0,1,2026-09-25
mixto2,3,Facundo González Facu González,Racing,4.0,1,2026-09-25
mixto2,2,Facundo González Facu González,Racing,2.0,1,2026-09-25
mixto2,1,Facundo González Facu González,Racing,3.0,1,2026-09-25
mixto2,7,Álvaro Mantilla Mantilla,Racing,2.0,1,2026-09-25
mixto2,6,Álvaro Mantilla Mantilla,Racing,,0,2026-09-25
mixto2,5,Álvaro Mantilla Mantilla,Racing,2.0,1,2026-09-25
mixto2,4,Álvaro Mantilla Mantilla,Racing,1.0,1,2026-09-25
mixto2,3,Álvaro Mantilla Mantilla,Racing,4.0,1,2026-09-25
mixto2,2,Álvaro Mantilla Mantilla,Racing,2.0,1,2026-09-25
mixto2,1,Álvaro Mantilla Mantilla,Racing,2.0,1,2026-09-25
mixto2,7,Íñigo Sainz-Maza Sainz-Maza,Racing,1.0,1,2026-09-25
mixto2,6,Íñigo Sainz-Maza Sainz-Maza,Racing,0.0,1,2026-09-25
mixto2,5,Íñigo Sainz-Maza Sainz-Maza,Racing,,0,2026-09-25
mixto2,4,Íñigo Sainz-Maza Sainz-Maza,Racing,,0,2026-09-25
mixto2,3,Íñigo Sainz-Maza Sainz-Maza,Racing,,0,2026-09-25
mixto2,2,Íñigo Sainz-Maza Sainz-Maza,Racing,,0,2026-09-25
mixto2,1,Íñigo Sainz-Maza Sainz-Maza,Racing,,0,2026-09-25
mixto2,7,Gustavo Puerta Puerta,Racing,6.0,1,2026-09-25
mixto2,6,Gustavo Puerta Puerta,Racing,2.0,1,2026-09-25
mixto2,5,Gustavo Puerta Puerta,Racing,5.0,1,2026-09-25
mixto2,7,Jorge Salinas Salinas,Racing,-1.0,1,2026-09-25
mixto2,6,Jorge Salinas Salinas,Racing,1.0,1,2026-09-25
mixto2,5,Jorge Salinas Salinas,Racing,6.0,1,2026-09-25
mixto2,4,Jorge Salinas Salinas,Racing,1.0,1,2026-09-25
mixto2,3,Jorge Salinas Salinas,Racing,4.0,1,2026-09-25
mixto2,2,Jorge Salinas Salinas,Racing,4.0,1,2026-09-25
mixto2,1,Jorge Salinas Salinas,Racing,4.0,1,2026-09-25
mixto2,7,Maguette Gueye Maguette,Racing,,0,2026-09-25
mixto2,6,Maguette Gueye Maguette,Racing,9.0,1,2026-09-25
mixto2,5,Maguette Gueye Maguette,Racing,2.0,1,2026-09-25
mixto2,4,Maguette Gueye Maguette,Racing,,0,2026-09-25
mixto2,3,Maguette Gueye Maguette,Racing,2.0,1,2026-09-25
mixto2,2,Maguette Gueye Maguette,Racing,3.0,1,2026-09-25
mixto2,1,Maguette Gueye Maguette,Racing,2.0,1,2026-09-25
mixto2,7,Diego Diaz Diego Diaz,Racing,,0,2026-09-25
mixto2,6,Diego Diaz Diego Diaz,Racing,,0,2026-09-25
mixto2,5,Diego Diaz Diego Diaz,Racing,3.0,1,2026-09-25
mixto2,7,Simon Eriksson Eriksson,Racing,,0,2026-09-25
mixto2,6,Simon Eriksson Eriksson,Racing,,0,2026-09-25
mixto2,5,Simon Eriksson Eriksson,Racing,,0,2026-09-25
mixto2,4,Simon Eriksson Eriksson,Racing,,0,2026-09-25
mixto2,3,Simon Eriksson Eriksson,Racing,,0,2026-09-25
mixto2,2,Simon Eriksson Eriksson,Racing,,0,2026-09-25
mixto2,1,Simon Eriksson Eriksson,Racing,,0,2026-09-25
mixto2,7,Sergio Martínez Sergio Martínez,Racing,,0,2026-09-25
mixto2,6,Sergio Martínez Sergio Martínez,Racing,,0,2026-09-25
mixto2,5,Sergio Martínez Sergio Martínez,Racing,,0,2026-09-25
mixto2,4,Sergio Martínez Sergio Martínez,Racing,,0,2026-09-25
mixto2,3,Sergio Martínez Sergio Martínez,Racing,,0,2026-09-25
mixto2,2,Sergio Martínez Sergio Martínez,Racing,4.0,1,2026-09-25
mixto2,1,Sergio Martínez Sergio Martínez,Racing,12.0,1,2026-09-25
mixto2,7,Pedro Felipe Pedro Felipe,Racing,,0,2026-09-25
mixto2,6,Pedro Felipe Pedro Felipe,Racing,-3.0,1,2026-09-25
mixto2,5,Pedro Felipe Pedro Felipe,Racing,0.0,1,2026-09-25
mixto2,4,Pedro Felipe Pedro Felipe,Racing,,0,2026-09-25
mixto2,3,Pedro Felipe Pedro Felipe,Racing,,0,2026-09-25
mixto2,2,Pedro Felipe Pedro Felipe,Racing,,0,2026-09-25
mixto2,1,Pedro Felipe Pedro Felipe,Racing,2.0,1,2026-09-25
mixto2,7,Carlos Sánchez Carlos Sánchez,Racing,,0,2026-09-25
mixto2,6,Carlos Sánchez Carlos Sánchez,Racing,,0,2026-09-25
mixto2,5,Carlos Sánchez Carlos Sánchez,Racing,,0,2026-09-25
mixto2,4,Carlos Sánchez Carlos Sánchez,Racing,,0,2026-09-25
mixto2,7,Andrés Vallecillo Vallecillo,Racing,,0,2026-09-25
mixto2,6,Andrés Vallecillo Vallecillo,Racing,,0,2026-09-25
mixto2,5,Andrés Vallecillo Vallecillo,Racing,,0,2026-09-25
mixto2,4,Andrés Vallecillo Vallecillo,Racing,,0,2026-09-25
mixto2,3,Andrés Vallecillo Vallecillo,Racing,,0,2026-09-25
mixto2,2,Andrés Vallecillo Vallecillo,Racing,,0,2026-09-25
mixto2,1,Andrés Vallecillo Vallecillo,Racing,,0,2026-09-25
mixto2,7,Jorge Castellanos Castellanos,Racing,,0,2026-09-25
mixto2,6,Jorge Castellanos Castellanos,Racing,,0,2026-09-25
mixto2,5,Jorge Castellanos Castellanos,Racing,,0,2026-09-25
mixto2,4,Jorge Castellanos Castellanos,Racing,,0,2026-09-25
mixto2,3,Jorge Castellanos Castellanos,Racing,,0,2026-09-25
mixto2,2,Jorge Castellanos Castellanos,Racing,,0,2026-09-25
mixto2,1,Jorge Castellanos Castellanos,Racing,,0,2026-09-25
mixto2,7,Hugo Pérez Hugo Pérez,Racing,,0,2026-09-25
mixto2,6,Hugo Pérez Hugo Pérez,Racing,,0,2026-09-25
mixto2,5,Hugo Pérez Hugo Pérez,Racing,,0,2026-09-25
mixto2,4,Hugo Pérez Hugo Pérez,Racing,,0,2026-09-25
mixto2,3,Hugo Pérez Hugo Pérez,Racing,,0,2026-09-25
mixto2,2,Hugo Pérez Hugo Pérez,Racing,,0,2026-09-25
mixto2,1,Hugo Pérez Hugo Pérez,Racing,,0,2026-09-25
mixto2,7,Yassir Zabiri Zabiri,Racing,2.0,1,2026-09-25
mixto2,6,Yassir Zabiri Zabiri,Racing,10.0,1,2026-09-25
mixto2,5,Yassir Zabiri Zabiri,Racing,17.0,1,2026-09-25
mixto2,4,Yassir Zabiri Zabiri,Racing,-1.0,1,2026-09-25
mixto2,3,Yassir Zabiri Zabiri,Racing,20.0,1,2026-09-25
mixto2,2,Yassir Zabiri Zabiri,Racing,1.0,1,2026-09-25
mixto2,1,Yassir Zabiri Zabiri,Racing,2.0,1,2026-09-25
mixto2,7,Hugo Martín Hugo Martín,Racing,,0,2026-09-25
mixto2,6,Hugo Martín Hugo Martín,Racing,,0,2026-09-25
mixto2,5,Hugo Martín Hugo Martín,Racing,,0,2026-09-25
mixto2,4,Hugo Martín Hugo Martín,Racing,,0,2026-09-25
mixto2,3,Hugo Martín Hugo Martín,Racing,,0,2026-09-25
mixto2,2,Hugo Martín Hugo Martín,Racing,,0,2026-09-25
mixto2,1,Hugo Martín Hugo Martín,Racing,,0,2026-09-25
mixto2,7,André Almeida Almeida,Racing,3.0,1,2026-09-25
mixto2,6,André Almeida Almeida,Racing,,0,2026-09-25
mixto2,5,André Almeida Almeida,Racing,-8.0,1,2026-09-25
mixto2,4,André Almeida Almeida,Racing,4.0,1,2026-09-25
mixto2,3,André Almeida Almeida,Racing,,0,2026-09-25
mixto2,2,André Almeida Almeida,Racing,,0,2026-09-25
mixto2,1,André Almeida Almeida,Racing,,0,2026-09-25
mixto2,7,Pablo García Pablo García,Racing,1.0,1,2026-09-25
mixto2,6,Pablo García Pablo García,Racing,,0,2026-09-25
mixto2,5,Pablo García Pablo García,Racing,2.0,1,2026-09-25
mixto2,4,Pablo García Pablo García,Racing,10.0,1,2026-09-25
mixto2,3,Pablo García Pablo García,Racing,2.0,1,2026-09-25
mixto2,2,Pablo García Pablo García,Racing,10.0,1,2026-09-25
mixto2,1,Pablo García Pablo García,Racing,3.0,1,2026-09-25
mixto2,7,Iván Martín Iván Martín,Racing,3.0,1,2026-09-25
mixto2,6,Iván Martín Iván Martín,Racing,,0,2026-09-25
mixto2,5,Iván Martín Iván Martín,Racing,3.0,1,2026-09-25
mixto2,4,Iván Martín Iván Martín,Racing,6.0,1,2026-09-25
mixto2,3,Iván Martín Iván Martín,Racing,6.0,1,2026-09-25
mixto2,2,Iván Martín Iván Martín,Racing,3.0,1,2026-09-25
mixto2,7,Giorgi Guliashvili Guliashvili,Racing,2.0,1,2026-09-25
mixto2,6,Giorgi Guliashvili Guliashvili,Racing,2.0,1,2026-09-25
mixto2,5,Giorgi Guliashvili Guliashvili,Racing,2.0,1,2026-09-25
mixto2,4,Giorgi Guliashvili Guliashvili,Racing,,0,2026-09-25
mixto2,3,Giorgi Guliashvili Guliashvili,Racing,1.0,1,2026-09-25
mixto2,2,Giorgi Guliashvili Guliashvili,Racing,,0,2026-09-25
mixto2,1,Giorgi Guliashvili Guliashvili,Racing,,0,2026-09-25
mixto2,7,Matteo Prati Prati,Racing,,0,2026-09-25
mixto2,6,Matteo Prati Prati,Racing,3.0,1,2026-09-25
mixto2,5,Matteo Prati Prati,Racing,3.0,1,2026-09-25
mixto2,4,Matteo Prati Prati,Racing,3.0,1,2026-09-25
mixto2,3,Matteo Prati Prati,Racing,1.0,1,2026-09-25
mixto2,7,Aarón Martín Aarón,Racing,1.0,1,2026-09-25
mixto2,6,Aarón Martín Aarón,Racing,-2.0,1,2026-09-25
mixto2,5,Aarón Martín Aarón,Racing,,0,2026-09-25
mixto2,4,Aarón Martín Aarón,Racing,1.0,1,2026-09-25
mixto2,7,Jeanuël Belocian Belocian,Racing,-1.0,1,2026-09-25
mixto2,6,Jeanuël Belocian Belocian,Racing,,0,2026-09-25
mixto2,5,Jeanuël Belocian Belocian,Racing,4.0,1,2026-09-25
mixto2,4,Jeanuël Belocian Belocian,Racing,4.0,1,2026-09-25
mixto2,7,Laro Gómez Laro Gómez,Racing,,0,2026-09-25
mixto2,6,Laro Gómez Laro Gómez,Racing,,0,2026-09-25
mixto2,5,Laro Gómez Laro Gómez,Racing,,0,2026-09-25
mixto2,4,Laro Gómez Laro Gómez,Racing,,0,2026-09-25
mixto2,3,Laro Gómez Laro Gómez,Racing,,0,2026-09-25
mixto2,2,Laro Gómez Laro Gómez,Racing,,0,2026-09-25
mixto2,1,Laro Gómez Laro Gómez,Racing,,0,2026-09-25
mixto2,7,Iker Luque Luque,Racing,4.0,1,2026-09-25
mixto2,6,Iker Luque Luque,Racing,-1.0,1,2026-09-25
mixto2,5,Iker Luque Luque,Racing,4.0,1,2026-09-25
mixto2,4,Iker Luque Luque,Racing,,0,2026-09-25
mixto2,3,Iker Luque Luque,Racing,,0,2026-09-25
mixto2,2,Iker Luque Luque,Racing,,0,2026-09-25
mixto2,1,Iker Luque Luque,Racing,,0,2026-09-25
mixto,7,Íñigo Ruiz de Galarreta R. de Galarreta,Athletic,4.0,1,2026-09-25
mixto,5,Íñigo Ruiz de Galarreta R. de Galarreta,Athletic,3.0,1,2026-09-25
mixto,4,Íñigo Ruiz de Galarreta R. de Galarreta,Athletic,4.0,1,2026-09-25
mixto,3,Íñigo Ruiz de Galarreta R. de Galarreta,Athletic,8.0,1,2026-09-25
mixto,1,Íñigo Ruiz de Galarreta R. de Galarreta,Athletic,,0,2026-09-25
mixto,2,Íñigo Ruiz de Galarreta R. de Galarreta,Athletic,2.0,1,2026-09-25
mixto,7,Aymeric Laporte Laporte,Athletic,5.0,1,2026-09-25
mixto,5,Aymeric Laporte Laporte,Athletic,4.0,1,2026-09-25
mixto,4,Aymeric Laporte Laporte,Athletic,7.0,1,2026-09-25
mixto,3,Aymeric Laporte Laporte,Athletic,5.0,1,2026-09-25
mixto,1,Aymeric Laporte Laporte,Athletic,2.0,1,2026-09-25
mixto,2,Aymeric Laporte Laporte,Athletic,3.0,1,2026-09-25
mixto,7,Yuri Berchiche Yuri,Athletic,6.0,1,2026-09-25
mixto,5,Yuri Berchiche Yuri,Athletic,4.0,1,2026-09-25
mixto,4,Yuri Berchiche Yuri,Athletic,4.0,1,2026-09-25
mixto,3,Yuri Berchiche Yuri,Athletic,5.0,1,2026-09-25
mixto,1,Yuri Berchiche Yuri,Athletic,,0,2026-09-25
mixto,2,Yuri Berchiche Yuri,Athletic,-9.0,1,2026-09-25
mixto,7,Iñaki Williams I. Williams,Athletic,0.0,1,2026-09-25
mixto,5,Iñaki Williams I. Williams,Athletic,3.0,1,2026-09-25
mixto,4,Iñaki Williams I. Williams,Athletic,4.0,1,2026-09-25
mixto,3,Iñaki Williams I. Williams,Athletic,2.0,1,2026-09-25
mixto,1,Iñaki Williams I. Williams,Athletic,0.0,1,2026-09-25
mixto,2,Iñaki Williams I. Williams,Athletic,0.0,1,2026-09-25
mixto,7,Yeray Álvarez Yeray,Athletic,,0,2026-09-25
mixto,5,Yeray Álvarez Yeray,Athletic,3.0,1,2026-09-25
mixto,4,Yeray Álvarez Yeray,Athletic,4.0,1,2026-09-25
mixto,3,Yeray Álvarez Yeray,Athletic,,0,2026-09-25
mixto,1,Yeray Álvarez Yeray,Athletic,2.0,1,2026-09-25
mixto,2,Yeray Álvarez Yeray,Athletic,3.0,1,2026-09-25
mixto,7,Álex Berenguer Berenguer,Athletic,3.0,1,2026-09-25
mixto,5,Álex Berenguer Berenguer,Athletic,4.0,1,2026-09-25
mixto,4,Álex Berenguer Berenguer,Athletic,2.0,1,2026-09-25
mixto,3,Álex Berenguer Berenguer,Athletic,12.0,1,2026-09-25
mixto,1,Álex Berenguer Berenguer,Athletic,3.0,1,2026-09-25
mixto,2,Álex Berenguer Berenguer,Athletic,2.0,1,2026-09-25
mixto,7,Unai Simón Unai Simón,Athletic,3.0,1,2026-09-25
mixto,5,Unai Simón Unai Simón,Athletic,3.0,1,2026-09-25
mixto,4,Unai Simón Unai Simón,Athletic,6.0,1,2026-09-25
mixto,3,Unai Simón Unai Simón,Athletic,7.0,1,2026-09-25
mixto,1,Unai Simón Unai Simón,Athletic,10.0,1,2026-09-25
mixto,2,Unai Simón Unai Simón,Athletic,-3.0,1,2026-09-25
mixto,7,Gorka Guruzeta Guruzeta,Athletic,,0,2026-09-25
mixto,5,Gorka Guruzeta Guruzeta,Athletic,,0,2026-09-25
mixto,4,Gorka Guruzeta Guruzeta,Athletic,2.0,1,2026-09-25
mixto,3,Gorka Guruzeta Guruzeta,Athletic,2.0,1,2026-09-25
mixto,1,Gorka Guruzeta Guruzeta,Athletic,0.0,1,2026-09-25
mixto,2,Gorka Guruzeta Guruzeta,Athletic,0.0,1,2026-09-25
mixto,7,Oihan Sancet Sancet,Athletic,-2.0,1,2026-09-25
mixto,5,Oihan Sancet Sancet,Athletic,4.0,1,2026-09-25
mixto,4,Oihan Sancet Sancet,Athletic,12.0,1,2026-09-25
mixto,3,Oihan Sancet Sancet,Athletic,4.0,1,2026-09-25
mixto,1,Oihan Sancet Sancet,Athletic,2.0,1,2026-09-25
mixto,2,Oihan Sancet Sancet,Athletic,1.0,1,2026-09-25
mixto,7,Robert Navarro Navarro,Athletic,6.0,1,2026-09-25
mixto,5,Robert Navarro Navarro,Athletic,3.0,1,2026-09-25
mixto,4,Robert Navarro Navarro,Athletic,11.0,1,2026-09-25
mixto,3,Robert Navarro Navarro,Athletic,11.0,1,2026-09-25
mixto,1,Robert Navarro Navarro,Athletic,2.0,1,2026-09-25
mixto,2,Robert Navarro Navarro,Athletic,,0,2026-09-25
mixto,7,Jesús Areso Areso,Athletic,4.0,1,2026-09-25
mixto,5,Jesús Areso Areso,Athletic,0.0,1,2026-09-25
mixto,4,Jesús Areso Areso,Athletic,5.0,1,2026-09-25
mixto,3,Jesús Areso Areso,Athletic,6.0,1,2026-09-25
mixto,1,Jesús Areso Areso,Athletic,,0,2026-09-25
mixto,2,Jesús Areso Areso,Athletic,0.0,1,2026-09-25
mixto,7,Aitor Paredes Paredes,Athletic,6.0,1,2026-09-25
mixto,5,Aitor Paredes Paredes,Athletic,,0,2026-09-25
mixto,4,Aitor Paredes Paredes,Athletic,3.0,1,2026-09-25
mixto,3,Aitor Paredes Paredes,Athletic,4.0,1,2026-09-25
mixto,1,Aitor Paredes Paredes,Athletic,,0,2026-09-25
mixto,2,Aitor Paredes Paredes,Athletic,9.0,1,2026-09-25
mixto,7,Nico Williams N. Williams,Athletic,4.0,1,2026-09-25
mixto,5,Nico Williams N. Williams,Athletic,6.0,1,2026-09-25
mixto,4,Nico Williams N. Williams,Athletic,11.0,1,2026-09-25
mixto,3,Nico Williams N. Williams,Athletic,2.0,1,2026-09-25
mixto,1,Nico Williams N. Williams,Athletic,2.0,1,2026-09-25
mixto,2,Nico Williams N. Williams,Athletic,4.0,1,2026-09-25
mixto,7,Beñat Gerenabarrena Gerenabarrena,Athletic,,0,2026-09-25
mixto,5,Beñat Gerenabarrena Gerenabarrena,Athletic,3.0,1,2026-09-25
mixto,4,Beñat Gerenabarrena Gerenabarrena,Athletic,5.0,1,2026-09-25
mixto,3,Beñat Gerenabarrena Gerenabarrena,Athletic,7.0,1,2026-09-25
mixto,1,Beñat Gerenabarrena Gerenabarrena,Athletic,3.0,1,2026-09-25
mixto,2,Beñat Gerenabarrena Gerenabarrena,Athletic,5.0,1,2026-09-25
mixto,7,Alex Padilla Padilla,Athletic,,0,2026-09-25
mixto,5,Alex Padilla Padilla,Athletic,,0,2026-09-25
mixto,4,Alex Padilla Padilla,Athletic,,0,2026-09-25
mixto,3,Alex Padilla Padilla,Athletic,,0,2026-09-25
mixto,1,Alex Padilla Padilla,Athletic,,0,2026-09-25
mixto,2,Alex Padilla Padilla,Athletic,,0,2026-09-25
mixto,7,Hugo Rincón Rincón,Athletic,,0,2026-09-25
mixto,5,Hugo Rincón Rincón,Athletic,,0,2026-09-25
mixto,4,Hugo Rincón Rincón,Athletic,,0,2026-09-25
mixto,3,Hugo Rincón Rincón,Athletic,,0,2026-09-25
mixto,1,Hugo Rincón Rincón,Athletic,2.0,1,2026-09-25
mixto,2,Hugo Rincón Rincón,Athletic,2.0,1,2026-09-25
mixto,7,Adama Boiro Boiro,Athletic,,0,2026-09-25
mixto,5,Adama Boiro Boiro,Athletic,1.0,1,2026-09-25
mixto,4,Adama Boiro Boiro,Athletic,,0,2026-09-25
mixto,7,Álvaro Djaló Djaló,Athletic,,0,2026-09-25
mixto,5,Álvaro Djaló Djaló,Athletic,,0,2026-09-25
mixto,4,Álvaro Djaló Djaló,Athletic,,0,2026-09-25
mixto,3,Álvaro Djaló Djaló,Athletic,,0,2026-09-25
mixto,1,Álvaro Djaló Djaló,Athletic,1.0,1,2026-09-25
mixto,2,Álvaro Djaló Djaló,Athletic,,0,2026-09-25
mixto,7,Mikel Jauregizar Jauregizar,Athletic,3.0,1,2026-09-25
mixto,5,Mikel Jauregizar Jauregizar,Athletic,3.0,1,2026-09-25
mixto,4,Mikel Jauregizar Jauregizar,Athletic,3.0,1,2026-09-25
mixto,3,Mikel Jauregizar Jauregizar,Athletic,2.0,1,2026-09-25
mixto,1,Mikel Jauregizar Jauregizar,Athletic,3.0,1,2026-09-25
mixto,2,Mikel Jauregizar Jauregizar,Athletic,,0,2026-09-25
mixto,7,Maroan Sannadi Sannadi,Athletic,1.0,1,2026-09-25
mixto,5,Maroan Sannadi Sannadi,Athletic,1.0,1,2026-09-25
mixto,4,Maroan Sannadi Sannadi,Athletic,,0,2026-09-25
mixto,3,Maroan Sannadi Sannadi,Athletic,,0,2026-09-25
mixto,1,Maroan Sannadi Sannadi,Athletic,,0,2026-09-25
mixto,2,Maroan Sannadi Sannadi,Athletic,0.0,1,2026-09-25
mixto,7,Peio Canales Canales,Athletic,2.0,1,2026-09-25
mixto,5,Peio Canales Canales,Athletic,,0,2026-09-25
mixto,4,Peio Canales Canales,Athletic,,0,2026-09-25
mixto,3,Peio Canales Canales,Athletic,3.0,1,2026-09-25
mixto,1,Peio Canales Canales,Athletic,5.0,1,2026-09-25
mixto,2,Peio Canales Canales,Athletic,6.0,1,2026-09-25
mixto,7,Alejandro Rego Rego,Athletic,,0,2026-09-25
mixto,5,Alejandro Rego Rego,Athletic,,0,2026-09-25
mixto,4,Alejandro Rego Rego,Athletic,,0,2026-09-25
mixto,3,Alejandro Rego Rego,Athletic,,0,2026-09-25
mixto,1,Alejandro Rego Rego,Athletic,,0,2026-09-25
mixto,2,Alejandro Rego Rego,Athletic,,0,2026-09-25
mixto,7,Johaneko Louis-Jean Johaneko,Athletic,1.0,1,2026-09-25
mixto,5,Johaneko Louis-Jean Johaneko,Athletic,3.0,1,2026-09-25
mixto,4,Johaneko Louis-Jean Johaneko,Athletic,3.0,1,2026-09-25
mixto,3,Johaneko Louis-Jean Johaneko,Athletic,1.0,1,2026-09-25
mixto,1,Johaneko Louis-Jean Johaneko,Athletic,5.0,1,2026-09-25
mixto,2,Johaneko Louis-Jean Johaneko,Athletic,,0,2026-09-25
mixto,7,Iker Monreal Monreal,Athletic,,0,2026-09-25
mixto,5,Iker Monreal Monreal,Athletic,,0,2026-09-25
mixto,4,Iker Monreal Monreal,Athletic,,0,2026-09-25
mixto,3,Iker Monreal Monreal,Athletic,,0,2026-09-25
mixto,1,Iker Monreal Monreal,Athletic,,0,2026-09-25
mixto,2,Iker Monreal Monreal,Athletic,,0,2026-09-25
mixto,7,Beñat Prados Prados,Athletic,,0,2026-09-25
mixto,5,Beñat Prados Prados,Athletic,,0,2026-09-25
mixto,4,Beñat Prados Prados,Athletic,,0,2026-09-25
mixto,3,Beñat Prados Prados,Athletic,,0,2026-09-25
mixto,1,Beñat Prados Prados,Athletic,,0,2026-09-25
mixto,2,Beñat Prados Prados,Athletic,,0,2026-09-25
mixto,7,Selton Sánchez Selton,Athletic,,0,2026-09-25
mixto,5,Selton Sánchez Selton,Athletic,,0,2026-09-25
mixto,4,Selton Sánchez Selton,Athletic,,0,2026-09-25
mixto,3,Selton Sánchez Selton,Athletic,,0,2026-09-25
mixto,1,Selton Sánchez Selton,Athletic,,0,2026-09-25
mixto,2,Selton Sánchez Selton,Athletic,,0,2026-09-25
mixto,7,Nico Serrano Serrano,Athletic,3.0,1,2026-09-25
mixto,5,Nico Serrano Serrano,Athletic,,0,2026-09-25
mixto,4,Nico Serrano Serrano,Athletic,,0,2026-09-25
mixto,3,Nico Serrano Serrano,Athletic,,0,2026-09-25
mixto,1,Nico Serrano Serrano,Athletic,,0,2026-09-25
mixto,2,Nico Serrano Serrano,Athletic,,0,2026-09-25
mixto,7,Koke Resurrección Koke,Atlético,9.0,1,2026-09-25
mixto,6,Koke Resurrección Koke,Atlético,6.0,1,2026-09-25
mixto,5,Koke Resurrección Koke,Atlético,7.0,1,2026-09-25
mixto,4,Koke Resurrección Koke,Atlético,3.0,1,2026-09-25
mixto,3,Koke Resurrección Koke,Atlético,3.0,1,2026-09-25
mixto,2,Koke Resurrección Koke,Atlético,6.0,1,2026-09-25
mixto,1,Koke Resurrección Koke,Atlético,4.0,1,2026-09-25
mixto,7,Jan Oblak Oblak,Atlético,5.0,1,2026-09-25
mixto,6,Jan Oblak Oblak,Atlético,5.0,1,2026-09-25
mixto,5,Jan Oblak Oblak,Atlético,6.0,1,2026-09-25
mixto,4,Jan Oblak Oblak,Atlético,1.0,1,2026-09-25
mixto,3,Jan Oblak Oblak,Atlético,5.0,1,2026-09-25
mixto,2,Jan Oblak Oblak,Atlético,7.0,1,2026-09-25
mixto,1,Jan Oblak Oblak,Atlético,5.0,1,2026-09-25
mixto,7,Marcos Llorente M. Llorente,Atlético,5.0,1,2026-09-25
mixto,6,Marcos Llorente M. Llorente,Atlético,6.0,1,2026-09-25
mixto,5,Marcos Llorente M. Llorente,Atlético,5.0,1,2026-09-25
mixto,4,Marcos Llorente M. Llorente,Atlético,2.0,1,2026-09-25
mixto,3,Marcos Llorente M. Llorente,Atlético,5.0,1,2026-09-25
mixto,2,Marcos Llorente M. Llorente,Atlético,5.0,1,2026-09-25
mixto,1,Marcos Llorente M. Llorente,Atlético,4.0,1,2026-09-25
mixto,7,Álex Grimaldo Grimaldo,Atlético,7.0,1,2026-09-25
mixto,6,Álex Grimaldo Grimaldo,Atlético,8.0,1,2026-09-25
mixto,5,Álex Grimaldo Grimaldo,Atlético,10.0,1,2026-09-25
mixto,4,Álex Grimaldo Grimaldo,Atlético,-1.0,1,2026-09-25
mixto,3,Álex Grimaldo Grimaldo,Atlético,2.0,1,2026-09-25
mixto,2,Álex Grimaldo Grimaldo,Atlético,3.0,1,2026-09-25
mixto,1,Álex Grimaldo Grimaldo,Atlético,,0,2026-09-25
mixto,7,Ademola Lookman Lookman,Atlético,2.0,1,2026-09-25
mixto,6,Ademola Lookman Lookman,Atlético,2.0,1,2026-09-25
mixto,5,Ademola Lookman Lookman,Atlético,1.0,1,2026-09-25
mixto,4,Ademola Lookman Lookman,Atlético,-1.0,1,2026-09-25
mixto,3,Ademola Lookman Lookman,Atlético,10.0,1,2026-09-25
mixto,2,Ademola Lookman Lookman,Atlético,2.0,1,2026-09-25
mixto,1,Ademola Lookman Lookman,Atlético,2.0,1,2026-09-25
mixto,7,Juan Musso Musso,Atlético,,0,2026-09-25
mixto,6,Juan Musso Musso,Atlético,,0,2026-09-25
mixto,5,Juan Musso Musso,Atlético,,0,2026-09-25
mixto,4,Juan Musso Musso,Atlético,,0,2026-09-25
mixto,3,Juan Musso Musso,Atlético,,0,2026-09-25
mixto,2,Juan Musso Musso,Atlético,,0,2026-09-25
mixto,1,Juan Musso Musso,Atlético,,0,2026-09-25
mixto,7,David Hancko Hancko,Atlético,5.0,1,2026-09-25
mixto,6,David Hancko Hancko,Atlético,1.0,1,2026-09-25
mixto,5,David Hancko Hancko,Atlético,4.0,1,2026-09-25
mixto,4,David Hancko Hancko,Atlético,2.0,1,2026-09-25
mixto,3,David Hancko Hancko,Atlético,4.0,1,2026-09-25
mixto,2,David Hancko Hancko,Atlético,5.0,1,2026-09-25
mixto,1,David Hancko Hancko,Atlético,5.0,1,2026-09-25
mixto,7,Robin Le Normand Le Normand,Atlético,2.0,1,2026-09-25
mixto,6,Robin Le Normand Le Normand,Atlético,12.0,1,2026-09-25
mixto,5,Robin Le Normand Le Normand,Atlético,,0,2026-09-25
mixto,4,Robin Le Normand Le Normand,Atlético,,0,2026-09-25
mixto,3,Robin Le Normand Le Normand,Atlético,,0,2026-09-25
mixto,2,Robin Le Normand Le Normand,Atlético,-7.0,1,2026-09-25
mixto,1,Robin Le Normand Le Normand,Atlético,4.0,1,2026-09-25
mixto,7,Kang-In Lee Kang-In Lee,Atlético,5.0,1,2026-09-25
mixto,6,Kang-In Lee Kang-In Lee,Atlético,13.0,1,2026-09-25
mixto,5,Kang-In Lee Kang-In Lee,Atlético,3.0,1,2026-09-25
mixto,4,Kang-In Lee Kang-In Lee,Atlético,3.0,1,2026-09-25
mixto,3,Kang-In Lee Kang-In Lee,Atlético,6.0,1,2026-09-25
mixto,2,Kang-In Lee Kang-In Lee,Atlético,4.0,1,2026-09-25
mixto,1,Kang-In Lee Kang-In Lee,Atlético,14.0,1,2026-09-25
mixto,7,Álex Baena Baena,Atlético,5.0,1,2026-09-25
mixto,6,Álex Baena Baena,Atlético,12.0,1,2026-09-25
mixto,5,Álex Baena Baena,Atlético,3.0,1,2026-09-25
mixto,4,Álex Baena Baena,Atlético,2.0,1,2026-09-25
mixto,3,Álex Baena Baena,Atlético,18.0,1,2026-09-25
mixto,2,Álex Baena Baena,Atlético,3.0,1,2026-09-25
mixto,1,Álex Baena Baena,Atlético,12.0,1,2026-09-25
mixto,7,Giuliano Simeone Giuliano,Atlético,9.0,1,2026-09-25
mixto,6,Giuliano Simeone Giuliano,Atlético,2.0,1,2026-09-25
mixto,5,Giuliano Simeone Giuliano,Atlético,10.0,1,2026-09-25
mixto,4,Giuliano Simeone Giuliano,Atlético,0.0,1,2026-09-25
mixto,3,Giuliano Simeone Giuliano,Atlético,3.0,1,2026-09-25
mixto,2,Giuliano Simeone Giuliano,Atlético,10.0,1,2026-09-25
mixto,1,Giuliano Simeone Giuliano,Atlético,3.0,1,2026-09-25
mixto,7,Carlos Martín Carlos Martín,Atlético,,0,2026-09-25
mixto,6,Carlos Martín Carlos Martín,Atlético,,0,2026-09-25
mixto,5,Carlos Martín Carlos Martín,Atlético,2.0,1,2026-09-25
mixto,7,Marc Pubill Pubill,Atlético,5.0,1,2026-09-25
mixto,6,Marc Pubill Pubill,Atlético,3.0,1,2026-09-25
mixto,5,Marc Pubill Pubill,Atlético,4.0,1,2026-09-25
mixto,4,Marc Pubill Pubill,Atlético,2.0,1,2026-09-25
mixto,3,Marc Pubill Pubill,Atlético,5.0,1,2026-09-25
mixto,2,Marc Pubill Pubill,Atlético,12.0,1,2026-09-25
mixto,1,Marc Pubill Pubill,Atlético,,0,2026-09-25
mixto,7,Pablo Barrios Barrios,Atlético,,0,2026-09-25
mixto,6,Pablo Barrios Barrios,Atlético,,0,2026-09-25
mixto,5,Pablo Barrios Barrios,Atlético,,0,2026-09-25
mixto,4,Pablo Barrios Barrios,Atlético,5.0,1,2026-09-25
mixto,3,Pablo Barrios Barrios,Atlético,9.0,1,2026-09-25
mixto,2,Pablo Barrios Barrios,Atlético,5.0,1,2026-09-25
mixto,1,Pablo Barrios Barrios,Atlético,7.0,1,2026-09-25
mixto,7,Rodrigo Mendoza Mendoza,Atlético,,0,2026-09-25
mixto,6,Rodrigo Mendoza Mendoza,Atlético,,0,2026-09-25
mixto,5,Rodrigo Mendoza Mendoza,Atlético,,0,2026-09-25
mixto,4,Rodrigo Mendoza Mendoza,Atlético,,0,2026-09-25
mixto,3,Rodrigo Mendoza Mendoza,Atlético,1.0,1,2026-09-25
mixto,2,Rodrigo Mendoza Mendoza,Atlético,2.0,1,2026-09-25
mixto,1,Rodrigo Mendoza Mendoza,Atlético,4.0,1,2026-09-25
mixto,7,Morten Hjulmand Hjulmand,Atlético,2.0,1,2026-09-25
mixto,6,Morten Hjulmand Hjulmand,Atlético,1.0,1,2026-09-25
mixto,5,Morten Hjulmand Hjulmand,Atlético,5.0,1,2026-09-25
mixto,4,Morten Hjulmand Hjulmand,Atlético,3.0,1,2026-09-25
mixto,3,Morten Hjulmand Hjulmand,Atlético,5.0,1,2026-09-25
mixto,2,Morten Hjulmand Hjulmand,Atlético,3.0,1,2026-09-25
mixto,1,Morten Hjulmand Hjulmand,Atlético,3.0,1,2026-09-25
mixto,7,Arnau Ortiz Ortiz,Atlético,,0,2026-09-25
mixto,6,Arnau Ortiz Ortiz,Atlético,3.0,1,2026-09-25
mixto,5,Arnau Ortiz Ortiz,Atlético,5.0,1,2026-09-25
mixto,4,Arnau Ortiz Ortiz,Atlético,1.0,1,2026-09-25
mixto,3,Arnau Ortiz Ortiz,Atlético,3.0,1,2026-09-25
mixto,2,Arnau Ortiz Ortiz,Atlético,,0,2026-09-25
mixto,1,Arnau Ortiz Ortiz,Atlético,4.0,1,2026-09-25
mixto,7,Dani Martínez Dani Martínez,Atlético,,0,2026-09-25
mixto,6,Dani Martínez Dani Martínez,Atlético,,0,2026-09-25
mixto,5,Dani Martínez Dani Martínez,Atlético,,0,2026-09-25
mixto,4,Dani Martínez Dani Martínez,Atlético,,0,2026-09-25
mixto,3,Dani Martínez Dani Martínez,Atlético,,0,2026-09-25
mixto,2,Dani Martínez Dani Martínez,Atlético,,0,2026-09-25
mixto,1,Dani Martínez Dani Martínez,Atlético,5.0,1,2026-09-25
mixto,7,Johnny Cardoso Cardoso,Atlético,4.0,1,2026-09-25
mixto,6,Johnny Cardoso Cardoso,Atlético,9.0,1,2026-09-25
mixto,5,Johnny Cardoso Cardoso,Atlético,4.0,1,2026-09-25
mixto,4,Johnny Cardoso Cardoso,Atlético,1.0,1,2026-09-25
mixto,3,Johnny Cardoso Cardoso,Atlético,1.0,1,2026-09-25
mixto,2,Johnny Cardoso Cardoso,Atlético,,0,2026-09-25
mixto,1,Johnny Cardoso Cardoso,Atlético,,0,2026-09-25
mixto,7,Salvi Esquivel Esquivel,Atlético,,0,2026-09-25
mixto,6,Salvi Esquivel Esquivel,Atlético,,0,2026-09-25
mixto,5,Salvi Esquivel Esquivel,Atlético,,0,2026-09-25
mixto,4,Salvi Esquivel Esquivel,Atlético,,0,2026-09-25
mixto,3,Salvi Esquivel Esquivel,Atlético,,0,2026-09-25
mixto,2,Salvi Esquivel Esquivel,Atlético,,0,2026-09-25
mixto,1,Salvi Esquivel Esquivel,Atlético,,0,2026-09-25
mixto,7,Miguel Cubo Cubo,Atlético,,0,2026-09-25
mixto,6,Miguel Cubo Cubo,Atlético,,0,2026-09-25
mixto,5,Miguel Cubo Cubo,Atlético,,0,2026-09-25
mixto,4,Miguel Cubo Cubo,Atlético,,0,2026-09-25
mixto,3,Miguel Cubo Cubo,Atlético,,0,2026-09-25
mixto,2,Miguel Cubo Cubo,Atlético,,0,2026-09-25
mixto,1,Miguel Cubo Cubo,Atlético,,0,2026-09-25
mixto,7,Jorge Domínguez Jorge Domínguez,Atlético,,0,2026-09-25
mixto,6,Jorge Domínguez Jorge Domínguez,Atlético,,0,2026-09-25
mixto,5,Jorge Domínguez Jorge Domínguez,Atlético,,0,2026-09-25
mixto,4,Jorge Domínguez Jorge Domínguez,Atlético,,0,2026-09-25
mixto,3,Jorge Domínguez Jorge Domínguez,Atlético,,0,2026-09-25
mixto,2,Jorge Domínguez Jorge Domínguez,Atlético,,0,2026-09-25
mixto,1,Jorge Domínguez Jorge Domínguez,Atlético,3.0,1,2026-09-25
mixto,7,Jorge Castillo Castillo,Atlético,,0,2026-09-25
mixto,6,Jorge Castillo Castillo,Atlético,,0,2026-09-25
mixto,5,Jorge Castillo Castillo,Atlético,,0,2026-09-25
mixto,4,Jorge Castillo Castillo,Atlético,,0,2026-09-25
mixto,3,Jorge Castillo Castillo,Atlético,,0,2026-09-25
mixto,2,Jorge Castillo Castillo,Atlético,,0,2026-09-25
mixto,1,Jorge Castillo Castillo,Atlético,,0,2026-09-25
mixto,7,Julián Álvarez Alvarez,Atlético,4.0,1,2026-09-25
mixto,6,Julián Álvarez Alvarez,Atlético,,0,2026-09-25
mixto,5,Julián Álvarez Alvarez,Atlético,,0,2026-09-25
mixto,4,Julián Álvarez Alvarez,Atlético,2.0,1,2026-09-25
mixto,3,Julián Álvarez Alvarez,Atlético,,0,2026-09-25
mixto,2,Julián Álvarez Alvarez,Atlético,1.0,1,2026-09-25
mixto,1,Julián Álvarez Alvarez,Atlético,,0,2026-09-25
mixto,7,Cristian Romero Romero,Atlético,6.0,1,2026-09-25
mixto,6,Cristian Romero Romero,Atlético,9.0,1,2026-09-25
mixto,5,Cristian Romero Romero,Atlético,7.0,1,2026-09-25
mixto,4,Cristian Romero Romero,Atlético,2.0,1,2026-09-25
mixto,3,Cristian Romero Romero,Atlético,,0,2026-09-25
mixto,2,Cristian Romero Romero,Atlético,,0,2026-09-25
mixto,1,Cristian Romero Romero,Atlético,,0,2026-09-25
mixto,7,Jonathan David Jonathan David,Atlético,8.0,1,2026-09-25
mixto,6,Jonathan David Jonathan David,Atlético,11.0,1,2026-09-25
mixto,5,Jonathan David Jonathan David,Atlético,10.0,1,2026-09-25
mixto,4,Jonathan David Jonathan David,Atlético,,0,2026-09-25
mixto,7,Obed Vargas Vargas,Atlético,,0,2026-09-25
mixto,6,Obed Vargas Vargas,Atlético,,0,2026-09-25
mixto,5,Obed Vargas Vargas,Atlético,,0,2026-09-25
mixto,4,Obed Vargas Vargas,Atlético,,0,2026-09-25
mixto,3,Obed Vargas Vargas,Atlético,,0,2026-09-25
mixto,2,Obed Vargas Vargas,Atlético,,0,2026-09-25
mixto,1,Obed Vargas Vargas,Atlético,,0,2026-09-25
mixto,7,Joao Cancelo Cancelo,Barcelona,4.0,1,2026-09-25
mixto,6,Joao Cancelo Cancelo,Barcelona,15.0,1,2026-09-25
mixto,5,Joao Cancelo Cancelo,Barcelona,2.0,1,2026-09-25
mixto,4,Joao Cancelo Cancelo,Barcelona,,0,2026-09-25
mixto,3,Joao Cancelo Cancelo,Barcelona,2.0,1,2026-09-25
mixto,1,Joao Cancelo Cancelo,Barcelona,1.0,1,2026-09-25
mixto,2,Joao Cancelo Cancelo,Barcelona,2.0,1,2026-09-25
mixto,7,Dani Olmo Olmo,Barcelona,5.0,1,2026-09-25
mixto,6,Dani Olmo Olmo,Barcelona,7.0,1,2026-09-25
mixto,5,Dani Olmo Olmo,Barcelona,3.0,1,2026-09-25
mixto,4,Dani Olmo Olmo,Barcelona,8.0,1,2026-09-25
mixto,3,Dani Olmo Olmo,Barcelona,5.0,1,2026-09-25
mixto,1,Dani Olmo Olmo,Barcelona,4.0,1,2026-09-25
mixto,2,Dani Olmo Olmo,Barcelona,4.0,1,2026-09-25
mixto,7,Andreas Christensen A. Christensen,Barcelona,4.0,1,2026-09-25
mixto,6,Andreas Christensen A. Christensen,Barcelona,3.0,1,2026-09-25
mixto,5,Andreas Christensen A. Christensen,Barcelona,2.0,1,2026-09-25
mixto,4,Andreas Christensen A. Christensen,Barcelona,4.0,1,2026-09-25
mixto,3,Andreas Christensen A. Christensen,Barcelona,2.0,1,2026-09-25
mixto,1,Andreas Christensen A. Christensen,Barcelona,,0,2026-09-25
mixto,2,Andreas Christensen A. Christensen,Barcelona,6.0,1,2026-09-25
mixto,7,Wojciech Szczesny Szczesny,Barcelona,,0,2026-09-25
mixto,6,Wojciech Szczesny Szczesny,Barcelona,-1.0,1,2026-09-25
mixto,5,Wojciech Szczesny Szczesny,Barcelona,,0,2026-09-25
mixto,4,Wojciech Szczesny Szczesny,Barcelona,,0,2026-09-25
mixto,3,Wojciech Szczesny Szczesny,Barcelona,,0,2026-09-25
mixto,1,Wojciech Szczesny Szczesny,Barcelona,,0,2026-09-25
mixto,2,Wojciech Szczesny Szczesny,Barcelona,,0,2026-09-25
mixto,7,Raphinha Raphinha,Barcelona,21.0,1,2026-09-25
mixto,6,Raphinha Raphinha,Barcelona,21.0,1,2026-09-25
mixto,5,Raphinha Raphinha,Barcelona,8.0,1,2026-09-25
mixto,4,Raphinha Raphinha,Barcelona,11.0,1,2026-09-25
mixto,3,Raphinha Raphinha,Barcelona,18.0,1,2026-09-25
mixto,1,Raphinha Raphinha,Barcelona,12.0,1,2026-09-25
mixto,2,Raphinha Raphinha,Barcelona,17.0,1,2026-09-25
mixto,7,Jules Koundé Koundé,Barcelona,,0,2026-09-25
mixto,6,Jules Koundé Koundé,Barcelona,,0,2026-09-25
mixto,5,Jules Koundé Koundé,Barcelona,,0,2026-09-25
mixto,4,Jules Koundé Koundé,Barcelona,5.0,1,2026-09-25
mixto,3,Jules Koundé Koundé,Barcelona,1.0,1,2026-09-25
mixto,1,Jules Koundé Koundé,Barcelona,2.0,1,2026-09-25
mixto,2,Jules Koundé Koundé,Barcelona,2.0,1,2026-09-25
mixto,7,Pedri González Pedri,Barcelona,6.0,1,2026-09-25
mixto,6,Pedri González Pedri,Barcelona,7.0,1,2026-09-25
mixto,5,Pedri González Pedri,Barcelona,5.0,1,2026-09-25
mixto,4,Pedri González Pedri,Barcelona,14.0,1,2026-09-25
mixto,3,Pedri González Pedri,Barcelona,7.0,1,2026-09-25
mixto,1,Pedri González Pedri,Barcelona,10.0,1,2026-09-25
mixto,2,Pedri González Pedri,Barcelona,5.0,1,2026-09-25
mixto,7,Joan Garcia Joan Garcia,Barcelona,,0,2026-09-25
mixto,6,Joan Garcia Joan Garcia,Barcelona,3.0,1,2026-09-25
mixto,5,Joan Garcia Joan Garcia,Barcelona,4.0,1,2026-09-25
mixto,4,Joan Garcia Joan Garcia,Barcelona,9.0,1,2026-09-25
mixto,3,Joan Garcia Joan Garcia,Barcelona,2.0,1,2026-09-25
mixto,1,Joan Garcia Joan Garcia,Barcelona,4.0,1,2026-09-25
mixto,2,Joan Garcia Joan Garcia,Barcelona,7.0,1,2026-09-25
mixto,7,Eric Garcia Eric Garcia,Barcelona,3.0,1,2026-09-25
mixto,6,Eric Garcia Eric Garcia,Barcelona,7.0,1,2026-09-25
mixto,5,Eric Garcia Eric Garcia,Barcelona,4.0,1,2026-09-25
mixto,4,Eric Garcia Eric Garcia,Barcelona,3.0,1,2026-09-25
mixto,3,Eric Garcia Eric Garcia,Barcelona,,0,2026-09-25
mixto,1,Eric Garcia Eric Garcia,Barcelona,5.0,1,2026-09-25
mixto,2,Eric Garcia Eric Garcia,Barcelona,8.0,1,2026-09-25
mixto,7,Anthony Gordon Gordon,Barcelona,2.0,1,2026-09-25
mixto,6,Anthony Gordon Gordon,Barcelona,,0,2026-09-25
mixto,5,Anthony Gordon Gordon,Barcelona,2.0,1,2026-09-25
mixto,4,Anthony Gordon Gordon,Barcelona,5.0,1,2026-09-25
mixto,3,Anthony Gordon Gordon,Barcelona,9.0,1,2026-09-25
mixto,1,Anthony Gordon Gordon,Barcelona,6.0,1,2026-09-25
mixto,2,Anthony Gordon Gordon,Barcelona,9.0,1,2026-09-25
mixto,7,Karim Adeyemi Adeyemi,Barcelona,4.0,1,2026-09-25
mixto,6,Karim Adeyemi Adeyemi,Barcelona,11.0,1,2026-09-25
mixto,5,Karim Adeyemi Adeyemi,Barcelona,11.0,1,2026-09-25
mixto,4,Karim Adeyemi Adeyemi,Barcelona,5.0,1,2026-09-25
mixto,3,Karim Adeyemi Adeyemi,Barcelona,3.0,1,2026-09-25
mixto,1,Karim Adeyemi Adeyemi,Barcelona,3.0,1,2026-09-25
mixto,2,Karim Adeyemi Adeyemi,Barcelona,11.0,1,2026-09-25
mixto,7,Pablo Gavi Gavi,Barcelona,,0,2026-09-25
mixto,6,Pablo Gavi Gavi,Barcelona,4.0,1,2026-09-25
mixto,5,Pablo Gavi Gavi,Barcelona,,0,2026-09-25
mixto,4,Pablo Gavi Gavi,Barcelona,,0,2026-09-25
mixto,3,Pablo Gavi Gavi,Barcelona,,0,2026-09-25
mixto,1,Pablo Gavi Gavi,Barcelona,,0,2026-09-25
mixto,2,Pablo Gavi Gavi,Barcelona,3.0,1,2026-09-25
mixto,7,Lamine Yamal Yamal,Barcelona,10.0,1,2026-09-25
mixto,6,Lamine Yamal Yamal,Barcelona,11.0,1,2026-09-25
mixto,5,Lamine Yamal Yamal,Barcelona,16.0,1,2026-09-25
mixto,4,Lamine Yamal Yamal,Barcelona,17.0,1,2026-09-25
mixto,3,Lamine Yamal Yamal,Barcelona,17.0,1,2026-09-25
mixto,1,Lamine Yamal Yamal,Barcelona,8.0,1,2026-09-25
mixto,2,Lamine Yamal Yamal,Barcelona,3.0,1,2026-09-25
mixto,7,Pau Cubarsí Cubarsí,Barcelona,5.0,1,2026-09-25
mixto,6,Pau Cubarsí Cubarsí,Barcelona,,0,2026-09-25
mixto,5,Pau Cubarsí Cubarsí,Barcelona,5.0,1,2026-09-25
mixto,4,Pau Cubarsí Cubarsí,Barcelona,8.0,1,2026-09-25
mixto,3,Pau Cubarsí Cubarsí,Barcelona,4.0,1,2026-09-25
mixto,1,Pau Cubarsí Cubarsí,Barcelona,7.0,1,2026-09-25
mixto,2,Pau Cubarsí Cubarsí,Barcelona,,0,2026-09-25
mixto,7,Fermín López Fermín,Barcelona,6.0,1,2026-09-25
mixto,6,Fermín López Fermín,Barcelona,,0,2026-09-25
mixto,5,Fermín López Fermín,Barcelona,4.0,1,2026-09-25
mixto,4,Fermín López Fermín,Barcelona,14.0,1,2026-09-25
mixto,3,Fermín López Fermín,Barcelona,4.0,1,2026-09-25
mixto,1,Fermín López Fermín,Barcelona,13.0,1,2026-09-25
mixto,2,Fermín López Fermín,Barcelona,18.0,1,2026-09-25
mixto,7,Gerard Martín Martín,Barcelona,6.0,1,2026-09-25
mixto,6,Gerard Martín Martín,Barcelona,5.0,1,2026-09-25
mixto,5,Gerard Martín Martín,Barcelona,2.0,1,2026-09-25
mixto,4,Gerard Martín Martín,Barcelona,4.0,1,2026-09-25
mixto,3,Gerard Martín Martín,Barcelona,,0,2026-09-25
mixto,1,Gerard Martín Martín,Barcelona,5.0,1,2026-09-25
mixto,2,Gerard Martín Martín,Barcelona,6.0,1,2026-09-25
mixto,7,Marc Bernal Bernal,Barcelona,1.0,1,2026-09-25
mixto,6,Marc Bernal Bernal,Barcelona,4.0,1,2026-09-25
mixto,5,Marc Bernal Bernal,Barcelona,1.0,1,2026-09-25
mixto,4,Marc Bernal Bernal,Barcelona,5.0,1,2026-09-25
mixto,3,Marc Bernal Bernal,Barcelona,6.0,1,2026-09-25
mixto,1,Marc Bernal Bernal,Barcelona,7.0,1,2026-09-25
mixto,2,Marc Bernal Bernal,Barcelona,6.0,1,2026-09-25
mixto,7,Álvaro Cortés Cortés,Barcelona,,0,2026-09-25
mixto,6,Álvaro Cortés Cortés,Barcelona,,0,2026-09-25
mixto,5,Álvaro Cortés Cortés,Barcelona,,0,2026-09-25
mixto,7,Eder Aller Aller,Barcelona,,0,2026-09-25
mixto,6,Eder Aller Aller,Barcelona,,0,2026-09-25
mixto,5,Eder Aller Aller,Barcelona,,0,2026-09-25
mixto,4,Eder Aller Aller,Barcelona,,0,2026-09-25
mixto,3,Eder Aller Aller,Barcelona,,0,2026-09-25
mixto,1,Eder Aller Aller,Barcelona,,0,2026-09-25
mixto,2,Eder Aller Aller,Barcelona,,0,2026-09-25
mixto,7,Xavi Espart Espart,Barcelona,,0,2026-09-25
mixto,6,Xavi Espart Espart,Barcelona,,0,2026-09-25
mixto,5,Xavi Espart Espart,Barcelona,11.0,1,2026-09-25
mixto,4,Xavi Espart Espart,Barcelona,6.0,1,2026-09-25
mixto,3,Xavi Espart Espart,Barcelona,7.0,1,2026-09-25
mixto,1,Xavi Espart Espart,Barcelona,6.0,1,2026-09-25
mixto,2,Xavi Espart Espart,Barcelona,8.0,1,2026-09-25
mixto,7,Hamza Abdelkarim Abdelkarim,Barcelona,,0,2026-09-25
mixto,6,Hamza Abdelkarim Abdelkarim,Barcelona,,0,2026-09-25
mixto,5,Hamza Abdelkarim Abdelkarim,Barcelona,,0,2026-09-25
mixto,4,Hamza Abdelkarim Abdelkarim,Barcelona,,0,2026-09-25
mixto,3,Hamza Abdelkarim Abdelkarim,Barcelona,3.0,1,2026-09-25
mixto,1,Hamza Abdelkarim Abdelkarim,Barcelona,,0,2026-09-25
mixto,2,Hamza Abdelkarim Abdelkarim,Barcelona,,0,2026-09-25
mixto,7,Brian Fariñas Fariñas,Barcelona,,0,2026-09-25
mixto,6,Brian Fariñas Fariñas,Barcelona,,0,2026-09-25
mixto,5,Brian Fariñas Fariñas,Barcelona,,0,2026-09-25
mixto,4,Brian Fariñas Fariñas,Barcelona,,0,2026-09-25
mixto,3,Brian Fariñas Fariñas,Barcelona,,0,2026-09-25
mixto,1,Brian Fariñas Fariñas,Barcelona,,0,2026-09-25
mixto,2,Brian Fariñas Fariñas,Barcelona,,0,2026-09-25
mixto,7,Jordi Pesquer Pesquer,Barcelona,,0,2026-09-25
mixto,6,Jordi Pesquer Pesquer,Barcelona,,0,2026-09-25
mixto,5,Jordi Pesquer Pesquer,Barcelona,,0,2026-09-25
mixto,4,Jordi Pesquer Pesquer,Barcelona,,0,2026-09-25
mixto,3,Jordi Pesquer Pesquer,Barcelona,,0,2026-09-25
mixto,1,Jordi Pesquer Pesquer,Barcelona,,0,2026-09-25
mixto,2,Jordi Pesquer Pesquer,Barcelona,,0,2026-09-25
mixto,7,Rodri Hernández Rodri,Barcelona,9.0,1,2026-09-25
mixto,6,Rodri Hernández Rodri,Barcelona,8.0,1,2026-09-25
mixto,5,Rodri Hernández Rodri,Barcelona,6.0,1,2026-09-25
mixto,4,Rodri Hernández Rodri,Barcelona,9.0,1,2026-09-25
mixto,3,Rodri Hernández Rodri,Barcelona,4.0,1,2026-09-25
mixto,1,Rodri Hernández Rodri,Barcelona,5.0,1,2026-09-25
mixto,2,Rodri Hernández Rodri,Barcelona,,0,2026-09-25
mixto,7,Alejandro Balde Balde,Barcelona,,0,2026-09-25
mixto,6,Alejandro Balde Balde,Barcelona,5.0,1,2026-09-25
mixto,5,Alejandro Balde Balde,Barcelona,,0,2026-09-25
mixto,4,Alejandro Balde Balde,Barcelona,,0,2026-09-25
mixto,3,Alejandro Balde Balde,Barcelona,,0,2026-09-25
mixto,1,Alejandro Balde Balde,Barcelona,,0,2026-09-25
mixto,2,Alejandro Balde Balde,Barcelona,,0,2026-09-25
mixto,7,Dominik Livakovic Livakovic,Barcelona,4.0,1,2026-09-25
mixto,6,Dominik Livakovic Livakovic,Barcelona,,0,2026-09-25
mixto,5,Dominik Livakovic Livakovic,Barcelona,,0,2026-09-25
mixto,4,Dominik Livakovic Livakovic,Barcelona,,0,2026-09-25
mixto,3,Dominik Livakovic Livakovic,Barcelona,,0,2026-09-25
mixto,1,Dominik Livakovic Livakovic,Barcelona,,0,2026-09-25
mixto,7,Gabriel Jesus Gabriel Jesús,Barcelona,1.0,1,2026-09-25
mixto,6,Gabriel Jesus Gabriel Jesús,Barcelona,11.0,1,2026-09-25
mixto,5,Gabriel Jesus Gabriel Jesús,Barcelona,,0,2026-09-25
mixto,4,Gabriel Jesus Gabriel Jesús,Barcelona,4.0,1,2026-09-25
mixto,7,Iker Rodríguez Iker Rodríguez,Barcelona,,0,2026-09-25
mixto,6,Iker Rodríguez Iker Rodríguez,Barcelona,,0,2026-09-25
mixto,5,Iker Rodríguez Iker Rodríguez,Barcelona,,0,2026-09-25
mixto,4,Iker Rodríguez Iker Rodríguez,Barcelona,,0,2026-09-25
mixto,3,Iker Rodríguez Iker Rodríguez,Barcelona,,0,2026-09-25
mixto,1,Iker Rodríguez Iker Rodríguez,Barcelona,,0,2026-09-25
mixto,2,Iker Rodríguez Iker Rodríguez,Barcelona,,0,2026-09-25
mixto,7,Marc Bartra Bartra,Betis,2.0,1,2026-09-25
mixto,6,Marc Bartra Bartra,Betis,,0,2026-09-25
mixto,5,Marc Bartra Bartra,Betis,6.0,1,2026-09-25
mixto,4,Marc Bartra Bartra,Betis,6.0,1,2026-09-25
mixto,3,Marc Bartra Bartra,Betis,8.0,1,2026-09-25
mixto,1,Marc Bartra Bartra,Betis,,0,2026-09-25
mixto,2,Marc Bartra Bartra,Betis,3.0,1,2026-09-25
mixto,7,Isco Alarcón Isco,Betis,2.0,1,2026-09-25
mixto,6,Isco Alarcón Isco,Betis,6.0,1,2026-09-25
mixto,5,Isco Alarcón Isco,Betis,4.0,1,2026-09-25
mixto,4,Isco Alarcón Isco,Betis,3.0,1,2026-09-25
mixto,3,Isco Alarcón Isco,Betis,3.0,1,2026-09-25
mixto,1,Isco Alarcón Isco,Betis,2.0,1,2026-09-25
mixto,2,Isco Alarcón Isco,Betis,2.0,1,2026-09-25
mixto,7,Diego Javier Llorente D. Llorente,Betis,,0,2026-09-25
mixto,6,Diego Javier Llorente D. Llorente,Betis,,0,2026-09-25
mixto,5,Diego Javier Llorente D. Llorente,Betis,,0,2026-09-25
mixto,4,Diego Javier Llorente D. Llorente,Betis,3.0,1,2026-09-25
mixto,3,Diego Javier Llorente D. Llorente,Betis,,0,2026-09-25
mixto,1,Diego Javier Llorente D. Llorente,Betis,3.0,1,2026-09-25
mixto,2,Diego Javier Llorente D. Llorente,Betis,,0,2026-09-25
mixto,7,Héctor Bellerín Bellerín,Betis,2.0,1,2026-09-25
mixto,6,Héctor Bellerín Bellerín,Betis,4.0,1,2026-09-25
mixto,5,Héctor Bellerín Bellerín,Betis,6.0,1,2026-09-25
mixto,4,Héctor Bellerín Bellerín,Betis,5.0,1,2026-09-25
mixto,3,Héctor Bellerín Bellerín,Betis,-2.0,1,2026-09-25
mixto,1,Héctor Bellerín Bellerín,Betis,4.0,1,2026-09-25
mixto,2,Héctor Bellerín Bellerín,Betis,3.0,1,2026-09-25
mixto,7,Pablo Fornals Fornals,Betis,5.0,1,2026-09-25
mixto,6,Pablo Fornals Fornals,Betis,,0,2026-09-25
mixto,5,Pablo Fornals Fornals,Betis,5.0,1,2026-09-25
mixto,4,Pablo Fornals Fornals,Betis,3.0,1,2026-09-25
mixto,3,Pablo Fornals Fornals,Betis,1.0,1,2026-09-25
mixto,1,Pablo Fornals Fornals,Betis,3.0,1,2026-09-25
mixto,2,Pablo Fornals Fornals,Betis,4.0,1,2026-09-25
mixto,7,Marc Roca Marc Roca,Betis,6.0,1,2026-09-25
mixto,6,Marc Roca Marc Roca,Betis,,0,2026-09-25
mixto,5,Marc Roca Marc Roca,Betis,5.0,1,2026-09-25
mixto,4,Marc Roca Marc Roca,Betis,3.0,1,2026-09-25
mixto,3,Marc Roca Marc Roca,Betis,2.0,1,2026-09-25
mixto,1,Marc Roca Marc Roca,Betis,,0,2026-09-25
mixto,2,Marc Roca Marc Roca,Betis,4.0,1,2026-09-25
mixto,7,Álvaro Valles Valles,Betis,8.0,1,2026-09-25
mixto,6,Álvaro Valles Valles,Betis,9.0,1,2026-09-25
mixto,5,Álvaro Valles Valles,Betis,9.0,1,2026-09-25
mixto,4,Álvaro Valles Valles,Betis,12.0,1,2026-09-25
mixto,3,Álvaro Valles Valles,Betis,2.0,1,2026-09-25
mixto,1,Álvaro Valles Valles,Betis,8.0,1,2026-09-25
mixto,2,Álvaro Valles Valles,Betis,6.0,1,2026-09-25
mixto,7,Junior Firpo Junior,Betis,,0,2026-09-25
mixto,6,Junior Firpo Junior,Betis,3.0,1,2026-09-25
mixto,5,Junior Firpo Junior,Betis,,0,2026-09-25
mixto,4,Junior Firpo Junior,Betis,,0,2026-09-25
mixto,3,Junior Firpo Junior,Betis,,0,2026-09-25
mixto,1,Junior Firpo Junior,Betis,3.0,1,2026-09-25
mixto,2,Junior Firpo Junior,Betis,,0,2026-09-25
mixto,7,Cucho Hernández Cucho,Betis,10.0,1,2026-09-25
mixto,6,Cucho Hernández Cucho,Betis,1.0,1,2026-09-25
mixto,5,Cucho Hernández Cucho,Betis,9.0,1,2026-09-25
mixto,4,Cucho Hernández Cucho,Betis,2.0,1,2026-09-25
mixto,3,Cucho Hernández Cucho,Betis,1.0,1,2026-09-25
mixto,1,Cucho Hernández Cucho,Betis,2.0,1,2026-09-25
mixto,2,Cucho Hernández Cucho,Betis,5.0,1,2026-09-25
mixto,7,Fran García Fran García,Betis,2.0,1,2026-09-25
mixto,6,Fran García Fran García,Betis,,0,2026-09-25
mixto,5,Fran García Fran García,Betis,5.0,1,2026-09-25
mixto,4,Fran García Fran García,Betis,3.0,1,2026-09-25
mixto,3,Fran García Fran García,Betis,0.0,1,2026-09-25
mixto,1,Fran García Fran García,Betis,5.0,1,2026-09-25
mixto,2,Fran García Fran García,Betis,5.0,1,2026-09-25
mixto,7,Álvaro Fidalgo Fidalgo,Betis,,0,2026-09-25
mixto,6,Álvaro Fidalgo Fidalgo,Betis,0.0,1,2026-09-25
mixto,5,Álvaro Fidalgo Fidalgo,Betis,,0,2026-09-25
mixto,4,Álvaro Fidalgo Fidalgo,Betis,3.0,1,2026-09-25
mixto,3,Álvaro Fidalgo Fidalgo,Betis,,0,2026-09-25
mixto,1,Álvaro Fidalgo Fidalgo,Betis,,0,2026-09-25
mixto,2,Álvaro Fidalgo Fidalgo,Betis,,0,2026-09-25
mixto,7,Rodrigo Riquelme Riquelme,Betis,-1.0,1,2026-09-25
mixto,6,Rodrigo Riquelme Riquelme,Betis,2.0,1,2026-09-25
mixto,5,Rodrigo Riquelme Riquelme,Betis,2.0,1,2026-09-25
mixto,4,Rodrigo Riquelme Riquelme,Betis,1.0,1,2026-09-25
mixto,3,Rodrigo Riquelme Riquelme,Betis,7.0,1,2026-09-25
mixto,1,Rodrigo Riquelme Riquelme,Betis,2.0,1,2026-09-25
mixto,2,Rodrigo Riquelme Riquelme,Betis,12.0,1,2026-09-25
mixto,7,Iker Losada Losada,Betis,,0,2026-09-25
mixto,6,Iker Losada Losada,Betis,,0,2026-09-25
mixto,5,Iker Losada Losada,Betis,,0,2026-09-25
mixto,4,Iker Losada Losada,Betis,,0,2026-09-25
mixto,3,Iker Losada Losada,Betis,,0,2026-09-25
mixto,1,Iker Losada Losada,Betis,,0,2026-09-25
mixto,2,Iker Losada Losada,Betis,,0,2026-09-25
mixto,7,Antony Antony,Betis,2.0,1,2026-09-25
mixto,6,Antony Antony,Betis,7.0,1,2026-09-25
mixto,5,Antony Antony,Betis,3.0,1,2026-09-25
mixto,4,Antony Antony,Betis,5.0,1,2026-09-25
mixto,3,Antony Antony,Betis,3.0,1,2026-09-25
mixto,1,Antony Antony,Betis,6.0,1,2026-09-25
mixto,2,Antony Antony,Betis,6.0,1,2026-09-25
mixto,7,Ángel Ortiz Ortiz,Betis,,0,2026-09-25
mixto,6,Ángel Ortiz Ortiz,Betis,3.0,1,2026-09-25
mixto,5,Ángel Ortiz Ortiz,Betis,,0,2026-09-25
mixto,4,Ángel Ortiz Ortiz,Betis,,0,2026-09-25
mixto,3,Ángel Ortiz Ortiz,Betis,,0,2026-09-25
mixto,1,Ángel Ortiz Ortiz,Betis,4.0,1,2026-09-25
mixto,2,Ángel Ortiz Ortiz,Betis,,0,2026-09-25
mixto,7,Natan Natan,Betis,5.0,1,2026-09-25
mixto,6,Natan Natan,Betis,7.0,1,2026-09-25
mixto,5,Natan Natan,Betis,13.0,1,2026-09-25
mixto,4,Natan Natan,Betis,6.0,1,2026-09-25
mixto,3,Natan Natan,Betis,-1.0,1,2026-09-25
mixto,1,Natan Natan,Betis,,0,2026-09-25
mixto,2,Natan Natan,Betis,5.0,1,2026-09-25
mixto,7,Manu González Manu González,Betis,,0,2026-09-25
mixto,6,Manu González Manu González,Betis,,0,2026-09-25
mixto,5,Manu González Manu González,Betis,,0,2026-09-25
mixto,4,Manu González Manu González,Betis,,0,2026-09-25
mixto,3,Manu González Manu González,Betis,,0,2026-09-25
mixto,1,Manu González Manu González,Betis,,0,2026-09-25
mixto,2,Manu González Manu González,Betis,,0,2026-09-25
mixto,7,Nelson Deossa Deossa,Betis,2.0,1,2026-09-25
mixto,6,Nelson Deossa Deossa,Betis,7.0,1,2026-09-25
mixto,5,Nelson Deossa Deossa,Betis,6.0,1,2026-09-25
mixto,4,Nelson Deossa Deossa,Betis,3.0,1,2026-09-25
mixto,3,Nelson Deossa Deossa,Betis,1.0,1,2026-09-25
mixto,1,Nelson Deossa Deossa,Betis,4.0,1,2026-09-25
mixto,2,Nelson Deossa Deossa,Betis,1.0,1,2026-09-25
mixto,7,Facundo Bernal Bernal,Betis,2.0,1,2026-09-25
mixto,6,Facundo Bernal Bernal,Betis,5.0,1,2026-09-25
mixto,5,Facundo Bernal Bernal,Betis,1.0,1,2026-09-25
mixto,4,Facundo Bernal Bernal,Betis,3.0,1,2026-09-25
mixto,3,Facundo Bernal Bernal,Betis,2.0,1,2026-09-25
mixto,1,Facundo Bernal Bernal,Betis,3.0,1,2026-09-25
mixto,2,Facundo Bernal Bernal,Betis,5.0,1,2026-09-25
mixto,7,Valentín Gómez Valentín Gómez,Betis,4.0,1,2026-09-25
mixto,6,Valentín Gómez Valentín Gómez,Betis,5.0,1,2026-09-25
mixto,5,Valentín Gómez Valentín Gómez,Betis,,0,2026-09-25
mixto,4,Valentín Gómez Valentín Gómez,Betis,,0,2026-09-25
mixto,3,Valentín Gómez Valentín Gómez,Betis,,0,2026-09-25
mixto,1,Valentín Gómez Valentín Gómez,Betis,3.0,1,2026-09-25
mixto,2,Valentín Gómez Valentín Gómez,Betis,,0,2026-09-25
mixto,7,Troy Parrott Parrott,Betis,,0,2026-09-25
mixto,6,Troy Parrott Parrott,Betis,5.0,1,2026-09-25
mixto,5,Troy Parrott Parrott,Betis,,0,2026-09-25
mixto,4,Troy Parrott Parrott,Betis,9.0,1,2026-09-25
mixto,3,Troy Parrott Parrott,Betis,1.0,1,2026-09-25
mixto,1,Troy Parrott Parrott,Betis,2.0,1,2026-09-25
mixto,2,Troy Parrott Parrott,Betis,,0,2026-09-25
mixto,7,Álvaro de Pablo De Pablo,Betis,,0,2026-09-25
mixto,6,Álvaro de Pablo De Pablo,Betis,,0,2026-09-25
mixto,5,Álvaro de Pablo De Pablo,Betis,,0,2026-09-25
mixto,4,Álvaro de Pablo De Pablo,Betis,,0,2026-09-25
mixto,3,Álvaro de Pablo De Pablo,Betis,,0,2026-09-25
mixto,1,Álvaro de Pablo De Pablo,Betis,,0,2026-09-25
mixto,2,Álvaro de Pablo De Pablo,Betis,,0,2026-09-25
mixto,7,Abde Ezzalzouli Abde,Betis,5.0,1,2026-09-25
mixto,6,Abde Ezzalzouli Abde,Betis,10.0,1,2026-09-25
mixto,5,Abde Ezzalzouli Abde,Betis,8.0,1,2026-09-25
mixto,4,Abde Ezzalzouli Abde,Betis,,0,2026-09-25
mixto,3,Abde Ezzalzouli Abde,Betis,2.0,1,2026-09-25
mixto,1,Abde Ezzalzouli Abde,Betis,,0,2026-09-25
mixto,2,Abde Ezzalzouli Abde,Betis,,0,2026-09-25
mixto,7,José Antonio Morante Morante,Betis,,0,2026-09-25
mixto,6,José Antonio Morante Morante,Betis,,0,2026-09-25
mixto,5,José Antonio Morante Morante,Betis,,0,2026-09-25
mixto,4,José Antonio Morante Morante,Betis,,0,2026-09-25
mixto,3,José Antonio Morante Morante,Betis,,0,2026-09-25
mixto,1,José Antonio Morante Morante,Betis,,0,2026-09-25
mixto,2,José Antonio Morante Morante,Betis,,0,2026-09-25
mixto,7,Dani Ceballos Ceballos,Betis,1.0,1,2026-09-25
mixto,6,Dani Ceballos Ceballos,Betis,2.0,1,2026-09-25
mixto,5,Dani Ceballos Ceballos,Betis,4.0,1,2026-09-25
mixto,4,Dani Ceballos Ceballos,Betis,,0,2026-09-25
mixto,7,Giovani Lo Celso Lo Celso,Betis,,0,2026-09-25
mixto,6,Giovani Lo Celso Lo Celso,Betis,,0,2026-09-25
mixto,5,Giovani Lo Celso Lo Celso,Betis,1.0,1,2026-09-25
mixto,4,Giovani Lo Celso Lo Celso,Betis,,0,2026-09-25
mixto,3,Giovani Lo Celso Lo Celso,Betis,,0,2026-09-25
mixto,1,Giovani Lo Celso Lo Celso,Betis,,0,2026-09-25
mixto,2,Giovani Lo Celso Lo Celso,Betis,,0,2026-09-25
mixto,7,Diego Conde Conde,Betis,,0,2026-09-25
mixto,6,Diego Conde Conde,Betis,,0,2026-09-25
mixto,5,Diego Conde Conde,Betis,,0,2026-09-25
mixto,4,Diego Conde Conde,Betis,,0,2026-09-25
mixto,3,Diego Conde Conde,Betis,,0,2026-09-25
mixto,1,Diego Conde Conde,Betis,,0,2026-09-25
mixto,2,Diego Conde Conde,Betis,,0,2026-09-25
mixto,7,Iago Aspas Aspas,Celta,,0,2026-09-25
mixto,5,Iago Aspas Aspas,Celta,3.0,1,2026-09-25
mixto,4,Iago Aspas Aspas,Celta,3.0,1,2026-09-25
mixto,6,Iago Aspas Aspas,Celta,3.0,1,2026-09-25
mixto,3,Iago Aspas Aspas,Celta,4.0,1,2026-09-25
mixto,1,Iago Aspas Aspas,Celta,9.0,1,2026-09-25
mixto,2,Iago Aspas Aspas,Celta,2.0,1,2026-09-25
mixto,7,Borja Iglesias Iglesias,Celta,7.0,1,2026-09-25
mixto,5,Borja Iglesias Iglesias,Celta,,0,2026-09-25
mixto,4,Borja Iglesias Iglesias,Celta,2.0,1,2026-09-25
mixto,6,Borja Iglesias Iglesias,Celta,,0,2026-09-25
mixto,3,Borja Iglesias Iglesias,Celta,,0,2026-09-25
mixto,1,Borja Iglesias Iglesias,Celta,,0,2026-09-25
mixto,2,Borja Iglesias Iglesias,Celta,,0,2026-09-25
mixto,7,Iván Villar Iván Villar,Celta,,0,2026-09-25
mixto,5,Iván Villar Iván Villar,Celta,,0,2026-09-25
mixto,4,Iván Villar Iván Villar,Celta,,0,2026-09-25
mixto,6,Iván Villar Iván Villar,Celta,,0,2026-09-25
mixto,3,Iván Villar Iván Villar,Celta,,0,2026-09-25
mixto,1,Iván Villar Iván Villar,Celta,,0,2026-09-25
mixto,2,Iván Villar Iván Villar,Celta,,0,2026-09-25
mixto,7,Marcos Alonso M. Alonso,Celta,,0,2026-09-25
mixto,5,Marcos Alonso M. Alonso,Celta,5.0,1,2026-09-25
mixto,4,Marcos Alonso M. Alonso,Celta,3.0,1,2026-09-25
mixto,6,Marcos Alonso M. Alonso,Celta,3.0,1,2026-09-25
mixto,3,Marcos Alonso M. Alonso,Celta,,0,2026-09-25
mixto,1,Marcos Alonso M. Alonso,Celta,-6.0,1,2026-09-25
mixto,2,Marcos Alonso M. Alonso,Celta,7.0,1,2026-09-25
mixto,7,Ionut Radu Radu,Celta,6.0,1,2026-09-25
mixto,5,Ionut Radu Radu,Celta,2.0,1,2026-09-25
mixto,4,Ionut Radu Radu,Celta,2.0,1,2026-09-25
mixto,6,Ionut Radu Radu,Celta,8.0,1,2026-09-25
mixto,3,Ionut Radu Radu,Celta,8.0,1,2026-09-25
mixto,1,Ionut Radu Radu,Celta,2.0,1,2026-09-25
mixto,2,Ionut Radu Radu,Celta,3.0,1,2026-09-25
mixto,7,Javi Galán Galán,Celta,5.0,1,2026-09-25
mixto,5,Javi Galán Galán,Celta,2.0,1,2026-09-25
mixto,4,Javi Galán Galán,Celta,3.0,1,2026-09-25
mixto,6,Javi Galán Galán,Celta,1.0,1,2026-09-25
mixto,3,Javi Galán Galán,Celta,,0,2026-09-25
mixto,1,Javi Galán Galán,Celta,1.0,1,2026-09-25
mixto,2,Javi Galán Galán,Celta,4.0,1,2026-09-25
mixto,7,Aleix Febas Febas,Celta,,0,2026-09-25
mixto,5,Aleix Febas Febas,Celta,,0,2026-09-25
mixto,4,Aleix Febas Febas,Celta,,0,2026-09-25
mixto,6,Aleix Febas Febas,Celta,,0,2026-09-25
mixto,3,Aleix Febas Febas,Celta,1.0,1,2026-09-25
mixto,1,Aleix Febas Febas,Celta,,0,2026-09-25
mixto,2,Aleix Febas Febas,Celta,5.0,1,2026-09-25
mixto,7,Sergio Carreira Carreira,Celta,6.0,1,2026-09-25
mixto,5,Sergio Carreira Carreira,Celta,4.0,1,2026-09-25
mixto,4,Sergio Carreira Carreira,Celta,3.0,1,2026-09-25
mixto,6,Sergio Carreira Carreira,Celta,3.0,1,2026-09-25
mixto,3,Sergio Carreira Carreira,Celta,1.0,1,2026-09-25
mixto,1,Sergio Carreira Carreira,Celta,5.0,1,2026-09-25
mixto,2,Sergio Carreira Carreira,Celta,4.0,1,2026-09-25
mixto,7,Ferran Jutglà Jutglà,Celta,4.0,1,2026-09-25
mixto,5,Ferran Jutglà Jutglà,Celta,11.0,1,2026-09-25
mixto,4,Ferran Jutglà Jutglà,Celta,2.0,1,2026-09-25
mixto,6,Ferran Jutglà Jutglà,Celta,2.0,1,2026-09-25
mixto,3,Ferran Jutglà Jutglà,Celta,4.0,1,2026-09-25
mixto,1,Ferran Jutglà Jutglà,Celta,2.0,1,2026-09-25
mixto,2,Ferran Jutglà Jutglà,Celta,2.0,1,2026-09-25
mixto,7,Ilaix Moriba Moriba,Celta,13.0,1,2026-09-25
mixto,5,Ilaix Moriba Moriba,Celta,5.0,1,2026-09-25
mixto,4,Ilaix Moriba Moriba,Celta,2.0,1,2026-09-25
mixto,6,Ilaix Moriba Moriba,Celta,4.0,1,2026-09-25
mixto,3,Ilaix Moriba Moriba,Celta,1.0,1,2026-09-25
mixto,1,Ilaix Moriba Moriba,Celta,1.0,1,2026-09-25
mixto,2,Ilaix Moriba Moriba,Celta,2.0,1,2026-09-25
mixto,7,Altay Bayindir Bayindir,Celta,,0,2026-09-25
mixto,5,Altay Bayindir Bayindir,Celta,,0,2026-09-25
mixto,4,Altay Bayindir Bayindir,Celta,,0,2026-09-25
mixto,6,Altay Bayindir Bayindir,Celta,,0,2026-09-25
mixto,3,Altay Bayindir Bayindir,Celta,,0,2026-09-25
mixto,1,Altay Bayindir Bayindir,Celta,,0,2026-09-25
mixto,2,Altay Bayindir Bayindir,Celta,,0,2026-09-25
mixto,7,Carl Starfelt Starfelt,Celta,,0,2026-09-25
mixto,5,Carl Starfelt Starfelt,Celta,,0,2026-09-25
mixto,4,Carl Starfelt Starfelt,Celta,12.0,1,2026-09-25
mixto,6,Carl Starfelt Starfelt,Celta,,0,2026-09-25
mixto,3,Carl Starfelt Starfelt,Celta,3.0,1,2026-09-25
mixto,1,Carl Starfelt Starfelt,Celta,2.0,1,2026-09-25
mixto,2,Carl Starfelt Starfelt,Celta,,0,2026-09-25
mixto,7,Hugo Álvarez Hugo Álvarez,Celta,9.0,1,2026-09-25
mixto,5,Hugo Álvarez Hugo Álvarez,Celta,2.0,1,2026-09-25
mixto,4,Hugo Álvarez Hugo Álvarez,Celta,,0,2026-09-25
mixto,6,Hugo Álvarez Hugo Álvarez,Celta,,0,2026-09-25
mixto,3,Hugo Álvarez Hugo Álvarez,Celta,2.0,1,2026-09-25
mixto,1,Hugo Álvarez Hugo Álvarez,Celta,2.0,1,2026-09-25
mixto,2,Hugo Álvarez Hugo Álvarez,Celta,2.0,1,2026-09-25
mixto,7,Hugo González Hugo González,Celta,9.0,1,2026-09-25
mixto,5,Hugo González Hugo González,Celta,4.0,1,2026-09-25
mixto,4,Hugo González Hugo González,Celta,6.0,1,2026-09-25
mixto,6,Hugo González Hugo González,Celta,,0,2026-09-25
mixto,3,Hugo González Hugo González,Celta,1.0,1,2026-09-25
mixto,1,Hugo González Hugo González,Celta,,0,2026-09-25
mixto,2,Hugo González Hugo González,Celta,,0,2026-09-25
mixto,7,Williot Swedberg Swedberg,Celta,4.0,1,2026-09-25
mixto,5,Williot Swedberg Swedberg,Celta,1.0,1,2026-09-25
mixto,4,Williot Swedberg Swedberg,Celta,,0,2026-09-25
mixto,6,Williot Swedberg Swedberg,Celta,2.0,1,2026-09-25
mixto,3,Williot Swedberg Swedberg,Celta,1.0,1,2026-09-25
mixto,1,Williot Swedberg Swedberg,Celta,2.0,1,2026-09-25
mixto,2,Williot Swedberg Swedberg,Celta,2.0,1,2026-09-25
mixto,7,Pablo Durán Durán,Celta,14.0,1,2026-09-25
mixto,5,Pablo Durán Durán,Celta,,0,2026-09-25
mixto,4,Pablo Durán Durán,Celta,1.0,1,2026-09-25
mixto,6,Pablo Durán Durán,Celta,2.0,1,2026-09-25
mixto,3,Pablo Durán Durán,Celta,,0,2026-09-25
mixto,1,Pablo Durán Durán,Celta,2.0,1,2026-09-25
mixto,2,Pablo Durán Durán,Celta,3.0,1,2026-09-25
mixto,7,Álvaro Núñez Á. Núñez,Celta,6.0,1,2026-09-25
mixto,5,Álvaro Núñez Á. Núñez,Celta,,0,2026-09-25
mixto,4,Álvaro Núñez Á. Núñez,Celta,,0,2026-09-25
mixto,6,Álvaro Núñez Á. Núñez,Celta,5.0,1,2026-09-25
mixto,3,Álvaro Núñez Á. Núñez,Celta,3.0,1,2026-09-25
mixto,1,Álvaro Núñez Á. Núñez,Celta,,0,2026-09-25
mixto,2,Álvaro Núñez Á. Núñez,Celta,,0,2026-09-25
mixto,7,Abdoulaye Faye Faye,Celta,,0,2026-09-25
mixto,5,Abdoulaye Faye Faye,Celta,,0,2026-09-25
mixto,4,Abdoulaye Faye Faye,Celta,,0,2026-09-25
mixto,6,Abdoulaye Faye Faye,Celta,,0,2026-09-25
mixto,3,Abdoulaye Faye Faye,Celta,-1.0,1,2026-09-25
mixto,1,Abdoulaye Faye Faye,Celta,,0,2026-09-25
mixto,2,Abdoulaye Faye Faye,Celta,,0,2026-09-25
mixto,7,Javi Rodríguez Javi Rodríguez,Celta,,0,2026-09-25
mixto,5,Javi Rodríguez Javi Rodríguez,Celta,,0,2026-09-25
mixto,4,Javi Rodríguez Javi Rodríguez,Celta,,0,2026-09-25
mixto,6,Javi Rodríguez Javi Rodríguez,Celta,1.0,1,2026-09-25
mixto,3,Javi Rodríguez Javi Rodríguez,Celta,-1.0,1,2026-09-25
mixto,1,Javi Rodríguez Javi Rodríguez,Celta,2.0,1,2026-09-25
mixto,2,Javi Rodríguez Javi Rodríguez,Celta,5.0,1,2026-09-25
mixto,7,Javi Rueda Rueda,Celta,4.0,1,2026-09-25
mixto,5,Javi Rueda Rueda,Celta,3.0,1,2026-09-25
mixto,4,Javi Rueda Rueda,Celta,4.0,1,2026-09-25
mixto,6,Javi Rueda Rueda,Celta,4.0,1,2026-09-25
mixto,3,Javi Rueda Rueda,Celta,3.0,1,2026-09-25
mixto,1,Javi Rueda Rueda,Celta,1.0,1,2026-09-25
mixto,2,Javi Rueda Rueda,Celta,3.0,1,2026-09-25
mixto,7,Yoel Lago Lago,Celta,7.0,1,2026-09-25
mixto,5,Yoel Lago Lago,Celta,4.0,1,2026-09-25
mixto,4,Yoel Lago Lago,Celta,3.0,1,2026-09-25
mixto,6,Yoel Lago Lago,Celta,5.0,1,2026-09-25
mixto,3,Yoel Lago Lago,Celta,3.0,1,2026-09-25
mixto,1,Yoel Lago Lago,Celta,3.0,1,2026-09-25
mixto,2,Yoel Lago Lago,Celta,4.0,1,2026-09-25
mixto,7,Miguel Román Román,Celta,13.0,1,2026-09-25
mixto,5,Miguel Román Román,Celta,4.0,1,2026-09-25
mixto,4,Miguel Román Román,Celta,3.0,1,2026-09-25
mixto,6,Miguel Román Román,Celta,3.0,1,2026-09-25
mixto,3,Miguel Román Román,Celta,3.0,1,2026-09-25
mixto,1,Miguel Román Román,Celta,4.0,1,2026-09-25
mixto,2,Miguel Román Román,Celta,5.0,1,2026-09-25
mixto,7,Jones El-Abdellaoui El-Abdellaoui,Celta,,0,2026-09-25
mixto,5,Jones El-Abdellaoui El-Abdellaoui,Celta,,0,2026-09-25
mixto,4,Jones El-Abdellaoui El-Abdellaoui,Celta,3.0,1,2026-09-25
mixto,6,Jones El-Abdellaoui El-Abdellaoui,Celta,,0,2026-09-25
mixto,3,Jones El-Abdellaoui El-Abdellaoui,Celta,,0,2026-09-25
mixto,1,Jones El-Abdellaoui El-Abdellaoui,Celta,2.0,1,2026-09-25
mixto,2,Jones El-Abdellaoui El-Abdellaoui,Celta,3.0,1,2026-09-25
mixto,7,Andrés Antañón Antañón,Celta,,0,2026-09-25
mixto,5,Andrés Antañón Antañón,Celta,,0,2026-09-25
mixto,4,Andrés Antañón Antañón,Celta,,0,2026-09-25
mixto,6,Andrés Antañón Antañón,Celta,2.0,1,2026-09-25
mixto,3,Andrés Antañón Antañón,Celta,,0,2026-09-25
mixto,1,Andrés Antañón Antañón,Celta,,0,2026-09-25
mixto,2,Andrés Antañón Antañón,Celta,,0,2026-09-25
mixto,7,Hugo Burcio Burcio,Celta,1.0,1,2026-09-25
mixto,5,Hugo Burcio Burcio,Celta,6.0,1,2026-09-25
mixto,4,Hugo Burcio Burcio,Celta,,0,2026-09-25
mixto,6,Hugo Burcio Burcio,Celta,,0,2026-09-25
mixto,3,Hugo Burcio Burcio,Celta,,0,2026-09-25
mixto,1,Hugo Burcio Burcio,Celta,,0,2026-09-25
mixto,2,Hugo Burcio Burcio,Celta,,0,2026-09-25
mixto,7,Kike Ribes Kike Ribes,Celta,,0,2026-09-25
mixto,5,Kike Ribes Kike Ribes,Celta,,0,2026-09-25
mixto,4,Kike Ribes Kike Ribes,Celta,,0,2026-09-25
mixto,6,Kike Ribes Kike Ribes,Celta,,0,2026-09-25
mixto,3,Kike Ribes Kike Ribes,Celta,,0,2026-09-25
mixto,1,Kike Ribes Kike Ribes,Celta,,0,2026-09-25
mixto,2,Kike Ribes Kike Ribes,Celta,,0,2026-09-25
mixto,7,Coke Carrillo Carrillo,Celta,,0,2026-09-25
mixto,5,Coke Carrillo Carrillo,Celta,,0,2026-09-25
mixto,4,Coke Carrillo Carrillo,Celta,,0,2026-09-25
mixto,6,Coke Carrillo Carrillo,Celta,,0,2026-09-25
mixto,3,Coke Carrillo Carrillo,Celta,,0,2026-09-25
mixto,1,Coke Carrillo Carrillo,Celta,,0,2026-09-25
mixto,2,Coke Carrillo Carrillo,Celta,,0,2026-09-25
mixto,7,Couhaib Driouech Driouech,Celta,,0,2026-09-25
mixto,5,Couhaib Driouech Driouech,Celta,1.0,1,2026-09-25
mixto,4,Couhaib Driouech Driouech,Celta,2.0,1,2026-09-25
mixto,6,Couhaib Driouech Driouech,Celta,2.0,1,2026-09-25
mixto,3,Couhaib Driouech Driouech,Celta,,0,2026-09-25
mixto,1,Couhaib Driouech Driouech,Celta,,0,2026-09-25
mixto,7,Sebastián Cáceres Cáceres,Celta,4.0,1,2026-09-25
mixto,5,Sebastián Cáceres Cáceres,Celta,3.0,1,2026-09-25
mixto,4,Sebastián Cáceres Cáceres,Celta,,0,2026-09-25
mixto,6,Sebastián Cáceres Cáceres,Celta,,0,2026-09-25
mixto,7,Ximo Navarro Ximo,Deportivo,2.0,1,2026-09-25
mixto,6,Ximo Navarro Ximo,Deportivo,,0,2026-09-25
mixto,5,Ximo Navarro Ximo,Deportivo,1.0,1,2026-09-25
mixto,4,Ximo Navarro Ximo,Deportivo,5.0,1,2026-09-25
mixto,3,Ximo Navarro Ximo,Deportivo,3.0,1,2026-09-25
mixto,2,Ximo Navarro Ximo,Deportivo,2.0,1,2026-09-25
mixto,1,Ximo Navarro Ximo,Deportivo,2.0,1,2026-09-25
mixto,7,Germán Parreño,Deportivo,,0,2026-09-25
mixto,6,Germán Parreño,Deportivo,,0,2026-09-25
mixto,5,Germán Parreño,Deportivo,,0,2026-09-25
mixto,4,Germán Parreño,Deportivo,,0,2026-09-25
mixto,3,Germán Parreño,Deportivo,,0,2026-09-25
mixto,2,Germán Parreño,Deportivo,,0,2026-09-25
mixto,1,Germán Parreño,Deportivo,,0,2026-09-25
mixto,7,Pierre-Emerick Aubameyang Aubameyang,Deportivo,5.0,1,2026-09-25
mixto,6,Pierre-Emerick Aubameyang Aubameyang,Deportivo,2.0,1,2026-09-25
mixto,5,Pierre-Emerick Aubameyang Aubameyang,Deportivo,9.0,1,2026-09-25
mixto,4,Pierre-Emerick Aubameyang Aubameyang,Deportivo,13.0,1,2026-09-25
mixto,3,Pierre-Emerick Aubameyang Aubameyang,Deportivo,13.0,1,2026-09-25
mixto,2,Pierre-Emerick Aubameyang Aubameyang,Deportivo,9.0,1,2026-09-25
mixto,1,Pierre-Emerick Aubameyang Aubameyang,Deportivo,11.0,1,2026-09-25
mixto,7,Angeliño Angeliño,Deportivo,,0,2026-09-25
mixto,6,Angeliño Angeliño,Deportivo,-8.0,1,2026-09-25
mixto,5,Angeliño Angeliño,Deportivo,,0,2026-09-25
mixto,4,Angeliño Angeliño,Deportivo,,0,2026-09-25
mixto,3,Angeliño Angeliño,Deportivo,,0,2026-09-25
mixto,2,Angeliño Angeliño,Deportivo,,0,2026-09-25
mixto,1,Angeliño Angeliño,Deportivo,,0,2026-09-25
mixto,7,Álvaro Fernández Álvaro,Deportivo,,0,2026-09-25
mixto,6,Álvaro Fernández Álvaro,Deportivo,,0,2026-09-25
mixto,5,Álvaro Fernández Álvaro,Deportivo,,0,2026-09-25
mixto,4,Álvaro Fernández Álvaro,Deportivo,,0,2026-09-25
mixto,3,Álvaro Fernández Álvaro,Deportivo,,0,2026-09-25
mixto,2,Álvaro Fernández Álvaro,Deportivo,,0,2026-09-25
mixto,1,Álvaro Fernández Álvaro,Deportivo,,0,2026-09-25
mixto,7,Riki Rodríguez Riki,Deportivo,2.0,1,2026-09-25
mixto,6,Riki Rodríguez Riki,Deportivo,2.0,1,2026-09-25
mixto,5,Riki Rodríguez Riki,Deportivo,,0,2026-09-25
mixto,4,Riki Rodríguez Riki,Deportivo,3.0,1,2026-09-25
mixto,3,Riki Rodríguez Riki,Deportivo,4.0,1,2026-09-25
mixto,2,Riki Rodríguez Riki,Deportivo,,0,2026-09-25
mixto,1,Riki Rodríguez Riki,Deportivo,,0,2026-09-25
mixto,7,Mario Soriano Mario,Deportivo,7.0,1,2026-09-25
mixto,6,Mario Soriano Mario,Deportivo,3.0,1,2026-09-25
mixto,5,Mario Soriano Mario,Deportivo,5.0,1,2026-09-25
mixto,4,Mario Soriano Mario,Deportivo,4.0,1,2026-09-25
mixto,3,Mario Soriano Mario,Deportivo,8.0,1,2026-09-25
mixto,2,Mario Soriano Mario,Deportivo,3.0,1,2026-09-25
mixto,1,Mario Soriano Mario,Deportivo,3.0,1,2026-09-25
mixto,7,Leo Román Leo Román,Deportivo,3.0,1,2026-09-25
mixto,6,Leo Román Leo Román,Deportivo,4.0,1,2026-09-25
mixto,5,Leo Román Leo Román,Deportivo,4.0,1,2026-09-25
mixto,4,Leo Román Leo Román,Deportivo,3.0,1,2026-09-25
mixto,3,Leo Román Leo Román,Deportivo,3.0,1,2026-09-25
mixto,2,Leo Román Leo Román,Deportivo,4.0,1,2026-09-25
mixto,1,Leo Román Leo Román,Deportivo,8.0,1,2026-09-25
mixto,7,Luismi Cruz Luismi,Deportivo,4.0,1,2026-09-25
mixto,6,Luismi Cruz Luismi,Deportivo,1.0,1,2026-09-25
mixto,5,Luismi Cruz Luismi,Deportivo,5.0,1,2026-09-25
mixto,4,Luismi Cruz Luismi,Deportivo,12.0,1,2026-09-25
mixto,3,Luismi Cruz Luismi,Deportivo,4.0,1,2026-09-25
mixto,2,Luismi Cruz Luismi,Deportivo,6.0,1,2026-09-25
mixto,1,Luismi Cruz Luismi,Deportivo,2.0,1,2026-09-25
mixto,7,Arnau Comas Comas,Deportivo,,0,2026-09-25
mixto,6,Arnau Comas Comas,Deportivo,,0,2026-09-25
mixto,5,Arnau Comas Comas,Deportivo,,0,2026-09-25
mixto,4,Arnau Comas Comas,Deportivo,,0,2026-09-25
mixto,3,Arnau Comas Comas,Deportivo,,0,2026-09-25
mixto,2,Arnau Comas Comas,Deportivo,,0,2026-09-25
mixto,1,Arnau Comas Comas,Deportivo,,0,2026-09-25
mixto,7,Adrià Altimira Altimira,Deportivo,,0,2026-09-25
mixto,6,Adrià Altimira Altimira,Deportivo,2.0,1,2026-09-25
mixto,5,Adrià Altimira Altimira,Deportivo,,0,2026-09-25
mixto,4,Adrià Altimira Altimira,Deportivo,,0,2026-09-25
mixto,3,Adrià Altimira Altimira,Deportivo,-4.0,1,2026-09-25
mixto,2,Adrià Altimira Altimira,Deportivo,2.0,1,2026-09-25
mixto,1,Adrià Altimira Altimira,Deportivo,3.0,1,2026-09-25
mixto,7,Giacomo Quagliata Quagliata,Deportivo,2.0,1,2026-09-25
mixto,6,Giacomo Quagliata Quagliata,Deportivo,3.0,1,2026-09-25
mixto,5,Giacomo Quagliata Quagliata,Deportivo,4.0,1,2026-09-25
mixto,4,Giacomo Quagliata Quagliata,Deportivo,3.0,1,2026-09-25
mixto,3,Giacomo Quagliata Quagliata,Deportivo,6.0,1,2026-09-25
mixto,2,Giacomo Quagliata Quagliata,Deportivo,4.0,1,2026-09-25
mixto,1,Giacomo Quagliata Quagliata,Deportivo,3.0,1,2026-09-25
mixto,7,Miguel Loureiro Loureiro,Deportivo,,0,2026-09-25
mixto,6,Miguel Loureiro Loureiro,Deportivo,4.0,1,2026-09-25
mixto,5,Miguel Loureiro Loureiro,Deportivo,,0,2026-09-25
mixto,4,Miguel Loureiro Loureiro,Deportivo,3.0,1,2026-09-25
mixto,3,Miguel Loureiro Loureiro,Deportivo,2.0,1,2026-09-25
mixto,2,Miguel Loureiro Loureiro,Deportivo,2.0,1,2026-09-25
mixto,1,Miguel Loureiro Loureiro,Deportivo,,0,2026-09-25
mixto,7,Lorenzo Amatucci Amatucci,Deportivo,,0,2026-09-25
mixto,6,Lorenzo Amatucci Amatucci,Deportivo,4.0,1,2026-09-25
mixto,5,Lorenzo Amatucci Amatucci,Deportivo,4.0,1,2026-09-25
mixto,4,Lorenzo Amatucci Amatucci,Deportivo,6.0,1,2026-09-25
mixto,3,Lorenzo Amatucci Amatucci,Deportivo,5.0,1,2026-09-25
mixto,2,Lorenzo Amatucci Amatucci,Deportivo,4.0,1,2026-09-25
mixto,1,Lorenzo Amatucci Amatucci,Deportivo,6.0,1,2026-09-25
mixto,7,Diego Villares Villares,Deportivo,9.0,1,2026-09-25
mixto,6,Diego Villares Villares,Deportivo,,0,2026-09-25
mixto,5,Diego Villares Villares,Deportivo,,0,2026-09-25
mixto,4,Diego Villares Villares,Deportivo,,0,2026-09-25
mixto,3,Diego Villares Villares,Deportivo,,0,2026-09-25
mixto,2,Diego Villares Villares,Deportivo,1.0,1,2026-09-25
mixto,1,Diego Villares Villares,Deportivo,2.0,1,2026-09-25
mixto,7,David Mella Mella,Deportivo,4.0,1,2026-09-25
mixto,6,David Mella Mella,Deportivo,,0,2026-09-25
mixto,5,David Mella Mella,Deportivo,,0,2026-09-25
mixto,4,David Mella Mella,Deportivo,,0,2026-09-25
mixto,3,David Mella Mella,Deportivo,,0,2026-09-25
mixto,2,David Mella Mella,Deportivo,2.0,1,2026-09-25
mixto,1,David Mella Mella,Deportivo,2.0,1,2026-09-25
mixto,7,Kevin Sánchez Kevin Sánchez,Deportivo,,0,2026-09-25
mixto,6,Kevin Sánchez Kevin Sánchez,Deportivo,,0,2026-09-25
mixto,5,Kevin Sánchez Kevin Sánchez,Deportivo,,0,2026-09-25
mixto,4,Kevin Sánchez Kevin Sánchez,Deportivo,,0,2026-09-25
mixto,3,Kevin Sánchez Kevin Sánchez,Deportivo,,0,2026-09-25
mixto,2,Kevin Sánchez Kevin Sánchez,Deportivo,,0,2026-09-25
mixto,1,Kevin Sánchez Kevin Sánchez,Deportivo,1.0,1,2026-09-25
mixto,7,Zakaria Eddahchouri Eddahchouri,Deportivo,,0,2026-09-25
mixto,6,Zakaria Eddahchouri Eddahchouri,Deportivo,1.0,1,2026-09-25
mixto,5,Zakaria Eddahchouri Eddahchouri,Deportivo,3.0,1,2026-09-25
mixto,4,Zakaria Eddahchouri Eddahchouri,Deportivo,9.0,1,2026-09-25
mixto,3,Zakaria Eddahchouri Eddahchouri,Deportivo,,0,2026-09-25
mixto,2,Zakaria Eddahchouri Eddahchouri,Deportivo,,0,2026-09-25
mixto,1,Zakaria Eddahchouri Eddahchouri,Deportivo,2.0,1,2026-09-25
mixto,7,Jonathan Asp Jensen Asp Jensen,Deportivo,2.0,1,2026-09-25
mixto,6,Jonathan Asp Jensen Asp Jensen,Deportivo,3.0,1,2026-09-25
mixto,5,Jonathan Asp Jensen Asp Jensen,Deportivo,,0,2026-09-25
mixto,4,Jonathan Asp Jensen Asp Jensen,Deportivo,,0,2026-09-25
mixto,3,Jonathan Asp Jensen Asp Jensen,Deportivo,2.0,1,2026-09-25
mixto,2,Jonathan Asp Jensen Asp Jensen,Deportivo,2.0,1,2026-09-25
mixto,1,Jonathan Asp Jensen Asp Jensen,Deportivo,2.0,1,2026-09-25
mixto,7,Lucas Noubi Noubi,Deportivo,,0,2026-09-25
mixto,6,Lucas Noubi Noubi,Deportivo,,0,2026-09-25
mixto,5,Lucas Noubi Noubi,Deportivo,3.0,1,2026-09-25
mixto,4,Lucas Noubi Noubi,Deportivo,3.0,1,2026-09-25
mixto,3,Lucas Noubi Noubi,Deportivo,5.0,1,2026-09-25
mixto,2,Lucas Noubi Noubi,Deportivo,0.0,1,2026-09-25
mixto,1,Lucas Noubi Noubi,Deportivo,2.0,1,2026-09-25
mixto,7,Bil Nsongo Bil Nsongo,Deportivo,4.0,1,2026-09-25
mixto,6,Bil Nsongo Bil Nsongo,Deportivo,4.0,1,2026-09-25
mixto,5,Bil Nsongo Bil Nsongo,Deportivo,2.0,1,2026-09-25
mixto,4,Bil Nsongo Bil Nsongo,Deportivo,5.0,1,2026-09-25
mixto,3,Bil Nsongo Bil Nsongo,Deportivo,8.0,1,2026-09-25
mixto,2,Bil Nsongo Bil Nsongo,Deportivo,1.0,1,2026-09-25
mixto,1,Bil Nsongo Bil Nsongo,Deportivo,4.0,1,2026-09-25
mixto,7,Teun Gijselhart Gijselhart,Deportivo,,0,2026-09-25
mixto,6,Teun Gijselhart Gijselhart,Deportivo,,0,2026-09-25
mixto,5,Teun Gijselhart Gijselhart,Deportivo,,0,2026-09-25
mixto,4,Teun Gijselhart Gijselhart,Deportivo,2.0,1,2026-09-25
mixto,3,Teun Gijselhart Gijselhart,Deportivo,,0,2026-09-25
mixto,2,Teun Gijselhart Gijselhart,Deportivo,,0,2026-09-25
mixto,7,Bright Ede Ede,Deportivo,4.0,1,2026-09-25
mixto,6,Bright Ede Ede,Deportivo,,0,2026-09-25
mixto,5,Bright Ede Ede,Deportivo,,0,2026-09-25
mixto,4,Bright Ede Ede,Deportivo,,0,2026-09-25
mixto,3,Bright Ede Ede,Deportivo,0.0,1,2026-09-25
mixto,2,Bright Ede Ede,Deportivo,2.0,1,2026-09-25
mixto,1,Bright Ede Ede,Deportivo,5.0,1,2026-09-25
mixto,7,José María Giménez Giménez,Deportivo,5.0,1,2026-09-25
mixto,6,José María Giménez Giménez,Deportivo,1.0,1,2026-09-25
mixto,5,José María Giménez Giménez,Deportivo,3.0,1,2026-09-25
mixto,4,José María Giménez Giménez,Deportivo,6.0,1,2026-09-25
mixto,3,José María Giménez Giménez,Deportivo,2.0,1,2026-09-25
mixto,2,José María Giménez Giménez,Deportivo,3.0,1,2026-09-25
mixto,1,José María Giménez Giménez,Deportivo,,0,2026-09-25
mixto,7,Yeremay Hernández Yeremay,Deportivo,2.0,1,2026-09-25
mixto,6,Yeremay Hernández Yeremay,Deportivo,2.0,1,2026-09-25
mixto,5,Yeremay Hernández Yeremay,Deportivo,3.0,1,2026-09-25
mixto,4,Yeremay Hernández Yeremay,Deportivo,4.0,1,2026-09-25
mixto,3,Yeremay Hernández Yeremay,Deportivo,3.0,1,2026-09-25
mixto,2,Yeremay Hernández Yeremay,Deportivo,2.0,1,2026-09-25
mixto,1,Yeremay Hernández Yeremay,Deportivo,,0,2026-09-25
mixto,7,Adama Traoré A. Traoré,Deportivo,2.0,1,2026-09-25
mixto,6,Adama Traoré A. Traoré,Deportivo,3.0,1,2026-09-25
mixto,5,Adama Traoré A. Traoré,Deportivo,2.0,1,2026-09-25
mixto,4,Adama Traoré A. Traoré,Deportivo,1.0,1,2026-09-25
mixto,3,Adama Traoré A. Traoré,Deportivo,,0,2026-09-25
mixto,7,Marc Casadó Casadó,Deportivo,2.0,1,2026-09-25
mixto,6,Marc Casadó Casadó,Deportivo,,0,2026-09-25
mixto,5,Marc Casadó Casadó,Deportivo,3.0,1,2026-09-25
mixto,4,Marc Casadó Casadó,Deportivo,3.0,1,2026-09-25
mixto,3,Marc Casadó Casadó,Deportivo,,0,2026-09-25
mixto,2,Marc Casadó Casadó,Deportivo,,0,2026-09-25
mixto,1,Marc Casadó Casadó,Deportivo,,0,2026-09-25
mixto,7,Dani Barcia Barcia,Deportivo,,0,2026-09-25
mixto,6,Dani Barcia Barcia,Deportivo,,0,2026-09-25
mixto,5,Dani Barcia Barcia,Deportivo,,0,2026-09-25
mixto,4,Dani Barcia Barcia,Deportivo,,0,2026-09-25
mixto,3,Dani Barcia Barcia,Deportivo,,0,2026-09-25
mixto,2,Dani Barcia Barcia,Deportivo,,0,2026-09-25
mixto,1,Dani Barcia Barcia,Deportivo,,0,2026-09-25
mixto,7,Pere Milla Pere Milla,Espanyol,1.0,1,2026-09-25
mixto,6,Pere Milla Pere Milla,Espanyol,,0,2026-09-25
mixto,5,Pere Milla Pere Milla,Espanyol,2.0,1,2026-09-25
mixto,4,Pere Milla Pere Milla,Espanyol,,0,2026-09-25
mixto,3,Pere Milla Pere Milla,Espanyol,1.0,1,2026-09-25
mixto,2,Pere Milla Pere Milla,Espanyol,2.0,1,2026-09-25
mixto,1,Pere Milla Pere Milla,Espanyol,2.0,1,2026-09-25
mixto,7,Edu Expósito Edu Expósito,Espanyol,4.0,1,2026-09-25
mixto,6,Edu Expósito Edu Expósito,Espanyol,5.0,1,2026-09-25
mixto,5,Edu Expósito Edu Expósito,Espanyol,5.0,1,2026-09-25
mixto,4,Edu Expósito Edu Expósito,Espanyol,4.0,1,2026-09-25
mixto,3,Edu Expósito Edu Expósito,Espanyol,4.0,1,2026-09-25
mixto,2,Edu Expósito Edu Expósito,Espanyol,6.0,1,2026-09-25
mixto,1,Edu Expósito Edu Expósito,Espanyol,5.0,1,2026-09-25
mixto,7,Marko Dmitrovic Dmitrovic,Espanyol,-1.0,1,2026-09-25
mixto,6,Marko Dmitrovic Dmitrovic,Espanyol,1.0,1,2026-09-25
mixto,5,Marko Dmitrovic Dmitrovic,Espanyol,6.0,1,2026-09-25
mixto,4,Marko Dmitrovic Dmitrovic,Espanyol,4.0,1,2026-09-25
mixto,3,Marko Dmitrovic Dmitrovic,Espanyol,8.0,1,2026-09-25
mixto,2,Marko Dmitrovic Dmitrovic,Espanyol,6.0,1,2026-09-25
mixto,1,Marko Dmitrovic Dmitrovic,Espanyol,3.0,1,2026-09-25
mixto,7,Unai Núñez U. Núñez,Espanyol,1.0,1,2026-09-25
mixto,6,Unai Núñez U. Núñez,Espanyol,,0,2026-09-25
mixto,5,Unai Núñez U. Núñez,Espanyol,,0,2026-09-25
mixto,4,Unai Núñez U. Núñez,Espanyol,2.0,1,2026-09-25
mixto,3,Unai Núñez U. Núñez,Espanyol,3.0,1,2026-09-25
mixto,2,Unai Núñez U. Núñez,Espanyol,2.0,1,2026-09-25
mixto,1,Unai Núñez U. Núñez,Espanyol,4.0,1,2026-09-25
mixto,7,Pol Lozano Lozano,Espanyol,,0,2026-09-25
mixto,6,Pol Lozano Lozano,Espanyol,1.0,1,2026-09-25
mixto,5,Pol Lozano Lozano,Espanyol,,0,2026-09-25
mixto,4,Pol Lozano Lozano,Espanyol,,0,2026-09-25
mixto,3,Pol Lozano Lozano,Espanyol,,0,2026-09-25
mixto,2,Pol Lozano Lozano,Espanyol,2.0,1,2026-09-25
mixto,1,Pol Lozano Lozano,Espanyol,3.0,1,2026-09-25
mixto,7,Urko González de Zarate Urko,Espanyol,0.0,1,2026-09-25
mixto,6,Urko González de Zarate Urko,Espanyol,1.0,1,2026-09-25
mixto,5,Urko González de Zarate Urko,Espanyol,3.0,1,2026-09-25
mixto,4,Urko González de Zarate Urko,Espanyol,3.0,1,2026-09-25
mixto,3,Urko González de Zarate Urko,Espanyol,2.0,1,2026-09-25
mixto,2,Urko González de Zarate Urko,Espanyol,2.0,1,2026-09-25
mixto,1,Urko González de Zarate Urko,Espanyol,6.0,1,2026-09-25
mixto,7,Jofre Carreras Jofre,Espanyol,,0,2026-09-25
mixto,6,Jofre Carreras Jofre,Espanyol,,0,2026-09-25
mixto,5,Jofre Carreras Jofre,Espanyol,,0,2026-09-25
mixto,4,Jofre Carreras Jofre,Espanyol,,0,2026-09-25
mixto,3,Jofre Carreras Jofre,Espanyol,1.0,1,2026-09-25
mixto,2,Jofre Carreras Jofre,Espanyol,0.0,1,2026-09-25
mixto,1,Jofre Carreras Jofre,Espanyol,1.0,1,2026-09-25
mixto,7,Roberto Fernández Roberto,Espanyol,2.0,1,2026-09-25
mixto,6,Roberto Fernández Roberto,Espanyol,10.0,1,2026-09-25
mixto,5,Roberto Fernández Roberto,Espanyol,15.0,1,2026-09-25
mixto,4,Roberto Fernández Roberto,Espanyol,3.0,1,2026-09-25
mixto,3,Roberto Fernández Roberto,Espanyol,9.0,1,2026-09-25
mixto,2,Roberto Fernández Roberto,Espanyol,4.0,1,2026-09-25
mixto,1,Roberto Fernández Roberto,Espanyol,16.0,1,2026-09-25
mixto,7,Ángel Fortuño Fortuño,Espanyol,,0,2026-09-25
mixto,6,Ángel Fortuño Fortuño,Espanyol,,0,2026-09-25
mixto,5,Ángel Fortuño Fortuño,Espanyol,,0,2026-09-25
mixto,4,Ángel Fortuño Fortuño,Espanyol,,0,2026-09-25
mixto,3,Ángel Fortuño Fortuño,Espanyol,,0,2026-09-25
mixto,2,Ángel Fortuño Fortuño,Espanyol,,0,2026-09-25
mixto,1,Ángel Fortuño Fortuño,Espanyol,,0,2026-09-25
mixto,7,Omar El Hilali El Hilali,Espanyol,,0,2026-09-25
mixto,6,Omar El Hilali El Hilali,Espanyol,-4.0,1,2026-09-25
mixto,5,Omar El Hilali El Hilali,Espanyol,8.0,1,2026-09-25
mixto,4,Omar El Hilali El Hilali,Espanyol,3.0,1,2026-09-25
mixto,3,Omar El Hilali El Hilali,Espanyol,5.0,1,2026-09-25
mixto,2,Omar El Hilali El Hilali,Espanyol,4.0,1,2026-09-25
mixto,1,Omar El Hilali El Hilali,Espanyol,2.0,1,2026-09-25
mixto,7,Marcos Fernández Marcos,Espanyol,5.0,1,2026-09-25
mixto,6,Marcos Fernández Marcos,Espanyol,5.0,1,2026-09-25
mixto,5,Marcos Fernández Marcos,Espanyol,6.0,1,2026-09-25
mixto,4,Marcos Fernández Marcos,Espanyol,9.0,1,2026-09-25
mixto,3,Marcos Fernández Marcos,Espanyol,2.0,1,2026-09-25
mixto,2,Marcos Fernández Marcos,Espanyol,,0,2026-09-25
mixto,1,Marcos Fernández Marcos,Espanyol,2.0,1,2026-09-25
mixto,7,Quilindschy Hartman Hartman,Espanyol,1.0,1,2026-09-25
mixto,6,Quilindschy Hartman Hartman,Espanyol,2.0,1,2026-09-25
mixto,5,Quilindschy Hartman Hartman,Espanyol,,0,2026-09-25
mixto,4,Quilindschy Hartman Hartman,Espanyol,2.0,1,2026-09-25
mixto,3,Quilindschy Hartman Hartman,Espanyol,,0,2026-09-25
mixto,2,Quilindschy Hartman Hartman,Espanyol,,0,2026-09-25
mixto,1,Quilindschy Hartman Hartman,Espanyol,,0,2026-09-25
mixto,7,Álex Calatrava Calatrava,Espanyol,0.0,1,2026-09-25
mixto,6,Álex Calatrava Calatrava,Espanyol,2.0,1,2026-09-25
mixto,5,Álex Calatrava Calatrava,Espanyol,2.0,1,2026-09-25
mixto,4,Álex Calatrava Calatrava,Espanyol,3.0,1,2026-09-25
mixto,3,Álex Calatrava Calatrava,Espanyol,1.0,1,2026-09-25
mixto,2,Álex Calatrava Calatrava,Espanyol,10.0,1,2026-09-25
mixto,1,Álex Calatrava Calatrava,Espanyol,5.0,1,2026-09-25
mixto,7,Llorenç Serred Serred,Espanyol,,0,2026-09-25
mixto,6,Llorenç Serred Serred,Espanyol,,0,2026-09-25
mixto,5,Llorenç Serred Serred,Espanyol,,0,2026-09-25
mixto,4,Llorenç Serred Serred,Espanyol,,0,2026-09-25
mixto,3,Llorenç Serred Serred,Espanyol,,0,2026-09-25
mixto,2,Llorenç Serred Serred,Espanyol,,0,2026-09-25
mixto,1,Llorenç Serred Serred,Espanyol,,0,2026-09-25
mixto,7,Rafel Bauzà Bauzà,Espanyol,,0,2026-09-25
mixto,6,Rafel Bauzà Bauzà,Espanyol,-1.0,1,2026-09-25
mixto,5,Rafel Bauzà Bauzà,Espanyol,,0,2026-09-25
mixto,4,Rafel Bauzà Bauzà,Espanyol,,0,2026-09-25
mixto,3,Rafel Bauzà Bauzà,Espanyol,2.0,1,2026-09-25
mixto,2,Rafel Bauzà Bauzà,Espanyol,2.0,1,2026-09-25
mixto,1,Rafel Bauzà Bauzà,Espanyol,3.0,1,2026-09-25
mixto,7,Vanja Drkusic Drkusic,Espanyol,,0,2026-09-25
mixto,6,Vanja Drkusic Drkusic,Espanyol,,0,2026-09-25
mixto,5,Vanja Drkusic Drkusic,Espanyol,1.0,1,2026-09-25
mixto,4,Vanja Drkusic Drkusic,Espanyol,,0,2026-09-25
mixto,3,Vanja Drkusic Drkusic,Espanyol,3.0,1,2026-09-25
mixto,2,Vanja Drkusic Drkusic,Espanyol,2.0,1,2026-09-25
mixto,1,Vanja Drkusic Drkusic,Espanyol,,0,2026-09-25
mixto,7,Javier Hernández Javier Hernández,Espanyol,0.0,1,2026-09-25
mixto,6,Javier Hernández Javier Hernández,Espanyol,0.0,1,2026-09-25
mixto,5,Javier Hernández Javier Hernández,Espanyol,0.0,1,2026-09-25
mixto,4,Javier Hernández Javier Hernández,Espanyol,0.0,1,2026-09-25
mixto,3,Javier Hernández Javier Hernández,Espanyol,0.0,1,2026-09-25
mixto,2,Javier Hernández Javier Hernández,Espanyol,0.0,1,2026-09-25
mixto,1,Javier Hernández Javier Hernández,Espanyol,0.0,1,2026-09-25
mixto,7,José Ángel López José Ángel,Espanyol,1.0,1,2026-09-25
mixto,6,José Ángel López José Ángel,Espanyol,,0,2026-09-25
mixto,5,José Ángel López José Ángel,Espanyol,,0,2026-09-25
mixto,4,José Ángel López José Ángel,Espanyol,,0,2026-09-25
mixto,3,José Ángel López José Ángel,Espanyol,,0,2026-09-25
mixto,2,José Ángel López José Ángel,Espanyol,,0,2026-09-25
mixto,1,José Ángel López José Ángel,Espanyol,,0,2026-09-25
mixto,7,Roger Hinojo Hinojo,Espanyol,1.0,1,2026-09-25
mixto,6,Roger Hinojo Hinojo,Espanyol,2.0,1,2026-09-25
mixto,5,Roger Hinojo Hinojo,Espanyol,3.0,1,2026-09-25
mixto,4,Roger Hinojo Hinojo,Espanyol,2.0,1,2026-09-25
mixto,3,Roger Hinojo Hinojo,Espanyol,4.0,1,2026-09-25
mixto,2,Roger Hinojo Hinojo,Espanyol,3.0,1,2026-09-25
mixto,1,Roger Hinojo Hinojo,Espanyol,6.0,1,2026-09-25
mixto,7,Gabriel Moscardo Moscardo,Espanyol,,0,2026-09-25
mixto,6,Gabriel Moscardo Moscardo,Espanyol,-2.0,1,2026-09-25
mixto,5,Gabriel Moscardo Moscardo,Espanyol,3.0,1,2026-09-25
mixto,4,Gabriel Moscardo Moscardo,Espanyol,4.0,1,2026-09-25
mixto,3,Gabriel Moscardo Moscardo,Espanyol,3.0,1,2026-09-25
mixto,2,Gabriel Moscardo Moscardo,Espanyol,,0,2026-09-25
mixto,1,Gabriel Moscardo Moscardo,Espanyol,,0,2026-09-25
mixto,7,Tyrhys Dolan Dolan,Espanyol,1.0,1,2026-09-25
mixto,6,Tyrhys Dolan Dolan,Espanyol,,0,2026-09-25
mixto,5,Tyrhys Dolan Dolan,Espanyol,2.0,1,2026-09-25
mixto,4,Tyrhys Dolan Dolan,Espanyol,4.0,1,2026-09-25
mixto,3,Tyrhys Dolan Dolan,Espanyol,2.0,1,2026-09-25
mixto,2,Tyrhys Dolan Dolan,Espanyol,2.0,1,2026-09-25
mixto,1,Tyrhys Dolan Dolan,Espanyol,10.0,1,2026-09-25
mixto,7,Clemens Riedel Riedel,Espanyol,1.0,1,2026-09-25
mixto,6,Clemens Riedel Riedel,Espanyol,2.0,1,2026-09-25
mixto,5,Clemens Riedel Riedel,Espanyol,2.0,1,2026-09-25
mixto,4,Clemens Riedel Riedel,Espanyol,2.0,1,2026-09-25
mixto,3,Clemens Riedel Riedel,Espanyol,,0,2026-09-25
mixto,2,Clemens Riedel Riedel,Espanyol,4.0,1,2026-09-25
mixto,1,Clemens Riedel Riedel,Espanyol,2.0,1,2026-09-25
mixto,7,Adama Timera Timera,Espanyol,,0,2026-09-25
mixto,6,Adama Timera Timera,Espanyol,,0,2026-09-25
mixto,5,Adama Timera Timera,Espanyol,,0,2026-09-25
mixto,4,Adama Timera Timera,Espanyol,,0,2026-09-25
mixto,3,Adama Timera Timera,Espanyol,,0,2026-09-25
mixto,2,Adama Timera Timera,Espanyol,,0,2026-09-25
mixto,1,Adama Timera Timera,Espanyol,,0,2026-09-25
mixto,7,Leandro Cabrera Cabrera,Espanyol,-1.0,1,2026-09-25
mixto,6,Leandro Cabrera Cabrera,Espanyol,2.0,1,2026-09-25
mixto,5,Leandro Cabrera Cabrera,Espanyol,4.0,1,2026-09-25
mixto,4,Leandro Cabrera Cabrera,Espanyol,3.0,1,2026-09-25
mixto,3,Leandro Cabrera Cabrera,Espanyol,,0,2026-09-25
mixto,2,Leandro Cabrera Cabrera,Espanyol,,0,2026-09-25
mixto,1,Leandro Cabrera Cabrera,Espanyol,,0,2026-09-25
mixto,7,Bryan Zaragoza Bryan,Espanyol,1.0,1,2026-09-25
mixto,6,Bryan Zaragoza Bryan,Espanyol,5.0,1,2026-09-25
mixto,5,Bryan Zaragoza Bryan,Espanyol,2.0,1,2026-09-25
mixto,4,Bryan Zaragoza Bryan,Espanyol,3.0,1,2026-09-25
mixto,3,Bryan Zaragoza Bryan,Espanyol,,0,2026-09-25
mixto,7,Andoni Gorosabel Gorosabel,Espanyol,,0,2026-09-25
mixto,6,Andoni Gorosabel Gorosabel,Espanyol,,0,2026-09-25
mixto,5,Andoni Gorosabel Gorosabel,Espanyol,,0,2026-09-25
mixto,4,Andoni Gorosabel Gorosabel,Espanyol,,0,2026-09-25
mixto,3,Andoni Gorosabel Gorosabel,Espanyol,,0,2026-09-25
mixto,2,Andoni Gorosabel Gorosabel,Espanyol,,0,2026-09-25
mixto,1,Andoni Gorosabel Gorosabel,Espanyol,,0,2026-09-25
mixto,7,Víctor Mullerat Mullerat,Espanyol,,0,2026-09-25
mixto,6,Víctor Mullerat Mullerat,Espanyol,,0,2026-09-25
mixto,5,Víctor Mullerat Mullerat,Espanyol,,0,2026-09-25
mixto,4,Víctor Mullerat Mullerat,Espanyol,,0,2026-09-25
mixto,3,Víctor Mullerat Mullerat,Espanyol,,0,2026-09-25
mixto,2,Víctor Mullerat Mullerat,Espanyol,,0,2026-09-25
mixto,1,Víctor Mullerat Mullerat,Espanyol,,0,2026-09-25
mixto,7,Johan Mojica Mojica,Getafe,5.0,1,2026-09-25
mixto,6,Johan Mojica Mojica,Getafe,2.0,1,2026-09-25
mixto,5,Johan Mojica Mojica,Getafe,3.0,1,2026-09-25
mixto,4,Johan Mojica Mojica,Getafe,5.0,1,2026-09-25
mixto,3,Johan Mojica Mojica,Getafe,3.0,1,2026-09-25
mixto,2,Johan Mojica Mojica,Getafe,5.0,1,2026-09-25
mixto,1,Johan Mojica Mojica,Getafe,,0,2026-09-25
mixto,7,David Soria Soria,Getafe,6.0,1,2026-09-25
mixto,6,David Soria Soria,Getafe,9.0,1,2026-09-25
mixto,5,David Soria Soria,Getafe,6.0,1,2026-09-25
mixto,4,David Soria Soria,Getafe,5.0,1,2026-09-25
mixto,3,David Soria Soria,Getafe,3.0,1,2026-09-25
mixto,2,David Soria Soria,Getafe,10.0,1,2026-09-25
mixto,1,David Soria Soria,Getafe,4.0,1,2026-09-25
mixto,7,Borja Mayoral Mayoral,Getafe,,0,2026-09-25
mixto,6,Borja Mayoral Mayoral,Getafe,,0,2026-09-25
mixto,5,Borja Mayoral Mayoral,Getafe,,0,2026-09-25
mixto,4,Borja Mayoral Mayoral,Getafe,,0,2026-09-25
mixto,3,Borja Mayoral Mayoral,Getafe,1.0,1,2026-09-25
mixto,2,Borja Mayoral Mayoral,Getafe,0.0,1,2026-09-25
mixto,1,Borja Mayoral Mayoral,Getafe,,0,2026-09-25
mixto,7,Kiko Femenia Femenia,Getafe,,0,2026-09-25
mixto,6,Kiko Femenia Femenia,Getafe,,0,2026-09-25
mixto,5,Kiko Femenia Femenia,Getafe,,0,2026-09-25
mixto,4,Kiko Femenia Femenia,Getafe,1.0,1,2026-09-25
mixto,3,Kiko Femenia Femenia,Getafe,4.0,1,2026-09-25
mixto,2,Kiko Femenia Femenia,Getafe,,0,2026-09-25
mixto,1,Kiko Femenia Femenia,Getafe,-8.0,1,2026-09-25
mixto,7,Enes Ünal Enes Ünal,Getafe,3.0,1,2026-09-25
mixto,6,Enes Ünal Enes Ünal,Getafe,2.0,1,2026-09-25
mixto,5,Enes Ünal Enes Ünal,Getafe,2.0,1,2026-09-25
mixto,4,Enes Ünal Enes Ünal,Getafe,3.0,1,2026-09-25
mixto,3,Enes Ünal Enes Ünal,Getafe,2.0,1,2026-09-25
mixto,2,Enes Ünal Enes Ünal,Getafe,10.0,1,2026-09-25
mixto,1,Enes Ünal Enes Ünal,Getafe,2.0,1,2026-09-25
mixto,7,Dakonam Djené Djené,Getafe,5.0,1,2026-09-25
mixto,6,Dakonam Djené Djené,Getafe,3.0,1,2026-09-25
mixto,5,Dakonam Djené Djené,Getafe,4.0,1,2026-09-25
mixto,4,Dakonam Djené Djené,Getafe,3.0,1,2026-09-25
mixto,3,Dakonam Djené Djené,Getafe,-2.0,1,2026-09-25
mixto,2,Dakonam Djené Djené,Getafe,4.0,1,2026-09-25
mixto,1,Dakonam Djené Djené,Getafe,2.0,1,2026-09-25
mixto,7,Abdel Abqar Abqar,Getafe,,0,2026-09-25
mixto,6,Abdel Abqar Abqar,Getafe,,0,2026-09-25
mixto,5,Abdel Abqar Abqar,Getafe,,0,2026-09-25
mixto,4,Abdel Abqar Abqar,Getafe,,0,2026-09-25
mixto,3,Abdel Abqar Abqar,Getafe,,0,2026-09-25
mixto,2,Abdel Abqar Abqar,Getafe,0.0,1,2026-09-25
mixto,1,Abdel Abqar Abqar,Getafe,2.0,1,2026-09-25
mixto,7,Martín Satriano Satriano,Getafe,6.0,1,2026-09-25
mixto,6,Martín Satriano Satriano,Getafe,1.0,1,2026-09-25
mixto,5,Martín Satriano Satriano,Getafe,4.0,1,2026-09-25
mixto,4,Martín Satriano Satriano,Getafe,10.0,1,2026-09-25
mixto,3,Martín Satriano Satriano,Getafe,2.0,1,2026-09-25
mixto,2,Martín Satriano Satriano,Getafe,4.0,1,2026-09-25
mixto,1,Martín Satriano Satriano,Getafe,2.0,1,2026-09-25
mixto,7,Ramón Terrats Terrats,Getafe,7.0,1,2026-09-25
mixto,6,Ramón Terrats Terrats,Getafe,,0,2026-09-25
mixto,5,Ramón Terrats Terrats,Getafe,10.0,1,2026-09-25
mixto,4,Ramón Terrats Terrats,Getafe,3.0,1,2026-09-25
mixto,3,Ramón Terrats Terrats,Getafe,5.0,1,2026-09-25
mixto,2,Ramón Terrats Terrats,Getafe,6.0,1,2026-09-25
mixto,1,Ramón Terrats Terrats,Getafe,4.0,1,2026-09-25
mixto,7,Orel Mangala Mangala,Getafe,2.0,1,2026-09-25
mixto,6,Orel Mangala Mangala,Getafe,3.0,1,2026-09-25
mixto,5,Orel Mangala Mangala,Getafe,2.0,1,2026-09-25
mixto,4,Orel Mangala Mangala,Getafe,2.0,1,2026-09-25
mixto,3,Orel Mangala Mangala,Getafe,4.0,1,2026-09-25
mixto,2,Orel Mangala Mangala,Getafe,2.0,1,2026-09-25
mixto,1,Orel Mangala Mangala,Getafe,3.0,1,2026-09-25
mixto,7,Mario Martín Mario Martín,Getafe,,0,2026-09-25
mixto,6,Mario Martín Mario Martín,Getafe,-1.0,1,2026-09-25
mixto,5,Mario Martín Mario Martín,Getafe,2.0,1,2026-09-25
mixto,4,Mario Martín Mario Martín,Getafe,2.0,1,2026-09-25
mixto,3,Mario Martín Mario Martín,Getafe,,0,2026-09-25
mixto,2,Mario Martín Mario Martín,Getafe,,0,2026-09-25
mixto,1,Mario Martín Mario Martín,Getafe,3.0,1,2026-09-25
mixto,7,Saba Sazonov Sazonov,Getafe,1.0,1,2026-09-25
mixto,6,Saba Sazonov Sazonov,Getafe,,0,2026-09-25
mixto,5,Saba Sazonov Sazonov,Getafe,0.0,1,2026-09-25
mixto,4,Saba Sazonov Sazonov,Getafe,,0,2026-09-25
mixto,3,Saba Sazonov Sazonov,Getafe,,0,2026-09-25
mixto,2,Saba Sazonov Sazonov,Getafe,1.0,1,2026-09-25
mixto,1,Saba Sazonov Sazonov,Getafe,2.0,1,2026-09-25
mixto,7,Andrés García Andrés García,Getafe,3.0,1,2026-09-25
mixto,6,Andrés García Andrés García,Getafe,2.0,1,2026-09-25
mixto,5,Andrés García Andrés García,Getafe,,0,2026-09-25
mixto,4,Andrés García Andrés García,Getafe,5.0,1,2026-09-25
mixto,3,Andrés García Andrés García,Getafe,3.0,1,2026-09-25
mixto,2,Andrés García Andrés García,Getafe,8.0,1,2026-09-25
mixto,1,Andrés García Andrés García,Getafe,2.0,1,2026-09-25
mixto,7,Alberto Risco Risco,Getafe,,0,2026-09-25
mixto,6,Alberto Risco Risco,Getafe,1.0,1,2026-09-25
mixto,5,Alberto Risco Risco,Getafe,,0,2026-09-25
mixto,4,Alberto Risco Risco,Getafe,,0,2026-09-25
mixto,3,Alberto Risco Risco,Getafe,2.0,1,2026-09-25
mixto,2,Alberto Risco Risco,Getafe,0.0,1,2026-09-25
mixto,1,Alberto Risco Risco,Getafe,2.0,1,2026-09-25
mixto,7,Diego Ferrer Ferrer,Getafe,,0,2026-09-25
mixto,6,Diego Ferrer Ferrer,Getafe,,0,2026-09-25
mixto,5,Diego Ferrer Ferrer,Getafe,,0,2026-09-25
mixto,4,Diego Ferrer Ferrer,Getafe,,0,2026-09-25
mixto,3,Diego Ferrer Ferrer,Getafe,,0,2026-09-25
mixto,2,Diego Ferrer Ferrer,Getafe,,0,2026-09-25
mixto,1,Diego Ferrer Ferrer,Getafe,,0,2026-09-25
mixto,7,Jiri Letácek Letácek,Getafe,,0,2026-09-25
mixto,6,Jiri Letácek Letácek,Getafe,,0,2026-09-25
mixto,5,Jiri Letácek Letácek,Getafe,,0,2026-09-25
mixto,4,Jiri Letácek Letácek,Getafe,,0,2026-09-25
mixto,3,Jiri Letácek Letácek,Getafe,,0,2026-09-25
mixto,2,Jiri Letácek Letácek,Getafe,,0,2026-09-25
mixto,1,Jiri Letácek Letácek,Getafe,,0,2026-09-25
mixto,7,Zaid Romero Romero,Getafe,5.0,1,2026-09-25
mixto,6,Zaid Romero Romero,Getafe,5.0,1,2026-09-25
mixto,5,Zaid Romero Romero,Getafe,,0,2026-09-25
mixto,4,Zaid Romero Romero,Getafe,-4.0,1,2026-09-25
mixto,3,Zaid Romero Romero,Getafe,3.0,1,2026-09-25
mixto,2,Zaid Romero Romero,Getafe,4.0,1,2026-09-25
mixto,1,Zaid Romero Romero,Getafe,2.0,1,2026-09-25
mixto,7,Jean Ives Valou Valou,Getafe,,0,2026-09-25
mixto,6,Jean Ives Valou Valou,Getafe,,0,2026-09-25
mixto,5,Jean Ives Valou Valou,Getafe,,0,2026-09-25
mixto,4,Jean Ives Valou Valou,Getafe,,0,2026-09-25
mixto,3,Jean Ives Valou Valou,Getafe,,0,2026-09-25
mixto,2,Jean Ives Valou Valou,Getafe,,0,2026-09-25
mixto,1,Jean Ives Valou Valou,Getafe,1.0,1,2026-09-25
mixto,7,Davinchi Davinchi,Getafe,0.0,1,2026-09-25
mixto,6,Davinchi Davinchi,Getafe,2.0,1,2026-09-25
mixto,5,Davinchi Davinchi,Getafe,1.0,1,2026-09-25
mixto,4,Davinchi Davinchi,Getafe,,0,2026-09-25
mixto,3,Davinchi Davinchi,Getafe,,0,2026-09-25
mixto,2,Davinchi Davinchi,Getafe,,0,2026-09-25
mixto,1,Davinchi Davinchi,Getafe,0.0,1,2026-09-25
mixto,7,Sebastián Boselli Boselli,Getafe,,0,2026-09-25
mixto,6,Sebastián Boselli Boselli,Getafe,2.0,1,2026-09-25
mixto,5,Sebastián Boselli Boselli,Getafe,2.0,1,2026-09-25
mixto,4,Sebastián Boselli Boselli,Getafe,1.0,1,2026-09-25
mixto,3,Sebastián Boselli Boselli,Getafe,,0,2026-09-25
mixto,2,Sebastián Boselli Boselli,Getafe,1.0,1,2026-09-25
mixto,1,Sebastián Boselli Boselli,Getafe,1.0,1,2026-09-25
mixto,7,Ebrahima Drammeh Drammeh,Getafe,,0,2026-09-25
mixto,6,Ebrahima Drammeh Drammeh,Getafe,,0,2026-09-25
mixto,5,Ebrahima Drammeh Drammeh,Getafe,,0,2026-09-25
mixto,4,Ebrahima Drammeh Drammeh,Getafe,,0,2026-09-25
mixto,3,Ebrahima Drammeh Drammeh,Getafe,,0,2026-09-25
mixto,2,Ebrahima Drammeh Drammeh,Getafe,,0,2026-09-25
mixto,1,Ebrahima Drammeh Drammeh,Getafe,,0,2026-09-25
mixto,7,Francho Serrano Francho,Getafe,3.0,1,2026-09-25
mixto,6,Francho Serrano Francho,Getafe,2.0,1,2026-09-25
mixto,5,Francho Serrano Francho,Getafe,1.0,1,2026-09-25
mixto,4,Francho Serrano Francho,Getafe,,0,2026-09-25
mixto,3,Francho Serrano Francho,Getafe,1.0,1,2026-09-25
mixto,2,Francho Serrano Francho,Getafe,2.0,1,2026-09-25
mixto,7,Curro Burgos Curro,Getafe,,0,2026-09-25
mixto,6,Curro Burgos Curro,Getafe,,0,2026-09-25
mixto,5,Curro Burgos Curro,Getafe,,0,2026-09-25
mixto,4,Curro Burgos Curro,Getafe,,0,2026-09-25
mixto,3,Curro Burgos Curro,Getafe,,0,2026-09-25
mixto,2,Curro Burgos Curro,Getafe,,0,2026-09-25
mixto,1,Curro Burgos Curro,Getafe,,0,2026-09-25
mixto,7,Óscar López Óscar López,Getafe,,0,2026-09-25
mixto,6,Óscar López Óscar López,Getafe,1.0,1,2026-09-25
mixto,5,Óscar López Óscar López,Getafe,,0,2026-09-25
mixto,4,Óscar López Óscar López,Getafe,0.0,1,2026-09-25
mixto,3,Óscar López Óscar López,Getafe,,0,2026-09-25
mixto,2,Óscar López Óscar López,Getafe,,0,2026-09-25
mixto,1,Óscar López Óscar López,Getafe,,0,2026-09-25
mixto,7,Nemanja Gudelj Gudelj,Getafe,3.0,1,2026-09-25
mixto,6,Nemanja Gudelj Gudelj,Getafe,0.0,1,2026-09-25
mixto,5,Nemanja Gudelj Gudelj,Getafe,2.0,1,2026-09-25
mixto,4,Nemanja Gudelj Gudelj,Getafe,4.0,1,2026-09-25
mixto,3,Nemanja Gudelj Gudelj,Getafe,2.0,1,2026-09-25
mixto,7,Joselu Pérez Joselu,Getafe,,0,2026-09-25
mixto,6,Joselu Pérez Joselu,Getafe,,0,2026-09-25
mixto,5,Joselu Pérez Joselu,Getafe,1.0,1,2026-09-25
mixto,4,Joselu Pérez Joselu,Getafe,,0,2026-09-25
mixto,3,Joselu Pérez Joselu,Getafe,,0,2026-09-25
mixto,2,Joselu Pérez Joselu,Getafe,,0,2026-09-25
mixto,1,Joselu Pérez Joselu,Getafe,,0,2026-09-25
mixto,7,Moha Hamdoune Moha,Getafe,,0,2026-09-25
mixto,6,Moha Hamdoune Moha,Getafe,,0,2026-09-25
mixto,5,Moha Hamdoune Moha,Getafe,,0,2026-09-25
mixto,4,Moha Hamdoune Moha,Getafe,,0,2026-09-25
mixto,3,Moha Hamdoune Moha,Getafe,,0,2026-09-25
mixto,2,Moha Hamdoune Moha,Getafe,,0,2026-09-25
mixto,1,Moha Hamdoune Moha,Getafe,,0,2026-09-25
mixto,7,Iván Azón Iván Azón,Getafe,10.0,1,2026-09-25
mixto,6,Iván Azón Iván Azón,Getafe,6.0,1,2026-09-25
mixto,5,Iván Azón Iván Azón,Getafe,5.0,1,2026-09-25
mixto,4,Iván Azón Iván Azón,Getafe,1.0,1,2026-09-25
mixto,7,Moha Achraf Moha Achraf,Getafe,,0,2026-09-25
mixto,6,Moha Achraf Moha Achraf,Getafe,,0,2026-09-25
mixto,5,Moha Achraf Moha Achraf,Getafe,,0,2026-09-25
mixto,4,Moha Achraf Moha Achraf,Getafe,,0,2026-09-25
mixto,3,Moha Achraf Moha Achraf,Getafe,,0,2026-09-25
mixto,2,Moha Achraf Moha Achraf,Getafe,,0,2026-09-25
mixto,1,Moha Achraf Moha Achraf,Getafe,,0,2026-09-25
mixto,7,Aissa Mandi Mandi,Levante,2.0,1,2026-09-25
mixto,5,Aissa Mandi Mandi,Levante,2.0,1,2026-09-25
mixto,4,Aissa Mandi Mandi,Levante,4.0,1,2026-09-25
mixto,3,Aissa Mandi Mandi,Levante,4.0,1,2026-09-25
mixto,2,Aissa Mandi Mandi,Levante,6.0,1,2026-09-25
mixto,1,Aissa Mandi Mandi,Levante,3.0,1,2026-09-25
mixto,7,Mathew Ryan Ryan,Levante,6.0,1,2026-09-25
mixto,5,Mathew Ryan Ryan,Levante,1.0,1,2026-09-25
mixto,4,Mathew Ryan Ryan,Levante,6.0,1,2026-09-25
mixto,3,Mathew Ryan Ryan,Levante,4.0,1,2026-09-25
mixto,2,Mathew Ryan Ryan,Levante,8.0,1,2026-09-25
mixto,1,Mathew Ryan Ryan,Levante,4.0,1,2026-09-25
mixto,7,Jeremy Toljan Toljan,Levante,6.0,1,2026-09-25
mixto,5,Jeremy Toljan Toljan,Levante,1.0,1,2026-09-25
mixto,4,Jeremy Toljan Toljan,Levante,2.0,1,2026-09-25
mixto,3,Jeremy Toljan Toljan,Levante,5.0,1,2026-09-25
mixto,2,Jeremy Toljan Toljan,Levante,2.0,1,2026-09-25
mixto,1,Jeremy Toljan Toljan,Levante,2.0,1,2026-09-25
mixto,7,Adrián de la Fuente De la Fuente,Levante,3.0,1,2026-09-25
mixto,5,Adrián de la Fuente De la Fuente,Levante,1.0,1,2026-09-25
mixto,4,Adrián de la Fuente De la Fuente,Levante,5.0,1,2026-09-25
mixto,3,Adrián de la Fuente De la Fuente,Levante,13.0,1,2026-09-25
mixto,2,Adrián de la Fuente De la Fuente,Levante,3.0,1,2026-09-25
mixto,1,Adrián de la Fuente De la Fuente,Levante,3.0,1,2026-09-25
mixto,7,Manu Sánchez Manu Sánchez,Levante,2.0,1,2026-09-25
mixto,5,Manu Sánchez Manu Sánchez,Levante,6.0,1,2026-09-25
mixto,4,Manu Sánchez Manu Sánchez,Levante,4.0,1,2026-09-25
mixto,3,Manu Sánchez Manu Sánchez,Levante,4.0,1,2026-09-25
mixto,2,Manu Sánchez Manu Sánchez,Levante,3.0,1,2026-09-25
mixto,1,Manu Sánchez Manu Sánchez,Levante,2.0,1,2026-09-25
mixto,7,Iván Romero Iván Romero,Levante,8.0,1,2026-09-25
mixto,5,Iván Romero Iván Romero,Levante,12.0,1,2026-09-25
mixto,4,Iván Romero Iván Romero,Levante,2.0,1,2026-09-25
mixto,3,Iván Romero Iván Romero,Levante,6.0,1,2026-09-25
mixto,2,Iván Romero Iván Romero,Levante,2.0,1,2026-09-25
mixto,1,Iván Romero Iván Romero,Levante,1.0,1,2026-09-25
mixto,7,Víctor García Víctor García,Levante,1.0,1,2026-09-25
mixto,5,Víctor García Víctor García,Levante,6.0,1,2026-09-25
mixto,4,Víctor García Víctor García,Levante,,0,2026-09-25
mixto,3,Víctor García Víctor García,Levante,4.0,1,2026-09-25
mixto,2,Víctor García Víctor García,Levante,2.0,1,2026-09-25
mixto,1,Víctor García Víctor García,Levante,2.0,1,2026-09-25
mixto,7,Oriol Rey Oriol Rey,Levante,3.0,1,2026-09-25
mixto,5,Oriol Rey Oriol Rey,Levante,3.0,1,2026-09-25
mixto,4,Oriol Rey Oriol Rey,Levante,3.0,1,2026-09-25
mixto,3,Oriol Rey Oriol Rey,Levante,6.0,1,2026-09-25
mixto,2,Oriol Rey Oriol Rey,Levante,2.0,1,2026-09-25
mixto,1,Oriol Rey Oriol Rey,Levante,2.0,1,2026-09-25
mixto,7,Carlos Álvarez C. Álvarez,Levante,,0,2026-09-25
mixto,5,Carlos Álvarez C. Álvarez,Levante,,0,2026-09-25
mixto,4,Carlos Álvarez C. Álvarez,Levante,1.0,1,2026-09-25
mixto,7,Jon Ander Olasagasti Olasagasti,Levante,1.0,1,2026-09-25
mixto,5,Jon Ander Olasagasti Olasagasti,Levante,3.0,1,2026-09-25
mixto,4,Jon Ander Olasagasti Olasagasti,Levante,6.0,1,2026-09-25
mixto,3,Jon Ander Olasagasti Olasagasti,Levante,13.0,1,2026-09-25
mixto,2,Jon Ander Olasagasti Olasagasti,Levante,3.0,1,2026-09-25
mixto,1,Jon Ander Olasagasti Olasagasti,Levante,2.0,1,2026-09-25
mixto,7,Karl Etta Eyong Etta Eyong,Levante,,0,2026-09-25
mixto,5,Karl Etta Eyong Etta Eyong,Levante,,0,2026-09-25
mixto,4,Karl Etta Eyong Etta Eyong,Levante,,0,2026-09-25
mixto,3,Karl Etta Eyong Etta Eyong,Levante,4.0,1,2026-09-25
mixto,2,Karl Etta Eyong Etta Eyong,Levante,0.0,1,2026-09-25
mixto,1,Karl Etta Eyong Etta Eyong,Levante,0.0,1,2026-09-25
mixto,7,Pablo Campos Cuñat Campos,Levante,,0,2026-09-25
mixto,5,Pablo Campos Cuñat Campos,Levante,,0,2026-09-25
mixto,4,Pablo Campos Cuñat Campos,Levante,,0,2026-09-25
mixto,3,Pablo Campos Cuñat Campos,Levante,,0,2026-09-25
mixto,2,Pablo Campos Cuñat Campos,Levante,,0,2026-09-25
mixto,1,Pablo Campos Cuñat Campos,Levante,,0,2026-09-25
mixto,7,Jorge Cabello Jorge Cabello,Levante,,0,2026-09-25
mixto,5,Jorge Cabello Jorge Cabello,Levante,,0,2026-09-25
mixto,4,Jorge Cabello Jorge Cabello,Levante,,0,2026-09-25
mixto,3,Jorge Cabello Jorge Cabello,Levante,,0,2026-09-25
mixto,2,Jorge Cabello Jorge Cabello,Levante,,0,2026-09-25
mixto,1,Jorge Cabello Jorge Cabello,Levante,,0,2026-09-25
mixto,7,Paco Cortés Cortés,Levante,,0,2026-09-25
mixto,5,Paco Cortés Cortés,Levante,,0,2026-09-25
mixto,4,Paco Cortés Cortés,Levante,2.0,1,2026-09-25
mixto,3,Paco Cortés Cortés,Levante,1.0,1,2026-09-25
mixto,2,Paco Cortés Cortés,Levante,,0,2026-09-25
mixto,1,Paco Cortés Cortés,Levante,1.0,1,2026-09-25
mixto,7,Nacho Pérez Nacho Pérez,Levante,,0,2026-09-25
mixto,5,Nacho Pérez Nacho Pérez,Levante,3.0,1,2026-09-25
mixto,4,Nacho Pérez Nacho Pérez,Levante,4.0,1,2026-09-25
mixto,3,Nacho Pérez Nacho Pérez,Levante,2.0,1,2026-09-25
mixto,2,Nacho Pérez Nacho Pérez,Levante,2.0,1,2026-09-25
mixto,1,Nacho Pérez Nacho Pérez,Levante,3.0,1,2026-09-25
mixto,7,Kareem Tunde Tunde,Levante,,0,2026-09-25
mixto,5,Kareem Tunde Tunde,Levante,1.0,1,2026-09-25
mixto,7,Enzo Bardelli Bardeli,Levante,2.0,1,2026-09-25
mixto,5,Enzo Bardelli Bardeli,Levante,3.0,1,2026-09-25
mixto,4,Enzo Bardelli Bardeli,Levante,3.0,1,2026-09-25
mixto,3,Enzo Bardelli Bardeli,Levante,13.0,1,2026-09-25
mixto,2,Enzo Bardelli Bardeli,Levante,2.0,1,2026-09-25
mixto,1,Enzo Bardelli Bardeli,Levante,2.0,1,2026-09-25
mixto,7,Igor Galdin Galdin,Levante,,0,2026-09-25
mixto,5,Igor Galdin Galdin,Levante,,0,2026-09-25
mixto,4,Igor Galdin Galdin,Levante,,0,2026-09-25
mixto,3,Igor Galdin Galdin,Levante,,0,2026-09-25
mixto,2,Igor Galdin Galdin,Levante,,0,2026-09-25
mixto,1,Igor Galdin Galdin,Levante,,0,2026-09-25
mixto,7,Marc Santos Marc Santos,Levante,,0,2026-09-25
mixto,5,Marc Santos Marc Santos,Levante,,0,2026-09-25
mixto,4,Marc Santos Marc Santos,Levante,,0,2026-09-25
mixto,3,Marc Santos Marc Santos,Levante,,0,2026-09-25
mixto,2,Marc Santos Marc Santos,Levante,,0,2026-09-25
mixto,1,Marc Santos Marc Santos,Levante,2.0,1,2026-09-25
mixto,7,Alberto Calatrava Calatrava,Levante,,0,2026-09-25
mixto,5,Alberto Calatrava Calatrava,Levante,,0,2026-09-25
mixto,4,Alberto Calatrava Calatrava,Levante,,0,2026-09-25
mixto,3,Alberto Calatrava Calatrava,Levante,,0,2026-09-25
mixto,2,Alberto Calatrava Calatrava,Levante,,0,2026-09-25
mixto,1,Alberto Calatrava Calatrava,Levante,,0,2026-09-25
mixto,7,Manel Usedo Usedo,Levante,,0,2026-09-25
mixto,5,Manel Usedo Usedo,Levante,,0,2026-09-25
mixto,4,Manel Usedo Usedo,Levante,,0,2026-09-25
mixto,3,Manel Usedo Usedo,Levante,,0,2026-09-25
mixto,2,Manel Usedo Usedo,Levante,,0,2026-09-25
mixto,1,Manel Usedo Usedo,Levante,,0,2026-09-25
mixto,7,Hugo Sotelo Sotelo,Levante,,0,2026-09-25
mixto,5,Hugo Sotelo Sotelo,Levante,2.0,1,2026-09-25
mixto,4,Hugo Sotelo Sotelo,Levante,2.0,1,2026-09-25
mixto,3,Hugo Sotelo Sotelo,Levante,5.0,1,2026-09-25
mixto,2,Hugo Sotelo Sotelo,Levante,0.0,1,2026-09-25
mixto,1,Hugo Sotelo Sotelo,Levante,,0,2026-09-25
mixto,7,Roger Brugué Brugui,Levante,4.0,1,2026-09-25
mixto,5,Roger Brugué Brugui,Levante,11.0,1,2026-09-25
mixto,4,Roger Brugué Brugui,Levante,1.0,1,2026-09-25
mixto,3,Roger Brugué Brugui,Levante,19.0,1,2026-09-25
mixto,2,Roger Brugué Brugui,Levante,5.0,1,2026-09-25
mixto,1,Roger Brugué Brugui,Levante,,0,2026-09-25
mixto,7,Dani Requena Requena,Levante,2.0,1,2026-09-25
mixto,5,Dani Requena Requena,Levante,3.0,1,2026-09-25
mixto,4,Dani Requena Requena,Levante,1.0,1,2026-09-25
mixto,3,Dani Requena Requena,Levante,,0,2026-09-25
mixto,2,Dani Requena Requena,Levante,,0,2026-09-25
mixto,1,Dani Requena Requena,Levante,,0,2026-09-25
mixto,7,Thiago Fernández Thiago,Levante,2.0,1,2026-09-25
mixto,5,Thiago Fernández Thiago,Levante,,0,2026-09-25
mixto,4,Thiago Fernández Thiago,Levante,3.0,1,2026-09-25
mixto,3,Thiago Fernández Thiago,Levante,6.0,1,2026-09-25
mixto,2,Thiago Fernández Thiago,Levante,2.0,1,2026-09-25
mixto,1,Thiago Fernández Thiago,Levante,,0,2026-09-25
mixto,7,Ifeanyi Ndukwe Ndukwe,Levante,2.0,1,2026-09-25
mixto,5,Ifeanyi Ndukwe Ndukwe,Levante,2.0,1,2026-09-25
mixto,4,Ifeanyi Ndukwe Ndukwe,Levante,,0,2026-09-25
mixto,3,Ifeanyi Ndukwe Ndukwe,Levante,,0,2026-09-25
mixto,2,Ifeanyi Ndukwe Ndukwe,Levante,,0,2026-09-25
mixto,7,Yanis Musuayi Musuayi,Levante,2.0,1,2026-09-25
mixto,5,Yanis Musuayi Musuayi,Levante,,0,2026-09-25
mixto,4,Yanis Musuayi Musuayi,Levante,2.0,1,2026-09-25
mixto,3,Yanis Musuayi Musuayi,Levante,,0,2026-09-25
mixto,2,Yanis Musuayi Musuayi,Levante,,0,2026-09-25
mixto,1,Yanis Musuayi Musuayi,Levante,,0,2026-09-25
mixto,7,Petar Ratkov Ratkov,Levante,0.0,1,2026-09-25
mixto,5,Petar Ratkov Ratkov,Levante,1.0,1,2026-09-25
mixto,4,Petar Ratkov Ratkov,Levante,,0,2026-09-25
mixto,7,Axel Tape Tape,Levante,,0,2026-09-25
mixto,5,Axel Tape Tape,Levante,,0,2026-09-25
mixto,4,Axel Tape Tape,Levante,,0,2026-09-25
mixto,7,Asier Herrera Herrera,Levante,,0,2026-09-25
mixto,5,Asier Herrera Herrera,Levante,,0,2026-09-25
mixto,4,Asier Herrera Herrera,Levante,,0,2026-09-25
mixto,3,Asier Herrera Herrera,Levante,,0,2026-09-25
mixto,2,Asier Herrera Herrera,Levante,,0,2026-09-25
mixto,1,Asier Herrera Herrera,Levante,,0,2026-09-25
mixto,7,Einar Galilea Galilea,Málaga,,0,2026-09-25
mixto,6,Einar Galilea Galilea,Málaga,1.0,1,2026-09-25
mixto,5,Einar Galilea Galilea,Málaga,2.0,1,2026-09-25
mixto,4,Einar Galilea Galilea,Málaga,6.0,1,2026-09-25
mixto,3,Einar Galilea Galilea,Málaga,2.0,1,2026-09-25
mixto,2,Einar Galilea Galilea,Málaga,4.0,1,2026-09-25
mixto,1,Einar Galilea Galilea,Málaga,4.0,1,2026-09-25
mixto,7,Joaquín Muñoz Joaquín,Málaga,2.0,1,2026-09-25
mixto,6,Joaquín Muñoz Joaquín,Málaga,3.0,1,2026-09-25
mixto,5,Joaquín Muñoz Joaquín,Málaga,2.0,1,2026-09-25
mixto,4,Joaquín Muñoz Joaquín,Málaga,4.0,1,2026-09-25
mixto,3,Joaquín Muñoz Joaquín,Málaga,2.0,1,2026-09-25
mixto,2,Joaquín Muñoz Joaquín,Málaga,4.0,1,2026-09-25
mixto,1,Joaquín Muñoz Joaquín,Málaga,4.0,1,2026-09-25
mixto,7,Eneko Jauregi Jauregi,Málaga,2.0,1,2026-09-25
mixto,6,Eneko Jauregi Jauregi,Málaga,,0,2026-09-25
mixto,5,Eneko Jauregi Jauregi,Málaga,,0,2026-09-25
mixto,4,Eneko Jauregi Jauregi,Málaga,,0,2026-09-25
mixto,3,Eneko Jauregi Jauregi,Málaga,,0,2026-09-25
mixto,2,Eneko Jauregi Jauregi,Málaga,,0,2026-09-25
mixto,1,Eneko Jauregi Jauregi,Málaga,2.0,1,2026-09-25
mixto,7,Alfonso Herrero Herrero,Málaga,7.0,1,2026-09-25
mixto,6,Alfonso Herrero Herrero,Málaga,4.0,1,2026-09-25
mixto,5,Alfonso Herrero Herrero,Málaga,7.0,1,2026-09-25
mixto,4,Alfonso Herrero Herrero,Málaga,8.0,1,2026-09-25
mixto,3,Alfonso Herrero Herrero,Málaga,4.0,1,2026-09-25
mixto,2,Alfonso Herrero Herrero,Málaga,4.0,1,2026-09-25
mixto,1,Alfonso Herrero Herrero,Málaga,7.0,1,2026-09-25
mixto,7,Julen Lobete Lobete,Málaga,,0,2026-09-25
mixto,6,Julen Lobete Lobete,Málaga,,0,2026-09-25
mixto,5,Julen Lobete Lobete,Málaga,,0,2026-09-25
mixto,4,Julen Lobete Lobete,Málaga,,0,2026-09-25
mixto,3,Julen Lobete Lobete,Málaga,,0,2026-09-25
mixto,2,Julen Lobete Lobete,Málaga,1.0,1,2026-09-25
mixto,1,Julen Lobete Lobete,Málaga,,0,2026-09-25
mixto,7,Ramón Enríquez Enríquez,Málaga,1.0,1,2026-09-25
mixto,6,Ramón Enríquez Enríquez,Málaga,2.0,1,2026-09-25
mixto,5,Ramón Enríquez Enríquez,Málaga,3.0,1,2026-09-25
mixto,4,Ramón Enríquez Enríquez,Málaga,2.0,1,2026-09-25
mixto,3,Ramón Enríquez Enríquez,Málaga,0.0,1,2026-09-25
mixto,2,Ramón Enríquez Enríquez,Málaga,1.0,1,2026-09-25
mixto,1,Ramón Enríquez Enríquez,Málaga,1.0,1,2026-09-25
mixto,7,José Salinas Salinas,Málaga,2.0,1,2026-09-25
mixto,6,José Salinas Salinas,Málaga,-2.0,1,2026-09-25
mixto,5,José Salinas Salinas,Málaga,3.0,1,2026-09-25
mixto,4,José Salinas Salinas,Málaga,4.0,1,2026-09-25
mixto,3,José Salinas Salinas,Málaga,2.0,1,2026-09-25
mixto,2,José Salinas Salinas,Málaga,,0,2026-09-25
mixto,1,José Salinas Salinas,Málaga,3.0,1,2026-09-25
mixto,7,David Larrubia Larrubia,Málaga,4.0,1,2026-09-25
mixto,6,David Larrubia Larrubia,Málaga,4.0,1,2026-09-25
mixto,5,David Larrubia Larrubia,Málaga,4.0,1,2026-09-25
mixto,4,David Larrubia Larrubia,Málaga,6.0,1,2026-09-25
mixto,3,David Larrubia Larrubia,Málaga,5.0,1,2026-09-25
mixto,2,David Larrubia Larrubia,Málaga,2.0,1,2026-09-25
mixto,1,David Larrubia Larrubia,Málaga,4.0,1,2026-09-25
mixto,7,Haitam Abaida Haitam,Málaga,,0,2026-09-25
mixto,6,Haitam Abaida Haitam,Málaga,,0,2026-09-25
mixto,5,Haitam Abaida Haitam,Málaga,,0,2026-09-25
mixto,4,Haitam Abaida Haitam,Málaga,,0,2026-09-25
mixto,3,Haitam Abaida Haitam,Málaga,2.0,1,2026-09-25
mixto,2,Haitam Abaida Haitam,Málaga,4.0,1,2026-09-25
mixto,1,Haitam Abaida Haitam,Málaga,,0,2026-09-25
mixto,7,Álex Pastor Pastor,Málaga,,0,2026-09-25
mixto,6,Álex Pastor Pastor,Málaga,,0,2026-09-25
mixto,5,Álex Pastor Pastor,Málaga,,0,2026-09-25
mixto,4,Álex Pastor Pastor,Málaga,,0,2026-09-25
mixto,3,Álex Pastor Pastor,Málaga,,0,2026-09-25
mixto,2,Álex Pastor Pastor,Málaga,,0,2026-09-25
mixto,1,Álex Pastor Pastor,Málaga,,0,2026-09-25
mixto,7,Juan Cruz Juan Cruz,Málaga,1.0,1,2026-09-25
mixto,6,Juan Cruz Juan Cruz,Málaga,3.0,1,2026-09-25
mixto,5,Juan Cruz Juan Cruz,Málaga,4.0,1,2026-09-25
mixto,4,Juan Cruz Juan Cruz,Málaga,2.0,1,2026-09-25
mixto,3,Juan Cruz Juan Cruz,Málaga,2.0,1,2026-09-25
mixto,2,Juan Cruz Juan Cruz,Málaga,4.0,1,2026-09-25
mixto,1,Juan Cruz Juan Cruz,Málaga,2.0,1,2026-09-25
mixto,7,Carlos Dotor Dotor,Málaga,3.0,1,2026-09-25
mixto,6,Carlos Dotor Dotor,Málaga,7.0,1,2026-09-25
mixto,5,Carlos Dotor Dotor,Málaga,,0,2026-09-25
mixto,4,Carlos Dotor Dotor,Málaga,2.0,1,2026-09-25
mixto,3,Carlos Dotor Dotor,Málaga,2.0,1,2026-09-25
mixto,2,Carlos Dotor Dotor,Málaga,4.0,1,2026-09-25
mixto,1,Carlos Dotor Dotor,Málaga,4.0,1,2026-09-25
mixto,7,Carlos López Carlos López,Málaga,,0,2026-09-25
mixto,6,Carlos López Carlos López,Málaga,,0,2026-09-25
mixto,5,Carlos López Carlos López,Málaga,,0,2026-09-25
mixto,4,Carlos López Carlos López,Málaga,,0,2026-09-25
mixto,3,Carlos López Carlos López,Málaga,,0,2026-09-25
mixto,2,Carlos López Carlos López,Málaga,,0,2026-09-25
mixto,1,Carlos López Carlos López,Málaga,,0,2026-09-25
mixto,7,Carlos Puga Puga,Málaga,,0,2026-09-25
mixto,6,Carlos Puga Puga,Málaga,2.0,1,2026-09-25
mixto,5,Carlos Puga Puga,Málaga,3.0,1,2026-09-25
mixto,4,Carlos Puga Puga,Málaga,3.0,1,2026-09-25
mixto,3,Carlos Puga Puga,Málaga,2.0,1,2026-09-25
mixto,2,Carlos Puga Puga,Málaga,3.0,1,2026-09-25
mixto,1,Carlos Puga Puga,Málaga,4.0,1,2026-09-25
mixto,7,Izan Merino Merino,Málaga,,0,2026-09-25
mixto,6,Izan Merino Merino,Málaga,1.0,1,2026-09-25
mixto,5,Izan Merino Merino,Málaga,2.0,1,2026-09-25
mixto,4,Izan Merino Merino,Málaga,3.0,1,2026-09-25
mixto,3,Izan Merino Merino,Málaga,2.0,1,2026-09-25
mixto,2,Izan Merino Merino,Málaga,4.0,1,2026-09-25
mixto,1,Izan Merino Merino,Málaga,3.0,1,2026-09-25
mixto,7,Chupete Chupete,Málaga,2.0,1,2026-09-25
mixto,6,Chupete Chupete,Málaga,2.0,1,2026-09-25
mixto,5,Chupete Chupete,Málaga,1.0,1,2026-09-25
mixto,4,Chupete Chupete,Málaga,-1.0,1,2026-09-25
mixto,3,Chupete Chupete,Málaga,2.0,1,2026-09-25
mixto,2,Chupete Chupete,Málaga,9.0,1,2026-09-25
mixto,1,Chupete Chupete,Málaga,1.0,1,2026-09-25
mixto,7,Rafa Rodríguez Rafa Rodríguez,Málaga,6.0,1,2026-09-25
mixto,6,Rafa Rodríguez Rafa Rodríguez,Málaga,,0,2026-09-25
mixto,5,Rafa Rodríguez Rafa Rodríguez,Málaga,,0,2026-09-25
mixto,4,Rafa Rodríguez Rafa Rodríguez,Málaga,,0,2026-09-25
mixto,3,Rafa Rodríguez Rafa Rodríguez,Málaga,2.0,1,2026-09-25
mixto,2,Rafa Rodríguez Rafa Rodríguez,Málaga,2.0,1,2026-09-25
mixto,1,Rafa Rodríguez Rafa Rodríguez,Málaga,2.0,1,2026-09-25
mixto,7,Rafa Garrido Rafita,Málaga,4.0,1,2026-09-25
mixto,6,Rafa Garrido Rafita,Málaga,2.0,1,2026-09-25
mixto,5,Rafa Garrido Rafita,Málaga,2.0,1,2026-09-25
mixto,4,Rafa Garrido Rafita,Málaga,3.0,1,2026-09-25
mixto,3,Rafa Garrido Rafita,Málaga,2.0,1,2026-09-25
mixto,2,Rafa Garrido Rafita,Málaga,6.0,1,2026-09-25
mixto,1,Rafa Garrido Rafita,Málaga,5.0,1,2026-09-25
mixto,7,Angel Recio Recio,Málaga,2.0,1,2026-09-25
mixto,6,Angel Recio Recio,Málaga,5.0,1,2026-09-25
mixto,5,Angel Recio Recio,Málaga,3.0,1,2026-09-25
mixto,4,Angel Recio Recio,Málaga,4.0,1,2026-09-25
mixto,3,Angel Recio Recio,Málaga,1.0,1,2026-09-25
mixto,2,Angel Recio Recio,Málaga,2.0,1,2026-09-25
mixto,1,Angel Recio Recio,Málaga,4.0,1,2026-09-25
mixto,7,Dani Lorenzo Lorenzo,Málaga,5.0,1,2026-09-25
mixto,6,Dani Lorenzo Lorenzo,Málaga,2.0,1,2026-09-25
mixto,5,Dani Lorenzo Lorenzo,Málaga,1.0,1,2026-09-25
mixto,4,Dani Lorenzo Lorenzo,Málaga,4.0,1,2026-09-25
mixto,3,Dani Lorenzo Lorenzo,Málaga,,0,2026-09-25
mixto,2,Dani Lorenzo Lorenzo,Málaga,5.0,1,2026-09-25
mixto,1,Dani Lorenzo Lorenzo,Málaga,6.0,1,2026-09-25
mixto,7,Juani Juani,Málaga,,0,2026-09-25
mixto,6,Juani Juani,Málaga,,0,2026-09-25
mixto,5,Juani Juani,Málaga,,0,2026-09-25
mixto,4,Juani Juani,Málaga,,0,2026-09-25
mixto,3,Juani Juani,Málaga,,0,2026-09-25
mixto,2,Juani Juani,Málaga,,0,2026-09-25
mixto,1,Juani Juani,Málaga,,0,2026-09-25
mixto,7,Joseph Otu Otu,Málaga,,0,2026-09-25
mixto,6,Joseph Otu Otu,Málaga,,0,2026-09-25
mixto,5,Joseph Otu Otu,Málaga,,0,2026-09-25
mixto,4,Joseph Otu Otu,Málaga,,0,2026-09-25
mixto,3,Joseph Otu Otu,Málaga,,0,2026-09-25
mixto,2,Joseph Otu Otu,Málaga,,0,2026-09-25
mixto,1,Joseph Otu Otu,Málaga,,0,2026-09-25
mixto,7,Pablo Martínez Pablo Martínez,Málaga,2.0,1,2026-09-25
mixto,6,Pablo Martínez Pablo Martínez,Málaga,2.0,1,2026-09-25
mixto,5,Pablo Martínez Pablo Martínez,Málaga,4.0,1,2026-09-25
mixto,4,Pablo Martínez Pablo Martínez,Málaga,2.0,1,2026-09-25
mixto,3,Pablo Martínez Pablo Martínez,Málaga,1.0,1,2026-09-25
mixto,2,Pablo Martínez Pablo Martínez,Málaga,,0,2026-09-25
mixto,7,Juan Berrocal Berrocal,Málaga,3.0,1,2026-09-25
mixto,6,Juan Berrocal Berrocal,Málaga,,0,2026-09-25
mixto,5,Juan Berrocal Berrocal,Málaga,1.0,1,2026-09-25
mixto,4,Juan Berrocal Berrocal,Málaga,,0,2026-09-25
mixto,3,Juan Berrocal Berrocal,Málaga,,0,2026-09-25
mixto,2,Juan Berrocal Berrocal,Málaga,,0,2026-09-25
mixto,1,Juan Berrocal Berrocal,Málaga,,0,2026-09-25
mixto,7,Jens Cajuste Cajuste,Málaga,,0,2026-09-25
mixto,6,Jens Cajuste Cajuste,Málaga,,0,2026-09-25
mixto,5,Jens Cajuste Cajuste,Málaga,,0,2026-09-25
mixto,4,Jens Cajuste Cajuste,Málaga,1.0,1,2026-09-25
mixto,7,Adam Aznou Aznou,Málaga,,0,2026-09-25
mixto,6,Adam Aznou Aznou,Málaga,,0,2026-09-25
mixto,5,Adam Aznou Aznou,Málaga,,0,2026-09-25
mixto,4,Adam Aznou Aznou,Málaga,,0,2026-09-25
mixto,7,Adrián Niño Niño,Málaga,2.0,1,2026-09-25
mixto,6,Adrián Niño Niño,Málaga,1.0,1,2026-09-25
mixto,5,Adrián Niño Niño,Málaga,11.0,1,2026-09-25
mixto,4,Adrián Niño Niño,Málaga,,0,2026-09-25
mixto,3,Adrián Niño Niño,Málaga,,0,2026-09-25
mixto,2,Adrián Niño Niño,Málaga,,0,2026-09-25
mixto,1,Adrián Niño Niño,Málaga,,0,2026-09-25
mixto,7,Andrés Céspedes Céspedes,Málaga,,0,2026-09-25
mixto,6,Andrés Céspedes Céspedes,Málaga,,0,2026-09-25
mixto,5,Andrés Céspedes Céspedes,Málaga,,0,2026-09-25
mixto,4,Andrés Céspedes Céspedes,Málaga,,0,2026-09-25
mixto,3,Andrés Céspedes Céspedes,Málaga,,0,2026-09-25
mixto,2,Andrés Céspedes Céspedes,Málaga,,0,2026-09-25
mixto,1,Andrés Céspedes Céspedes,Málaga,,0,2026-09-25
mixto,7,Rubén García Rubén G.,Osasuna,3.0,1,2026-09-25
mixto,6,Rubén García Rubén G.,Osasuna,2.0,1,2026-09-25
mixto,5,Rubén García Rubén G.,Osasuna,3.0,1,2026-09-25
mixto,4,Rubén García Rubén G.,Osasuna,2.0,1,2026-09-25
mixto,3,Rubén García Rubén G.,Osasuna,2.0,1,2026-09-25
mixto,1,Rubén García Rubén G.,Osasuna,5.0,1,2026-09-25
mixto,2,Rubén García Rubén G.,Osasuna,3.0,1,2026-09-25
mixto,7,Aitor Fernández Aitor,Osasuna,2.0,1,2026-09-25
mixto,6,Aitor Fernández Aitor,Osasuna,9.0,1,2026-09-25
mixto,5,Aitor Fernández Aitor,Osasuna,,0,2026-09-25
mixto,4,Aitor Fernández Aitor,Osasuna,,0,2026-09-25
mixto,3,Aitor Fernández Aitor,Osasuna,,0,2026-09-25
mixto,1,Aitor Fernández Aitor,Osasuna,,0,2026-09-25
mixto,2,Aitor Fernández Aitor,Osasuna,,0,2026-09-25
mixto,7,Moi Gómez Moi Gómez,Osasuna,,0,2026-09-25
mixto,6,Moi Gómez Moi Gómez,Osasuna,,0,2026-09-25
mixto,5,Moi Gómez Moi Gómez,Osasuna,,0,2026-09-25
mixto,4,Moi Gómez Moi Gómez,Osasuna,4.0,1,2026-09-25
mixto,3,Moi Gómez Moi Gómez,Osasuna,4.0,1,2026-09-25
mixto,1,Moi Gómez Moi Gómez,Osasuna,2.0,1,2026-09-25
mixto,2,Moi Gómez Moi Gómez,Osasuna,3.0,1,2026-09-25
mixto,7,Lucas Torró Torró,Osasuna,2.0,1,2026-09-25
mixto,6,Lucas Torró Torró,Osasuna,3.0,1,2026-09-25
mixto,5,Lucas Torró Torró,Osasuna,,0,2026-09-25
mixto,4,Lucas Torró Torró,Osasuna,,0,2026-09-25
mixto,3,Lucas Torró Torró,Osasuna,2.0,1,2026-09-25
mixto,1,Lucas Torró Torró,Osasuna,2.0,1,2026-09-25
mixto,2,Lucas Torró Torró,Osasuna,1.0,1,2026-09-25
mixto,7,Kike Barja Kike Barja,Osasuna,2.0,1,2026-09-25
mixto,6,Kike Barja Kike Barja,Osasuna,2.0,1,2026-09-25
mixto,5,Kike Barja Kike Barja,Osasuna,5.0,1,2026-09-25
mixto,4,Kike Barja Kike Barja,Osasuna,,0,2026-09-25
mixto,3,Kike Barja Kike Barja,Osasuna,3.0,1,2026-09-25
mixto,1,Kike Barja Kike Barja,Osasuna,10.0,1,2026-09-25
mixto,2,Kike Barja Kike Barja,Osasuna,0.0,1,2026-09-25
mixto,7,Diego Rico Diego Rico,Osasuna,2.0,1,2026-09-25
mixto,6,Diego Rico Diego Rico,Osasuna,,0,2026-09-25
mixto,5,Diego Rico Diego Rico,Osasuna,0.0,1,2026-09-25
mixto,4,Diego Rico Diego Rico,Osasuna,,0,2026-09-25
mixto,3,Diego Rico Diego Rico,Osasuna,,0,2026-09-25
mixto,1,Diego Rico Diego Rico,Osasuna,,0,2026-09-25
mixto,2,Diego Rico Diego Rico,Osasuna,,0,2026-09-25
mixto,7,Alejandro Catena Catena,Osasuna,3.0,1,2026-09-25
mixto,6,Alejandro Catena Catena,Osasuna,,0,2026-09-25
mixto,5,Alejandro Catena Catena,Osasuna,0.0,1,2026-09-25
mixto,4,Alejandro Catena Catena,Osasuna,-2.0,1,2026-09-25
mixto,3,Alejandro Catena Catena,Osasuna,5.0,1,2026-09-25
mixto,1,Alejandro Catena Catena,Osasuna,6.0,1,2026-09-25
mixto,2,Alejandro Catena Catena,Osasuna,3.0,1,2026-09-25
mixto,7,Sergio Herrera Herrera,Osasuna,,0,2026-09-25
mixto,6,Sergio Herrera Herrera,Osasuna,,0,2026-09-25
mixto,5,Sergio Herrera Herrera,Osasuna,2.0,1,2026-09-25
mixto,4,Sergio Herrera Herrera,Osasuna,-2.0,1,2026-09-25
mixto,3,Sergio Herrera Herrera,Osasuna,6.0,1,2026-09-25
mixto,1,Sergio Herrera Herrera,Osasuna,2.0,1,2026-09-25
mixto,2,Sergio Herrera Herrera,Osasuna,3.0,1,2026-09-25
mixto,7,Ante Budimir Budimir,Osasuna,10.0,1,2026-09-25
mixto,6,Ante Budimir Budimir,Osasuna,2.0,1,2026-09-25
mixto,5,Ante Budimir Budimir,Osasuna,4.0,1,2026-09-25
mixto,4,Ante Budimir Budimir,Osasuna,14.0,1,2026-09-25
mixto,3,Ante Budimir Budimir,Osasuna,10.0,1,2026-09-25
mixto,1,Ante Budimir Budimir,Osasuna,7.0,1,2026-09-25
mixto,2,Ante Budimir Budimir,Osasuna,5.0,1,2026-09-25
mixto,7,Raúl García Raúl García,Osasuna,2.0,1,2026-09-25
mixto,6,Raúl García Raúl García,Osasuna,3.0,1,2026-09-25
mixto,5,Raúl García Raúl García,Osasuna,2.0,1,2026-09-25
mixto,4,Raúl García Raúl García,Osasuna,2.0,1,2026-09-25
mixto,3,Raúl García Raúl García,Osasuna,3.0,1,2026-09-25
mixto,1,Raúl García Raúl García,Osasuna,2.0,1,2026-09-25
mixto,2,Raúl García Raúl García,Osasuna,2.0,1,2026-09-25
mixto,7,Jorge Herrando Herrando,Osasuna,,0,2026-09-25
mixto,6,Jorge Herrando Herrando,Osasuna,,0,2026-09-25
mixto,5,Jorge Herrando Herrando,Osasuna,,0,2026-09-25
mixto,4,Jorge Herrando Herrando,Osasuna,,0,2026-09-25
mixto,3,Jorge Herrando Herrando,Osasuna,4.0,1,2026-09-25
mixto,1,Jorge Herrando Herrando,Osasuna,3.0,1,2026-09-25
mixto,2,Jorge Herrando Herrando,Osasuna,4.0,1,2026-09-25
mixto,7,Aimar Oroz Oroz,Osasuna,,0,2026-09-25
mixto,6,Aimar Oroz Oroz,Osasuna,,0,2026-09-25
mixto,5,Aimar Oroz Oroz,Osasuna,,0,2026-09-25
mixto,4,Aimar Oroz Oroz,Osasuna,,0,2026-09-25
mixto,3,Aimar Oroz Oroz,Osasuna,3.0,1,2026-09-25
mixto,1,Aimar Oroz Oroz,Osasuna,1.0,1,2026-09-25
mixto,2,Aimar Oroz Oroz,Osasuna,3.0,1,2026-09-25
mixto,7,Jon Moncayola Moncayola,Osasuna,2.0,1,2026-09-25
mixto,6,Jon Moncayola Moncayola,Osasuna,2.0,1,2026-09-25
mixto,5,Jon Moncayola Moncayola,Osasuna,3.0,1,2026-09-25
mixto,4,Jon Moncayola Moncayola,Osasuna,1.0,1,2026-09-25
mixto,3,Jon Moncayola Moncayola,Osasuna,4.0,1,2026-09-25
mixto,1,Jon Moncayola Moncayola,Osasuna,2.0,1,2026-09-25
mixto,2,Jon Moncayola Moncayola,Osasuna,3.0,1,2026-09-25
mixto,7,Raul Moro Raul Moro,Osasuna,2.0,1,2026-09-25
mixto,6,Raul Moro Raul Moro,Osasuna,4.0,1,2026-09-25
mixto,5,Raul Moro Raul Moro,Osasuna,3.0,1,2026-09-25
mixto,4,Raul Moro Raul Moro,Osasuna,4.0,1,2026-09-25
mixto,3,Raul Moro Raul Moro,Osasuna,,0,2026-09-25
mixto,1,Raul Moro Raul Moro,Osasuna,,0,2026-09-25
mixto,2,Raul Moro Raul Moro,Osasuna,2.0,1,2026-09-25
mixto,7,Boyomo Boyomo,Osasuna,,0,2026-09-25
mixto,6,Boyomo Boyomo,Osasuna,3.0,1,2026-09-25
mixto,5,Boyomo Boyomo,Osasuna,,0,2026-09-25
mixto,4,Boyomo Boyomo,Osasuna,1.0,1,2026-09-25
mixto,3,Boyomo Boyomo,Osasuna,4.0,1,2026-09-25
mixto,1,Boyomo Boyomo,Osasuna,,0,2026-09-25
mixto,2,Boyomo Boyomo,Osasuna,,0,2026-09-25
mixto,7,Jonathan Dubasin Dubasin,Osasuna,2.0,1,2026-09-25
mixto,6,Jonathan Dubasin Dubasin,Osasuna,3.0,1,2026-09-25
mixto,5,Jonathan Dubasin Dubasin,Osasuna,2.0,1,2026-09-25
mixto,4,Jonathan Dubasin Dubasin,Osasuna,2.0,1,2026-09-25
mixto,3,Jonathan Dubasin Dubasin,Osasuna,3.0,1,2026-09-25
mixto,1,Jonathan Dubasin Dubasin,Osasuna,2.0,1,2026-09-25
mixto,2,Jonathan Dubasin Dubasin,Osasuna,1.0,1,2026-09-25
mixto,7,Abel Bretones Bretones,Osasuna,3.0,1,2026-09-25
mixto,6,Abel Bretones Bretones,Osasuna,0.0,1,2026-09-25
mixto,5,Abel Bretones Bretones,Osasuna,3.0,1,2026-09-25
mixto,4,Abel Bretones Bretones,Osasuna,-2.0,1,2026-09-25
mixto,3,Abel Bretones Bretones,Osasuna,4.0,1,2026-09-25
mixto,1,Abel Bretones Bretones,Osasuna,2.0,1,2026-09-25
mixto,2,Abel Bretones Bretones,Osasuna,3.0,1,2026-09-25
mixto,7,Iker Muñoz Iker Muñoz,Osasuna,2.0,1,2026-09-25
mixto,6,Iker Muñoz Iker Muñoz,Osasuna,,0,2026-09-25
mixto,5,Iker Muñoz Iker Muñoz,Osasuna,2.0,1,2026-09-25
mixto,4,Iker Muñoz Iker Muñoz,Osasuna,2.0,1,2026-09-25
mixto,3,Iker Muñoz Iker Muñoz,Osasuna,3.0,1,2026-09-25
mixto,1,Iker Muñoz Iker Muñoz,Osasuna,6.0,1,2026-09-25
mixto,2,Iker Muñoz Iker Muñoz,Osasuna,3.0,1,2026-09-25
mixto,7,Asier Osambela Osambela,Osasuna,3.0,1,2026-09-25
mixto,6,Asier Osambela Osambela,Osasuna,2.0,1,2026-09-25
mixto,5,Asier Osambela Osambela,Osasuna,2.0,1,2026-09-25
mixto,4,Asier Osambela Osambela,Osasuna,2.0,1,2026-09-25
mixto,3,Asier Osambela Osambela,Osasuna,,0,2026-09-25
mixto,1,Asier Osambela Osambela,Osasuna,3.0,1,2026-09-25
mixto,2,Asier Osambela Osambela,Osasuna,,0,2026-09-25
mixto,7,Iñigo Arguibide Arguibide,Osasuna,2.0,1,2026-09-25
mixto,6,Iñigo Arguibide Arguibide,Osasuna,2.0,1,2026-09-25
mixto,5,Iñigo Arguibide Arguibide,Osasuna,2.0,1,2026-09-25
mixto,4,Iñigo Arguibide Arguibide,Osasuna,0.0,1,2026-09-25
mixto,3,Iñigo Arguibide Arguibide,Osasuna,6.0,1,2026-09-25
mixto,1,Iñigo Arguibide Arguibide,Osasuna,3.0,1,2026-09-25
mixto,2,Iñigo Arguibide Arguibide,Osasuna,4.0,1,2026-09-25
mixto,7,Rafa Fernández Rafa,Osasuna,,0,2026-09-25
mixto,6,Rafa Fernández Rafa,Osasuna,,0,2026-09-25
mixto,5,Rafa Fernández Rafa,Osasuna,,0,2026-09-25
mixto,4,Rafa Fernández Rafa,Osasuna,,0,2026-09-25
mixto,3,Rafa Fernández Rafa,Osasuna,,0,2026-09-25
mixto,1,Rafa Fernández Rafa,Osasuna,,0,2026-09-25
mixto,2,Rafa Fernández Rafa,Osasuna,,0,2026-09-25
mixto,7,Mauro Echegoyen Echegoyen,Osasuna,,0,2026-09-25
mixto,6,Mauro Echegoyen Echegoyen,Osasuna,,0,2026-09-25
mixto,5,Mauro Echegoyen Echegoyen,Osasuna,,0,2026-09-25
mixto,4,Mauro Echegoyen Echegoyen,Osasuna,,0,2026-09-25
mixto,3,Mauro Echegoyen Echegoyen,Osasuna,,0,2026-09-25
mixto,1,Mauro Echegoyen Echegoyen,Osasuna,,0,2026-09-25
mixto,2,Mauro Echegoyen Echegoyen,Osasuna,,0,2026-09-25
mixto,7,Unai Santos Unai Santos,Osasuna,2.0,1,2026-09-25
mixto,6,Unai Santos Unai Santos,Osasuna,2.0,1,2026-09-25
mixto,5,Unai Santos Unai Santos,Osasuna,,0,2026-09-25
mixto,4,Unai Santos Unai Santos,Osasuna,,0,2026-09-25
mixto,3,Unai Santos Unai Santos,Osasuna,,0,2026-09-25
mixto,1,Unai Santos Unai Santos,Osasuna,,0,2026-09-25
mixto,2,Unai Santos Unai Santos,Osasuna,,0,2026-09-25
mixto,7,Asier Bonel Bonel,Osasuna,,0,2026-09-25
mixto,6,Asier Bonel Bonel,Osasuna,,0,2026-09-25
mixto,5,Asier Bonel Bonel,Osasuna,,0,2026-09-25
mixto,4,Asier Bonel Bonel,Osasuna,,0,2026-09-25
mixto,3,Asier Bonel Bonel,Osasuna,,0,2026-09-25
mixto,1,Asier Bonel Bonel,Osasuna,,0,2026-09-25
mixto,2,Asier Bonel Bonel,Osasuna,,0,2026-09-25
mixto,7,Rockson Yeboah Yeboah,Osasuna,,0,2026-09-25
mixto,6,Rockson Yeboah Yeboah,Osasuna,3.0,1,2026-09-25
mixto,5,Rockson Yeboah Yeboah,Osasuna,1.0,1,2026-09-25
mixto,4,Rockson Yeboah Yeboah,Osasuna,1.0,1,2026-09-25
mixto,3,Rockson Yeboah Yeboah,Osasuna,,0,2026-09-25
mixto,1,Rockson Yeboah Yeboah,Osasuna,,0,2026-09-25
mixto,2,Rockson Yeboah Yeboah,Osasuna,,0,2026-09-25
mixto,7,Romain Del Castillo Del Castillo,Osasuna,,0,2026-09-25
mixto,6,Romain Del Castillo Del Castillo,Osasuna,2.0,1,2026-09-25
mixto,5,Romain Del Castillo Del Castillo,Osasuna,3.0,1,2026-09-25
mixto,4,Romain Del Castillo Del Castillo,Osasuna,,0,2026-09-25
mixto,7,Mikel Bermejo Bermejo,Osasuna,,0,2026-09-25
mixto,6,Mikel Bermejo Bermejo,Osasuna,,0,2026-09-25
mixto,5,Mikel Bermejo Bermejo,Osasuna,,0,2026-09-25
mixto,4,Mikel Bermejo Bermejo,Osasuna,,0,2026-09-25
mixto,3,Mikel Bermejo Bermejo,Osasuna,,0,2026-09-25
mixto,1,Mikel Bermejo Bermejo,Osasuna,,0,2026-09-25
mixto,2,Mikel Bermejo Bermejo,Osasuna,,0,2026-09-25
mixto,7,Florian Lejeune Lejeune,Rayo,2.0,1,2026-09-25
mixto,6,Florian Lejeune Lejeune,Rayo,3.0,1,2026-09-25
mixto,5,Florian Lejeune Lejeune,Rayo,-2.0,1,2026-09-25
mixto,4,Florian Lejeune Lejeune,Rayo,6.0,1,2026-09-25
mixto,3,Florian Lejeune Lejeune,Rayo,0.0,1,2026-09-25
mixto,2,Florian Lejeune Lejeune,Rayo,4.0,1,2026-09-25
mixto,1,Florian Lejeune Lejeune,Rayo,2.0,1,2026-09-25
mixto,7,Álvaro García Álvaro García,Rayo,3.0,1,2026-09-25
mixto,6,Álvaro García Álvaro García,Rayo,13.0,1,2026-09-25
mixto,5,Álvaro García Álvaro García,Rayo,2.0,1,2026-09-25
mixto,4,Álvaro García Álvaro García,Rayo,4.0,1,2026-09-25
mixto,3,Álvaro García Álvaro García,Rayo,5.0,1,2026-09-25
mixto,2,Álvaro García Álvaro García,Rayo,2.0,1,2026-09-25
mixto,1,Álvaro García Álvaro García,Rayo,10.0,1,2026-09-25
mixto,7,Unai López Unai López,Rayo,3.0,1,2026-09-25
mixto,6,Unai López Unai López,Rayo,4.0,1,2026-09-25
mixto,5,Unai López Unai López,Rayo,2.0,1,2026-09-25
mixto,4,Unai López Unai López,Rayo,6.0,1,2026-09-25
mixto,3,Unai López Unai López,Rayo,2.0,1,2026-09-25
mixto,2,Unai López Unai López,Rayo,5.0,1,2026-09-25
mixto,1,Unai López Unai López,Rayo,4.0,1,2026-09-25
mixto,7,Pedro Díaz Pedro Díaz,Rayo,2.0,1,2026-09-25
mixto,6,Pedro Díaz Pedro Díaz,Rayo,4.0,1,2026-09-25
mixto,5,Pedro Díaz Pedro Díaz,Rayo,5.0,1,2026-09-25
mixto,4,Pedro Díaz Pedro Díaz,Rayo,4.0,1,2026-09-25
mixto,3,Pedro Díaz Pedro Díaz,Rayo,2.0,1,2026-09-25
mixto,2,Pedro Díaz Pedro Díaz,Rayo,,0,2026-09-25
mixto,1,Pedro Díaz Pedro Díaz,Rayo,2.0,1,2026-09-25
mixto,7,Andrei Ratiu Ratiu,Rayo,5.0,1,2026-09-25
mixto,6,Andrei Ratiu Ratiu,Rayo,5.0,1,2026-09-25
mixto,5,Andrei Ratiu Ratiu,Rayo,1.0,1,2026-09-25
mixto,4,Andrei Ratiu Ratiu,Rayo,12.0,1,2026-09-25
mixto,3,Andrei Ratiu Ratiu,Rayo,,0,2026-09-25
mixto,2,Andrei Ratiu Ratiu,Rayo,1.0,1,2026-09-25
mixto,1,Andrei Ratiu Ratiu,Rayo,2.0,1,2026-09-25
mixto,7,Sergio Camello Camello,Rayo,10.0,1,2026-09-25
mixto,6,Sergio Camello Camello,Rayo,6.0,1,2026-09-25
mixto,5,Sergio Camello Camello,Rayo,10.0,1,2026-09-25
mixto,4,Sergio Camello Camello,Rayo,17.0,1,2026-09-25
mixto,3,Sergio Camello Camello,Rayo,16.0,1,2026-09-25
mixto,2,Sergio Camello Camello,Rayo,11.0,1,2026-09-25
mixto,1,Sergio Camello Camello,Rayo,2.0,1,2026-09-25
mixto,7,Jorge de Frutos De Frutos,Rayo,4.0,1,2026-09-25
mixto,6,Jorge de Frutos De Frutos,Rayo,,0,2026-09-25
mixto,5,Jorge de Frutos De Frutos,Rayo,,0,2026-09-25
mixto,4,Jorge de Frutos De Frutos,Rayo,-4.0,1,2026-09-25
mixto,3,Jorge de Frutos De Frutos,Rayo,0.0,1,2026-09-25
mixto,2,Jorge de Frutos De Frutos,Rayo,3.0,1,2026-09-25
mixto,1,Jorge de Frutos De Frutos,Rayo,2.0,1,2026-09-25
mixto,7,Randy Nteka Nteka,Rayo,,0,2026-09-25
mixto,6,Randy Nteka Nteka,Rayo,,0,2026-09-25
mixto,5,Randy Nteka Nteka,Rayo,,0,2026-09-25
mixto,4,Randy Nteka Nteka,Rayo,,0,2026-09-25
mixto,3,Randy Nteka Nteka,Rayo,2.0,1,2026-09-25
mixto,2,Randy Nteka Nteka,Rayo,2.0,1,2026-09-25
mixto,1,Randy Nteka Nteka,Rayo,3.0,1,2026-09-25
mixto,7,Óscar Valentín Valentín,Rayo,2.0,1,2026-09-25
mixto,6,Óscar Valentín Valentín,Rayo,3.0,1,2026-09-25
mixto,5,Óscar Valentín Valentín,Rayo,3.0,1,2026-09-25
mixto,4,Óscar Valentín Valentín,Rayo,3.0,1,2026-09-25
mixto,3,Óscar Valentín Valentín,Rayo,3.0,1,2026-09-25
mixto,2,Óscar Valentín Valentín,Rayo,3.0,1,2026-09-25
mixto,1,Óscar Valentín Valentín,Rayo,2.0,1,2026-09-25
mixto,7,Isi Palazón Isi,Rayo,,0,2026-09-25
mixto,6,Isi Palazón Isi,Rayo,,0,2026-09-25
mixto,5,Isi Palazón Isi,Rayo,,0,2026-09-25
mixto,4,Isi Palazón Isi,Rayo,,0,2026-09-25
mixto,3,Isi Palazón Isi,Rayo,,0,2026-09-25
mixto,2,Isi Palazón Isi,Rayo,1.0,1,2026-09-25
mixto,1,Isi Palazón Isi,Rayo,6.0,1,2026-09-25
mixto,7,Iván Balliu Balliu,Rayo,1.0,1,2026-09-25
mixto,6,Iván Balliu Balliu,Rayo,1.0,1,2026-09-25
mixto,5,Iván Balliu Balliu,Rayo,1.0,1,2026-09-25
mixto,4,Iván Balliu Balliu,Rayo,3.0,1,2026-09-25
mixto,3,Iván Balliu Balliu,Rayo,1.0,1,2026-09-25
mixto,2,Iván Balliu Balliu,Rayo,,0,2026-09-25
mixto,1,Iván Balliu Balliu,Rayo,3.0,1,2026-09-25
mixto,7,Pathé Ciss Pathé Ciss,Rayo,3.0,1,2026-09-25
mixto,6,Pathé Ciss Pathé Ciss,Rayo,7.0,1,2026-09-25
mixto,5,Pathé Ciss Pathé Ciss,Rayo,3.0,1,2026-09-25
mixto,4,Pathé Ciss Pathé Ciss,Rayo,4.0,1,2026-09-25
mixto,3,Pathé Ciss Pathé Ciss,Rayo,1.0,1,2026-09-25
mixto,2,Pathé Ciss Pathé Ciss,Rayo,3.0,1,2026-09-25
mixto,1,Pathé Ciss Pathé Ciss,Rayo,3.0,1,2026-09-25
mixto,7,Dani Cárdenas Cárdenas,Rayo,,0,2026-09-25
mixto,6,Dani Cárdenas Cárdenas,Rayo,,0,2026-09-25
mixto,5,Dani Cárdenas Cárdenas,Rayo,,0,2026-09-25
mixto,4,Dani Cárdenas Cárdenas,Rayo,2.0,1,2026-09-25
mixto,3,Dani Cárdenas Cárdenas,Rayo,1.0,1,2026-09-25
mixto,2,Dani Cárdenas Cárdenas,Rayo,3.0,1,2026-09-25
mixto,1,Dani Cárdenas Cárdenas,Rayo,,0,2026-09-25
mixto,7,Fran Pérez Fran Pérez,Rayo,,0,2026-09-25
mixto,6,Fran Pérez Fran Pérez,Rayo,2.0,1,2026-09-25
mixto,5,Fran Pérez Fran Pérez,Rayo,,0,2026-09-25
mixto,4,Fran Pérez Fran Pérez,Rayo,-6.0,1,2026-09-25
mixto,3,Fran Pérez Fran Pérez,Rayo,4.0,1,2026-09-25
mixto,2,Fran Pérez Fran Pérez,Rayo,2.0,1,2026-09-25
mixto,1,Fran Pérez Fran Pérez,Rayo,2.0,1,2026-09-25
mixto,7,Alemão Alemão,Rayo,2.0,1,2026-09-25
mixto,6,Alemão Alemão,Rayo,2.0,1,2026-09-25
mixto,5,Alemão Alemão,Rayo,2.0,1,2026-09-25
mixto,4,Alemão Alemão,Rayo,2.0,1,2026-09-25
mixto,3,Alemão Alemão,Rayo,3.0,1,2026-09-25
mixto,2,Alemão Alemão,Rayo,,0,2026-09-25
mixto,1,Alemão Alemão,Rayo,3.0,1,2026-09-25
mixto,7,Augusto Batalla Batalla,Rayo,,0,2026-09-25
mixto,6,Augusto Batalla Batalla,Rayo,,0,2026-09-25
mixto,5,Augusto Batalla Batalla,Rayo,,0,2026-09-25
mixto,4,Augusto Batalla Batalla,Rayo,,0,2026-09-25
mixto,3,Augusto Batalla Batalla,Rayo,,0,2026-09-25
mixto,2,Augusto Batalla Batalla,Rayo,5.0,1,2026-09-25
mixto,1,Augusto Batalla Batalla,Rayo,2.0,1,2026-09-25
mixto,7,Pelayo Fernández Pelayo,Rayo,,0,2026-09-25
mixto,6,Pelayo Fernández Pelayo,Rayo,,0,2026-09-25
mixto,5,Pelayo Fernández Pelayo,Rayo,,0,2026-09-25
mixto,4,Pelayo Fernández Pelayo,Rayo,,0,2026-09-25
mixto,3,Pelayo Fernández Pelayo,Rayo,,0,2026-09-25
mixto,2,Pelayo Fernández Pelayo,Rayo,1.0,1,2026-09-25
mixto,1,Pelayo Fernández Pelayo,Rayo,2.0,1,2026-09-25
mixto,7,Sergio José Lozano Lozano,Rayo,,0,2026-09-25
mixto,6,Sergio José Lozano Lozano,Rayo,,0,2026-09-25
mixto,5,Sergio José Lozano Lozano,Rayo,,0,2026-09-25
mixto,4,Sergio José Lozano Lozano,Rayo,,0,2026-09-25
mixto,3,Sergio José Lozano Lozano,Rayo,,0,2026-09-25
mixto,2,Sergio José Lozano Lozano,Rayo,,0,2026-09-25
mixto,1,Sergio José Lozano Lozano,Rayo,,0,2026-09-25
mixto,7,Marco de la Sías De la Sías,Rayo,,0,2026-09-25
mixto,6,Marco de la Sías De la Sías,Rayo,,0,2026-09-25
mixto,5,Marco de la Sías De la Sías,Rayo,,0,2026-09-25
mixto,4,Marco de la Sías De la Sías,Rayo,,0,2026-09-25
mixto,3,Marco de la Sías De la Sías,Rayo,,0,2026-09-25
mixto,2,Marco de la Sías De la Sías,Rayo,,0,2026-09-25
mixto,1,Marco de la Sías De la Sías,Rayo,,0,2026-09-25
mixto,7,Jozhua Vertrouwd Vertrouwd,Rayo,,0,2026-09-25
mixto,6,Jozhua Vertrouwd Vertrouwd,Rayo,,0,2026-09-25
mixto,5,Jozhua Vertrouwd Vertrouwd,Rayo,,0,2026-09-25
mixto,4,Jozhua Vertrouwd Vertrouwd,Rayo,,0,2026-09-25
mixto,3,Jozhua Vertrouwd Vertrouwd,Rayo,-1.0,1,2026-09-25
mixto,2,Jozhua Vertrouwd Vertrouwd,Rayo,2.0,1,2026-09-25
mixto,1,Jozhua Vertrouwd Vertrouwd,Rayo,,0,2026-09-25
mixto,7,Iván Alonso Iván Alonso,Rayo,,0,2026-09-25
mixto,6,Iván Alonso Iván Alonso,Rayo,,0,2026-09-25
mixto,5,Iván Alonso Iván Alonso,Rayo,,0,2026-09-25
mixto,4,Iván Alonso Iván Alonso,Rayo,,0,2026-09-25
mixto,3,Iván Alonso Iván Alonso,Rayo,,0,2026-09-25
mixto,2,Iván Alonso Iván Alonso,Rayo,,0,2026-09-25
mixto,1,Iván Alonso Iván Alonso,Rayo,,0,2026-09-25
mixto,7,Marco Román Román,Rayo,,0,2026-09-25
mixto,6,Marco Román Román,Rayo,,0,2026-09-25
mixto,5,Marco Román Román,Rayo,,0,2026-09-25
mixto,4,Marco Román Román,Rayo,,0,2026-09-25
mixto,3,Marco Román Román,Rayo,,0,2026-09-25
mixto,2,Marco Román Román,Rayo,,0,2026-09-25
mixto,1,Marco Román Román,Rayo,,0,2026-09-25
mixto,7,Georgiy Tsitaishvili Tsitaishvili,Rayo,2.0,1,2026-09-25
mixto,6,Georgiy Tsitaishvili Tsitaishvili,Rayo,4.0,1,2026-09-25
mixto,5,Georgiy Tsitaishvili Tsitaishvili,Rayo,3.0,1,2026-09-25
mixto,4,Georgiy Tsitaishvili Tsitaishvili,Rayo,2.0,1,2026-09-25
mixto,3,Georgiy Tsitaishvili Tsitaishvili,Rayo,,0,2026-09-25
mixto,2,Georgiy Tsitaishvili Tsitaishvili,Rayo,,0,2026-09-25
mixto,1,Georgiy Tsitaishvili Tsitaishvili,Rayo,,0,2026-09-25
mixto,7,Adrià Pedrosa Pedrosa,Rayo,6.0,1,2026-09-25
mixto,6,Adrià Pedrosa Pedrosa,Rayo,12.0,1,2026-09-25
mixto,5,Adrià Pedrosa Pedrosa,Rayo,2.0,1,2026-09-25
mixto,4,Adrià Pedrosa Pedrosa,Rayo,4.0,1,2026-09-25
mixto,3,Adrià Pedrosa Pedrosa,Rayo,2.0,1,2026-09-25
mixto,2,Adrià Pedrosa Pedrosa,Rayo,,0,2026-09-25
mixto,1,Adrià Pedrosa Pedrosa,Rayo,,0,2026-09-25
mixto,7,Adrián Molina Molina,Rayo,,0,2026-09-25
mixto,6,Adrián Molina Molina,Rayo,,0,2026-09-25
mixto,5,Adrián Molina Molina,Rayo,,0,2026-09-25
mixto,4,Adrián Molina Molina,Rayo,,0,2026-09-25
mixto,3,Adrián Molina Molina,Rayo,,0,2026-09-25
mixto,2,Adrián Molina Molina,Rayo,,0,2026-09-25
mixto,1,Adrián Molina Molina,Rayo,,0,2026-09-25
mixto,7,Gnangoro Bouare Bouare,Rayo,2.0,1,2026-09-25
mixto,6,Gnangoro Bouare Bouare,Rayo,3.0,1,2026-09-25
mixto,5,Gnangoro Bouare Bouare,Rayo,2.0,1,2026-09-25
mixto,4,Gnangoro Bouare Bouare,Rayo,4.0,1,2026-09-25
mixto,3,Gnangoro Bouare Bouare,Rayo,1.0,1,2026-09-25
mixto,2,Gnangoro Bouare Bouare,Rayo,,0,2026-09-25
mixto,1,Gnangoro Bouare Bouare,Rayo,,0,2026-09-25
mixto,7,Emil Audero Audero,Rayo,3.0,1,2026-09-25
mixto,6,Emil Audero Audero,Rayo,3.0,1,2026-09-25
mixto,5,Emil Audero Audero,Rayo,3.0,1,2026-09-25
mixto,4,Emil Audero Audero,Rayo,,0,2026-09-25
mixto,7,Mujaid Sadick Mujaid,Rayo,2.0,1,2026-09-25
mixto,6,Mujaid Sadick Mujaid,Rayo,2.0,1,2026-09-25
mixto,5,Mujaid Sadick Mujaid,Rayo,2.0,1,2026-09-25
mixto,4,Mujaid Sadick Mujaid,Rayo,,0,2026-09-25
mixto,7,Rayane Belaid Rayane,Rayo,,0,2026-09-25
mixto,6,Rayane Belaid Rayane,Rayo,,0,2026-09-25
mixto,5,Rayane Belaid Rayane,Rayo,2.0,1,2026-09-25
mixto,4,Rayane Belaid Rayane,Rayo,,0,2026-09-25
mixto,3,Rayane Belaid Rayane,Rayo,,0,2026-09-25
mixto,2,Rayane Belaid Rayane,Rayo,,0,2026-09-25
mixto,1,Rayane Belaid Rayane,Rayo,,0,2026-09-25
mixto,7,Marash Kumbulla Kumbulla,Rayo,,0,2026-09-25
mixto,6,Marash Kumbulla Kumbulla,Rayo,,0,2026-09-25
mixto,5,Marash Kumbulla Kumbulla,Rayo,,0,2026-09-25
mixto,4,Marash Kumbulla Kumbulla,Rayo,,0,2026-09-25
mixto,3,Marash Kumbulla Kumbulla,Rayo,,0,2026-09-25
mixto,2,Marash Kumbulla Kumbulla,Rayo,,0,2026-09-25
mixto,1,Marash Kumbulla Kumbulla,Rayo,,0,2026-09-25
mixto,7,Samu Becerra Becerra,Rayo,,0,2026-09-25
mixto,6,Samu Becerra Becerra,Rayo,,0,2026-09-25
mixto,5,Samu Becerra Becerra,Rayo,,0,2026-09-25
mixto,4,Samu Becerra Becerra,Rayo,,0,2026-09-25
mixto,3,Samu Becerra Becerra,Rayo,,0,2026-09-25
mixto,2,Samu Becerra Becerra,Rayo,,0,2026-09-25
mixto,1,Samu Becerra Becerra,Rayo,,0,2026-09-25
mixto,7,Thibaut Courtois Courtois,Real Madrid,7.0,1,2026-09-25
mixto,6,Thibaut Courtois Courtois,Real Madrid,2.0,1,2026-09-25
mixto,5,Thibaut Courtois Courtois,Real Madrid,7.0,1,2026-09-25
mixto,4,Thibaut Courtois Courtois,Real Madrid,2.0,1,2026-09-25
mixto,3,Thibaut Courtois Courtois,Real Madrid,3.0,1,2026-09-25
mixto,1,Thibaut Courtois Courtois,Real Madrid,3.0,1,2026-09-25
mixto,2,Thibaut Courtois Courtois,Real Madrid,2.0,1,2026-09-25
mixto,7,Antonio Rüdiger Rüdiger,Real Madrid,11.0,1,2026-09-25
mixto,6,Antonio Rüdiger Rüdiger,Real Madrid,,0,2026-09-25
mixto,5,Antonio Rüdiger Rüdiger,Real Madrid,4.0,1,2026-09-25
mixto,4,Antonio Rüdiger Rüdiger,Real Madrid,,0,2026-09-25
mixto,3,Antonio Rüdiger Rüdiger,Real Madrid,5.0,1,2026-09-25
mixto,1,Antonio Rüdiger Rüdiger,Real Madrid,,0,2026-09-25
mixto,2,Antonio Rüdiger Rüdiger,Real Madrid,,0,2026-09-25
mixto,7,Kylian Mbappé Mbappé,Real Madrid,2.0,1,2026-09-25
mixto,6,Kylian Mbappé Mbappé,Real Madrid,10.0,1,2026-09-25
mixto,5,Kylian Mbappé Mbappé,Real Madrid,14.0,1,2026-09-25
mixto,4,Kylian Mbappé Mbappé,Real Madrid,1.0,1,2026-09-25
mixto,3,Kylian Mbappé Mbappé,Real Madrid,9.0,1,2026-09-25
mixto,1,Kylian Mbappé Mbappé,Real Madrid,21.0,1,2026-09-25
mixto,2,Kylian Mbappé Mbappé,Real Madrid,3.0,1,2026-09-25
mixto,7,Bernardo Silva Bernardo Silva,Real Madrid,6.0,1,2026-09-25
mixto,6,Bernardo Silva Bernardo Silva,Real Madrid,,0,2026-09-25
mixto,5,Bernardo Silva Bernardo Silva,Real Madrid,4.0,1,2026-09-25
mixto,4,Bernardo Silva Bernardo Silva,Real Madrid,1.0,1,2026-09-25
mixto,3,Bernardo Silva Bernardo Silva,Real Madrid,2.0,1,2026-09-25
mixto,1,Bernardo Silva Bernardo Silva,Real Madrid,3.0,1,2026-09-25
mixto,2,Bernardo Silva Bernardo Silva,Real Madrid,2.0,1,2026-09-25
mixto,7,Federico Valverde Valverde,Real Madrid,4.0,1,2026-09-25
mixto,6,Federico Valverde Valverde,Real Madrid,4.0,1,2026-09-25
mixto,5,Federico Valverde Valverde,Real Madrid,3.0,1,2026-09-25
mixto,4,Federico Valverde Valverde,Real Madrid,1.0,1,2026-09-25
mixto,3,Federico Valverde Valverde,Real Madrid,5.0,1,2026-09-25
mixto,1,Federico Valverde Valverde,Real Madrid,5.0,1,2026-09-25
mixto,2,Federico Valverde Valverde,Real Madrid,3.0,1,2026-09-25
mixto,7,Trent Alexander-Arnold Alexander-Arnold,Real Madrid,,0,2026-09-25
mixto,6,Trent Alexander-Arnold Alexander-Arnold,Real Madrid,3.0,1,2026-09-25
mixto,5,Trent Alexander-Arnold Alexander-Arnold,Real Madrid,,0,2026-09-25
mixto,4,Trent Alexander-Arnold Alexander-Arnold,Real Madrid,1.0,1,2026-09-25
mixto,3,Trent Alexander-Arnold Alexander-Arnold,Real Madrid,7.0,1,2026-09-25
mixto,1,Trent Alexander-Arnold Alexander-Arnold,Real Madrid,,0,2026-09-25
mixto,2,Trent Alexander-Arnold Alexander-Arnold,Real Madrid,2.0,1,2026-09-25
mixto,7,Ibrahima Konaté Konaté,Real Madrid,4.0,1,2026-09-25
mixto,6,Ibrahima Konaté Konaté,Real Madrid,3.0,1,2026-09-25
mixto,5,Ibrahima Konaté Konaté,Real Madrid,3.0,1,2026-09-25
mixto,4,Ibrahima Konaté Konaté,Real Madrid,3.0,1,2026-09-25
mixto,3,Ibrahima Konaté Konaté,Real Madrid,,0,2026-09-25
mixto,1,Ibrahima Konaté Konaté,Real Madrid,4.0,1,2026-09-25
mixto,2,Ibrahima Konaté Konaté,Real Madrid,5.0,1,2026-09-25
mixto,7,Marc Cucurella Cucurella,Real Madrid,2.0,1,2026-09-25
mixto,6,Marc Cucurella Cucurella,Real Madrid,1.0,1,2026-09-25
mixto,5,Marc Cucurella Cucurella,Real Madrid,0.0,1,2026-09-25
mixto,4,Marc Cucurella Cucurella,Real Madrid,3.0,1,2026-09-25
mixto,3,Marc Cucurella Cucurella,Real Madrid,4.0,1,2026-09-25
mixto,1,Marc Cucurella Cucurella,Real Madrid,3.0,1,2026-09-25
mixto,2,Marc Cucurella Cucurella,Real Madrid,3.0,1,2026-09-25
mixto,7,Brahim Díaz Brahim,Real Madrid,,0,2026-09-25
mixto,6,Brahim Díaz Brahim,Real Madrid,2.0,1,2026-09-25
mixto,5,Brahim Díaz Brahim,Real Madrid,,0,2026-09-25
mixto,4,Brahim Díaz Brahim,Real Madrid,,0,2026-09-25
mixto,3,Brahim Díaz Brahim,Real Madrid,4.0,1,2026-09-25
mixto,1,Brahim Díaz Brahim,Real Madrid,2.0,1,2026-09-25
mixto,2,Brahim Díaz Brahim,Real Madrid,,0,2026-09-25
mixto,7,Andriy Lunin Lunin,Real Madrid,,0,2026-09-25
mixto,6,Andriy Lunin Lunin,Real Madrid,,0,2026-09-25
mixto,5,Andriy Lunin Lunin,Real Madrid,,0,2026-09-25
mixto,4,Andriy Lunin Lunin,Real Madrid,,0,2026-09-25
mixto,3,Andriy Lunin Lunin,Real Madrid,,0,2026-09-25
mixto,1,Andriy Lunin Lunin,Real Madrid,,0,2026-09-25
mixto,2,Andriy Lunin Lunin,Real Madrid,,0,2026-09-25
mixto,7,Vinicius Junior Vinicius,Real Madrid,0.0,1,2026-09-25
mixto,6,Vinicius Junior Vinicius,Real Madrid,-1.0,1,2026-09-25
mixto,5,Vinicius Junior Vinicius,Real Madrid,5.0,1,2026-09-25
mixto,4,Vinicius Junior Vinicius,Real Madrid,3.0,1,2026-09-25
mixto,3,Vinicius Junior Vinicius,Real Madrid,3.0,1,2026-09-25
mixto,1,Vinicius Junior Vinicius,Real Madrid,9.0,1,2026-09-25
mixto,2,Vinicius Junior Vinicius,Real Madrid,3.0,1,2026-09-25
mixto,7,Denzel Dumfries Dumfries,Real Madrid,2.0,1,2026-09-25
mixto,6,Denzel Dumfries Dumfries,Real Madrid,0.0,1,2026-09-25
mixto,5,Denzel Dumfries Dumfries,Real Madrid,3.0,1,2026-09-25
mixto,4,Denzel Dumfries Dumfries,Real Madrid,3.0,1,2026-09-25
mixto,3,Denzel Dumfries Dumfries,Real Madrid,,0,2026-09-25
mixto,1,Denzel Dumfries Dumfries,Real Madrid,4.0,1,2026-09-25
mixto,2,Denzel Dumfries Dumfries,Real Madrid,3.0,1,2026-09-25
mixto,7,Jude Bellingham Bellingham,Real Madrid,5.0,1,2026-09-25
mixto,6,Jude Bellingham Bellingham,Real Madrid,5.0,1,2026-09-25
mixto,5,Jude Bellingham Bellingham,Real Madrid,10.0,1,2026-09-25
mixto,4,Jude Bellingham Bellingham,Real Madrid,3.0,1,2026-09-25
mixto,3,Jude Bellingham Bellingham,Real Madrid,14.0,1,2026-09-25
mixto,1,Jude Bellingham Bellingham,Real Madrid,8.0,1,2026-09-25
mixto,2,Jude Bellingham Bellingham,Real Madrid,11.0,1,2026-09-25
mixto,7,Eduardo Camavinga Camavinga,Real Madrid,3.0,1,2026-09-25
mixto,6,Eduardo Camavinga Camavinga,Real Madrid,,0,2026-09-25
mixto,5,Eduardo Camavinga Camavinga,Real Madrid,3.0,1,2026-09-25
mixto,4,Eduardo Camavinga Camavinga,Real Madrid,3.0,1,2026-09-25
mixto,3,Eduardo Camavinga Camavinga,Real Madrid,5.0,1,2026-09-25
mixto,1,Eduardo Camavinga Camavinga,Real Madrid,2.0,1,2026-09-25
mixto,2,Eduardo Camavinga Camavinga,Real Madrid,2.0,1,2026-09-25
mixto,7,Álvaro F. Carreras A. F. Carreras,Real Madrid,,0,2026-09-25
mixto,6,Álvaro F. Carreras A. F. Carreras,Real Madrid,,0,2026-09-25
mixto,5,Álvaro F. Carreras A. F. Carreras,Real Madrid,12.0,1,2026-09-25
mixto,4,Álvaro F. Carreras A. F. Carreras,Real Madrid,1.0,1,2026-09-25
mixto,3,Álvaro F. Carreras A. F. Carreras,Real Madrid,,0,2026-09-25
mixto,1,Álvaro F. Carreras A. F. Carreras,Real Madrid,1.0,1,2026-09-25
mixto,2,Álvaro F. Carreras A. F. Carreras,Real Madrid,3.0,1,2026-09-25
mixto,7,Sergio Mestre Mestre,Real Madrid,,0,2026-09-25
mixto,6,Sergio Mestre Mestre,Real Madrid,,0,2026-09-25
mixto,5,Sergio Mestre Mestre,Real Madrid,,0,2026-09-25
mixto,4,Sergio Mestre Mestre,Real Madrid,,0,2026-09-25
mixto,3,Sergio Mestre Mestre,Real Madrid,,0,2026-09-25
mixto,1,Sergio Mestre Mestre,Real Madrid,,0,2026-09-25
mixto,2,Sergio Mestre Mestre,Real Madrid,,0,2026-09-25
mixto,7,Arda Güler Güler,Real Madrid,3.0,1,2026-09-25
mixto,6,Arda Güler Güler,Real Madrid,6.0,1,2026-09-25
mixto,5,Arda Güler Güler,Real Madrid,10.0,1,2026-09-25
mixto,4,Arda Güler Güler,Real Madrid,9.0,1,2026-09-25
mixto,3,Arda Güler Güler,Real Madrid,10.0,1,2026-09-25
mixto,1,Arda Güler Güler,Real Madrid,6.0,1,2026-09-25
mixto,2,Arda Güler Güler,Real Madrid,7.0,1,2026-09-25
mixto,7,Dean Huijsen Huijsen,Real Madrid,-5.0,1,2026-09-25
mixto,6,Dean Huijsen Huijsen,Real Madrid,2.0,1,2026-09-25
mixto,5,Dean Huijsen Huijsen,Real Madrid,,0,2026-09-25
mixto,4,Dean Huijsen Huijsen,Real Madrid,6.0,1,2026-09-25
mixto,3,Dean Huijsen Huijsen,Real Madrid,5.0,1,2026-09-25
mixto,1,Dean Huijsen Huijsen,Real Madrid,3.0,1,2026-09-25
mixto,2,Dean Huijsen Huijsen,Real Madrid,3.0,1,2026-09-25
mixto,7,Carlos Espí Carlos Espí,Real Madrid,,0,2026-09-25
mixto,6,Carlos Espí Carlos Espí,Real Madrid,11.0,1,2026-09-25
mixto,5,Carlos Espí Carlos Espí,Real Madrid,,0,2026-09-25
mixto,4,Carlos Espí Carlos Espí,Real Madrid,4.0,1,2026-09-25
mixto,3,Carlos Espí Carlos Espí,Real Madrid,,0,2026-09-25
mixto,1,Carlos Espí Carlos Espí,Real Madrid,2.0,1,2026-09-25
mixto,2,Carlos Espí Carlos Espí,Real Madrid,13.0,1,2026-09-25
mixto,7,Alexis Ciria Ciria,Real Madrid,,0,2026-09-25
mixto,6,Alexis Ciria Ciria,Real Madrid,,0,2026-09-25
mixto,5,Alexis Ciria Ciria,Real Madrid,,0,2026-09-25
mixto,4,Alexis Ciria Ciria,Real Madrid,,0,2026-09-25
mixto,3,Alexis Ciria Ciria,Real Madrid,,0,2026-09-25
mixto,1,Alexis Ciria Ciria,Real Madrid,,0,2026-09-25
mixto,2,Alexis Ciria Ciria,Real Madrid,,0,2026-09-25
mixto,7,Mario Rivas Rivas,Real Madrid,,0,2026-09-25
mixto,6,Mario Rivas Rivas,Real Madrid,,0,2026-09-25
mixto,5,Mario Rivas Rivas,Real Madrid,,0,2026-09-25
mixto,4,Mario Rivas Rivas,Real Madrid,,0,2026-09-25
mixto,3,Mario Rivas Rivas,Real Madrid,,0,2026-09-25
mixto,1,Mario Rivas Rivas,Real Madrid,,0,2026-09-25
mixto,2,Mario Rivas Rivas,Real Madrid,,0,2026-09-25
mixto,7,Yan Diomande Y. Diomande,Real Madrid,7.0,1,2026-09-25
mixto,6,Yan Diomande Y. Diomande,Real Madrid,7.0,1,2026-09-25
mixto,5,Yan Diomande Y. Diomande,Real Madrid,4.0,1,2026-09-25
mixto,4,Yan Diomande Y. Diomande,Real Madrid,1.0,1,2026-09-25
mixto,3,Yan Diomande Y. Diomande,Real Madrid,3.0,1,2026-09-25
mixto,1,Yan Diomande Y. Diomande,Real Madrid,2.0,1,2026-09-25
mixto,2,Yan Diomande Y. Diomande,Real Madrid,2.0,1,2026-09-25
mixto,7,Jorge Cestero Cestero,Real Madrid,,0,2026-09-25
mixto,6,Jorge Cestero Cestero,Real Madrid,,0,2026-09-25
mixto,5,Jorge Cestero Cestero,Real Madrid,,0,2026-09-25
mixto,4,Jorge Cestero Cestero,Real Madrid,,0,2026-09-25
mixto,3,Jorge Cestero Cestero,Real Madrid,,0,2026-09-25
mixto,1,Jorge Cestero Cestero,Real Madrid,,0,2026-09-25
mixto,2,Jorge Cestero Cestero,Real Madrid,,0,2026-09-25
mixto,7,Manuel Ángel Manuel Ángel,Real Madrid,,0,2026-09-25
mixto,6,Manuel Ángel Manuel Ángel,Real Madrid,,0,2026-09-25
mixto,5,Manuel Ángel Manuel Ángel,Real Madrid,,0,2026-09-25
mixto,7,Javi Navarro Javi Navarro,Real Madrid,,0,2026-09-25
mixto,6,Javi Navarro Javi Navarro,Real Madrid,,0,2026-09-25
mixto,5,Javi Navarro Javi Navarro,Real Madrid,,0,2026-09-25
mixto,4,Javi Navarro Javi Navarro,Real Madrid,,0,2026-09-25
mixto,3,Javi Navarro Javi Navarro,Real Madrid,,0,2026-09-25
mixto,1,Javi Navarro Javi Navarro,Real Madrid,,0,2026-09-25
mixto,2,Javi Navarro Javi Navarro,Real Madrid,,0,2026-09-25
mixto,7,Aurélien Tchouaméni Tchouaméni,Real Madrid,4.0,1,2026-09-25
mixto,6,Aurélien Tchouaméni Tchouaméni,Real Madrid,3.0,1,2026-09-25
mixto,5,Aurélien Tchouaméni Tchouaméni,Real Madrid,4.0,1,2026-09-25
mixto,4,Aurélien Tchouaméni Tchouaméni,Real Madrid,,0,2026-09-25
mixto,3,Aurélien Tchouaméni Tchouaméni,Real Madrid,,0,2026-09-25
mixto,1,Aurélien Tchouaméni Tchouaméni,Real Madrid,,0,2026-09-25
mixto,2,Aurélien Tchouaméni Tchouaméni,Real Madrid,,0,2026-09-25
mixto,7,Raúl Asencio Asencio,Real Madrid,,0,2026-09-25
mixto,6,Raúl Asencio Asencio,Real Madrid,,0,2026-09-25
mixto,5,Raúl Asencio Asencio,Real Madrid,,0,2026-09-25
mixto,4,Raúl Asencio Asencio,Real Madrid,,0,2026-09-25
mixto,3,Raúl Asencio Asencio,Real Madrid,,0,2026-09-25
mixto,1,Raúl Asencio Asencio,Real Madrid,,0,2026-09-25
mixto,2,Raúl Asencio Asencio,Real Madrid,,0,2026-09-25
mixto,7,Endrick Endrick,Real Madrid,,0,2026-09-25
mixto,6,Endrick Endrick,Real Madrid,2.0,1,2026-09-25
mixto,5,Endrick Endrick,Real Madrid,,0,2026-09-25
mixto,4,Endrick Endrick,Real Madrid,,0,2026-09-25
mixto,3,Endrick Endrick,Real Madrid,,0,2026-09-25
mixto,1,Endrick Endrick,Real Madrid,,0,2026-09-25
mixto,2,Endrick Endrick,Real Madrid,,0,2026-09-25
mixto,7,Thiago Pitarch Thiago,Real Madrid,,0,2026-09-25
mixto,6,Thiago Pitarch Thiago,Real Madrid,,0,2026-09-25
mixto,5,Thiago Pitarch Thiago,Real Madrid,,0,2026-09-25
mixto,4,Thiago Pitarch Thiago,Real Madrid,,0,2026-09-25
mixto,3,Thiago Pitarch Thiago,Real Madrid,,0,2026-09-25
mixto,1,Thiago Pitarch Thiago,Real Madrid,,0,2026-09-25
mixto,2,Thiago Pitarch Thiago,Real Madrid,,0,2026-09-25
mixto,7,Álex Remiro Remiro,Real Sociedad,0.0,1,2026-09-25
mixto,5,Álex Remiro Remiro,Real Sociedad,4.0,1,2026-09-25
mixto,4,Álex Remiro Remiro,Real Sociedad,,0,2026-09-25
mixto,6,Álex Remiro Remiro,Real Sociedad,3.0,1,2026-09-25
mixto,3,Álex Remiro Remiro,Real Sociedad,6.0,1,2026-09-25
mixto,1,Álex Remiro Remiro,Real Sociedad,6.0,1,2026-09-25
mixto,2,Álex Remiro Remiro,Real Sociedad,5.0,1,2026-09-25
mixto,7,Mikel Oyarzabal Oyarzabal,Real Sociedad,0.0,1,2026-09-25
mixto,5,Mikel Oyarzabal Oyarzabal,Real Sociedad,2.0,1,2026-09-25
mixto,4,Mikel Oyarzabal Oyarzabal,Real Sociedad,3.0,1,2026-09-25
mixto,6,Mikel Oyarzabal Oyarzabal,Real Sociedad,3.0,1,2026-09-25
mixto,3,Mikel Oyarzabal Oyarzabal,Real Sociedad,9.0,1,2026-09-25
mixto,1,Mikel Oyarzabal Oyarzabal,Real Sociedad,3.0,1,2026-09-25
mixto,2,Mikel Oyarzabal Oyarzabal,Real Sociedad,4.0,1,2026-09-25
mixto,7,Carlos Soler Carlos Soler,Real Sociedad,0.0,1,2026-09-25
mixto,5,Carlos Soler Carlos Soler,Real Sociedad,3.0,1,2026-09-25
mixto,4,Carlos Soler Carlos Soler,Real Sociedad,5.0,1,2026-09-25
mixto,6,Carlos Soler Carlos Soler,Real Sociedad,1.0,1,2026-09-25
mixto,3,Carlos Soler Carlos Soler,Real Sociedad,3.0,1,2026-09-25
mixto,1,Carlos Soler Carlos Soler,Real Sociedad,2.0,1,2026-09-25
mixto,2,Carlos Soler Carlos Soler,Real Sociedad,3.0,1,2026-09-25
mixto,7,Igor Zubeldia Zubeldia,Real Sociedad,,0,2026-09-25
mixto,5,Igor Zubeldia Zubeldia,Real Sociedad,,0,2026-09-25
mixto,4,Igor Zubeldia Zubeldia,Real Sociedad,3.0,1,2026-09-25
mixto,6,Igor Zubeldia Zubeldia,Real Sociedad,5.0,1,2026-09-25
mixto,3,Igor Zubeldia Zubeldia,Real Sociedad,6.0,1,2026-09-25
mixto,1,Igor Zubeldia Zubeldia,Real Sociedad,1.0,1,2026-09-25
mixto,2,Igor Zubeldia Zubeldia,Real Sociedad,2.0,1,2026-09-25
mixto,7,Sergio Gómez Sergio Gómez,Real Sociedad,0.0,1,2026-09-25
mixto,5,Sergio Gómez Sergio Gómez,Real Sociedad,3.0,1,2026-09-25
mixto,4,Sergio Gómez Sergio Gómez,Real Sociedad,3.0,1,2026-09-25
mixto,6,Sergio Gómez Sergio Gómez,Real Sociedad,5.0,1,2026-09-25
mixto,3,Sergio Gómez Sergio Gómez,Real Sociedad,6.0,1,2026-09-25
mixto,1,Sergio Gómez Sergio Gómez,Real Sociedad,4.0,1,2026-09-25
mixto,2,Sergio Gómez Sergio Gómez,Real Sociedad,3.0,1,2026-09-25
mixto,7,Ander Barrenetxea Barrenetxea,Real Sociedad,0.0,1,2026-09-25
mixto,5,Ander Barrenetxea Barrenetxea,Real Sociedad,5.0,1,2026-09-25
mixto,4,Ander Barrenetxea Barrenetxea,Real Sociedad,,0,2026-09-25
mixto,6,Ander Barrenetxea Barrenetxea,Real Sociedad,3.0,1,2026-09-25
mixto,3,Ander Barrenetxea Barrenetxea,Real Sociedad,10.0,1,2026-09-25
mixto,1,Ander Barrenetxea Barrenetxea,Real Sociedad,2.0,1,2026-09-25
mixto,2,Ander Barrenetxea Barrenetxea,Real Sociedad,2.0,1,2026-09-25
mixto,7,Aihen Muñoz Aihen,Real Sociedad,0.0,1,2026-09-25
mixto,5,Aihen Muñoz Aihen,Real Sociedad,,0,2026-09-25
mixto,4,Aihen Muñoz Aihen,Real Sociedad,,0,2026-09-25
mixto,6,Aihen Muñoz Aihen,Real Sociedad,,0,2026-09-25
mixto,3,Aihen Muñoz Aihen,Real Sociedad,,0,2026-09-25
mixto,1,Aihen Muñoz Aihen,Real Sociedad,,0,2026-09-25
mixto,2,Aihen Muñoz Aihen,Real Sociedad,2.0,1,2026-09-25
mixto,7,Yangel Herrera Herrera,Real Sociedad,0.0,1,2026-09-25
mixto,5,Yangel Herrera Herrera,Real Sociedad,3.0,1,2026-09-25
mixto,4,Yangel Herrera Herrera,Real Sociedad,10.0,1,2026-09-25
mixto,6,Yangel Herrera Herrera,Real Sociedad,2.0,1,2026-09-25
mixto,3,Yangel Herrera Herrera,Real Sociedad,3.0,1,2026-09-25
mixto,1,Yangel Herrera Herrera,Real Sociedad,2.0,1,2026-09-25
mixto,2,Yangel Herrera Herrera,Real Sociedad,3.0,1,2026-09-25
mixto,7,Takefusa Kubo Kubo,Real Sociedad,,0,2026-09-25
mixto,5,Takefusa Kubo Kubo,Real Sociedad,2.0,1,2026-09-25
mixto,4,Takefusa Kubo Kubo,Real Sociedad,,0,2026-09-25
mixto,6,Takefusa Kubo Kubo,Real Sociedad,2.0,1,2026-09-25
mixto,3,Takefusa Kubo Kubo,Real Sociedad,1.0,1,2026-09-25
mixto,1,Takefusa Kubo Kubo,Real Sociedad,3.0,1,2026-09-25
mixto,2,Takefusa Kubo Kubo,Real Sociedad,5.0,1,2026-09-25
mixto,7,Jon Pacheco Pacheco,Real Sociedad,,0,2026-09-25
mixto,5,Jon Pacheco Pacheco,Real Sociedad,,0,2026-09-25
mixto,4,Jon Pacheco Pacheco,Real Sociedad,2.0,1,2026-09-25
mixto,6,Jon Pacheco Pacheco,Real Sociedad,,0,2026-09-25
mixto,3,Jon Pacheco Pacheco,Real Sociedad,,0,2026-09-25
mixto,1,Jon Pacheco Pacheco,Real Sociedad,,0,2026-09-25
mixto,2,Jon Pacheco Pacheco,Real Sociedad,,0,2026-09-25
mixto,7,Luka Sucic L. Sucic,Real Sociedad,0.0,1,2026-09-25
mixto,5,Luka Sucic L. Sucic,Real Sociedad,5.0,1,2026-09-25
mixto,4,Luka Sucic L. Sucic,Real Sociedad,10.0,1,2026-09-25
mixto,6,Luka Sucic L. Sucic,Real Sociedad,2.0,1,2026-09-25
mixto,3,Luka Sucic L. Sucic,Real Sociedad,4.0,1,2026-09-25
mixto,1,Luka Sucic L. Sucic,Real Sociedad,8.0,1,2026-09-25
mixto,2,Luka Sucic L. Sucic,Real Sociedad,2.0,1,2026-09-25
mixto,7,Beñat Turrientes Turrientes,Real Sociedad,,0,2026-09-25
mixto,5,Beñat Turrientes Turrientes,Real Sociedad,,0,2026-09-25
mixto,4,Beñat Turrientes Turrientes,Real Sociedad,,0,2026-09-25
mixto,6,Beñat Turrientes Turrientes,Real Sociedad,4.0,1,2026-09-25
mixto,3,Beñat Turrientes Turrientes,Real Sociedad,4.0,1,2026-09-25
mixto,1,Beñat Turrientes Turrientes,Real Sociedad,3.0,1,2026-09-25
mixto,2,Beñat Turrientes Turrientes,Real Sociedad,2.0,1,2026-09-25
mixto,7,Unai Marrero Marrero,Real Sociedad,,0,2026-09-25
mixto,5,Unai Marrero Marrero,Real Sociedad,,0,2026-09-25
mixto,4,Unai Marrero Marrero,Real Sociedad,5.0,1,2026-09-25
mixto,6,Unai Marrero Marrero,Real Sociedad,,0,2026-09-25
mixto,3,Unai Marrero Marrero,Real Sociedad,,0,2026-09-25
mixto,1,Unai Marrero Marrero,Real Sociedad,,0,2026-09-25
mixto,2,Unai Marrero Marrero,Real Sociedad,,0,2026-09-25
mixto,7,Arsen Zakharyan Zakharyan,Real Sociedad,0.0,1,2026-09-25
mixto,5,Arsen Zakharyan Zakharyan,Real Sociedad,2.0,1,2026-09-25
mixto,4,Arsen Zakharyan Zakharyan,Real Sociedad,,0,2026-09-25
mixto,6,Arsen Zakharyan Zakharyan,Real Sociedad,,0,2026-09-25
mixto,3,Arsen Zakharyan Zakharyan,Real Sociedad,,0,2026-09-25
mixto,1,Arsen Zakharyan Zakharyan,Real Sociedad,,0,2026-09-25
mixto,2,Arsen Zakharyan Zakharyan,Real Sociedad,1.0,1,2026-09-25
mixto,7,Orri Steinn Óskarsson Óskarsson,Real Sociedad,0.0,1,2026-09-25
mixto,5,Orri Steinn Óskarsson Óskarsson,Real Sociedad,2.0,1,2026-09-25
mixto,4,Orri Steinn Óskarsson Óskarsson,Real Sociedad,,0,2026-09-25
mixto,6,Orri Steinn Óskarsson Óskarsson,Real Sociedad,3.0,1,2026-09-25
mixto,3,Orri Steinn Óskarsson Óskarsson,Real Sociedad,10.0,1,2026-09-25
mixto,1,Orri Steinn Óskarsson Óskarsson,Real Sociedad,2.0,1,2026-09-25
mixto,2,Orri Steinn Óskarsson Óskarsson,Real Sociedad,1.0,1,2026-09-25
mixto,7,Mikel Goti Goti,Real Sociedad,,0,2026-09-25
mixto,5,Mikel Goti Goti,Real Sociedad,,0,2026-09-25
mixto,4,Mikel Goti Goti,Real Sociedad,,0,2026-09-25
mixto,7,Jon Martín Jon Martín,Real Sociedad,0.0,1,2026-09-25
mixto,5,Jon Martín Jon Martín,Real Sociedad,,0,2026-09-25
mixto,4,Jon Martín Jon Martín,Real Sociedad,-8.0,1,2026-09-25
mixto,6,Jon Martín Jon Martín,Real Sociedad,4.0,1,2026-09-25
mixto,3,Jon Martín Jon Martín,Real Sociedad,4.0,1,2026-09-25
mixto,1,Jon Martín Jon Martín,Real Sociedad,3.0,1,2026-09-25
mixto,2,Jon Martín Jon Martín,Real Sociedad,3.0,1,2026-09-25
mixto,7,Alex Lebarbier Lebarbier,Real Sociedad,,0,2026-09-25
mixto,5,Alex Lebarbier Lebarbier,Real Sociedad,,0,2026-09-25
mixto,4,Alex Lebarbier Lebarbier,Real Sociedad,,0,2026-09-25
mixto,6,Alex Lebarbier Lebarbier,Real Sociedad,,0,2026-09-25
mixto,3,Alex Lebarbier Lebarbier,Real Sociedad,,0,2026-09-25
mixto,1,Alex Lebarbier Lebarbier,Real Sociedad,,0,2026-09-25
mixto,2,Alex Lebarbier Lebarbier,Real Sociedad,,0,2026-09-25
mixto,7,Jon Aramburu Aramburu,Real Sociedad,0.0,1,2026-09-25
mixto,5,Jon Aramburu Aramburu,Real Sociedad,5.0,1,2026-09-25
mixto,4,Jon Aramburu Aramburu,Real Sociedad,4.0,1,2026-09-25
mixto,6,Jon Aramburu Aramburu,Real Sociedad,8.0,1,2026-09-25
mixto,3,Jon Aramburu Aramburu,Real Sociedad,5.0,1,2026-09-25
mixto,1,Jon Aramburu Aramburu,Real Sociedad,3.0,1,2026-09-25
mixto,2,Jon Aramburu Aramburu,Real Sociedad,2.0,1,2026-09-25
mixto,7,Job Ochieng Ochieng,Real Sociedad,0.0,1,2026-09-25
mixto,5,Job Ochieng Ochieng,Real Sociedad,2.0,1,2026-09-25
mixto,4,Job Ochieng Ochieng,Real Sociedad,12.0,1,2026-09-25
mixto,6,Job Ochieng Ochieng,Real Sociedad,,0,2026-09-25
mixto,3,Job Ochieng Ochieng,Real Sociedad,,0,2026-09-25
mixto,1,Job Ochieng Ochieng,Real Sociedad,3.0,1,2026-09-25
mixto,2,Job Ochieng Ochieng,Real Sociedad,,0,2026-09-25
mixto,7,Alex Marchal Marchal,Real Sociedad,,0,2026-09-25
mixto,5,Alex Marchal Marchal,Real Sociedad,,0,2026-09-25
mixto,4,Alex Marchal Marchal,Real Sociedad,2.0,1,2026-09-25
mixto,6,Alex Marchal Marchal,Real Sociedad,2.0,1,2026-09-25
mixto,3,Alex Marchal Marchal,Real Sociedad,4.0,1,2026-09-25
mixto,1,Alex Marchal Marchal,Real Sociedad,,0,2026-09-25
mixto,2,Alex Marchal Marchal,Real Sociedad,0.0,1,2026-09-25
mixto,7,Luken Beitia Beitia,Real Sociedad,0.0,1,2026-09-25
mixto,5,Luken Beitia Beitia,Real Sociedad,3.0,1,2026-09-25
mixto,4,Luken Beitia Beitia,Real Sociedad,,0,2026-09-25
mixto,6,Luken Beitia Beitia,Real Sociedad,,0,2026-09-25
mixto,3,Luken Beitia Beitia,Real Sociedad,,0,2026-09-25
mixto,1,Luken Beitia Beitia,Real Sociedad,1.0,1,2026-09-25
mixto,2,Luken Beitia Beitia,Real Sociedad,,0,2026-09-25
mixto,7,Theo Folgado Folgado,Real Sociedad,,0,2026-09-25
mixto,5,Theo Folgado Folgado,Real Sociedad,,0,2026-09-25
mixto,4,Theo Folgado Folgado,Real Sociedad,,0,2026-09-25
mixto,6,Theo Folgado Folgado,Real Sociedad,,0,2026-09-25
mixto,3,Theo Folgado Folgado,Real Sociedad,,0,2026-09-25
mixto,1,Theo Folgado Folgado,Real Sociedad,,0,2026-09-25
mixto,2,Theo Folgado Folgado,Real Sociedad,,0,2026-09-25
mixto,7,Gorka Carrera Carrera,Real Sociedad,,0,2026-09-25
mixto,5,Gorka Carrera Carrera,Real Sociedad,,0,2026-09-25
mixto,4,Gorka Carrera Carrera,Real Sociedad,,0,2026-09-25
mixto,6,Gorka Carrera Carrera,Real Sociedad,,0,2026-09-25
mixto,3,Gorka Carrera Carrera,Real Sociedad,,0,2026-09-25
mixto,1,Gorka Carrera Carrera,Real Sociedad,,0,2026-09-25
mixto,2,Gorka Carrera Carrera,Real Sociedad,,0,2026-09-25
mixto,7,Gonçalo Guedes Guedes,Real Sociedad,0.0,1,2026-09-25
mixto,5,Gonçalo Guedes Guedes,Real Sociedad,3.0,1,2026-09-25
mixto,4,Gonçalo Guedes Guedes,Real Sociedad,2.0,1,2026-09-25
mixto,6,Gonçalo Guedes Guedes,Real Sociedad,3.0,1,2026-09-25
mixto,3,Gonçalo Guedes Guedes,Real Sociedad,2.0,1,2026-09-25
mixto,1,Gonçalo Guedes Guedes,Real Sociedad,2.0,1,2026-09-25
mixto,2,Gonçalo Guedes Guedes,Real Sociedad,,0,2026-09-25
mixto,7,Aitor Fraga Fraga,Real Sociedad,,0,2026-09-25
mixto,5,Aitor Fraga Fraga,Real Sociedad,,0,2026-09-25
mixto,4,Aitor Fraga Fraga,Real Sociedad,,0,2026-09-25
mixto,6,Aitor Fraga Fraga,Real Sociedad,,0,2026-09-25
mixto,3,Aitor Fraga Fraga,Real Sociedad,,0,2026-09-25
mixto,1,Aitor Fraga Fraga,Real Sociedad,,0,2026-09-25
mixto,2,Aitor Fraga Fraga,Real Sociedad,,0,2026-09-25
mixto,7,Ibai Aguirre Aguirre,Real Sociedad,,0,2026-09-25
mixto,5,Ibai Aguirre Aguirre,Real Sociedad,,0,2026-09-25
mixto,4,Ibai Aguirre Aguirre,Real Sociedad,,0,2026-09-25
mixto,6,Ibai Aguirre Aguirre,Real Sociedad,,0,2026-09-25
mixto,3,Ibai Aguirre Aguirre,Real Sociedad,,0,2026-09-25
mixto,1,Ibai Aguirre Aguirre,Real Sociedad,,0,2026-09-25
mixto,2,Ibai Aguirre Aguirre,Real Sociedad,,0,2026-09-25
mixto,7,Jon Gorrotxategi Gorrotxategi,Real Sociedad,0.0,1,2026-09-25
mixto,5,Jon Gorrotxategi Gorrotxategi,Real Sociedad,1.0,1,2026-09-25
mixto,4,Jon Gorrotxategi Gorrotxategi,Real Sociedad,2.0,1,2026-09-25
mixto,6,Jon Gorrotxategi Gorrotxategi,Real Sociedad,3.0,1,2026-09-25
mixto,3,Jon Gorrotxategi Gorrotxategi,Real Sociedad,0.0,1,2026-09-25
mixto,1,Jon Gorrotxategi Gorrotxategi,Real Sociedad,,0,2026-09-25
mixto,2,Jon Gorrotxategi Gorrotxategi,Real Sociedad,,0,2026-09-25
mixto,7,Mamadou Sarr M. Sarr,Real Sociedad,,0,2026-09-25
mixto,5,Mamadou Sarr M. Sarr,Real Sociedad,5.0,1,2026-09-25
mixto,4,Mamadou Sarr M. Sarr,Real Sociedad,3.0,1,2026-09-25
mixto,6,Mamadou Sarr M. Sarr,Real Sociedad,,0,2026-09-25
mixto,3,Mamadou Sarr M. Sarr,Real Sociedad,,0,2026-09-25
mixto,7,Héctor Fort Fort,Real Sociedad,,0,2026-09-25
mixto,5,Héctor Fort Fort,Real Sociedad,,0,2026-09-25
mixto,4,Héctor Fort Fort,Real Sociedad,1.0,1,2026-09-25
mixto,6,Héctor Fort Fort,Real Sociedad,,0,2026-09-25
mixto,3,Héctor Fort Fort,Real Sociedad,,0,2026-09-25
mixto,1,Héctor Fort Fort,Real Sociedad,,0,2026-09-25
mixto,2,Héctor Fort Fort,Real Sociedad,,0,2026-09-25
mixto,7,Pablo Marín Marín,Real Sociedad,,0,2026-09-25
mixto,5,Pablo Marín Marín,Real Sociedad,,0,2026-09-25
mixto,4,Pablo Marín Marín,Real Sociedad,,0,2026-09-25
mixto,6,Pablo Marín Marín,Real Sociedad,,0,2026-09-25
mixto,3,Pablo Marín Marín,Real Sociedad,,0,2026-09-25
mixto,1,Pablo Marín Marín,Real Sociedad,,0,2026-09-25
mixto,2,Pablo Marín Marín,Real Sociedad,,0,2026-09-25
mixto,7,Jon Guridi Guridi,Sevilla,2.0,1,2026-09-25
mixto,6,Jon Guridi Guridi,Sevilla,4.0,1,2026-09-25
mixto,5,Jon Guridi Guridi,Sevilla,2.0,1,2026-09-25
mixto,4,Jon Guridi Guridi,Sevilla,4.0,1,2026-09-25
mixto,3,Jon Guridi Guridi,Sevilla,3.0,1,2026-09-25
mixto,2,Jon Guridi Guridi,Sevilla,2.0,1,2026-09-25
mixto,1,Jon Guridi Guridi,Sevilla,8.0,1,2026-09-25
mixto,7,Odysseas Vlachodimos Vlachodimos,Sevilla,4.0,1,2026-09-25
mixto,6,Odysseas Vlachodimos Vlachodimos,Sevilla,7.0,1,2026-09-25
mixto,5,Odysseas Vlachodimos Vlachodimos,Sevilla,4.0,1,2026-09-25
mixto,4,Odysseas Vlachodimos Vlachodimos,Sevilla,4.0,1,2026-09-25
mixto,3,Odysseas Vlachodimos Vlachodimos,Sevilla,0.0,1,2026-09-25
mixto,2,Odysseas Vlachodimos Vlachodimos,Sevilla,4.0,1,2026-09-25
mixto,1,Odysseas Vlachodimos Vlachodimos,Sevilla,3.0,1,2026-09-25
mixto,7,Lucien Agoume Agoume,Sevilla,5.0,1,2026-09-25
mixto,6,Lucien Agoume Agoume,Sevilla,7.0,1,2026-09-25
mixto,5,Lucien Agoume Agoume,Sevilla,4.0,1,2026-09-25
mixto,4,Lucien Agoume Agoume,Sevilla,5.0,1,2026-09-25
mixto,3,Lucien Agoume Agoume,Sevilla,3.0,1,2026-09-25
mixto,2,Lucien Agoume Agoume,Sevilla,6.0,1,2026-09-25
mixto,1,Lucien Agoume Agoume,Sevilla,5.0,1,2026-09-25
mixto,7,Rafael Romero Rafa,Sevilla,,0,2026-09-25
mixto,6,Rafael Romero Rafa,Sevilla,,0,2026-09-25
mixto,5,Rafael Romero Rafa,Sevilla,,0,2026-09-25
mixto,4,Rafael Romero Rafa,Sevilla,,0,2026-09-25
mixto,3,Rafael Romero Rafa,Sevilla,,0,2026-09-25
mixto,2,Rafael Romero Rafa,Sevilla,,0,2026-09-25
mixto,1,Rafael Romero Rafa,Sevilla,,0,2026-09-25
mixto,7,Juan Iglesias Iglesias,Sevilla,4.0,1,2026-09-25
mixto,6,Juan Iglesias Iglesias,Sevilla,5.0,1,2026-09-25
mixto,5,Juan Iglesias Iglesias,Sevilla,13.0,1,2026-09-25
mixto,4,Juan Iglesias Iglesias,Sevilla,2.0,1,2026-09-25
mixto,3,Juan Iglesias Iglesias,Sevilla,1.0,1,2026-09-25
mixto,2,Juan Iglesias Iglesias,Sevilla,6.0,1,2026-09-25
mixto,1,Juan Iglesias Iglesias,Sevilla,4.0,1,2026-09-25
mixto,7,Rubén Vargas Vargas,Sevilla,,0,2026-09-25
mixto,6,Rubén Vargas Vargas,Sevilla,,0,2026-09-25
mixto,5,Rubén Vargas Vargas,Sevilla,,0,2026-09-25
mixto,4,Rubén Vargas Vargas,Sevilla,,0,2026-09-25
mixto,3,Rubén Vargas Vargas,Sevilla,,0,2026-09-25
mixto,2,Rubén Vargas Vargas,Sevilla,,0,2026-09-25
mixto,1,Rubén Vargas Vargas,Sevilla,2.0,1,2026-09-25
mixto,7,José Ángel Carmona Carmona,Sevilla,1.0,1,2026-09-25
mixto,6,José Ángel Carmona Carmona,Sevilla,,0,2026-09-25
mixto,5,José Ángel Carmona Carmona,Sevilla,,0,2026-09-25
mixto,4,José Ángel Carmona Carmona,Sevilla,3.0,1,2026-09-25
mixto,3,José Ángel Carmona Carmona,Sevilla,,0,2026-09-25
mixto,2,José Ángel Carmona Carmona,Sevilla,3.0,1,2026-09-25
mixto,1,José Ángel Carmona Carmona,Sevilla,,0,2026-09-25
mixto,7,Kike Salas Kike Salas,Sevilla,,0,2026-09-25
mixto,6,Kike Salas Kike Salas,Sevilla,6.0,1,2026-09-25
mixto,5,Kike Salas Kike Salas,Sevilla,6.0,1,2026-09-25
mixto,4,Kike Salas Kike Salas,Sevilla,3.0,1,2026-09-25
mixto,3,Kike Salas Kike Salas,Sevilla,4.0,1,2026-09-25
mixto,2,Kike Salas Kike Salas,Sevilla,,0,2026-09-25
mixto,1,Kike Salas Kike Salas,Sevilla,-4.0,1,2026-09-25
mixto,7,Peque Peque,Sevilla,,0,2026-09-25
mixto,6,Peque Peque,Sevilla,,0,2026-09-25
mixto,5,Peque Peque,Sevilla,,0,2026-09-25
mixto,4,Peque Peque,Sevilla,,0,2026-09-25
mixto,3,Peque Peque,Sevilla,2.0,1,2026-09-25
mixto,2,Peque Peque,Sevilla,4.0,1,2026-09-25
mixto,1,Peque Peque,Sevilla,10.0,1,2026-09-25
mixto,7,Manu Bueno Manu Bueno,Sevilla,,0,2026-09-25
mixto,6,Manu Bueno Manu Bueno,Sevilla,,0,2026-09-25
mixto,5,Manu Bueno Manu Bueno,Sevilla,,0,2026-09-25
mixto,4,Manu Bueno Manu Bueno,Sevilla,2.0,1,2026-09-25
mixto,3,Manu Bueno Manu Bueno,Sevilla,,0,2026-09-25
mixto,2,Manu Bueno Manu Bueno,Sevilla,,0,2026-09-25
mixto,1,Manu Bueno Manu Bueno,Sevilla,4.0,1,2026-09-25
mixto,7,Fran González Fran González,Sevilla,,0,2026-09-25
mixto,6,Fran González Fran González,Sevilla,,0,2026-09-25
mixto,5,Fran González Fran González,Sevilla,,0,2026-09-25
mixto,4,Fran González Fran González,Sevilla,,0,2026-09-25
mixto,3,Fran González Fran González,Sevilla,,0,2026-09-25
mixto,2,Fran González Fran González,Sevilla,,0,2026-09-25
mixto,1,Fran González Fran González,Sevilla,,0,2026-09-25
mixto,7,Isaac Romero Romero,Sevilla,2.0,1,2026-09-25
mixto,6,Isaac Romero Romero,Sevilla,2.0,1,2026-09-25
mixto,5,Isaac Romero Romero,Sevilla,2.0,1,2026-09-25
mixto,4,Isaac Romero Romero,Sevilla,,0,2026-09-25
mixto,3,Isaac Romero Romero,Sevilla,2.0,1,2026-09-25
mixto,2,Isaac Romero Romero,Sevilla,11.0,1,2026-09-25
mixto,1,Isaac Romero Romero,Sevilla,1.0,1,2026-09-25
mixto,7,Chidera Ejuke Ejuke,Sevilla,2.0,1,2026-09-25
mixto,6,Chidera Ejuke Ejuke,Sevilla,,0,2026-09-25
mixto,5,Chidera Ejuke Ejuke,Sevilla,2.0,1,2026-09-25
mixto,4,Chidera Ejuke Ejuke,Sevilla,2.0,1,2026-09-25
mixto,3,Chidera Ejuke Ejuke,Sevilla,6.0,1,2026-09-25
mixto,2,Chidera Ejuke Ejuke,Sevilla,12.0,1,2026-09-25
mixto,1,Chidera Ejuke Ejuke,Sevilla,2.0,1,2026-09-25
mixto,7,Gabriel Suazo Suazo,Sevilla,5.0,1,2026-09-25
mixto,6,Gabriel Suazo Suazo,Sevilla,6.0,1,2026-09-25
mixto,5,Gabriel Suazo Suazo,Sevilla,6.0,1,2026-09-25
mixto,4,Gabriel Suazo Suazo,Sevilla,3.0,1,2026-09-25
mixto,3,Gabriel Suazo Suazo,Sevilla,1.0,1,2026-09-25
mixto,2,Gabriel Suazo Suazo,Sevilla,2.0,1,2026-09-25
mixto,1,Gabriel Suazo Suazo,Sevilla,3.0,1,2026-09-25
mixto,7,Ibrahima Sow Ibra,Sevilla,,0,2026-09-25
mixto,6,Ibrahima Sow Ibra,Sevilla,,0,2026-09-25
mixto,5,Ibrahima Sow Ibra,Sevilla,,0,2026-09-25
mixto,4,Ibrahima Sow Ibra,Sevilla,,0,2026-09-25
mixto,3,Ibrahima Sow Ibra,Sevilla,,0,2026-09-25
mixto,2,Ibrahima Sow Ibra,Sevilla,,0,2026-09-25
mixto,1,Ibrahima Sow Ibra,Sevilla,,0,2026-09-25
mixto,7,Joaquín Oso Oso,Sevilla,,0,2026-09-25
mixto,6,Joaquín Oso Oso,Sevilla,11.0,1,2026-09-25
mixto,5,Joaquín Oso Oso,Sevilla,3.0,1,2026-09-25
mixto,7,Nico Guillén Guillén,Sevilla,,0,2026-09-25
mixto,6,Nico Guillén Guillén,Sevilla,,0,2026-09-25
mixto,5,Nico Guillén Guillén,Sevilla,,0,2026-09-25
mixto,4,Nico Guillén Guillén,Sevilla,,0,2026-09-25
mixto,3,Nico Guillén Guillén,Sevilla,,0,2026-09-25
mixto,2,Nico Guillén Guillén,Sevilla,2.0,1,2026-09-25
mixto,1,Nico Guillén Guillén,Sevilla,2.0,1,2026-09-25
mixto,7,Andrés Castrín Castrín,Sevilla,2.0,1,2026-09-25
mixto,6,Andrés Castrín Castrín,Sevilla,6.0,1,2026-09-25
mixto,5,Andrés Castrín Castrín,Sevilla,6.0,1,2026-09-25
mixto,4,Andrés Castrín Castrín,Sevilla,2.0,1,2026-09-25
mixto,3,Andrés Castrín Castrín,Sevilla,2.0,1,2026-09-25
mixto,2,Andrés Castrín Castrín,Sevilla,5.0,1,2026-09-25
mixto,1,Andrés Castrín Castrín,Sevilla,,0,2026-09-25
mixto,7,Edu Altozano Altozano,Sevilla,,0,2026-09-25
mixto,6,Edu Altozano Altozano,Sevilla,,0,2026-09-25
mixto,5,Edu Altozano Altozano,Sevilla,,0,2026-09-25
mixto,4,Edu Altozano Altozano,Sevilla,,0,2026-09-25
mixto,3,Edu Altozano Altozano,Sevilla,,0,2026-09-25
mixto,2,Edu Altozano Altozano,Sevilla,,0,2026-09-25
mixto,1,Edu Altozano Altozano,Sevilla,,0,2026-09-25
mixto,7,Miguel Sierra Sierra,Sevilla,7.0,1,2026-09-25
mixto,6,Miguel Sierra Sierra,Sevilla,12.0,1,2026-09-25
mixto,5,Miguel Sierra Sierra,Sevilla,2.0,1,2026-09-25
mixto,4,Miguel Sierra Sierra,Sevilla,2.0,1,2026-09-25
mixto,3,Miguel Sierra Sierra,Sevilla,11.0,1,2026-09-25
mixto,2,Miguel Sierra Sierra,Sevilla,6.0,1,2026-09-25
mixto,1,Miguel Sierra Sierra,Sevilla,6.0,1,2026-09-25
mixto,7,Iker Muñoz Iker Muñoz,Sevilla,,0,2026-09-25
mixto,6,Iker Muñoz Iker Muñoz,Sevilla,,0,2026-09-25
mixto,5,Iker Muñoz Iker Muñoz,Sevilla,,0,2026-09-25
mixto,4,Iker Muñoz Iker Muñoz,Sevilla,,0,2026-09-25
mixto,3,Iker Muñoz Iker Muñoz,Sevilla,,0,2026-09-25
mixto,2,Iker Muñoz Iker Muñoz,Sevilla,,0,2026-09-25
mixto,1,Iker Muñoz Iker Muñoz,Sevilla,,0,2026-09-25
mixto,7,Julio Díaz Julio Díaz,Sevilla,,0,2026-09-25
mixto,6,Julio Díaz Julio Díaz,Sevilla,2.0,1,2026-09-25
mixto,5,Julio Díaz Julio Díaz,Sevilla,2.0,1,2026-09-25
mixto,4,Julio Díaz Julio Díaz,Sevilla,,0,2026-09-25
mixto,3,Julio Díaz Julio Díaz,Sevilla,2.0,1,2026-09-25
mixto,2,Julio Díaz Julio Díaz,Sevilla,2.0,1,2026-09-25
mixto,1,Julio Díaz Julio Díaz,Sevilla,,0,2026-09-25
mixto,7,Arouna Sangante Sangante,Sevilla,1.0,1,2026-09-25
mixto,6,Arouna Sangante Sangante,Sevilla,,0,2026-09-25
mixto,5,Arouna Sangante Sangante,Sevilla,,0,2026-09-25
mixto,4,Arouna Sangante Sangante,Sevilla,-7.0,1,2026-09-25
mixto,3,Arouna Sangante Sangante,Sevilla,,0,2026-09-25
mixto,2,Arouna Sangante Sangante,Sevilla,3.0,1,2026-09-25
mixto,1,Arouna Sangante Sangante,Sevilla,0.0,1,2026-09-25
mixto,7,Robbie Ure Ure,Sevilla,3.0,1,2026-09-25
mixto,6,Robbie Ure Ure,Sevilla,0.0,1,2026-09-25
mixto,5,Robbie Ure Ure,Sevilla,2.0,1,2026-09-25
mixto,4,Robbie Ure Ure,Sevilla,2.0,1,2026-09-25
mixto,3,Robbie Ure Ure,Sevilla,2.0,1,2026-09-25
mixto,2,Robbie Ure Ure,Sevilla,3.0,1,2026-09-25
mixto,1,Robbie Ure Ure,Sevilla,7.0,1,2026-09-25
mixto,7,Giorgi Kochorashvili Kochorashvili,Sevilla,3.0,1,2026-09-25
mixto,6,Giorgi Kochorashvili Kochorashvili,Sevilla,2.0,1,2026-09-25
mixto,5,Giorgi Kochorashvili Kochorashvili,Sevilla,5.0,1,2026-09-25
mixto,4,Giorgi Kochorashvili Kochorashvili,Sevilla,2.0,1,2026-09-25
mixto,3,Giorgi Kochorashvili Kochorashvili,Sevilla,3.0,1,2026-09-25
mixto,2,Giorgi Kochorashvili Kochorashvili,Sevilla,,0,2026-09-25
mixto,7,Manuel Ángel Castillo Castillo,Sevilla,,0,2026-09-25
mixto,6,Manuel Ángel Castillo Castillo,Sevilla,,0,2026-09-25
mixto,5,Manuel Ángel Castillo Castillo,Sevilla,,0,2026-09-25
mixto,4,Manuel Ángel Castillo Castillo,Sevilla,,0,2026-09-25
mixto,3,Manuel Ángel Castillo Castillo,Sevilla,,0,2026-09-25
mixto,2,Manuel Ángel Castillo Castillo,Sevilla,,0,2026-09-25
mixto,1,Manuel Ángel Castillo Castillo,Sevilla,,0,2026-09-25
mixto,7,Alfonso González Alfon,Sevilla,2.0,1,2026-09-25
mixto,6,Alfonso González Alfon,Sevilla,,0,2026-09-25
mixto,5,Alfonso González Alfon,Sevilla,,0,2026-09-25
mixto,4,Alfonso González Alfon,Sevilla,,0,2026-09-25
mixto,3,Alfonso González Alfon,Sevilla,2.0,1,2026-09-25
mixto,2,Alfonso González Alfon,Sevilla,,0,2026-09-25
mixto,1,Alfonso González Alfon,Sevilla,,0,2026-09-25
mixto,7,Félix Correia Félix Correia,Sevilla,6.0,1,2026-09-25
mixto,6,Félix Correia Félix Correia,Sevilla,3.0,1,2026-09-25
mixto,5,Félix Correia Félix Correia,Sevilla,2.0,1,2026-09-25
mixto,4,Félix Correia Félix Correia,Sevilla,,0,2026-09-25
mixto,7,Youssouf Fofana Fofana,Sevilla,13.0,1,2026-09-25
mixto,6,Youssouf Fofana Fofana,Sevilla,5.0,1,2026-09-25
mixto,5,Youssouf Fofana Fofana,Sevilla,5.0,1,2026-09-25
mixto,4,Youssouf Fofana Fofana,Sevilla,3.0,1,2026-09-25
mixto,7,Sergio Recio Recio,Sevilla,,0,2026-09-25
mixto,6,Sergio Recio Recio,Sevilla,,0,2026-09-25
mixto,5,Sergio Recio Recio,Sevilla,,0,2026-09-25
mixto,4,Sergio Recio Recio,Sevilla,,0,2026-09-25
mixto,3,Sergio Recio Recio,Sevilla,,0,2026-09-25
mixto,2,Sergio Recio Recio,Sevilla,,0,2026-09-25
mixto,1,Sergio Recio Recio,Sevilla,,0,2026-09-25
mixto,7,Lucas Stassin Stassin,Sevilla,,0,2026-09-25
mixto,6,Lucas Stassin Stassin,Sevilla,6.0,1,2026-09-25
mixto,5,Lucas Stassin Stassin,Sevilla,3.0,1,2026-09-25
mixto,4,Lucas Stassin Stassin,Sevilla,10.0,1,2026-09-25
mixto,3,Lucas Stassin Stassin,Sevilla,,0,2026-09-25
mixto,2,Lucas Stassin Stassin,Sevilla,,0,2026-09-25
mixto,1,Lucas Stassin Stassin,Sevilla,,0,2026-09-25
mixto,7,Marcão Marcão,Sevilla,,0,2026-09-25
mixto,6,Marcão Marcão,Sevilla,,0,2026-09-25
mixto,5,Marcão Marcão,Sevilla,,0,2026-09-25
mixto,4,Marcão Marcão,Sevilla,,0,2026-09-25
mixto,3,Marcão Marcão,Sevilla,,0,2026-09-25
mixto,2,Marcão Marcão,Sevilla,,0,2026-09-25
mixto,1,Marcão Marcão,Sevilla,,0,2026-09-25
mixto,7,José Gayà Gayà,Valencia,0.0,1,2026-09-25
mixto,6,José Gayà Gayà,Valencia,3.0,1,2026-09-25
mixto,5,José Gayà Gayà,Valencia,2.0,1,2026-09-25
mixto,4,José Gayà Gayà,Valencia,3.0,1,2026-09-25
mixto,3,José Gayà Gayà,Valencia,,0,2026-09-25
mixto,1,José Gayà Gayà,Valencia,,0,2026-09-25
mixto,2,José Gayà Gayà,Valencia,4.0,1,2026-09-25
mixto,7,Stole Dimitrievski Dimitrievski,Valencia,0.0,1,2026-09-25
mixto,6,Stole Dimitrievski Dimitrievski,Valencia,6.0,1,2026-09-25
mixto,5,Stole Dimitrievski Dimitrievski,Valencia,3.0,1,2026-09-25
mixto,4,Stole Dimitrievski Dimitrievski,Valencia,4.0,1,2026-09-25
mixto,3,Stole Dimitrievski Dimitrievski,Valencia,3.0,1,2026-09-25
mixto,1,Stole Dimitrievski Dimitrievski,Valencia,2.0,1,2026-09-25
mixto,2,Stole Dimitrievski Dimitrievski,Valencia,5.0,1,2026-09-25
mixto,7,Pablo Maffeo Maffeo,Valencia,0.0,1,2026-09-25
mixto,6,Pablo Maffeo Maffeo,Valencia,2.0,1,2026-09-25
mixto,5,Pablo Maffeo Maffeo,Valencia,1.0,1,2026-09-25
mixto,4,Pablo Maffeo Maffeo,Valencia,-1.0,1,2026-09-25
mixto,3,Pablo Maffeo Maffeo,Valencia,,0,2026-09-25
mixto,1,Pablo Maffeo Maffeo,Valencia,4.0,1,2026-09-25
mixto,2,Pablo Maffeo Maffeo,Valencia,2.0,1,2026-09-25
mixto,7,Pepelu Pepelu,Valencia,0.0,1,2026-09-25
mixto,6,Pepelu Pepelu,Valencia,4.0,1,2026-09-25
mixto,5,Pepelu Pepelu,Valencia,1.0,1,2026-09-25
mixto,4,Pepelu Pepelu,Valencia,-1.0,1,2026-09-25
mixto,3,Pepelu Pepelu,Valencia,3.0,1,2026-09-25
mixto,1,Pepelu Pepelu,Valencia,3.0,1,2026-09-25
mixto,2,Pepelu Pepelu,Valencia,5.0,1,2026-09-25
mixto,7,Mouctar Diakhaby Diakhaby,Valencia,,0,2026-09-25
mixto,6,Mouctar Diakhaby Diakhaby,Valencia,,0,2026-09-25
mixto,5,Mouctar Diakhaby Diakhaby,Valencia,,0,2026-09-25
mixto,4,Mouctar Diakhaby Diakhaby,Valencia,-1.0,1,2026-09-25
mixto,3,Mouctar Diakhaby Diakhaby,Valencia,-1.0,1,2026-09-25
mixto,1,Mouctar Diakhaby Diakhaby,Valencia,2.0,1,2026-09-25
mixto,2,Mouctar Diakhaby Diakhaby,Valencia,4.0,1,2026-09-25
mixto,7,Daniel Raba Raba,Valencia,,0,2026-09-25
mixto,6,Daniel Raba Raba,Valencia,,0,2026-09-25
mixto,5,Daniel Raba Raba,Valencia,,0,2026-09-25
mixto,4,Daniel Raba Raba,Valencia,,0,2026-09-25
mixto,3,Daniel Raba Raba,Valencia,1.0,1,2026-09-25
mixto,1,Daniel Raba Raba,Valencia,,0,2026-09-25
mixto,2,Daniel Raba Raba,Valencia,,0,2026-09-25
mixto,7,Hugo Duro Duro,Valencia,0.0,1,2026-09-25
mixto,6,Hugo Duro Duro,Valencia,2.0,1,2026-09-25
mixto,5,Hugo Duro Duro,Valencia,2.0,1,2026-09-25
mixto,4,Hugo Duro Duro,Valencia,2.0,1,2026-09-25
mixto,3,Hugo Duro Duro,Valencia,2.0,1,2026-09-25
mixto,1,Hugo Duro Duro,Valencia,2.0,1,2026-09-25
mixto,2,Hugo Duro Duro,Valencia,1.0,1,2026-09-25
mixto,7,Cristian Rivero Rivero,Valencia,,0,2026-09-25
mixto,6,Cristian Rivero Rivero,Valencia,,0,2026-09-25
mixto,5,Cristian Rivero Rivero,Valencia,,0,2026-09-25
mixto,4,Cristian Rivero Rivero,Valencia,,0,2026-09-25
mixto,3,Cristian Rivero Rivero,Valencia,,0,2026-09-25
mixto,1,Cristian Rivero Rivero,Valencia,,0,2026-09-25
mixto,2,Cristian Rivero Rivero,Valencia,,0,2026-09-25
mixto,7,Arnaut Danjuma Danjuma,Valencia,0.0,1,2026-09-25
mixto,6,Arnaut Danjuma Danjuma,Valencia,5.0,1,2026-09-25
mixto,5,Arnaut Danjuma Danjuma,Valencia,4.0,1,2026-09-25
mixto,4,Arnaut Danjuma Danjuma,Valencia,3.0,1,2026-09-25
mixto,3,Arnaut Danjuma Danjuma,Valencia,1.0,1,2026-09-25
mixto,1,Arnaut Danjuma Danjuma,Valencia,0.0,1,2026-09-25
mixto,2,Arnaut Danjuma Danjuma,Valencia,2.0,1,2026-09-25
mixto,7,Guido Rodríguez Guido,Valencia,0.0,1,2026-09-25
mixto,6,Guido Rodríguez Guido,Valencia,4.0,1,2026-09-25
mixto,5,Guido Rodríguez Guido,Valencia,,0,2026-09-25
mixto,4,Guido Rodríguez Guido,Valencia,,0,2026-09-25
mixto,3,Guido Rodríguez Guido,Valencia,,0,2026-09-25
mixto,1,Guido Rodríguez Guido,Valencia,6.0,1,2026-09-25
mixto,2,Guido Rodríguez Guido,Valencia,7.0,1,2026-09-25
mixto,7,Umar Sadiq Sadiq,Valencia,,0,2026-09-25
mixto,6,Umar Sadiq Sadiq,Valencia,,0,2026-09-25
mixto,5,Umar Sadiq Sadiq,Valencia,,0,2026-09-25
mixto,4,Umar Sadiq Sadiq,Valencia,,0,2026-09-25
mixto,3,Umar Sadiq Sadiq,Valencia,8.0,1,2026-09-25
mixto,1,Umar Sadiq Sadiq,Valencia,-1.0,1,2026-09-25
mixto,2,Umar Sadiq Sadiq,Valencia,2.0,1,2026-09-25
mixto,7,Jesús Vázquez Jesús Vázquez,Valencia,0.0,1,2026-09-25
mixto,6,Jesús Vázquez Jesús Vázquez,Valencia,1.0,1,2026-09-25
mixto,5,Jesús Vázquez Jesús Vázquez,Valencia,2.0,1,2026-09-25
mixto,4,Jesús Vázquez Jesús Vázquez,Valencia,0.0,1,2026-09-25
mixto,3,Jesús Vázquez Jesús Vázquez,Valencia,-1.0,1,2026-09-25
mixto,1,Jesús Vázquez Jesús Vázquez,Valencia,3.0,1,2026-09-25
mixto,2,Jesús Vázquez Jesús Vázquez,Valencia,3.0,1,2026-09-25
mixto,7,César Tárrega Tárrega,Valencia,,0,2026-09-25
mixto,6,César Tárrega Tárrega,Valencia,,0,2026-09-25
mixto,5,César Tárrega Tárrega,Valencia,2.0,1,2026-09-25
mixto,4,César Tárrega Tárrega,Valencia,1.0,1,2026-09-25
mixto,3,César Tárrega Tárrega,Valencia,-2.0,1,2026-09-25
mixto,1,César Tárrega Tárrega,Valencia,5.0,1,2026-09-25
mixto,2,César Tárrega Tárrega,Valencia,5.0,1,2026-09-25
mixto,7,Javi Guerra Javi Guerra,Valencia,0.0,1,2026-09-25
mixto,6,Javi Guerra Javi Guerra,Valencia,7.0,1,2026-09-25
mixto,5,Javi Guerra Javi Guerra,Valencia,2.0,1,2026-09-25
mixto,4,Javi Guerra Javi Guerra,Valencia,0.0,1,2026-09-25
mixto,3,Javi Guerra Javi Guerra,Valencia,1.0,1,2026-09-25
mixto,1,Javi Guerra Javi Guerra,Valencia,3.0,1,2026-09-25
mixto,2,Javi Guerra Javi Guerra,Valencia,5.0,1,2026-09-25
mixto,7,Filip Ugrinic Ugrinic,Valencia,0.0,1,2026-09-25
mixto,6,Filip Ugrinic Ugrinic,Valencia,3.0,1,2026-09-25
mixto,5,Filip Ugrinic Ugrinic,Valencia,1.0,1,2026-09-25
mixto,4,Filip Ugrinic Ugrinic,Valencia,2.0,1,2026-09-25
mixto,3,Filip Ugrinic Ugrinic,Valencia,3.0,1,2026-09-25
mixto,1,Filip Ugrinic Ugrinic,Valencia,2.0,1,2026-09-25
mixto,2,Filip Ugrinic Ugrinic,Valencia,4.0,1,2026-09-25
mixto,7,David Otorbi Otorbi,Valencia,0.0,1,2026-09-25
mixto,6,David Otorbi Otorbi,Valencia,2.0,1,2026-09-25
mixto,5,David Otorbi Otorbi,Valencia,3.0,1,2026-09-25
mixto,4,David Otorbi Otorbi,Valencia,2.0,1,2026-09-25
mixto,3,David Otorbi Otorbi,Valencia,2.0,1,2026-09-25
mixto,1,David Otorbi Otorbi,Valencia,1.0,1,2026-09-25
mixto,2,David Otorbi Otorbi,Valencia,,0,2026-09-25
mixto,7,Iker Córdoba Córdoba,Valencia,,0,2026-09-25
mixto,6,Iker Córdoba Córdoba,Valencia,2.0,1,2026-09-25
mixto,5,Iker Córdoba Córdoba,Valencia,2.0,1,2026-09-25
mixto,4,Iker Córdoba Córdoba,Valencia,0.0,1,2026-09-25
mixto,3,Iker Córdoba Córdoba,Valencia,,0,2026-09-25
mixto,1,Iker Córdoba Córdoba,Valencia,,0,2026-09-25
mixto,2,Iker Córdoba Córdoba,Valencia,,0,2026-09-25
mixto,7,Raúl Jiménez Raúl Jiménez,Valencia,,0,2026-09-25
mixto,6,Raúl Jiménez Raúl Jiménez,Valencia,,0,2026-09-25
mixto,5,Raúl Jiménez Raúl Jiménez,Valencia,,0,2026-09-25
mixto,4,Raúl Jiménez Raúl Jiménez,Valencia,,0,2026-09-25
mixto,3,Raúl Jiménez Raúl Jiménez,Valencia,,0,2026-09-25
mixto,1,Raúl Jiménez Raúl Jiménez,Valencia,,0,2026-09-25
mixto,2,Raúl Jiménez Raúl Jiménez,Valencia,,0,2026-09-25
mixto,7,Aliou Dieng Dieng,Valencia,,0,2026-09-25
mixto,6,Aliou Dieng Dieng,Valencia,,0,2026-09-25
mixto,5,Aliou Dieng Dieng,Valencia,2.0,1,2026-09-25
mixto,4,Aliou Dieng Dieng,Valencia,3.0,1,2026-09-25
mixto,3,Aliou Dieng Dieng,Valencia,2.0,1,2026-09-25
mixto,1,Aliou Dieng Dieng,Valencia,1.0,1,2026-09-25
mixto,2,Aliou Dieng Dieng,Valencia,2.0,1,2026-09-25
mixto,7,Marcos Navarro Navarro,Valencia,,0,2026-09-25
mixto,6,Marcos Navarro Navarro,Valencia,,0,2026-09-25
mixto,5,Marcos Navarro Navarro,Valencia,,0,2026-09-25
mixto,4,Marcos Navarro Navarro,Valencia,,0,2026-09-25
mixto,3,Marcos Navarro Navarro,Valencia,,0,2026-09-25
mixto,1,Marcos Navarro Navarro,Valencia,,0,2026-09-25
mixto,2,Marcos Navarro Navarro,Valencia,,0,2026-09-25
mixto,7,Justin de Haas De Haas,Valencia,0.0,1,2026-09-25
mixto,6,Justin de Haas De Haas,Valencia,3.0,1,2026-09-25
mixto,5,Justin de Haas De Haas,Valencia,,0,2026-09-25
mixto,4,Justin de Haas De Haas,Valencia,,0,2026-09-25
mixto,3,Justin de Haas De Haas,Valencia,,0,2026-09-25
mixto,1,Justin de Haas De Haas,Valencia,,0,2026-09-25
mixto,2,Justin de Haas De Haas,Valencia,1.0,1,2026-09-25
mixto,7,Ryunosuke Sato Sato,Valencia,,0,2026-09-25
mixto,6,Ryunosuke Sato Sato,Valencia,,0,2026-09-25
mixto,5,Ryunosuke Sato Sato,Valencia,1.0,1,2026-09-25
mixto,4,Ryunosuke Sato Sato,Valencia,2.0,1,2026-09-25
mixto,3,Ryunosuke Sato Sato,Valencia,2.0,1,2026-09-25
mixto,1,Ryunosuke Sato Sato,Valencia,5.0,1,2026-09-25
mixto,2,Ryunosuke Sato Sato,Valencia,4.0,1,2026-09-25
mixto,7,Jaume Durá Durá,Valencia,,0,2026-09-25
mixto,6,Jaume Durá Durá,Valencia,,0,2026-09-25
mixto,5,Jaume Durá Durá,Valencia,,0,2026-09-25
mixto,4,Jaume Durá Durá,Valencia,,0,2026-09-25
mixto,3,Jaume Durá Durá,Valencia,,0,2026-09-25
mixto,1,Jaume Durá Durá,Valencia,,0,2026-09-25
mixto,2,Jaume Durá Durá,Valencia,,0,2026-09-25
mixto,7,Luis Rioja Rioja,Valencia,0.0,1,2026-09-25
mixto,6,Luis Rioja Rioja,Valencia,11.0,1,2026-09-25
mixto,5,Luis Rioja Rioja,Valencia,,0,2026-09-25
mixto,4,Luis Rioja Rioja,Valencia,,0,2026-09-25
mixto,3,Luis Rioja Rioja,Valencia,0.0,1,2026-09-25
mixto,1,Luis Rioja Rioja,Valencia,5.0,1,2026-09-25
mixto,2,Luis Rioja Rioja,Valencia,,0,2026-09-25
mixto,7,Alejandro Panach Panach,Valencia,,0,2026-09-25
mixto,6,Alejandro Panach Panach,Valencia,,0,2026-09-25
mixto,5,Alejandro Panach Panach,Valencia,,0,2026-09-25
mixto,4,Alejandro Panach Panach,Valencia,,0,2026-09-25
mixto,3,Alejandro Panach Panach,Valencia,,0,2026-09-25
mixto,1,Alejandro Panach Panach,Valencia,,0,2026-09-25
mixto,2,Alejandro Panach Panach,Valencia,,0,2026-09-25
mixto,7,Rubi Muñoz Rubi,Valencia,,0,2026-09-25
mixto,6,Rubi Muñoz Rubi,Valencia,,0,2026-09-25
mixto,5,Rubi Muñoz Rubi,Valencia,,0,2026-09-25
mixto,4,Rubi Muñoz Rubi,Valencia,,0,2026-09-25
mixto,3,Rubi Muñoz Rubi,Valencia,,0,2026-09-25
mixto,1,Rubi Muñoz Rubi,Valencia,,0,2026-09-25
mixto,2,Rubi Muñoz Rubi,Valencia,,0,2026-09-25
mixto,7,Kayne van Oevelen Van Oevelen,Valencia,,0,2026-09-25
mixto,6,Kayne van Oevelen Van Oevelen,Valencia,,0,2026-09-25
mixto,5,Kayne van Oevelen Van Oevelen,Valencia,,0,2026-09-25
mixto,4,Kayne van Oevelen Van Oevelen,Valencia,,0,2026-09-25
mixto,3,Kayne van Oevelen Van Oevelen,Valencia,,0,2026-09-25
mixto,1,Kayne van Oevelen Van Oevelen,Valencia,,0,2026-09-25
mixto,7,Dimitri Foulquier Foulquier,Valencia,,0,2026-09-25
mixto,6,Dimitri Foulquier Foulquier,Valencia,,0,2026-09-25
mixto,5,Dimitri Foulquier Foulquier,Valencia,,0,2026-09-25
mixto,4,Dimitri Foulquier Foulquier,Valencia,,0,2026-09-25
mixto,3,Dimitri Foulquier Foulquier,Valencia,,0,2026-09-25
mixto,1,Dimitri Foulquier Foulquier,Valencia,,0,2026-09-25
mixto,2,Dimitri Foulquier Foulquier,Valencia,,0,2026-09-25
mixto,7,Arnau Martínez Arnau,Valencia,,0,2026-09-25
mixto,6,Arnau Martínez Arnau,Valencia,1.0,1,2026-09-25
mixto,5,Arnau Martínez Arnau,Valencia,1.0,1,2026-09-25
mixto,4,Arnau Martínez Arnau,Valencia,1.0,1,2026-09-25
mixto,3,Arnau Martínez Arnau,Valencia,2.0,1,2026-09-25
mixto,7,Aaron Ndive Mayol Mayol,Valencia,0.0,1,2026-09-25
mixto,6,Aaron Ndive Mayol Mayol,Valencia,5.0,1,2026-09-25
mixto,5,Aaron Ndive Mayol Mayol,Valencia,,0,2026-09-25
mixto,4,Aaron Ndive Mayol Mayol,Valencia,,0,2026-09-25
mixto,3,Aaron Ndive Mayol Mayol,Valencia,,0,2026-09-25
mixto,1,Aaron Ndive Mayol Mayol,Valencia,,0,2026-09-25
mixto,2,Aaron Ndive Mayol Mayol,Valencia,,0,2026-09-25
mixto,7,Harvey Elliott Elliott,Valencia,0.0,1,2026-09-25
mixto,6,Harvey Elliott Elliott,Valencia,,0,2026-09-25
mixto,5,Harvey Elliott Elliott,Valencia,2.0,1,2026-09-25
mixto,4,Harvey Elliott Elliott,Valencia,2.0,1,2026-09-25
mixto,7,Aimar Blázquez Blázquez,Valencia,0.0,1,2026-09-25
mixto,6,Aimar Blázquez Blázquez,Valencia,,0,2026-09-25
mixto,5,Aimar Blázquez Blázquez,Valencia,,0,2026-09-25
mixto,4,Aimar Blázquez Blázquez,Valencia,,0,2026-09-25
mixto,3,Aimar Blázquez Blázquez,Valencia,,0,2026-09-25
mixto,1,Aimar Blázquez Blázquez,Valencia,,0,2026-09-25
mixto,2,Aimar Blázquez Blázquez,Valencia,,0,2026-09-25
mixto,7,Rodrigo Gamón Gamón,Valencia,,0,2026-09-25
mixto,6,Rodrigo Gamón Gamón,Valencia,,0,2026-09-25
mixto,5,Rodrigo Gamón Gamón,Valencia,,0,2026-09-25
mixto,4,Rodrigo Gamón Gamón,Valencia,,0,2026-09-25
mixto,3,Rodrigo Gamón Gamón,Valencia,,0,2026-09-25
mixto,1,Rodrigo Gamón Gamón,Valencia,,0,2026-09-25
mixto,2,Rodrigo Gamón Gamón,Valencia,,0,2026-09-25
mixto,7,Pedro Bigas Bigas,Elche,3.0,1,2026-09-25
mixto,6,Pedro Bigas Bigas,Elche,,0,2026-09-25
mixto,5,Pedro Bigas Bigas,Elche,,0,2026-09-25
mixto,4,Pedro Bigas Bigas,Elche,-1.0,1,2026-09-25
mixto,3,Pedro Bigas Bigas,Elche,2.0,1,2026-09-25
mixto,2,Pedro Bigas Bigas,Elche,1.0,1,2026-09-25
mixto,1,Pedro Bigas Bigas,Elche,,0,2026-09-25
mixto,7,Josan Ferrández Josan,Elche,,0,2026-09-25
mixto,6,Josan Ferrández Josan,Elche,2.0,1,2026-09-25
mixto,5,Josan Ferrández Josan,Elche,,0,2026-09-25
mixto,4,Josan Ferrández Josan,Elche,2.0,1,2026-09-25
mixto,3,Josan Ferrández Josan,Elche,2.0,1,2026-09-25
mixto,2,Josan Ferrández Josan,Elche,,0,2026-09-25
mixto,1,Josan Ferrández Josan,Elche,,0,2026-09-25
mixto,7,Ezequiel Ponce Ponce,Elche,,0,2026-09-25
mixto,6,Ezequiel Ponce Ponce,Elche,,0,2026-09-25
mixto,5,Ezequiel Ponce Ponce,Elche,,0,2026-09-25
mixto,4,Ezequiel Ponce Ponce,Elche,2.0,1,2026-09-25
mixto,3,Ezequiel Ponce Ponce,Elche,3.0,1,2026-09-25
mixto,2,Ezequiel Ponce Ponce,Elche,3.0,1,2026-09-25
mixto,1,Ezequiel Ponce Ponce,Elche,,0,2026-09-25
mixto,7,Gonzalo Villar Villar,Elche,5.0,1,2026-09-25
mixto,6,Gonzalo Villar Villar,Elche,4.0,1,2026-09-25
mixto,5,Gonzalo Villar Villar,Elche,3.0,1,2026-09-25
mixto,4,Gonzalo Villar Villar,Elche,3.0,1,2026-09-25
mixto,3,Gonzalo Villar Villar,Elche,4.0,1,2026-09-25
mixto,2,Gonzalo Villar Villar,Elche,3.0,1,2026-09-25
mixto,1,Gonzalo Villar Villar,Elche,5.0,1,2026-09-25
mixto,7,Tete Morente Tete Morente,Elche,2.0,1,2026-09-25
mixto,6,Tete Morente Tete Morente,Elche,3.0,1,2026-09-25
mixto,5,Tete Morente Tete Morente,Elche,3.0,1,2026-09-25
mixto,4,Tete Morente Tete Morente,Elche,3.0,1,2026-09-25
mixto,3,Tete Morente Tete Morente,Elche,6.0,1,2026-09-25
mixto,2,Tete Morente Tete Morente,Elche,4.0,1,2026-09-25
mixto,1,Tete Morente Tete Morente,Elche,2.0,1,2026-09-25
mixto,7,Fernando Niño Fer Niño,Elche,17.0,1,2026-09-25
mixto,6,Fernando Niño Fer Niño,Elche,9.0,1,2026-09-25
mixto,5,Fernando Niño Fer Niño,Elche,2.0,1,2026-09-25
mixto,4,Fernando Niño Fer Niño,Elche,7.0,1,2026-09-25
mixto,3,Fernando Niño Fer Niño,Elche,9.0,1,2026-09-25
mixto,2,Fernando Niño Fer Niño,Elche,1.0,1,2026-09-25
mixto,1,Fernando Niño Fer Niño,Elche,2.0,1,2026-09-25
mixto,7,Germán Valera Valera,Elche,13.0,1,2026-09-25
mixto,6,Germán Valera Valera,Elche,3.0,1,2026-09-25
mixto,5,Germán Valera Valera,Elche,4.0,1,2026-09-25
mixto,4,Germán Valera Valera,Elche,4.0,1,2026-09-25
mixto,3,Germán Valera Valera,Elche,1.0,1,2026-09-25
mixto,2,Germán Valera Valera,Elche,3.0,1,2026-09-25
mixto,1,Germán Valera Valera,Elche,5.0,1,2026-09-25
mixto,7,Víctor Chust Chust,Elche,3.0,1,2026-09-25
mixto,6,Víctor Chust Chust,Elche,2.0,1,2026-09-25
mixto,5,Víctor Chust Chust,Elche,3.0,1,2026-09-25
mixto,4,Víctor Chust Chust,Elche,1.0,1,2026-09-25
mixto,3,Víctor Chust Chust,Elche,3.0,1,2026-09-25
mixto,2,Víctor Chust Chust,Elche,0.0,1,2026-09-25
mixto,1,Víctor Chust Chust,Elche,4.0,1,2026-09-25
mixto,7,David Affengruber Affengruber,Elche,3.0,1,2026-09-25
mixto,6,David Affengruber Affengruber,Elche,0.0,1,2026-09-25
mixto,5,David Affengruber Affengruber,Elche,3.0,1,2026-09-25
mixto,7,Matías Dituro Dituro,Elche,5.0,1,2026-09-25
mixto,6,Matías Dituro Dituro,Elche,2.0,1,2026-09-25
mixto,5,Matías Dituro Dituro,Elche,4.0,1,2026-09-25
mixto,4,Matías Dituro Dituro,Elche,-2.0,1,2026-09-25
mixto,3,Matías Dituro Dituro,Elche,0.0,1,2026-09-25
mixto,2,Matías Dituro Dituro,Elche,1.0,1,2026-09-25
mixto,1,Matías Dituro Dituro,Elche,2.0,1,2026-09-25
mixto,7,Alejandro Iturbe Iturbe,Elche,,0,2026-09-25
mixto,6,Alejandro Iturbe Iturbe,Elche,,0,2026-09-25
mixto,5,Alejandro Iturbe Iturbe,Elche,,0,2026-09-25
mixto,4,Alejandro Iturbe Iturbe,Elche,,0,2026-09-25
mixto,3,Alejandro Iturbe Iturbe,Elche,,0,2026-09-25
mixto,2,Alejandro Iturbe Iturbe,Elche,,0,2026-09-25
mixto,1,Alejandro Iturbe Iturbe,Elche,,0,2026-09-25
mixto,7,Marc Aguado Aguado,Elche,,0,2026-09-25
mixto,6,Marc Aguado Aguado,Elche,3.0,1,2026-09-25
mixto,5,Marc Aguado Aguado,Elche,,0,2026-09-25
mixto,4,Marc Aguado Aguado,Elche,,0,2026-09-25
mixto,3,Marc Aguado Aguado,Elche,1.0,1,2026-09-25
mixto,2,Marc Aguado Aguado,Elche,2.0,1,2026-09-25
mixto,1,Marc Aguado Aguado,Elche,13.0,1,2026-09-25
mixto,7,Facundo Buonanotte Buonanotte,Elche,,0,2026-09-25
mixto,6,Facundo Buonanotte Buonanotte,Elche,,0,2026-09-25
mixto,5,Facundo Buonanotte Buonanotte,Elche,8.0,1,2026-09-25
mixto,4,Facundo Buonanotte Buonanotte,Elche,4.0,1,2026-09-25
mixto,3,Facundo Buonanotte Buonanotte,Elche,2.0,1,2026-09-25
mixto,2,Facundo Buonanotte Buonanotte,Elche,4.0,1,2026-09-25
mixto,1,Facundo Buonanotte Buonanotte,Elche,,0,2026-09-25
mixto,7,Buba Sangaré Sangaré,Elche,3.0,1,2026-09-25
mixto,6,Buba Sangaré Sangaré,Elche,3.0,1,2026-09-25
mixto,5,Buba Sangaré Sangaré,Elche,4.0,1,2026-09-25
mixto,4,Buba Sangaré Sangaré,Elche,1.0,1,2026-09-25
mixto,3,Buba Sangaré Sangaré,Elche,9.0,1,2026-09-25
mixto,2,Buba Sangaré Sangaré,Elche,1.0,1,2026-09-25
mixto,1,Buba Sangaré Sangaré,Elche,2.0,1,2026-09-25
mixto,7,Nordin Al Lal Al Lal,Elche,,0,2026-09-25
mixto,6,Nordin Al Lal Al Lal,Elche,,0,2026-09-25
mixto,5,Nordin Al Lal Al Lal,Elche,,0,2026-09-25
mixto,4,Nordin Al Lal Al Lal,Elche,,0,2026-09-25
mixto,7,Martim Neto Martim Neto,Elche,,0,2026-09-25
mixto,6,Martim Neto Martim Neto,Elche,1.0,1,2026-09-25
mixto,5,Martim Neto Martim Neto,Elche,2.0,1,2026-09-25
mixto,4,Martim Neto Martim Neto,Elche,,0,2026-09-25
mixto,3,Martim Neto Martim Neto,Elche,,0,2026-09-25
mixto,2,Martim Neto Martim Neto,Elche,2.0,1,2026-09-25
mixto,1,Martim Neto Martim Neto,Elche,2.0,1,2026-09-25
mixto,7,Matia Barzic Barzic,Elche,4.0,1,2026-09-25
mixto,6,Matia Barzic Barzic,Elche,,0,2026-09-25
mixto,5,Matia Barzic Barzic,Elche,,0,2026-09-25
mixto,4,Matia Barzic Barzic,Elche,,0,2026-09-25
mixto,3,Matia Barzic Barzic,Elche,,0,2026-09-25
mixto,2,Matia Barzic Barzic,Elche,,0,2026-09-25
mixto,1,Matia Barzic Barzic,Elche,,0,2026-09-25
mixto,7,Ali Houary Ali Houary,Elche,,0,2026-09-25
mixto,6,Ali Houary Ali Houary,Elche,,0,2026-09-25
mixto,5,Ali Houary Ali Houary,Elche,,0,2026-09-25
mixto,4,Ali Houary Ali Houary,Elche,,0,2026-09-25
mixto,3,Ali Houary Ali Houary,Elche,1.0,1,2026-09-25
mixto,2,Ali Houary Ali Houary,Elche,2.0,1,2026-09-25
mixto,1,Ali Houary Ali Houary,Elche,3.0,1,2026-09-25
mixto,7,Federico Redondo Redondo,Elche,-9.0,1,2026-09-25
mixto,6,Federico Redondo Redondo,Elche,3.0,1,2026-09-25
mixto,5,Federico Redondo Redondo,Elche,4.0,1,2026-09-25
mixto,4,Federico Redondo Redondo,Elche,,0,2026-09-25
mixto,3,Federico Redondo Redondo,Elche,,0,2026-09-25
mixto,2,Federico Redondo Redondo,Elche,0.0,1,2026-09-25
mixto,1,Federico Redondo Redondo,Elche,2.0,1,2026-09-25
mixto,7,Lucas Cepeda Cepeda,Elche,6.0,1,2026-09-25
mixto,6,Lucas Cepeda Cepeda,Elche,5.0,1,2026-09-25
mixto,5,Lucas Cepeda Cepeda,Elche,2.0,1,2026-09-25
mixto,4,Lucas Cepeda Cepeda,Elche,2.0,1,2026-09-25
mixto,3,Lucas Cepeda Cepeda,Elche,3.0,1,2026-09-25
mixto,2,Lucas Cepeda Cepeda,Elche,3.0,1,2026-09-25
mixto,1,Lucas Cepeda Cepeda,Elche,3.0,1,2026-09-25
mixto,7,Javi Morcillo Morcillo,Elche,7.0,1,2026-09-25
mixto,6,Javi Morcillo Morcillo,Elche,,0,2026-09-25
mixto,5,Javi Morcillo Morcillo,Elche,4.0,1,2026-09-25
mixto,4,Javi Morcillo Morcillo,Elche,2.0,1,2026-09-25
mixto,3,Javi Morcillo Morcillo,Elche,2.0,1,2026-09-25
mixto,2,Javi Morcillo Morcillo,Elche,,0,2026-09-25
mixto,1,Javi Morcillo Morcillo,Elche,2.0,1,2026-09-25
mixto,7,Álvaro Padilla Padilla,Elche,,0,2026-09-25
mixto,6,Álvaro Padilla Padilla,Elche,,0,2026-09-25
mixto,5,Álvaro Padilla Padilla,Elche,,0,2026-09-25
mixto,4,Álvaro Padilla Padilla,Elche,,0,2026-09-25
mixto,3,Álvaro Padilla Padilla,Elche,,0,2026-09-25
mixto,2,Álvaro Padilla Padilla,Elche,,0,2026-09-25
mixto,1,Álvaro Padilla Padilla,Elche,1.0,1,2026-09-25
mixto,7,Umaru Konaré Umaru,Elche,,0,2026-09-25
mixto,6,Umaru Konaré Umaru,Elche,,0,2026-09-25
mixto,5,Umaru Konaré Umaru,Elche,2.0,1,2026-09-25
mixto,7,Grady Diangana Diangana,Elche,,0,2026-09-25
mixto,6,Grady Diangana Diangana,Elche,,0,2026-09-25
mixto,5,Grady Diangana Diangana,Elche,,0,2026-09-25
mixto,4,Grady Diangana Diangana,Elche,,0,2026-09-25
mixto,3,Grady Diangana Diangana,Elche,,0,2026-09-25
mixto,2,Grady Diangana Diangana,Elche,,0,2026-09-25
mixto,1,Grady Diangana Diangana,Elche,,0,2026-09-25
mixto,7,Abiel Osorio Osorio,Elche,3.0,1,2026-09-25
mixto,6,Abiel Osorio Osorio,Elche,10.0,1,2026-09-25
mixto,5,Abiel Osorio Osorio,Elche,2.0,1,2026-09-25
mixto,4,Abiel Osorio Osorio,Elche,3.0,1,2026-09-25
mixto,3,Abiel Osorio Osorio,Elche,,0,2026-09-25
mixto,2,Abiel Osorio Osorio,Elche,,0,2026-09-25
mixto,1,Abiel Osorio Osorio,Elche,,0,2026-09-25
mixto,7,Thomas Lemar Lemar,Elche,5.0,1,2026-09-25
mixto,6,Thomas Lemar Lemar,Elche,5.0,1,2026-09-25
mixto,5,Thomas Lemar Lemar,Elche,2.0,1,2026-09-25
mixto,4,Thomas Lemar Lemar,Elche,10.0,1,2026-09-25
mixto,3,Thomas Lemar Lemar,Elche,,0,2026-09-25
mixto,2,Thomas Lemar Lemar,Elche,,0,2026-09-25
mixto,1,Thomas Lemar Lemar,Elche,,0,2026-09-25
mixto,7,Rubén Sánchez Rubén Sánchez,Elche,6.0,1,2026-09-25
mixto,6,Rubén Sánchez Rubén Sánchez,Elche,2.0,1,2026-09-25
mixto,5,Rubén Sánchez Rubén Sánchez,Elche,2.0,1,2026-09-25
mixto,4,Rubén Sánchez Rubén Sánchez,Elche,,0,2026-09-25
mixto,3,Rubén Sánchez Rubén Sánchez,Elche,,0,2026-09-25
mixto,2,Rubén Sánchez Rubén Sánchez,Elche,,0,2026-09-25
mixto,1,Rubén Sánchez Rubén Sánchez,Elche,,0,2026-09-25
mixto,7,Roy Revivo Revivo,Elche,6.0,1,2026-09-25
mixto,6,Roy Revivo Revivo,Elche,2.0,1,2026-09-25
mixto,5,Roy Revivo Revivo,Elche,2.0,1,2026-09-25
mixto,4,Roy Revivo Revivo,Elche,0.0,1,2026-09-25
mixto,7,Gerard Moreno Gerard,Villarreal,2.0,1,2026-09-25
mixto,6,Gerard Moreno Gerard,Villarreal,,0,2026-09-25
mixto,5,Gerard Moreno Gerard,Villarreal,10.0,1,2026-09-25
mixto,4,Gerard Moreno Gerard,Villarreal,7.0,1,2026-09-25
mixto,3,Gerard Moreno Gerard,Villarreal,3.0,1,2026-09-25
mixto,2,Gerard Moreno Gerard,Villarreal,9.0,1,2026-09-25
mixto,1,Gerard Moreno Gerard,Villarreal,4.0,1,2026-09-25
mixto,7,Péter Gulácsi Gulacsi,Villarreal,3.0,1,2026-09-25
mixto,6,Péter Gulácsi Gulacsi,Villarreal,3.0,1,2026-09-25
mixto,5,Péter Gulácsi Gulacsi,Villarreal,9.0,1,2026-09-25
mixto,4,Péter Gulácsi Gulacsi,Villarreal,,0,2026-09-25
mixto,3,Péter Gulácsi Gulacsi,Villarreal,,0,2026-09-25
mixto,2,Péter Gulácsi Gulacsi,Villarreal,,0,2026-09-25
mixto,1,Péter Gulácsi Gulacsi,Villarreal,,0,2026-09-25
mixto,7,Ayoze Pérez Ayoze,Villarreal,9.0,1,2026-09-25
mixto,6,Ayoze Pérez Ayoze,Villarreal,5.0,1,2026-09-25
mixto,5,Ayoze Pérez Ayoze,Villarreal,0.0,1,2026-09-25
mixto,4,Ayoze Pérez Ayoze,Villarreal,3.0,1,2026-09-25
mixto,3,Ayoze Pérez Ayoze,Villarreal,2.0,1,2026-09-25
mixto,2,Ayoze Pérez Ayoze,Villarreal,5.0,1,2026-09-25
mixto,1,Ayoze Pérez Ayoze,Villarreal,2.0,1,2026-09-25
mixto,7,Juan Foyth Foyth,Villarreal,,0,2026-09-25
mixto,6,Juan Foyth Foyth,Villarreal,,0,2026-09-25
mixto,5,Juan Foyth Foyth,Villarreal,,0,2026-09-25
mixto,4,Juan Foyth Foyth,Villarreal,,0,2026-09-25
mixto,3,Juan Foyth Foyth,Villarreal,4.0,1,2026-09-25
mixto,2,Juan Foyth Foyth,Villarreal,5.0,1,2026-09-25
mixto,1,Juan Foyth Foyth,Villarreal,3.0,1,2026-09-25
mixto,7,Santi Comesaña Comesaña,Villarreal,,0,2026-09-25
mixto,6,Santi Comesaña Comesaña,Villarreal,3.0,1,2026-09-25
mixto,5,Santi Comesaña Comesaña,Villarreal,3.0,1,2026-09-25
mixto,4,Santi Comesaña Comesaña,Villarreal,2.0,1,2026-09-25
mixto,3,Santi Comesaña Comesaña,Villarreal,2.0,1,2026-09-25
mixto,2,Santi Comesaña Comesaña,Villarreal,3.0,1,2026-09-25
mixto,1,Santi Comesaña Comesaña,Villarreal,1.0,1,2026-09-25
mixto,7,Nicolas Pépé Pépé,Villarreal,1.0,1,2026-09-25
mixto,6,Nicolas Pépé Pépé,Villarreal,,0,2026-09-25
mixto,5,Nicolas Pépé Pépé,Villarreal,4.0,1,2026-09-25
mixto,4,Nicolas Pépé Pépé,Villarreal,10.0,1,2026-09-25
mixto,3,Nicolas Pépé Pépé,Villarreal,6.0,1,2026-09-25
mixto,2,Nicolas Pépé Pépé,Villarreal,6.0,1,2026-09-25
mixto,1,Nicolas Pépé Pépé,Villarreal,10.0,1,2026-09-25
mixto,7,Pape Gueye Pape Gueye,Villarreal,3.0,1,2026-09-25
mixto,6,Pape Gueye Pape Gueye,Villarreal,15.0,1,2026-09-25
mixto,5,Pape Gueye Pape Gueye,Villarreal,5.0,1,2026-09-25
mixto,4,Pape Gueye Pape Gueye,Villarreal,3.0,1,2026-09-25
mixto,3,Pape Gueye Pape Gueye,Villarreal,3.0,1,2026-09-25
mixto,2,Pape Gueye Pape Gueye,Villarreal,6.0,1,2026-09-25
mixto,1,Pape Gueye Pape Gueye,Villarreal,11.0,1,2026-09-25
mixto,7,Ilias Akhomach Akhomach,Villarreal,9.0,1,2026-09-25
mixto,6,Ilias Akhomach Akhomach,Villarreal,8.0,1,2026-09-25
mixto,5,Ilias Akhomach Akhomach,Villarreal,,0,2026-09-25
mixto,4,Ilias Akhomach Akhomach,Villarreal,1.0,1,2026-09-25
mixto,3,Ilias Akhomach Akhomach,Villarreal,2.0,1,2026-09-25
mixto,2,Ilias Akhomach Akhomach,Villarreal,2.0,1,2026-09-25
mixto,1,Ilias Akhomach Akhomach,Villarreal,2.0,1,2026-09-25
mixto,7,Sergi Cardona S. Cardona,Villarreal,4.0,1,2026-09-25
mixto,6,Sergi Cardona S. Cardona,Villarreal,3.0,1,2026-09-25
mixto,5,Sergi Cardona S. Cardona,Villarreal,,0,2026-09-25
mixto,4,Sergi Cardona S. Cardona,Villarreal,-1.0,1,2026-09-25
mixto,3,Sergi Cardona S. Cardona,Villarreal,,0,2026-09-25
mixto,2,Sergi Cardona S. Cardona,Villarreal,,0,2026-09-25
mixto,1,Sergi Cardona S. Cardona,Villarreal,,0,2026-09-25
mixto,7,Alberto Moleiro Moleiro,Villarreal,14.0,1,2026-09-25
mixto,6,Alberto Moleiro Moleiro,Villarreal,11.0,1,2026-09-25
mixto,5,Alberto Moleiro Moleiro,Villarreal,3.0,1,2026-09-25
mixto,4,Alberto Moleiro Moleiro,Villarreal,3.0,1,2026-09-25
mixto,3,Alberto Moleiro Moleiro,Villarreal,2.0,1,2026-09-25
mixto,2,Alberto Moleiro Moleiro,Villarreal,4.0,1,2026-09-25
mixto,1,Alberto Moleiro Moleiro,Villarreal,2.0,1,2026-09-25
mixto,7,Renato Veiga Veiga,Villarreal,7.0,1,2026-09-25
mixto,6,Renato Veiga Veiga,Villarreal,4.0,1,2026-09-25
mixto,5,Renato Veiga Veiga,Villarreal,6.0,1,2026-09-25
mixto,4,Renato Veiga Veiga,Villarreal,2.0,1,2026-09-25
mixto,3,Renato Veiga Veiga,Villarreal,3.0,1,2026-09-25
mixto,2,Renato Veiga Veiga,Villarreal,4.0,1,2026-09-25
mixto,1,Renato Veiga Veiga,Villarreal,4.0,1,2026-09-25
mixto,7,Tajon Buchanan Buchanan,Villarreal,4.0,1,2026-09-25
mixto,6,Tajon Buchanan Buchanan,Villarreal,5.0,1,2026-09-25
mixto,5,Tajon Buchanan Buchanan,Villarreal,3.0,1,2026-09-25
mixto,4,Tajon Buchanan Buchanan,Villarreal,2.0,1,2026-09-25
mixto,3,Tajon Buchanan Buchanan,Villarreal,3.0,1,2026-09-25
mixto,2,Tajon Buchanan Buchanan,Villarreal,6.0,1,2026-09-25
mixto,1,Tajon Buchanan Buchanan,Villarreal,2.0,1,2026-09-25
mixto,7,Carlos Romero Romero,Villarreal,,0,2026-09-25
mixto,6,Carlos Romero Romero,Villarreal,3.0,1,2026-09-25
mixto,5,Carlos Romero Romero,Villarreal,2.0,1,2026-09-25
mixto,4,Carlos Romero Romero,Villarreal,,0,2026-09-25
mixto,3,Carlos Romero Romero,Villarreal,3.0,1,2026-09-25
mixto,2,Carlos Romero Romero,Villarreal,2.0,1,2026-09-25
mixto,1,Carlos Romero Romero,Villarreal,4.0,1,2026-09-25
mixto,7,Santiago Mouriño Mouriño,Villarreal,2.0,1,2026-09-25
mixto,6,Santiago Mouriño Mouriño,Villarreal,2.0,1,2026-09-25
mixto,5,Santiago Mouriño Mouriño,Villarreal,1.0,1,2026-09-25
mixto,4,Santiago Mouriño Mouriño,Villarreal,,0,2026-09-25
mixto,3,Santiago Mouriño Mouriño,Villarreal,3.0,1,2026-09-25
mixto,2,Santiago Mouriño Mouriño,Villarreal,3.0,1,2026-09-25
mixto,1,Santiago Mouriño Mouriño,Villarreal,2.0,1,2026-09-25
mixto,7,Georges Mikautadze Mikautadze,Villarreal,9.0,1,2026-09-25
mixto,6,Georges Mikautadze Mikautadze,Villarreal,3.0,1,2026-09-25
mixto,5,Georges Mikautadze Mikautadze,Villarreal,2.0,1,2026-09-25
mixto,4,Georges Mikautadze Mikautadze,Villarreal,2.0,1,2026-09-25
mixto,3,Georges Mikautadze Mikautadze,Villarreal,3.0,1,2026-09-25
mixto,2,Georges Mikautadze Mikautadze,Villarreal,10.0,1,2026-09-25
mixto,1,Georges Mikautadze Mikautadze,Villarreal,4.0,1,2026-09-25
mixto,7,Logan Costa Logan Costa,Villarreal,,0,2026-09-25
mixto,6,Logan Costa Logan Costa,Villarreal,,0,2026-09-25
mixto,5,Logan Costa Logan Costa,Villarreal,,0,2026-09-25
mixto,4,Logan Costa Logan Costa,Villarreal,2.0,1,2026-09-25
mixto,3,Logan Costa Logan Costa,Villarreal,,0,2026-09-25
mixto,2,Logan Costa Logan Costa,Villarreal,,0,2026-09-25
mixto,1,Logan Costa Logan Costa,Villarreal,,0,2026-09-25
mixto,7,Willy Kambwala Kambwala,Villarreal,,0,2026-09-25
mixto,6,Willy Kambwala Kambwala,Villarreal,,0,2026-09-25
mixto,7,Pau Navarro Pau Navarro,Villarreal,2.0,1,2026-09-25
mixto,6,Pau Navarro Pau Navarro,Villarreal,3.0,1,2026-09-25
mixto,5,Pau Navarro Pau Navarro,Villarreal,4.0,1,2026-09-25
mixto,4,Pau Navarro Pau Navarro,Villarreal,,0,2026-09-25
mixto,3,Pau Navarro Pau Navarro,Villarreal,,0,2026-09-25
mixto,2,Pau Navarro Pau Navarro,Villarreal,,0,2026-09-25
mixto,1,Pau Navarro Pau Navarro,Villarreal,,0,2026-09-25
mixto,7,Tani Oluwaseyi Oluwaseyi,Villarreal,,0,2026-09-25
mixto,6,Tani Oluwaseyi Oluwaseyi,Villarreal,,0,2026-09-25
mixto,5,Tani Oluwaseyi Oluwaseyi,Villarreal,2.0,1,2026-09-25
mixto,4,Tani Oluwaseyi Oluwaseyi,Villarreal,2.0,1,2026-09-25
mixto,3,Tani Oluwaseyi Oluwaseyi,Villarreal,2.0,1,2026-09-25
mixto,2,Tani Oluwaseyi Oluwaseyi,Villarreal,1.0,1,2026-09-25
mixto,1,Tani Oluwaseyi Oluwaseyi,Villarreal,,0,2026-09-25
mixto,7,Luiz Junior Luiz Junior,Villarreal,,0,2026-09-25
mixto,6,Luiz Junior Luiz Junior,Villarreal,,0,2026-09-25
mixto,5,Luiz Junior Luiz Junior,Villarreal,,0,2026-09-25
mixto,4,Luiz Junior Luiz Junior,Villarreal,-1.0,1,2026-09-25
mixto,3,Luiz Junior Luiz Junior,Villarreal,4.0,1,2026-09-25
mixto,2,Luiz Junior Luiz Junior,Villarreal,1.0,1,2026-09-25
mixto,1,Luiz Junior Luiz Junior,Villarreal,0.0,1,2026-09-25
mixto,7,Carlos Macià Carlos Macià,Villarreal,1.0,1,2026-09-25
mixto,6,Carlos Macià Carlos Macià,Villarreal,4.0,1,2026-09-25
mixto,5,Carlos Macià Carlos Macià,Villarreal,,0,2026-09-25
mixto,4,Carlos Macià Carlos Macià,Villarreal,,0,2026-09-25
mixto,3,Carlos Macià Carlos Macià,Villarreal,,0,2026-09-25
mixto,2,Carlos Macià Carlos Macià,Villarreal,2.0,1,2026-09-25
mixto,1,Carlos Macià Carlos Macià,Villarreal,3.0,1,2026-09-25
mixto,7,Alex Freeman Freeman,Villarreal,5.0,1,2026-09-25
mixto,6,Alex Freeman Freeman,Villarreal,6.0,1,2026-09-25
mixto,5,Alex Freeman Freeman,Villarreal,2.0,1,2026-09-25
mixto,4,Alex Freeman Freeman,Villarreal,3.0,1,2026-09-25
mixto,3,Alex Freeman Freeman,Villarreal,3.0,1,2026-09-25
mixto,2,Alex Freeman Freeman,Villarreal,,0,2026-09-25
mixto,1,Alex Freeman Freeman,Villarreal,1.0,1,2026-09-25
mixto,7,Cheikh Thiam Thiam,Villarreal,,0,2026-09-25
mixto,6,Cheikh Thiam Thiam,Villarreal,,0,2026-09-25
mixto,5,Cheikh Thiam Thiam,Villarreal,,0,2026-09-25
mixto,4,Cheikh Thiam Thiam,Villarreal,,0,2026-09-25
mixto,3,Cheikh Thiam Thiam,Villarreal,,0,2026-09-25
mixto,2,Cheikh Thiam Thiam,Villarreal,,0,2026-09-25
mixto,1,Cheikh Thiam Thiam,Villarreal,,0,2026-09-25
mixto,7,Rubén Gómez Rubén Gómez,Villarreal,,0,2026-09-25
mixto,6,Rubén Gómez Rubén Gómez,Villarreal,,0,2026-09-25
mixto,5,Rubén Gómez Rubén Gómez,Villarreal,,0,2026-09-25
mixto,4,Rubén Gómez Rubén Gómez,Villarreal,,0,2026-09-25
mixto,3,Rubén Gómez Rubén Gómez,Villarreal,,0,2026-09-25
mixto,2,Rubén Gómez Rubén Gómez,Villarreal,,0,2026-09-25
mixto,1,Rubén Gómez Rubén Gómez,Villarreal,,0,2026-09-25
mixto,7,Nizar El Jmili Nizar,Villarreal,,0,2026-09-25
mixto,6,Nizar El Jmili Nizar,Villarreal,,0,2026-09-25
mixto,5,Nizar El Jmili Nizar,Villarreal,,0,2026-09-25
mixto,4,Nizar El Jmili Nizar,Villarreal,,0,2026-09-25
mixto,3,Nizar El Jmili Nizar,Villarreal,,0,2026-09-25
mixto,2,Nizar El Jmili Nizar,Villarreal,,0,2026-09-25
mixto,1,Nizar El Jmili Nizar,Villarreal,,0,2026-09-25
mixto,7,Alassane Diatta Diatta,Villarreal,,0,2026-09-25
mixto,6,Alassane Diatta Diatta,Villarreal,,0,2026-09-25
mixto,5,Alassane Diatta Diatta,Villarreal,,0,2026-09-25
mixto,4,Alassane Diatta Diatta,Villarreal,,0,2026-09-25
mixto,3,Alassane Diatta Diatta,Villarreal,,0,2026-09-25
mixto,2,Alassane Diatta Diatta,Villarreal,,0,2026-09-25
mixto,1,Alassane Diatta Diatta,Villarreal,,0,2026-09-25
mixto,7,Nathan-Dylan Saliba Saliba,Villarreal,3.0,1,2026-09-25
mixto,6,Nathan-Dylan Saliba Saliba,Villarreal,4.0,1,2026-09-25
mixto,5,Nathan-Dylan Saliba Saliba,Villarreal,1.0,1,2026-09-25
mixto,4,Nathan-Dylan Saliba Saliba,Villarreal,5.0,1,2026-09-25
mixto,3,Nathan-Dylan Saliba Saliba,Villarreal,,0,2026-09-25
mixto,7,Jonny Castro Jonny,Alavés,5.0,1,2026-09-25
mixto,6,Jonny Castro Jonny,Alavés,,0,2026-09-25
mixto,5,Jonny Castro Jonny,Alavés,4.0,1,2026-09-25
mixto,4,Jonny Castro Jonny,Alavés,2.0,1,2026-09-25
mixto,3,Jonny Castro Jonny,Alavés,5.0,1,2026-09-25
mixto,2,Jonny Castro Jonny,Alavés,3.0,1,2026-09-25
mixto,1,Jonny Castro Jonny,Alavés,4.0,1,2026-09-25
mixto,7,Antonio Sivera Sivera,Alavés,10.0,1,2026-09-25
mixto,6,Antonio Sivera Sivera,Alavés,4.0,1,2026-09-25
mixto,5,Antonio Sivera Sivera,Alavés,4.0,1,2026-09-25
mixto,4,Antonio Sivera Sivera,Alavés,7.0,1,2026-09-25
mixto,3,Antonio Sivera Sivera,Alavés,8.0,1,2026-09-25
mixto,2,Antonio Sivera Sivera,Alavés,4.0,1,2026-09-25
mixto,1,Antonio Sivera Sivera,Alavés,5.0,1,2026-09-25
mixto,7,Denis Suárez Denis Suárez,Alavés,,0,2026-09-25
mixto,6,Denis Suárez Denis Suárez,Alavés,3.0,1,2026-09-25
mixto,5,Denis Suárez Denis Suárez,Alavés,3.0,1,2026-09-25
mixto,4,Denis Suárez Denis Suárez,Alavés,3.0,1,2026-09-25
mixto,3,Denis Suárez Denis Suárez,Alavés,3.0,1,2026-09-25
mixto,2,Denis Suárez Denis Suárez,Alavés,3.0,1,2026-09-25
mixto,1,Denis Suárez Denis Suárez,Alavés,2.0,1,2026-09-25
mixto,7,Carles Aleñá Aleñá,Alavés,2.0,1,2026-09-25
mixto,6,Carles Aleñá Aleñá,Alavés,1.0,1,2026-09-25
mixto,5,Carles Aleñá Aleñá,Alavés,2.0,1,2026-09-25
mixto,4,Carles Aleñá Aleñá,Alavés,3.0,1,2026-09-25
mixto,3,Carles Aleñá Aleñá,Alavés,,0,2026-09-25
mixto,2,Carles Aleñá Aleñá,Alavés,1.0,1,2026-09-25
mixto,1,Carles Aleñá Aleñá,Alavés,1.0,1,2026-09-25
mixto,7,Mariano Díaz Mariano,Alavés,1.0,1,2026-09-25
mixto,6,Mariano Díaz Mariano,Alavés,3.0,1,2026-09-25
mixto,5,Mariano Díaz Mariano,Alavés,3.0,1,2026-09-25
mixto,4,Mariano Díaz Mariano,Alavés,11.0,1,2026-09-25
mixto,3,Mariano Díaz Mariano,Alavés,2.0,1,2026-09-25
mixto,2,Mariano Díaz Mariano,Alavés,10.0,1,2026-09-25
mixto,1,Mariano Díaz Mariano,Alavés,13.0,1,2026-09-25
mixto,7,Ander Guevara Guevara,Alavés,3.0,1,2026-09-25
mixto,6,Ander Guevara Guevara,Alavés,2.0,1,2026-09-25
mixto,5,Ander Guevara Guevara,Alavés,,0,2026-09-25
mixto,4,Ander Guevara Guevara,Alavés,,0,2026-09-25
mixto,3,Ander Guevara Guevara,Alavés,,0,2026-09-25
mixto,2,Ander Guevara Guevara,Alavés,,0,2026-09-25
mixto,1,Ander Guevara Guevara,Alavés,1.0,1,2026-09-25
mixto,7,Toni Martinez Toni Martinez,Alavés,2.0,1,2026-09-25
mixto,6,Toni Martinez Toni Martinez,Alavés,4.0,1,2026-09-25
mixto,5,Toni Martinez Toni Martinez,Alavés,3.0,1,2026-09-25
mixto,4,Toni Martinez Toni Martinez,Alavés,,0,2026-09-25
mixto,3,Toni Martinez Toni Martinez,Alavés,2.0,1,2026-09-25
mixto,2,Toni Martinez Toni Martinez,Alavés,3.0,1,2026-09-25
mixto,1,Toni Martinez Toni Martinez,Alavés,2.0,1,2026-09-25
mixto,7,Lucas Boyé Boyé,Alavés,3.0,1,2026-09-25
mixto,6,Lucas Boyé Boyé,Alavés,2.0,1,2026-09-25
mixto,5,Lucas Boyé Boyé,Alavés,2.0,1,2026-09-25
mixto,4,Lucas Boyé Boyé,Alavés,22.0,1,2026-09-25
mixto,3,Lucas Boyé Boyé,Alavés,9.0,1,2026-09-25
mixto,2,Lucas Boyé Boyé,Alavés,3.0,1,2026-09-25
mixto,1,Lucas Boyé Boyé,Alavés,,0,2026-09-25
mixto,7,Hugo Novoa Novoa,Alavés,,0,2026-09-25
mixto,6,Hugo Novoa Novoa,Alavés,,0,2026-09-25
mixto,5,Hugo Novoa Novoa,Alavés,,0,2026-09-25
mixto,4,Hugo Novoa Novoa,Alavés,,0,2026-09-25
mixto,3,Hugo Novoa Novoa,Alavés,,0,2026-09-25
mixto,2,Hugo Novoa Novoa,Alavés,,0,2026-09-25
mixto,1,Hugo Novoa Novoa,Alavés,,0,2026-09-25
mixto,7,Miguel Rodríguez Miguel,Alavés,,0,2026-09-25
mixto,6,Miguel Rodríguez Miguel,Alavés,2.0,1,2026-09-25
mixto,5,Miguel Rodríguez Miguel,Alavés,0.0,1,2026-09-25
mixto,4,Miguel Rodríguez Miguel,Alavés,2.0,1,2026-09-25
mixto,3,Miguel Rodríguez Miguel,Alavés,,0,2026-09-25
mixto,2,Miguel Rodríguez Miguel,Alavés,,0,2026-09-25
mixto,1,Miguel Rodríguez Miguel,Alavés,,0,2026-09-25
mixto,7,Antonio Blanco Blanco,Alavés,3.0,1,2026-09-25
mixto,6,Antonio Blanco Blanco,Alavés,3.0,1,2026-09-25
mixto,5,Antonio Blanco Blanco,Alavés,2.0,1,2026-09-25
mixto,4,Antonio Blanco Blanco,Alavés,6.0,1,2026-09-25
mixto,3,Antonio Blanco Blanco,Alavés,7.0,1,2026-09-25
mixto,2,Antonio Blanco Blanco,Alavés,3.0,1,2026-09-25
mixto,1,Antonio Blanco Blanco,Alavés,3.0,1,2026-09-25
mixto,7,Adrián Rodríguez Adrián,Alavés,,0,2026-09-25
mixto,6,Adrián Rodríguez Adrián,Alavés,,0,2026-09-25
mixto,5,Adrián Rodríguez Adrián,Alavés,,0,2026-09-25
mixto,4,Adrián Rodríguez Adrián,Alavés,,0,2026-09-25
mixto,3,Adrián Rodríguez Adrián,Alavés,,0,2026-09-25
mixto,2,Adrián Rodríguez Adrián,Alavés,,0,2026-09-25
mixto,1,Adrián Rodríguez Adrián,Alavés,,0,2026-09-25
mixto,7,Nahuel Tenaglia Tenaglia,Alavés,4.0,1,2026-09-25
mixto,6,Nahuel Tenaglia Tenaglia,Alavés,3.0,1,2026-09-25
mixto,5,Nahuel Tenaglia Tenaglia,Alavés,4.0,1,2026-09-25
mixto,4,Nahuel Tenaglia Tenaglia,Alavés,3.0,1,2026-09-25
mixto,3,Nahuel Tenaglia Tenaglia,Alavés,6.0,1,2026-09-25
mixto,2,Nahuel Tenaglia Tenaglia,Alavés,5.0,1,2026-09-25
mixto,1,Nahuel Tenaglia Tenaglia,Alavés,13.0,1,2026-09-25
mixto,7,Pablo Ibáñez Ibáñez,Alavés,4.0,1,2026-09-25
mixto,6,Pablo Ibáñez Ibáñez,Alavés,4.0,1,2026-09-25
mixto,5,Pablo Ibáñez Ibáñez,Alavés,2.0,1,2026-09-25
mixto,4,Pablo Ibáñez Ibáñez,Alavés,11.0,1,2026-09-25
mixto,3,Pablo Ibáñez Ibáñez,Alavés,3.0,1,2026-09-25
mixto,2,Pablo Ibáñez Ibáñez,Alavés,5.0,1,2026-09-25
mixto,1,Pablo Ibáñez Ibáñez,Alavés,2.0,1,2026-09-25
mixto,7,Carlos Benavidez Protesoni,Alavés,3.0,1,2026-09-25
mixto,6,Carlos Benavidez Protesoni,Alavés,,0,2026-09-25
mixto,5,Carlos Benavidez Protesoni,Alavés,2.0,1,2026-09-25
mixto,4,Carlos Benavidez Protesoni,Alavés,,0,2026-09-25
mixto,3,Carlos Benavidez Protesoni,Alavés,2.0,1,2026-09-25
mixto,2,Carlos Benavidez Protesoni,Alavés,,0,2026-09-25
mixto,1,Carlos Benavidez Protesoni,Alavés,,0,2026-09-25
mixto,7,Abde Rebbach Rebbach,Alavés,4.0,1,2026-09-25
mixto,6,Abde Rebbach Rebbach,Alavés,3.0,1,2026-09-25
mixto,5,Abde Rebbach Rebbach,Alavés,4.0,1,2026-09-25
mixto,4,Abde Rebbach Rebbach,Alavés,2.0,1,2026-09-25
mixto,3,Abde Rebbach Rebbach,Alavés,2.0,1,2026-09-25
mixto,2,Abde Rebbach Rebbach,Alavés,2.0,1,2026-09-25
mixto,1,Abde Rebbach Rebbach,Alavés,4.0,1,2026-09-25
mixto,7,Moussa Diarra Diarra,Alavés,,0,2026-09-25
mixto,7,Aitor Mañas Aitor Mañas,Alavés,,0,2026-09-25
mixto,6,Aitor Mañas Aitor Mañas,Alavés,,0,2026-09-25
mixto,5,Aitor Mañas Aitor Mañas,Alavés,1.0,1,2026-09-25
mixto,4,Aitor Mañas Aitor Mañas,Alavés,2.0,1,2026-09-25
mixto,3,Aitor Mañas Aitor Mañas,Alavés,1.0,1,2026-09-25
mixto,2,Aitor Mañas Aitor Mañas,Alavés,,0,2026-09-25
mixto,1,Aitor Mañas Aitor Mañas,Alavés,2.0,1,2026-09-25
mixto,7,Youssef Enríquez Youssef,Alavés,3.0,1,2026-09-25
mixto,6,Youssef Enríquez Youssef,Alavés,2.0,1,2026-09-25
mixto,5,Youssef Enríquez Youssef,Alavés,,0,2026-09-25
mixto,4,Youssef Enríquez Youssef,Alavés,3.0,1,2026-09-25
mixto,3,Youssef Enríquez Youssef,Alavés,3.0,1,2026-09-25
mixto,2,Youssef Enríquez Youssef,Alavés,3.0,1,2026-09-25
mixto,1,Youssef Enríquez Youssef,Alavés,3.0,1,2026-09-25
mixto,7,Ángel Pérez Ángel Pérez,Alavés,2.0,1,2026-09-25
mixto,6,Ángel Pérez Ángel Pérez,Alavés,5.0,1,2026-09-25
mixto,5,Ángel Pérez Ángel Pérez,Alavés,2.0,1,2026-09-25
mixto,4,Ángel Pérez Ángel Pérez,Alavés,10.0,1,2026-09-25
mixto,3,Ángel Pérez Ángel Pérez,Alavés,8.0,1,2026-09-25
mixto,2,Ángel Pérez Ángel Pérez,Alavés,5.0,1,2026-09-25
mixto,1,Ángel Pérez Ángel Pérez,Alavés,4.0,1,2026-09-25
mixto,7,Grégoire Swiderski Swiderski,Alavés,,0,2026-09-25
mixto,6,Grégoire Swiderski Swiderski,Alavés,,0,2026-09-25
mixto,5,Grégoire Swiderski Swiderski,Alavés,,0,2026-09-25
mixto,4,Grégoire Swiderski Swiderski,Alavés,,0,2026-09-25
mixto,3,Grégoire Swiderski Swiderski,Alavés,,0,2026-09-25
mixto,2,Grégoire Swiderski Swiderski,Alavés,,0,2026-09-25
mixto,1,Grégoire Swiderski Swiderski,Alavés,,0,2026-09-25
mixto,7,Mikel Rodriguez Mikel Rodriguez,Alavés,,0,2026-09-25
mixto,6,Mikel Rodriguez Mikel Rodriguez,Alavés,,0,2026-09-25
mixto,5,Mikel Rodriguez Mikel Rodriguez,Alavés,,0,2026-09-25
mixto,4,Mikel Rodriguez Mikel Rodriguez,Alavés,,0,2026-09-25
mixto,3,Mikel Rodriguez Mikel Rodriguez,Alavés,4.0,1,2026-09-25
mixto,2,Mikel Rodriguez Mikel Rodriguez,Alavés,3.0,1,2026-09-25
mixto,1,Mikel Rodriguez Mikel Rodriguez,Alavés,10.0,1,2026-09-25
mixto,7,Xanet Oláiz Oláiz,Alavés,,0,2026-09-25
mixto,6,Xanet Oláiz Oláiz,Alavés,,0,2026-09-25
mixto,5,Xanet Oláiz Oláiz,Alavés,,0,2026-09-25
mixto,4,Xanet Oláiz Oláiz,Alavés,0.0,1,2026-09-25
mixto,3,Xanet Oláiz Oláiz,Alavés,,0,2026-09-25
mixto,2,Xanet Oláiz Oláiz,Alavés,,0,2026-09-25
mixto,1,Xanet Oláiz Oláiz,Alavés,,0,2026-09-25
mixto,7,Ville Koski Koski,Alavés,4.0,1,2026-09-25
mixto,6,Ville Koski Koski,Alavés,4.0,1,2026-09-25
mixto,5,Ville Koski Koski,Alavés,11.0,1,2026-09-25
mixto,4,Ville Koski Koski,Alavés,1.0,1,2026-09-25
mixto,3,Ville Koski Koski,Alavés,4.0,1,2026-09-25
mixto,2,Ville Koski Koski,Alavés,2.0,1,2026-09-25
mixto,1,Ville Koski Koski,Alavés,3.0,1,2026-09-25
mixto,7,Nicolás Valentini Valentini,Alavés,3.0,1,2026-09-25
mixto,6,Nicolás Valentini Valentini,Alavés,5.0,1,2026-09-25
mixto,5,Nicolás Valentini Valentini,Alavés,3.0,1,2026-09-25
mixto,4,Nicolás Valentini Valentini,Alavés,,0,2026-09-25
mixto,3,Nicolás Valentini Valentini,Alavés,,0,2026-09-25
mixto,2,Nicolás Valentini Valentini,Alavés,2.0,1,2026-09-25
mixto,1,Nicolás Valentini Valentini,Alavés,,0,2026-09-25
mixto,7,Selu Diallo Diallo,Alavés,,0,2026-09-25
mixto,6,Selu Diallo Diallo,Alavés,,0,2026-09-25
mixto,5,Selu Diallo Diallo,Alavés,,0,2026-09-25
mixto,4,Selu Diallo Diallo,Alavés,,0,2026-09-25
mixto,3,Selu Diallo Diallo,Alavés,,0,2026-09-25
mixto,2,Selu Diallo Diallo,Alavés,,0,2026-09-25
mixto,1,Selu Diallo Diallo,Alavés,,0,2026-09-25
mixto,7,Izei Hernández Izei,Alavés,,0,2026-09-25
mixto,6,Izei Hernández Izei,Alavés,,0,2026-09-25
mixto,5,Izei Hernández Izei,Alavés,,0,2026-09-25
mixto,4,Izei Hernández Izei,Alavés,,0,2026-09-25
mixto,3,Izei Hernández Izei,Alavés,,0,2026-09-25
mixto,2,Izei Hernández Izei,Alavés,,0,2026-09-25
mixto,1,Izei Hernández Izei,Alavés,,0,2026-09-25
mixto,7,Sergio Canales Canales,Racing,2.0,1,2026-09-25
mixto,6,Sergio Canales Canales,Racing,1.0,1,2026-09-25
mixto,5,Sergio Canales Canales,Racing,5.0,1,2026-09-25
mixto,4,Sergio Canales Canales,Racing,9.0,1,2026-09-25
mixto,3,Sergio Canales Canales,Racing,4.0,1,2026-09-25
mixto,2,Sergio Canales Canales,Racing,3.0,1,2026-09-25
mixto,1,Sergio Canales Canales,Racing,4.0,1,2026-09-25
mixto,7,Asier Villalibre Villalibre,Racing,2.0,1,2026-09-25
mixto,6,Asier Villalibre Villalibre,Racing,-1.0,1,2026-09-25
mixto,5,Asier Villalibre Villalibre,Racing,1.0,1,2026-09-25
mixto,4,Asier Villalibre Villalibre,Racing,,0,2026-09-25
mixto,3,Asier Villalibre Villalibre,Racing,3.0,1,2026-09-25
mixto,2,Asier Villalibre Villalibre,Racing,2.0,1,2026-09-25
mixto,1,Asier Villalibre Villalibre,Racing,2.0,1,2026-09-25
mixto,7,Manu Hernando Hernando,Racing,,0,2026-09-25
mixto,6,Manu Hernando Hernando,Racing,-1.0,1,2026-09-25
mixto,5,Manu Hernando Hernando,Racing,,0,2026-09-25
mixto,4,Manu Hernando Hernando,Racing,1.0,1,2026-09-25
mixto,3,Manu Hernando Hernando,Racing,5.0,1,2026-09-25
mixto,2,Manu Hernando Hernando,Racing,2.0,1,2026-09-25
mixto,1,Manu Hernando Hernando,Racing,3.0,1,2026-09-25
mixto,7,Iñigo Vicente Iñigo Vicente,Racing,4.0,1,2026-09-25
mixto,6,Iñigo Vicente Iñigo Vicente,Racing,2.0,1,2026-09-25
mixto,5,Iñigo Vicente Iñigo Vicente,Racing,9.0,1,2026-09-25
mixto,4,Iñigo Vicente Iñigo Vicente,Racing,5.0,1,2026-09-25
mixto,3,Iñigo Vicente Iñigo Vicente,Racing,9.0,1,2026-09-25
mixto,2,Iñigo Vicente Iñigo Vicente,Racing,5.0,1,2026-09-25
mixto,1,Iñigo Vicente Iñigo Vicente,Racing,4.0,1,2026-09-25
mixto,7,Andrés Martín Andrés Martín,Racing,,0,2026-09-25
mixto,6,Andrés Martín Andrés Martín,Racing,,0,2026-09-25
mixto,5,Andrés Martín Andrés Martín,Racing,,0,2026-09-25
mixto,4,Andrés Martín Andrés Martín,Racing,,0,2026-09-25
mixto,3,Andrés Martín Andrés Martín,Racing,4.0,1,2026-09-25
mixto,2,Andrés Martín Andrés Martín,Racing,1.0,1,2026-09-25
mixto,1,Andrés Martín Andrés Martín,Racing,9.0,1,2026-09-25
mixto,7,Pablo Ramón Pablo Ramón,Racing,1.0,1,2026-09-25
mixto,6,Pablo Ramón Pablo Ramón,Racing,,0,2026-09-25
mixto,5,Pablo Ramón Pablo Ramón,Racing,4.0,1,2026-09-25
mixto,4,Pablo Ramón Pablo Ramón,Racing,3.0,1,2026-09-25
mixto,3,Pablo Ramón Pablo Ramón,Racing,,0,2026-09-25
mixto,2,Pablo Ramón Pablo Ramón,Racing,6.0,1,2026-09-25
mixto,1,Pablo Ramón Pablo Ramón,Racing,3.0,1,2026-09-25
mixto,7,Julen Agirrezabala Agirrezabala,Racing,1.0,1,2026-09-25
mixto,6,Julen Agirrezabala Agirrezabala,Racing,5.0,1,2026-09-25
mixto,5,Julen Agirrezabala Agirrezabala,Racing,7.0,1,2026-09-25
mixto,4,Julen Agirrezabala Agirrezabala,Racing,4.0,1,2026-09-25
mixto,3,Julen Agirrezabala Agirrezabala,Racing,4.0,1,2026-09-25
mixto,2,Julen Agirrezabala Agirrezabala,Racing,3.0,1,2026-09-25
mixto,1,Julen Agirrezabala Agirrezabala,Racing,4.0,1,2026-09-25
mixto,7,Juan Carlos Arana Arana,Racing,,0,2026-09-25
mixto,6,Juan Carlos Arana Arana,Racing,0.0,1,2026-09-25
mixto,5,Juan Carlos Arana Arana,Racing,,0,2026-09-25
mixto,4,Juan Carlos Arana Arana,Racing,0.0,1,2026-09-25
mixto,3,Juan Carlos Arana Arana,Racing,,0,2026-09-25
mixto,2,Juan Carlos Arana Arana,Racing,1.0,1,2026-09-25
mixto,1,Juan Carlos Arana Arana,Racing,,0,2026-09-25
mixto,7,Facundo González Facu González,Racing,,0,2026-09-25
mixto,6,Facundo González Facu González,Racing,1.0,1,2026-09-25
mixto,5,Facundo González Facu González,Racing,,0,2026-09-25
mixto,4,Facundo González Facu González,Racing,1.0,1,2026-09-25
mixto,3,Facundo González Facu González,Racing,4.0,1,2026-09-25
mixto,2,Facundo González Facu González,Racing,1.0,1,2026-09-25
mixto,1,Facundo González Facu González,Racing,2.0,1,2026-09-25
mixto,7,Álvaro Mantilla Mantilla,Racing,2.0,1,2026-09-25
mixto,6,Álvaro Mantilla Mantilla,Racing,,0,2026-09-25
mixto,5,Álvaro Mantilla Mantilla,Racing,2.0,1,2026-09-25
mixto,4,Álvaro Mantilla Mantilla,Racing,1.0,1,2026-09-25
mixto,3,Álvaro Mantilla Mantilla,Racing,4.0,1,2026-09-25
mixto,2,Álvaro Mantilla Mantilla,Racing,2.0,1,2026-09-25
mixto,1,Álvaro Mantilla Mantilla,Racing,2.0,1,2026-09-25
mixto,7,Íñigo Sainz-Maza Sainz-Maza,Racing,1.0,1,2026-09-25
mixto,6,Íñigo Sainz-Maza Sainz-Maza,Racing,0.0,1,2026-09-25
mixto,5,Íñigo Sainz-Maza Sainz-Maza,Racing,,0,2026-09-25
mixto,4,Íñigo Sainz-Maza Sainz-Maza,Racing,,0,2026-09-25
mixto,3,Íñigo Sainz-Maza Sainz-Maza,Racing,,0,2026-09-25
mixto,2,Íñigo Sainz-Maza Sainz-Maza,Racing,,0,2026-09-25
mixto,1,Íñigo Sainz-Maza Sainz-Maza,Racing,,0,2026-09-25
mixto,7,Gustavo Puerta Puerta,Racing,6.0,1,2026-09-25
mixto,6,Gustavo Puerta Puerta,Racing,2.0,1,2026-09-25
mixto,5,Gustavo Puerta Puerta,Racing,4.0,1,2026-09-25
mixto,7,Jorge Salinas Salinas,Racing,0.0,1,2026-09-25
mixto,6,Jorge Salinas Salinas,Racing,1.0,1,2026-09-25
mixto,5,Jorge Salinas Salinas,Racing,5.0,1,2026-09-25
mixto,4,Jorge Salinas Salinas,Racing,1.0,1,2026-09-25
mixto,3,Jorge Salinas Salinas,Racing,4.0,1,2026-09-25
mixto,2,Jorge Salinas Salinas,Racing,3.0,1,2026-09-25
mixto,1,Jorge Salinas Salinas,Racing,4.0,1,2026-09-25
mixto,7,Maguette Gueye Maguette,Racing,,0,2026-09-25
mixto,6,Maguette Gueye Maguette,Racing,9.0,1,2026-09-25
mixto,5,Maguette Gueye Maguette,Racing,1.0,1,2026-09-25
mixto,4,Maguette Gueye Maguette,Racing,,0,2026-09-25
mixto,3,Maguette Gueye Maguette,Racing,2.0,1,2026-09-25
mixto,2,Maguette Gueye Maguette,Racing,2.0,1,2026-09-25
mixto,1,Maguette Gueye Maguette,Racing,2.0,1,2026-09-25
mixto,7,Diego Diaz Diego Diaz,Racing,,0,2026-09-25
mixto,6,Diego Diaz Diego Diaz,Racing,,0,2026-09-25
mixto,5,Diego Diaz Diego Diaz,Racing,3.0,1,2026-09-25
mixto,7,Simon Eriksson Eriksson,Racing,,0,2026-09-25
mixto,6,Simon Eriksson Eriksson,Racing,,0,2026-09-25
mixto,5,Simon Eriksson Eriksson,Racing,,0,2026-09-25
mixto,4,Simon Eriksson Eriksson,Racing,,0,2026-09-25
mixto,3,Simon Eriksson Eriksson,Racing,,0,2026-09-25
mixto,2,Simon Eriksson Eriksson,Racing,,0,2026-09-25
mixto,1,Simon Eriksson Eriksson,Racing,,0,2026-09-25
mixto,7,Sergio Martínez Sergio Martínez,Racing,,0,2026-09-25
mixto,6,Sergio Martínez Sergio Martínez,Racing,,0,2026-09-25
mixto,5,Sergio Martínez Sergio Martínez,Racing,,0,2026-09-25
mixto,4,Sergio Martínez Sergio Martínez,Racing,,0,2026-09-25
mixto,3,Sergio Martínez Sergio Martínez,Racing,,0,2026-09-25
mixto,2,Sergio Martínez Sergio Martínez,Racing,4.0,1,2026-09-25
mixto,1,Sergio Martínez Sergio Martínez,Racing,11.0,1,2026-09-25
mixto,7,Pedro Felipe Pedro Felipe,Racing,,0,2026-09-25
mixto,6,Pedro Felipe Pedro Felipe,Racing,-2.0,1,2026-09-25
mixto,5,Pedro Felipe Pedro Felipe,Racing,0.0,1,2026-09-25
mixto,4,Pedro Felipe Pedro Felipe,Racing,,0,2026-09-25
mixto,3,Pedro Felipe Pedro Felipe,Racing,,0,2026-09-25
mixto,2,Pedro Felipe Pedro Felipe,Racing,,0,2026-09-25
mixto,1,Pedro Felipe Pedro Felipe,Racing,2.0,1,2026-09-25
mixto,7,Carlos Sánchez Carlos Sánchez,Racing,,0,2026-09-25
mixto,6,Carlos Sánchez Carlos Sánchez,Racing,,0,2026-09-25
mixto,5,Carlos Sánchez Carlos Sánchez,Racing,,0,2026-09-25
mixto,4,Carlos Sánchez Carlos Sánchez,Racing,,0,2026-09-25
mixto,7,Andrés Vallecillo Vallecillo,Racing,,0,2026-09-25
mixto,6,Andrés Vallecillo Vallecillo,Racing,,0,2026-09-25
mixto,5,Andrés Vallecillo Vallecillo,Racing,,0,2026-09-25
mixto,4,Andrés Vallecillo Vallecillo,Racing,,0,2026-09-25
mixto,3,Andrés Vallecillo Vallecillo,Racing,,0,2026-09-25
mixto,2,Andrés Vallecillo Vallecillo,Racing,,0,2026-09-25
mixto,1,Andrés Vallecillo Vallecillo,Racing,,0,2026-09-25
mixto,7,Jorge Castellanos Castellanos,Racing,,0,2026-09-25
mixto,6,Jorge Castellanos Castellanos,Racing,,0,2026-09-25
mixto,5,Jorge Castellanos Castellanos,Racing,,0,2026-09-25
mixto,4,Jorge Castellanos Castellanos,Racing,,0,2026-09-25
mixto,3,Jorge Castellanos Castellanos,Racing,,0,2026-09-25
mixto,2,Jorge Castellanos Castellanos,Racing,,0,2026-09-25
mixto,1,Jorge Castellanos Castellanos,Racing,,0,2026-09-25
mixto,7,Hugo Pérez Hugo Pérez,Racing,,0,2026-09-25
mixto,6,Hugo Pérez Hugo Pérez,Racing,,0,2026-09-25
mixto,5,Hugo Pérez Hugo Pérez,Racing,,0,2026-09-25
mixto,4,Hugo Pérez Hugo Pérez,Racing,,0,2026-09-25
mixto,3,Hugo Pérez Hugo Pérez,Racing,,0,2026-09-25
mixto,2,Hugo Pérez Hugo Pérez,Racing,,0,2026-09-25
mixto,1,Hugo Pérez Hugo Pérez,Racing,,0,2026-09-25
mixto,7,Yassir Zabiri Zabiri,Racing,2.0,1,2026-09-25
mixto,6,Yassir Zabiri Zabiri,Racing,9.0,1,2026-09-25
mixto,5,Yassir Zabiri Zabiri,Racing,16.0,1,2026-09-25
mixto,4,Yassir Zabiri Zabiri,Racing,0.0,1,2026-09-25
mixto,3,Yassir Zabiri Zabiri,Racing,20.0,1,2026-09-25
mixto,2,Yassir Zabiri Zabiri,Racing,2.0,1,2026-09-25
mixto,1,Yassir Zabiri Zabiri,Racing,2.0,1,2026-09-25
mixto,7,Hugo Martín Hugo Martín,Racing,,0,2026-09-25
mixto,6,Hugo Martín Hugo Martín,Racing,,0,2026-09-25
mixto,5,Hugo Martín Hugo Martín,Racing,,0,2026-09-25
mixto,4,Hugo Martín Hugo Martín,Racing,,0,2026-09-25
mixto,3,Hugo Martín Hugo Martín,Racing,,0,2026-09-25
mixto,2,Hugo Martín Hugo Martín,Racing,,0,2026-09-25
mixto,1,Hugo Martín Hugo Martín,Racing,,0,2026-09-25
mixto,7,André Almeida Almeida,Racing,2.0,1,2026-09-25
mixto,6,André Almeida Almeida,Racing,,0,2026-09-25
mixto,5,André Almeida Almeida,Racing,-8.0,1,2026-09-25
mixto,4,André Almeida Almeida,Racing,4.0,1,2026-09-25
mixto,3,André Almeida Almeida,Racing,,0,2026-09-25
mixto,2,André Almeida Almeida,Racing,,0,2026-09-25
mixto,1,André Almeida Almeida,Racing,,0,2026-09-25
mixto,7,Pablo García Pablo García,Racing,1.0,1,2026-09-25
mixto,6,Pablo García Pablo García,Racing,,0,2026-09-25
mixto,5,Pablo García Pablo García,Racing,3.0,1,2026-09-25
mixto,4,Pablo García Pablo García,Racing,10.0,1,2026-09-25
mixto,3,Pablo García Pablo García,Racing,2.0,1,2026-09-25
mixto,2,Pablo García Pablo García,Racing,10.0,1,2026-09-25
mixto,1,Pablo García Pablo García,Racing,2.0,1,2026-09-25
mixto,7,Iván Martín Iván Martín,Racing,2.0,1,2026-09-25
mixto,6,Iván Martín Iván Martín,Racing,,0,2026-09-25
mixto,5,Iván Martín Iván Martín,Racing,4.0,1,2026-09-25
mixto,4,Iván Martín Iván Martín,Racing,6.0,1,2026-09-25
mixto,3,Iván Martín Iván Martín,Racing,6.0,1,2026-09-25
mixto,2,Iván Martín Iván Martín,Racing,3.0,1,2026-09-25
mixto,7,Giorgi Guliashvili Guliashvili,Racing,2.0,1,2026-09-25
mixto,6,Giorgi Guliashvili Guliashvili,Racing,1.0,1,2026-09-25
mixto,5,Giorgi Guliashvili Guliashvili,Racing,2.0,1,2026-09-25
mixto,4,Giorgi Guliashvili Guliashvili,Racing,,0,2026-09-25
mixto,3,Giorgi Guliashvili Guliashvili,Racing,1.0,1,2026-09-25
mixto,2,Giorgi Guliashvili Guliashvili,Racing,,0,2026-09-25
mixto,1,Giorgi Guliashvili Guliashvili,Racing,,0,2026-09-25
mixto,7,Matteo Prati Prati,Racing,,0,2026-09-25
mixto,6,Matteo Prati Prati,Racing,2.0,1,2026-09-25
mixto,5,Matteo Prati Prati,Racing,2.0,1,2026-09-25
mixto,4,Matteo Prati Prati,Racing,3.0,1,2026-09-25
mixto,3,Matteo Prati Prati,Racing,1.0,1,2026-09-25
mixto,7,Aarón Martín Aarón,Racing,2.0,1,2026-09-25
mixto,6,Aarón Martín Aarón,Racing,1.0,1,2026-09-25
mixto,5,Aarón Martín Aarón,Racing,,0,2026-09-25
mixto,4,Aarón Martín Aarón,Racing,1.0,1,2026-09-25
mixto,7,Jeanuël Belocian Belocian,Racing,0.0,1,2026-09-25
mixto,6,Jeanuël Belocian Belocian,Racing,,0,2026-09-25
mixto,5,Jeanuël Belocian Belocian,Racing,4.0,1,2026-09-25
mixto,4,Jeanuël Belocian Belocian,Racing,3.0,1,2026-09-25
mixto,7,Laro Gómez Laro Gómez,Racing,,0,2026-09-25
mixto,6,Laro Gómez Laro Gómez,Racing,,0,2026-09-25
mixto,5,Laro Gómez Laro Gómez,Racing,,0,2026-09-25
mixto,4,Laro Gómez Laro Gómez,Racing,,0,2026-09-25
mixto,3,Laro Gómez Laro Gómez,Racing,,0,2026-09-25
mixto,2,Laro Gómez Laro Gómez,Racing,,0,2026-09-25
mixto,1,Laro Gómez Laro Gómez,Racing,,0,2026-09-25
mixto,7,Iker Luque Luque,Racing,3.0,1,2026-09-25
mixto,6,Iker Luque Luque,Racing,0.0,1,2026-09-25
mixto,5,Iker Luque Luque,Racing,3.0,1,2026-09-25
mixto,4,Iker Luque Luque,Racing,,0,2026-09-25
mixto,3,Iker Luque Luque,Racing,,0,2026-09-25
mixto,2,Iker Luque Luque,Racing,,0,2026-09-25
mixto,1,Iker Luque Luque,Racing,,0,2026-09-25
cronistas_md,7,Íñigo Ruiz de Galarreta R. de Galarreta,Athletic,2.0,1,2026-09-25
cronistas_md,5,Íñigo Ruiz de Galarreta R. de Galarreta,Athletic,2.0,1,2026-09-25
cronistas_md,4,Íñigo Ruiz de Galarreta R. de Galarreta,Athletic,6.0,1,2026-09-25
cronistas_md,3,Íñigo Ruiz de Galarreta R. de Galarreta,Athletic,10.0,1,2026-09-25
cronistas_md,1,Íñigo Ruiz de Galarreta R. de Galarreta,Athletic,,0,2026-09-25
cronistas_md,2,Íñigo Ruiz de Galarreta R. de Galarreta,Athletic,0.0,1,2026-09-25
cronistas_md,7,Aymeric Laporte Laporte,Athletic,6.0,1,2026-09-25
cronistas_md,5,Aymeric Laporte Laporte,Athletic,6.0,1,2026-09-25
cronistas_md,4,Aymeric Laporte Laporte,Athletic,10.0,1,2026-09-25
cronistas_md,3,Aymeric Laporte Laporte,Athletic,6.0,1,2026-09-25
cronistas_md,1,Aymeric Laporte Laporte,Athletic,6.0,1,2026-09-25
cronistas_md,2,Aymeric Laporte Laporte,Athletic,2.0,1,2026-09-25
cronistas_md,7,Yuri Berchiche Yuri,Athletic,6.0,1,2026-09-25
cronistas_md,5,Yuri Berchiche Yuri,Athletic,2.0,1,2026-09-25
cronistas_md,4,Yuri Berchiche Yuri,Athletic,6.0,1,2026-09-25
cronistas_md,3,Yuri Berchiche Yuri,Athletic,6.0,1,2026-09-25
cronistas_md,1,Yuri Berchiche Yuri,Athletic,,0,2026-09-25
cronistas_md,2,Yuri Berchiche Yuri,Athletic,-8.0,1,2026-09-25
cronistas_md,7,Iñaki Williams I. Williams,Athletic,-2.0,1,2026-09-25
cronistas_md,5,Iñaki Williams I. Williams,Athletic,2.0,1,2026-09-25
cronistas_md,4,Iñaki Williams I. Williams,Athletic,2.0,1,2026-09-25
cronistas_md,3,Iñaki Williams I. Williams,Athletic,2.0,1,2026-09-25
cronistas_md,1,Iñaki Williams I. Williams,Athletic,-2.0,1,2026-09-25
cronistas_md,2,Iñaki Williams I. Williams,Athletic,-2.0,1,2026-09-25
cronistas_md,7,Yeray Álvarez Yeray,Athletic,,0,2026-09-25
cronistas_md,5,Yeray Álvarez Yeray,Athletic,2.0,1,2026-09-25
cronistas_md,4,Yeray Álvarez Yeray,Athletic,2.0,1,2026-09-25
cronistas_md,3,Yeray Álvarez Yeray,Athletic,,0,2026-09-25
cronistas_md,1,Yeray Álvarez Yeray,Athletic,2.0,1,2026-09-25
cronistas_md,2,Yeray Álvarez Yeray,Athletic,6.0,1,2026-09-25
cronistas_md,7,Álex Berenguer Berenguer,Athletic,2.0,1,2026-09-25
cronistas_md,5,Álex Berenguer Berenguer,Athletic,2.0,1,2026-09-25
cronistas_md,4,Álex Berenguer Berenguer,Athletic,2.0,1,2026-09-25
cronistas_md,3,Álex Berenguer Berenguer,Athletic,10.0,1,2026-09-25
cronistas_md,1,Álex Berenguer Berenguer,Athletic,2.0,1,2026-09-25
cronistas_md,2,Álex Berenguer Berenguer,Athletic,2.0,1,2026-09-25
cronistas_md,7,Unai Simón Unai Simón,Athletic,2.0,1,2026-09-25
cronistas_md,5,Unai Simón Unai Simón,Athletic,2.0,1,2026-09-25
cronistas_md,4,Unai Simón Unai Simón,Athletic,2.0,1,2026-09-25
cronistas_md,3,Unai Simón Unai Simón,Athletic,6.0,1,2026-09-25
cronistas_md,1,Unai Simón Unai Simón,Athletic,10.0,1,2026-09-25
cronistas_md,2,Unai Simón Unai Simón,Athletic,-2.0,1,2026-09-25
cronistas_md,7,Gorka Guruzeta Guruzeta,Athletic,,0,2026-09-25
cronistas_md,5,Gorka Guruzeta Guruzeta,Athletic,,0,2026-09-25
cronistas_md,4,Gorka Guruzeta Guruzeta,Athletic,0.0,1,2026-09-25
cronistas_md,3,Gorka Guruzeta Guruzeta,Athletic,2.0,1,2026-09-25
cronistas_md,1,Gorka Guruzeta Guruzeta,Athletic,-2.0,1,2026-09-25
cronistas_md,2,Gorka Guruzeta Guruzeta,Athletic,-2.0,1,2026-09-25
cronistas_md,7,Oihan Sancet Sancet,Athletic,-2.0,1,2026-09-25
cronistas_md,5,Oihan Sancet Sancet,Athletic,6.0,1,2026-09-25
cronistas_md,4,Oihan Sancet Sancet,Athletic,10.0,1,2026-09-25
cronistas_md,3,Oihan Sancet Sancet,Athletic,6.0,1,2026-09-25
cronistas_md,1,Oihan Sancet Sancet,Athletic,2.0,1,2026-09-25
cronistas_md,2,Oihan Sancet Sancet,Athletic,2.0,1,2026-09-25
cronistas_md,7,Robert Navarro Navarro,Athletic,6.0,1,2026-09-25
cronistas_md,5,Robert Navarro Navarro,Athletic,2.0,1,2026-09-25
cronistas_md,4,Robert Navarro Navarro,Athletic,10.0,1,2026-09-25
cronistas_md,3,Robert Navarro Navarro,Athletic,10.0,1,2026-09-25
cronistas_md,1,Robert Navarro Navarro,Athletic,2.0,1,2026-09-25
cronistas_md,2,Robert Navarro Navarro,Athletic,,0,2026-09-25
cronistas_md,7,Jesús Areso Areso,Athletic,2.0,1,2026-09-25
cronistas_md,5,Jesús Areso Areso,Athletic,2.0,1,2026-09-25
cronistas_md,4,Jesús Areso Areso,Athletic,6.0,1,2026-09-25
cronistas_md,3,Jesús Areso Areso,Athletic,6.0,1,2026-09-25
cronistas_md,1,Jesús Areso Areso,Athletic,,0,2026-09-25
cronistas_md,2,Jesús Areso Areso,Athletic,2.0,1,2026-09-25
cronistas_md,7,Aitor Paredes Paredes,Athletic,2.0,1,2026-09-25
cronistas_md,5,Aitor Paredes Paredes,Athletic,,0,2026-09-25
cronistas_md,4,Aitor Paredes Paredes,Athletic,2.0,1,2026-09-25
cronistas_md,3,Aitor Paredes Paredes,Athletic,2.0,1,2026-09-25
cronistas_md,1,Aitor Paredes Paredes,Athletic,,0,2026-09-25
cronistas_md,2,Aitor Paredes Paredes,Athletic,7.0,1,2026-09-25
cronistas_md,7,Nico Williams N. Williams,Athletic,2.0,1,2026-09-25
cronistas_md,5,Nico Williams N. Williams,Athletic,6.0,1,2026-09-25
cronistas_md,4,Nico Williams N. Williams,Athletic,9.0,1,2026-09-25
cronistas_md,3,Nico Williams N. Williams,Athletic,0.0,1,2026-09-25
cronistas_md,1,Nico Williams N. Williams,Athletic,2.0,1,2026-09-25
cronistas_md,2,Nico Williams N. Williams,Athletic,2.0,1,2026-09-25
cronistas_md,7,Beñat Gerenabarrena Gerenabarrena,Athletic,,0,2026-09-25
cronistas_md,5,Beñat Gerenabarrena Gerenabarrena,Athletic,2.0,1,2026-09-25
cronistas_md,4,Beñat Gerenabarrena Gerenabarrena,Athletic,6.0,1,2026-09-25
cronistas_md,3,Beñat Gerenabarrena Gerenabarrena,Athletic,10.0,1,2026-09-25
cronistas_md,1,Beñat Gerenabarrena Gerenabarrena,Athletic,2.0,1,2026-09-25
cronistas_md,2,Beñat Gerenabarrena Gerenabarrena,Athletic,6.0,1,2026-09-25
cronistas_md,7,Alex Padilla Padilla,Athletic,,0,2026-09-25
cronistas_md,5,Alex Padilla Padilla,Athletic,,0,2026-09-25
cronistas_md,4,Alex Padilla Padilla,Athletic,,0,2026-09-25
cronistas_md,3,Alex Padilla Padilla,Athletic,,0,2026-09-25
cronistas_md,1,Alex Padilla Padilla,Athletic,,0,2026-09-25
cronistas_md,2,Alex Padilla Padilla,Athletic,,0,2026-09-25
cronistas_md,7,Hugo Rincón Rincón,Athletic,,0,2026-09-25
cronistas_md,5,Hugo Rincón Rincón,Athletic,,0,2026-09-25
cronistas_md,4,Hugo Rincón Rincón,Athletic,,0,2026-09-25
cronistas_md,3,Hugo Rincón Rincón,Athletic,,0,2026-09-25
cronistas_md,1,Hugo Rincón Rincón,Athletic,2.0,1,2026-09-25
cronistas_md,2,Hugo Rincón Rincón,Athletic,0.0,1,2026-09-25
cronistas_md,7,Adama Boiro Boiro,Athletic,,0,2026-09-25
cronistas_md,5,Adama Boiro Boiro,Athletic,-2.0,1,2026-09-25
cronistas_md,4,Adama Boiro Boiro,Athletic,,0,2026-09-25
cronistas_md,7,Álvaro Djaló Djaló,Athletic,,0,2026-09-25
cronistas_md,5,Álvaro Djaló Djaló,Athletic,,0,2026-09-25
cronistas_md,4,Álvaro Djaló Djaló,Athletic,,0,2026-09-25
cronistas_md,3,Álvaro Djaló Djaló,Athletic,,0,2026-09-25
cronistas_md,1,Álvaro Djaló Djaló,Athletic,0.0,1,2026-09-25
cronistas_md,2,Álvaro Djaló Djaló,Athletic,,0,2026-09-25
cronistas_md,7,Mikel Jauregizar Jauregizar,Athletic,2.0,1,2026-09-25
cronistas_md,5,Mikel Jauregizar Jauregizar,Athletic,2.0,1,2026-09-25
cronistas_md,4,Mikel Jauregizar Jauregizar,Athletic,2.0,1,2026-09-25
cronistas_md,3,Mikel Jauregizar Jauregizar,Athletic,2.0,1,2026-09-25
cronistas_md,1,Mikel Jauregizar Jauregizar,Athletic,2.0,1,2026-09-25
cronistas_md,2,Mikel Jauregizar Jauregizar,Athletic,,0,2026-09-25
cronistas_md,7,Maroan Sannadi Sannadi,Athletic,-2.0,1,2026-09-25
cronistas_md,5,Maroan Sannadi Sannadi,Athletic,0.0,1,2026-09-25
cronistas_md,4,Maroan Sannadi Sannadi,Athletic,,0,2026-09-25
cronistas_md,3,Maroan Sannadi Sannadi,Athletic,,0,2026-09-25
cronistas_md,1,Maroan Sannadi Sannadi,Athletic,,0,2026-09-25
cronistas_md,2,Maroan Sannadi Sannadi,Athletic,-2.0,1,2026-09-25
cronistas_md,7,Peio Canales Canales,Athletic,0.0,1,2026-09-25
cronistas_md,5,Peio Canales Canales,Athletic,,0,2026-09-25
cronistas_md,4,Peio Canales Canales,Athletic,,0,2026-09-25
cronistas_md,3,Peio Canales Canales,Athletic,6.0,1,2026-09-25
cronistas_md,1,Peio Canales Canales,Athletic,6.0,1,2026-09-25
cronistas_md,2,Peio Canales Canales,Athletic,6.0,1,2026-09-25
cronistas_md,7,Alejandro Rego Rego,Athletic,,0,2026-09-25
cronistas_md,5,Alejandro Rego Rego,Athletic,,0,2026-09-25
cronistas_md,4,Alejandro Rego Rego,Athletic,,0,2026-09-25
cronistas_md,3,Alejandro Rego Rego,Athletic,,0,2026-09-25
cronistas_md,1,Alejandro Rego Rego,Athletic,,0,2026-09-25
cronistas_md,2,Alejandro Rego Rego,Athletic,,0,2026-09-25
cronistas_md,7,Johaneko Louis-Jean Johaneko,Athletic,2.0,1,2026-09-25
cronistas_md,5,Johaneko Louis-Jean Johaneko,Athletic,2.0,1,2026-09-25
cronistas_md,4,Johaneko Louis-Jean Johaneko,Athletic,2.0,1,2026-09-25
cronistas_md,3,Johaneko Louis-Jean Johaneko,Athletic,0.0,1,2026-09-25
cronistas_md,1,Johaneko Louis-Jean Johaneko,Athletic,6.0,1,2026-09-25
cronistas_md,2,Johaneko Louis-Jean Johaneko,Athletic,,0,2026-09-25
cronistas_md,7,Iker Monreal Monreal,Athletic,,0,2026-09-25
cronistas_md,5,Iker Monreal Monreal,Athletic,,0,2026-09-25
cronistas_md,4,Iker Monreal Monreal,Athletic,,0,2026-09-25
cronistas_md,3,Iker Monreal Monreal,Athletic,,0,2026-09-25
cronistas_md,1,Iker Monreal Monreal,Athletic,,0,2026-09-25
cronistas_md,2,Iker Monreal Monreal,Athletic,,0,2026-09-25
cronistas_md,7,Beñat Prados Prados,Athletic,,0,2026-09-25
cronistas_md,5,Beñat Prados Prados,Athletic,,0,2026-09-25
cronistas_md,4,Beñat Prados Prados,Athletic,,0,2026-09-25
cronistas_md,3,Beñat Prados Prados,Athletic,,0,2026-09-25
cronistas_md,1,Beñat Prados Prados,Athletic,,0,2026-09-25
cronistas_md,2,Beñat Prados Prados,Athletic,,0,2026-09-25
cronistas_md,7,Selton Sánchez Selton,Athletic,,0,2026-09-25
cronistas_md,5,Selton Sánchez Selton,Athletic,,0,2026-09-25
cronistas_md,4,Selton Sánchez Selton,Athletic,,0,2026-09-25
cronistas_md,3,Selton Sánchez Selton,Athletic,,0,2026-09-25
cronistas_md,1,Selton Sánchez Selton,Athletic,,0,2026-09-25
cronistas_md,2,Selton Sánchez Selton,Athletic,,0,2026-09-25
cronistas_md,7,Nico Serrano Serrano,Athletic,0.0,1,2026-09-25
cronistas_md,5,Nico Serrano Serrano,Athletic,,0,2026-09-25
cronistas_md,4,Nico Serrano Serrano,Athletic,,0,2026-09-25
cronistas_md,3,Nico Serrano Serrano,Athletic,,0,2026-09-25
cronistas_md,1,Nico Serrano Serrano,Athletic,,0,2026-09-25
cronistas_md,2,Nico Serrano Serrano,Athletic,,0,2026-09-25
cronistas_md,7,Koke Resurrección Koke,Atlético,6.0,1,2026-09-25
cronistas_md,6,Koke Resurrección Koke,Atlético,6.0,1,2026-09-25
cronistas_md,5,Koke Resurrección Koke,Atlético,10.0,1,2026-09-25
cronistas_md,4,Koke Resurrección Koke,Atlético,2.0,1,2026-09-25
cronistas_md,3,Koke Resurrección Koke,Atlético,2.0,1,2026-09-25
cronistas_md,2,Koke Resurrección Koke,Atlético,6.0,1,2026-09-25
cronistas_md,1,Koke Resurrección Koke,Atlético,6.0,1,2026-09-25
cronistas_md,7,Jan Oblak Oblak,Atlético,6.0,1,2026-09-25
cronistas_md,6,Jan Oblak Oblak,Atlético,6.0,1,2026-09-25
cronistas_md,5,Jan Oblak Oblak,Atlético,6.0,1,2026-09-25
cronistas_md,4,Jan Oblak Oblak,Atlético,2.0,1,2026-09-25
cronistas_md,3,Jan Oblak Oblak,Atlético,6.0,1,2026-09-25
cronistas_md,2,Jan Oblak Oblak,Atlético,6.0,1,2026-09-25
cronistas_md,1,Jan Oblak Oblak,Atlético,6.0,1,2026-09-25
cronistas_md,7,Marcos Llorente M. Llorente,Atlético,6.0,1,2026-09-25
cronistas_md,6,Marcos Llorente M. Llorente,Atlético,6.0,1,2026-09-25
cronistas_md,5,Marcos Llorente M. Llorente,Atlético,6.0,1,2026-09-25
cronistas_md,4,Marcos Llorente M. Llorente,Atlético,2.0,1,2026-09-25
cronistas_md,3,Marcos Llorente M. Llorente,Atlético,6.0,1,2026-09-25
cronistas_md,2,Marcos Llorente M. Llorente,Atlético,6.0,1,2026-09-25
cronistas_md,1,Marcos Llorente M. Llorente,Atlético,6.0,1,2026-09-25
cronistas_md,7,Álex Grimaldo Grimaldo,Atlético,9.0,1,2026-09-25
cronistas_md,6,Álex Grimaldo Grimaldo,Atlético,10.0,1,2026-09-25
cronistas_md,5,Álex Grimaldo Grimaldo,Atlético,13.0,1,2026-09-25
cronistas_md,4,Álex Grimaldo Grimaldo,Atlético,-2.0,1,2026-09-25
cronistas_md,3,Álex Grimaldo Grimaldo,Atlético,2.0,1,2026-09-25
cronistas_md,2,Álex Grimaldo Grimaldo,Atlético,6.0,1,2026-09-25
cronistas_md,1,Álex Grimaldo Grimaldo,Atlético,,0,2026-09-25
cronistas_md,7,Ademola Lookman Lookman,Atlético,2.0,1,2026-09-25
cronistas_md,6,Ademola Lookman Lookman,Atlético,2.0,1,2026-09-25
cronistas_md,5,Ademola Lookman Lookman,Atlético,6.0,1,2026-09-25
cronistas_md,4,Ademola Lookman Lookman,Atlético,2.0,1,2026-09-25
cronistas_md,3,Ademola Lookman Lookman,Atlético,9.0,1,2026-09-25
cronistas_md,2,Ademola Lookman Lookman,Atlético,2.0,1,2026-09-25
cronistas_md,1,Ademola Lookman Lookman,Atlético,6.0,1,2026-09-25
cronistas_md,7,Juan Musso Musso,Atlético,,0,2026-09-25
cronistas_md,6,Juan Musso Musso,Atlético,,0,2026-09-25
cronistas_md,5,Juan Musso Musso,Atlético,,0,2026-09-25
cronistas_md,4,Juan Musso Musso,Atlético,,0,2026-09-25
cronistas_md,3,Juan Musso Musso,Atlético,,0,2026-09-25
cronistas_md,2,Juan Musso Musso,Atlético,,0,2026-09-25
cronistas_md,1,Juan Musso Musso,Atlético,,0,2026-09-25
cronistas_md,7,David Hancko Hancko,Atlético,6.0,1,2026-09-25
cronistas_md,6,David Hancko Hancko,Atlético,2.0,1,2026-09-25
cronistas_md,5,David Hancko Hancko,Atlético,6.0,1,2026-09-25
cronistas_md,4,David Hancko Hancko,Atlético,2.0,1,2026-09-25
cronistas_md,3,David Hancko Hancko,Atlético,6.0,1,2026-09-25
cronistas_md,2,David Hancko Hancko,Atlético,6.0,1,2026-09-25
cronistas_md,1,David Hancko Hancko,Atlético,6.0,1,2026-09-25
cronistas_md,7,Robin Le Normand Le Normand,Atlético,6.0,1,2026-09-25
cronistas_md,6,Robin Le Normand Le Normand,Atlético,11.0,1,2026-09-25
cronistas_md,5,Robin Le Normand Le Normand,Atlético,,0,2026-09-25
cronistas_md,4,Robin Le Normand Le Normand,Atlético,,0,2026-09-25
cronistas_md,3,Robin Le Normand Le Normand,Atlético,,0,2026-09-25
cronistas_md,2,Robin Le Normand Le Normand,Atlético,-4.0,1,2026-09-25
cronistas_md,1,Robin Le Normand Le Normand,Atlético,6.0,1,2026-09-25
cronistas_md,7,Kang-In Lee Kang-In Lee,Atlético,6.0,1,2026-09-25
cronistas_md,6,Kang-In Lee Kang-In Lee,Atlético,14.0,1,2026-09-25
cronistas_md,5,Kang-In Lee Kang-In Lee,Atlético,6.0,1,2026-09-25
cronistas_md,4,Kang-In Lee Kang-In Lee,Atlético,2.0,1,2026-09-25
cronistas_md,3,Kang-In Lee Kang-In Lee,Atlético,6.0,1,2026-09-25
cronistas_md,2,Kang-In Lee Kang-In Lee,Atlético,6.0,1,2026-09-25
cronistas_md,1,Kang-In Lee Kang-In Lee,Atlético,14.0,1,2026-09-25
cronistas_md,7,Álex Baena Baena,Atlético,6.0,1,2026-09-25
cronistas_md,6,Álex Baena Baena,Atlético,14.0,1,2026-09-25
cronistas_md,5,Álex Baena Baena,Atlético,6.0,1,2026-09-25
cronistas_md,4,Álex Baena Baena,Atlético,2.0,1,2026-09-25
cronistas_md,3,Álex Baena Baena,Atlético,18.0,1,2026-09-25
cronistas_md,2,Álex Baena Baena,Atlético,2.0,1,2026-09-25
cronistas_md,1,Álex Baena Baena,Atlético,14.0,1,2026-09-25
cronistas_md,7,Giuliano Simeone Giuliano,Atlético,10.0,1,2026-09-25
cronistas_md,6,Giuliano Simeone Giuliano,Atlético,2.0,1,2026-09-25
cronistas_md,5,Giuliano Simeone Giuliano,Atlético,10.0,1,2026-09-25
cronistas_md,4,Giuliano Simeone Giuliano,Atlético,2.0,1,2026-09-25
cronistas_md,3,Giuliano Simeone Giuliano,Atlético,6.0,1,2026-09-25
cronistas_md,2,Giuliano Simeone Giuliano,Atlético,10.0,1,2026-09-25
cronistas_md,1,Giuliano Simeone Giuliano,Atlético,6.0,1,2026-09-25
cronistas_md,7,Carlos Martín Carlos Martín,Atlético,,0,2026-09-25
cronistas_md,6,Carlos Martín Carlos Martín,Atlético,,0,2026-09-25
cronistas_md,5,Carlos Martín Carlos Martín,Atlético,2.0,1,2026-09-25
cronistas_md,7,Marc Pubill Pubill,Atlético,6.0,1,2026-09-25
cronistas_md,6,Marc Pubill Pubill,Atlético,2.0,1,2026-09-25
cronistas_md,5,Marc Pubill Pubill,Atlético,6.0,1,2026-09-25
cronistas_md,4,Marc Pubill Pubill,Atlético,2.0,1,2026-09-25
cronistas_md,3,Marc Pubill Pubill,Atlético,6.0,1,2026-09-25
cronistas_md,2,Marc Pubill Pubill,Atlético,15.0,1,2026-09-25
cronistas_md,1,Marc Pubill Pubill,Atlético,,0,2026-09-25
cronistas_md,7,Pablo Barrios Barrios,Atlético,,0,2026-09-25
cronistas_md,6,Pablo Barrios Barrios,Atlético,,0,2026-09-25
cronistas_md,5,Pablo Barrios Barrios,Atlético,,0,2026-09-25
cronistas_md,4,Pablo Barrios Barrios,Atlético,6.0,1,2026-09-25
cronistas_md,3,Pablo Barrios Barrios,Atlético,6.0,1,2026-09-25
cronistas_md,2,Pablo Barrios Barrios,Atlético,6.0,1,2026-09-25
cronistas_md,1,Pablo Barrios Barrios,Atlético,6.0,1,2026-09-25
cronistas_md,7,Rodrigo Mendoza Mendoza,Atlético,,0,2026-09-25
cronistas_md,6,Rodrigo Mendoza Mendoza,Atlético,,0,2026-09-25
cronistas_md,5,Rodrigo Mendoza Mendoza,Atlético,,0,2026-09-25
cronistas_md,4,Rodrigo Mendoza Mendoza,Atlético,,0,2026-09-25
cronistas_md,3,Rodrigo Mendoza Mendoza,Atlético,0.0,1,2026-09-25
cronistas_md,2,Rodrigo Mendoza Mendoza,Atlético,2.0,1,2026-09-25
cronistas_md,1,Rodrigo Mendoza Mendoza,Atlético,6.0,1,2026-09-25
cronistas_md,7,Morten Hjulmand Hjulmand,Atlético,6.0,1,2026-09-25
cronistas_md,6,Morten Hjulmand Hjulmand,Atlético,2.0,1,2026-09-25
cronistas_md,5,Morten Hjulmand Hjulmand,Atlético,6.0,1,2026-09-25
cronistas_md,4,Morten Hjulmand Hjulmand,Atlético,2.0,1,2026-09-25
cronistas_md,3,Morten Hjulmand Hjulmand,Atlético,6.0,1,2026-09-25
cronistas_md,2,Morten Hjulmand Hjulmand,Atlético,2.0,1,2026-09-25
cronistas_md,1,Morten Hjulmand Hjulmand,Atlético,6.0,1,2026-09-25
cronistas_md,7,Arnau Ortiz Ortiz,Atlético,,0,2026-09-25
cronistas_md,6,Arnau Ortiz Ortiz,Atlético,2.0,1,2026-09-25
cronistas_md,5,Arnau Ortiz Ortiz,Atlético,6.0,1,2026-09-25
cronistas_md,4,Arnau Ortiz Ortiz,Atlético,2.0,1,2026-09-25
cronistas_md,3,Arnau Ortiz Ortiz,Atlético,2.0,1,2026-09-25
cronistas_md,2,Arnau Ortiz Ortiz,Atlético,,0,2026-09-25
cronistas_md,1,Arnau Ortiz Ortiz,Atlético,6.0,1,2026-09-25
cronistas_md,7,Dani Martínez Dani Martínez,Atlético,,0,2026-09-25
cronistas_md,6,Dani Martínez Dani Martínez,Atlético,,0,2026-09-25
cronistas_md,5,Dani Martínez Dani Martínez,Atlético,,0,2026-09-25
cronistas_md,4,Dani Martínez Dani Martínez,Atlético,,0,2026-09-25
cronistas_md,3,Dani Martínez Dani Martínez,Atlético,,0,2026-09-25
cronistas_md,2,Dani Martínez Dani Martínez,Atlético,,0,2026-09-25
cronistas_md,1,Dani Martínez Dani Martínez,Atlético,6.0,1,2026-09-25
cronistas_md,7,Johnny Cardoso Cardoso,Atlético,6.0,1,2026-09-25
cronistas_md,6,Johnny Cardoso Cardoso,Atlético,6.0,1,2026-09-25
cronistas_md,5,Johnny Cardoso Cardoso,Atlético,6.0,1,2026-09-25
cronistas_md,4,Johnny Cardoso Cardoso,Atlético,2.0,1,2026-09-25
cronistas_md,3,Johnny Cardoso Cardoso,Atlético,0.0,1,2026-09-25
cronistas_md,2,Johnny Cardoso Cardoso,Atlético,,0,2026-09-25
cronistas_md,1,Johnny Cardoso Cardoso,Atlético,,0,2026-09-25
cronistas_md,7,Salvi Esquivel Esquivel,Atlético,,0,2026-09-25
cronistas_md,6,Salvi Esquivel Esquivel,Atlético,,0,2026-09-25
cronistas_md,5,Salvi Esquivel Esquivel,Atlético,,0,2026-09-25
cronistas_md,4,Salvi Esquivel Esquivel,Atlético,,0,2026-09-25
cronistas_md,3,Salvi Esquivel Esquivel,Atlético,,0,2026-09-25
cronistas_md,2,Salvi Esquivel Esquivel,Atlético,,0,2026-09-25
cronistas_md,1,Salvi Esquivel Esquivel,Atlético,,0,2026-09-25
cronistas_md,7,Miguel Cubo Cubo,Atlético,,0,2026-09-25
cronistas_md,6,Miguel Cubo Cubo,Atlético,,0,2026-09-25
cronistas_md,5,Miguel Cubo Cubo,Atlético,,0,2026-09-25
cronistas_md,4,Miguel Cubo Cubo,Atlético,,0,2026-09-25
cronistas_md,3,Miguel Cubo Cubo,Atlético,,0,2026-09-25
cronistas_md,2,Miguel Cubo Cubo,Atlético,,0,2026-09-25
cronistas_md,1,Miguel Cubo Cubo,Atlético,,0,2026-09-25
cronistas_md,7,Jorge Domínguez Jorge Domínguez,Atlético,,0,2026-09-25
cronistas_md,6,Jorge Domínguez Jorge Domínguez,Atlético,,0,2026-09-25
cronistas_md,5,Jorge Domínguez Jorge Domínguez,Atlético,,0,2026-09-25
cronistas_md,4,Jorge Domínguez Jorge Domínguez,Atlético,,0,2026-09-25
cronistas_md,3,Jorge Domínguez Jorge Domínguez,Atlético,,0,2026-09-25
cronistas_md,2,Jorge Domínguez Jorge Domínguez,Atlético,,0,2026-09-25
cronistas_md,1,Jorge Domínguez Jorge Domínguez,Atlético,6.0,1,2026-09-25
cronistas_md,7,Jorge Castillo Castillo,Atlético,,0,2026-09-25
cronistas_md,6,Jorge Castillo Castillo,Atlético,,0,2026-09-25
cronistas_md,5,Jorge Castillo Castillo,Atlético,,0,2026-09-25
cronistas_md,4,Jorge Castillo Castillo,Atlético,,0,2026-09-25
cronistas_md,3,Jorge Castillo Castillo,Atlético,,0,2026-09-25
cronistas_md,2,Jorge Castillo Castillo,Atlético,,0,2026-09-25
cronistas_md,1,Jorge Castillo Castillo,Atlético,,0,2026-09-25
cronistas_md,7,Julián Álvarez Alvarez,Atlético,6.0,1,2026-09-25
cronistas_md,6,Julián Álvarez Alvarez,Atlético,,0,2026-09-25
cronistas_md,5,Julián Álvarez Alvarez,Atlético,,0,2026-09-25
cronistas_md,4,Julián Álvarez Alvarez,Atlético,2.0,1,2026-09-25
cronistas_md,3,Julián Álvarez Alvarez,Atlético,,0,2026-09-25
cronistas_md,2,Julián Álvarez Alvarez,Atlético,2.0,1,2026-09-25
cronistas_md,1,Julián Álvarez Alvarez,Atlético,,0,2026-09-25
cronistas_md,7,Cristian Romero Romero,Atlético,6.0,1,2026-09-25
cronistas_md,6,Cristian Romero Romero,Atlético,10.0,1,2026-09-25
cronistas_md,5,Cristian Romero Romero,Atlético,6.0,1,2026-09-25
cronistas_md,4,Cristian Romero Romero,Atlético,2.0,1,2026-09-25
cronistas_md,3,Cristian Romero Romero,Atlético,,0,2026-09-25
cronistas_md,2,Cristian Romero Romero,Atlético,,0,2026-09-25
cronistas_md,1,Cristian Romero Romero,Atlético,,0,2026-09-25
cronistas_md,7,Jonathan David Jonathan David,Atlético,9.0,1,2026-09-25
cronistas_md,6,Jonathan David Jonathan David,Atlético,9.0,1,2026-09-25
cronistas_md,5,Jonathan David Jonathan David,Atlético,9.0,1,2026-09-25
cronistas_md,4,Jonathan David Jonathan David,Atlético,,0,2026-09-25
cronistas_md,7,Obed Vargas Vargas,Atlético,,0,2026-09-25
cronistas_md,6,Obed Vargas Vargas,Atlético,,0,2026-09-25
cronistas_md,5,Obed Vargas Vargas,Atlético,,0,2026-09-25
cronistas_md,4,Obed Vargas Vargas,Atlético,,0,2026-09-25
cronistas_md,3,Obed Vargas Vargas,Atlético,,0,2026-09-25
cronistas_md,2,Obed Vargas Vargas,Atlético,,0,2026-09-25
cronistas_md,1,Obed Vargas Vargas,Atlético,,0,2026-09-25
cronistas_md,7,Joao Cancelo Cancelo,Barcelona,6.0,1,2026-09-25
cronistas_md,6,Joao Cancelo Cancelo,Barcelona,19.0,1,2026-09-25
cronistas_md,5,Joao Cancelo Cancelo,Barcelona,2.0,1,2026-09-25
cronistas_md,4,Joao Cancelo Cancelo,Barcelona,,0,2026-09-25
cronistas_md,3,Joao Cancelo Cancelo,Barcelona,2.0,1,2026-09-25
cronistas_md,1,Joao Cancelo Cancelo,Barcelona,0.0,1,2026-09-25
cronistas_md,2,Joao Cancelo Cancelo,Barcelona,2.0,1,2026-09-25
cronistas_md,7,Dani Olmo Olmo,Barcelona,6.0,1,2026-09-25
cronistas_md,6,Dani Olmo Olmo,Barcelona,6.0,1,2026-09-25
cronistas_md,5,Dani Olmo Olmo,Barcelona,6.0,1,2026-09-25
cronistas_md,4,Dani Olmo Olmo,Barcelona,10.0,1,2026-09-25
cronistas_md,3,Dani Olmo Olmo,Barcelona,6.0,1,2026-09-25
cronistas_md,1,Dani Olmo Olmo,Barcelona,2.0,1,2026-09-25
cronistas_md,2,Dani Olmo Olmo,Barcelona,6.0,1,2026-09-25
cronistas_md,7,Andreas Christensen A. Christensen,Barcelona,6.0,1,2026-09-25
cronistas_md,6,Andreas Christensen A. Christensen,Barcelona,10.0,1,2026-09-25
cronistas_md,5,Andreas Christensen A. Christensen,Barcelona,2.0,1,2026-09-25
cronistas_md,4,Andreas Christensen A. Christensen,Barcelona,6.0,1,2026-09-25
cronistas_md,3,Andreas Christensen A. Christensen,Barcelona,2.0,1,2026-09-25
cronistas_md,1,Andreas Christensen A. Christensen,Barcelona,,0,2026-09-25
cronistas_md,2,Andreas Christensen A. Christensen,Barcelona,10.0,1,2026-09-25
cronistas_md,7,Wojciech Szczesny Szczesny,Barcelona,,0,2026-09-25
cronistas_md,6,Wojciech Szczesny Szczesny,Barcelona,2.0,1,2026-09-25
cronistas_md,5,Wojciech Szczesny Szczesny,Barcelona,,0,2026-09-25
cronistas_md,4,Wojciech Szczesny Szczesny,Barcelona,,0,2026-09-25
cronistas_md,3,Wojciech Szczesny Szczesny,Barcelona,,0,2026-09-25
cronistas_md,1,Wojciech Szczesny Szczesny,Barcelona,,0,2026-09-25
cronistas_md,2,Wojciech Szczesny Szczesny,Barcelona,,0,2026-09-25
cronistas_md,7,Raphinha Raphinha,Barcelona,23.0,1,2026-09-25
cronistas_md,6,Raphinha Raphinha,Barcelona,23.0,1,2026-09-25
cronistas_md,5,Raphinha Raphinha,Barcelona,6.0,1,2026-09-25
cronistas_md,4,Raphinha Raphinha,Barcelona,13.0,1,2026-09-25
cronistas_md,3,Raphinha Raphinha,Barcelona,20.0,1,2026-09-25
cronistas_md,1,Raphinha Raphinha,Barcelona,13.0,1,2026-09-25
cronistas_md,2,Raphinha Raphinha,Barcelona,16.0,1,2026-09-25
cronistas_md,7,Jules Koundé Koundé,Barcelona,,0,2026-09-25
cronistas_md,6,Jules Koundé Koundé,Barcelona,,0,2026-09-25
cronistas_md,5,Jules Koundé Koundé,Barcelona,,0,2026-09-25
cronistas_md,4,Jules Koundé Koundé,Barcelona,6.0,1,2026-09-25
cronistas_md,3,Jules Koundé Koundé,Barcelona,2.0,1,2026-09-25
cronistas_md,1,Jules Koundé Koundé,Barcelona,2.0,1,2026-09-25
cronistas_md,2,Jules Koundé Koundé,Barcelona,2.0,1,2026-09-25
cronistas_md,7,Pedri González Pedri,Barcelona,10.0,1,2026-09-25
cronistas_md,6,Pedri González Pedri,Barcelona,10.0,1,2026-09-25
cronistas_md,5,Pedri González Pedri,Barcelona,6.0,1,2026-09-25
cronistas_md,4,Pedri González Pedri,Barcelona,18.0,1,2026-09-25
cronistas_md,3,Pedri González Pedri,Barcelona,10.0,1,2026-09-25
cronistas_md,1,Pedri González Pedri,Barcelona,14.0,1,2026-09-25
cronistas_md,2,Pedri González Pedri,Barcelona,10.0,1,2026-09-25
cronistas_md,7,Joan Garcia Joan Garcia,Barcelona,,0,2026-09-25
cronistas_md,6,Joan Garcia Joan Garcia,Barcelona,6.0,1,2026-09-25
cronistas_md,5,Joan Garcia Joan Garcia,Barcelona,2.0,1,2026-09-25
cronistas_md,4,Joan Garcia Joan Garcia,Barcelona,10.0,1,2026-09-25
cronistas_md,3,Joan Garcia Joan Garcia,Barcelona,2.0,1,2026-09-25
cronistas_md,1,Joan Garcia Joan Garcia,Barcelona,6.0,1,2026-09-25
cronistas_md,2,Joan Garcia Joan Garcia,Barcelona,10.0,1,2026-09-25
cronistas_md,7,Eric Garcia Eric Garcia,Barcelona,6.0,1,2026-09-25
cronistas_md,6,Eric Garcia Eric Garcia,Barcelona,10.0,1,2026-09-25
cronistas_md,5,Eric Garcia Eric Garcia,Barcelona,6.0,1,2026-09-25
cronistas_md,4,Eric Garcia Eric Garcia,Barcelona,6.0,1,2026-09-25
cronistas_md,3,Eric Garcia Eric Garcia,Barcelona,,0,2026-09-25
cronistas_md,1,Eric Garcia Eric Garcia,Barcelona,6.0,1,2026-09-25
cronistas_md,2,Eric Garcia Eric Garcia,Barcelona,10.0,1,2026-09-25
cronistas_md,7,Anthony Gordon Gordon,Barcelona,6.0,1,2026-09-25
cronistas_md,6,Anthony Gordon Gordon,Barcelona,,0,2026-09-25
cronistas_md,5,Anthony Gordon Gordon,Barcelona,2.0,1,2026-09-25
cronistas_md,4,Anthony Gordon Gordon,Barcelona,6.0,1,2026-09-25
cronistas_md,3,Anthony Gordon Gordon,Barcelona,10.0,1,2026-09-25
cronistas_md,1,Anthony Gordon Gordon,Barcelona,6.0,1,2026-09-25
cronistas_md,2,Anthony Gordon Gordon,Barcelona,10.0,1,2026-09-25
cronistas_md,7,Karim Adeyemi Adeyemi,Barcelona,6.0,1,2026-09-25
cronistas_md,6,Karim Adeyemi Adeyemi,Barcelona,14.0,1,2026-09-25
cronistas_md,5,Karim Adeyemi Adeyemi,Barcelona,9.0,1,2026-09-25
cronistas_md,4,Karim Adeyemi Adeyemi,Barcelona,6.0,1,2026-09-25
cronistas_md,3,Karim Adeyemi Adeyemi,Barcelona,2.0,1,2026-09-25
cronistas_md,1,Karim Adeyemi Adeyemi,Barcelona,2.0,1,2026-09-25
cronistas_md,2,Karim Adeyemi Adeyemi,Barcelona,13.0,1,2026-09-25
cronistas_md,7,Pablo Gavi Gavi,Barcelona,,0,2026-09-25
cronistas_md,6,Pablo Gavi Gavi,Barcelona,6.0,1,2026-09-25
cronistas_md,5,Pablo Gavi Gavi,Barcelona,,0,2026-09-25
cronistas_md,4,Pablo Gavi Gavi,Barcelona,,0,2026-09-25
cronistas_md,3,Pablo Gavi Gavi,Barcelona,,0,2026-09-25
cronistas_md,1,Pablo Gavi Gavi,Barcelona,,0,2026-09-25
cronistas_md,2,Pablo Gavi Gavi,Barcelona,6.0,1,2026-09-25
cronistas_md,7,Lamine Yamal Yamal,Barcelona,10.0,1,2026-09-25
cronistas_md,6,Lamine Yamal Yamal,Barcelona,9.0,1,2026-09-25
cronistas_md,5,Lamine Yamal Yamal,Barcelona,16.0,1,2026-09-25
cronistas_md,4,Lamine Yamal Yamal,Barcelona,20.0,1,2026-09-25
cronistas_md,3,Lamine Yamal Yamal,Barcelona,16.0,1,2026-09-25
cronistas_md,1,Lamine Yamal Yamal,Barcelona,10.0,1,2026-09-25
cronistas_md,2,Lamine Yamal Yamal,Barcelona,6.0,1,2026-09-25
cronistas_md,7,Pau Cubarsí Cubarsí,Barcelona,10.0,1,2026-09-25
cronistas_md,6,Pau Cubarsí Cubarsí,Barcelona,,0,2026-09-25
cronistas_md,5,Pau Cubarsí Cubarsí,Barcelona,6.0,1,2026-09-25
cronistas_md,4,Pau Cubarsí Cubarsí,Barcelona,10.0,1,2026-09-25
cronistas_md,3,Pau Cubarsí Cubarsí,Barcelona,6.0,1,2026-09-25
cronistas_md,1,Pau Cubarsí Cubarsí,Barcelona,10.0,1,2026-09-25
cronistas_md,2,Pau Cubarsí Cubarsí,Barcelona,,0,2026-09-25
cronistas_md,7,Fermín López Fermín,Barcelona,10.0,1,2026-09-25
cronistas_md,6,Fermín López Fermín,Barcelona,,0,2026-09-25
cronistas_md,5,Fermín López Fermín,Barcelona,6.0,1,2026-09-25
cronistas_md,4,Fermín López Fermín,Barcelona,14.0,1,2026-09-25
cronistas_md,3,Fermín López Fermín,Barcelona,6.0,1,2026-09-25
cronistas_md,1,Fermín López Fermín,Barcelona,14.0,1,2026-09-25
cronistas_md,2,Fermín López Fermín,Barcelona,18.0,1,2026-09-25
cronistas_md,7,Gerard Martín Martín,Barcelona,6.0,1,2026-09-25
cronistas_md,6,Gerard Martín Martín,Barcelona,10.0,1,2026-09-25
cronistas_md,5,Gerard Martín Martín,Barcelona,2.0,1,2026-09-25
cronistas_md,4,Gerard Martín Martín,Barcelona,6.0,1,2026-09-25
cronistas_md,3,Gerard Martín Martín,Barcelona,,0,2026-09-25
cronistas_md,1,Gerard Martín Martín,Barcelona,6.0,1,2026-09-25
cronistas_md,2,Gerard Martín Martín,Barcelona,10.0,1,2026-09-25
cronistas_md,7,Marc Bernal Bernal,Barcelona,0.0,1,2026-09-25
cronistas_md,6,Marc Bernal Bernal,Barcelona,6.0,1,2026-09-25
cronistas_md,5,Marc Bernal Bernal,Barcelona,2.0,1,2026-09-25
cronistas_md,4,Marc Bernal Bernal,Barcelona,6.0,1,2026-09-25
cronistas_md,3,Marc Bernal Bernal,Barcelona,10.0,1,2026-09-25
cronistas_md,1,Marc Bernal Bernal,Barcelona,10.0,1,2026-09-25
cronistas_md,2,Marc Bernal Bernal,Barcelona,10.0,1,2026-09-25
cronistas_md,7,Álvaro Cortés Cortés,Barcelona,,0,2026-09-25
cronistas_md,6,Álvaro Cortés Cortés,Barcelona,,0,2026-09-25
cronistas_md,5,Álvaro Cortés Cortés,Barcelona,,0,2026-09-25
cronistas_md,7,Eder Aller Aller,Barcelona,,0,2026-09-25
cronistas_md,6,Eder Aller Aller,Barcelona,,0,2026-09-25
cronistas_md,5,Eder Aller Aller,Barcelona,,0,2026-09-25
cronistas_md,4,Eder Aller Aller,Barcelona,,0,2026-09-25
cronistas_md,3,Eder Aller Aller,Barcelona,,0,2026-09-25
cronistas_md,1,Eder Aller Aller,Barcelona,,0,2026-09-25
cronistas_md,2,Eder Aller Aller,Barcelona,,0,2026-09-25
cronistas_md,7,Xavi Espart Espart,Barcelona,,0,2026-09-25
cronistas_md,6,Xavi Espart Espart,Barcelona,,0,2026-09-25
cronistas_md,5,Xavi Espart Espart,Barcelona,15.0,1,2026-09-25
cronistas_md,4,Xavi Espart Espart,Barcelona,10.0,1,2026-09-25
cronistas_md,3,Xavi Espart Espart,Barcelona,10.0,1,2026-09-25
cronistas_md,1,Xavi Espart Espart,Barcelona,10.0,1,2026-09-25
cronistas_md,2,Xavi Espart Espart,Barcelona,10.0,1,2026-09-25
cronistas_md,7,Hamza Abdelkarim Abdelkarim,Barcelona,,0,2026-09-25
cronistas_md,6,Hamza Abdelkarim Abdelkarim,Barcelona,,0,2026-09-25
cronistas_md,5,Hamza Abdelkarim Abdelkarim,Barcelona,,0,2026-09-25
cronistas_md,4,Hamza Abdelkarim Abdelkarim,Barcelona,,0,2026-09-25
cronistas_md,3,Hamza Abdelkarim Abdelkarim,Barcelona,6.0,1,2026-09-25
cronistas_md,1,Hamza Abdelkarim Abdelkarim,Barcelona,,0,2026-09-25
cronistas_md,2,Hamza Abdelkarim Abdelkarim,Barcelona,,0,2026-09-25
cronistas_md,7,Brian Fariñas Fariñas,Barcelona,,0,2026-09-25
cronistas_md,6,Brian Fariñas Fariñas,Barcelona,,0,2026-09-25
cronistas_md,5,Brian Fariñas Fariñas,Barcelona,,0,2026-09-25
cronistas_md,4,Brian Fariñas Fariñas,Barcelona,,0,2026-09-25
cronistas_md,3,Brian Fariñas Fariñas,Barcelona,,0,2026-09-25
cronistas_md,1,Brian Fariñas Fariñas,Barcelona,,0,2026-09-25
cronistas_md,2,Brian Fariñas Fariñas,Barcelona,,0,2026-09-25
cronistas_md,7,Jordi Pesquer Pesquer,Barcelona,,0,2026-09-25
cronistas_md,6,Jordi Pesquer Pesquer,Barcelona,,0,2026-09-25
cronistas_md,5,Jordi Pesquer Pesquer,Barcelona,,0,2026-09-25
cronistas_md,4,Jordi Pesquer Pesquer,Barcelona,,0,2026-09-25
cronistas_md,3,Jordi Pesquer Pesquer,Barcelona,,0,2026-09-25
cronistas_md,1,Jordi Pesquer Pesquer,Barcelona,,0,2026-09-25
cronistas_md,2,Jordi Pesquer Pesquer,Barcelona,,0,2026-09-25
cronistas_md,7,Rodri Hernández Rodri,Barcelona,10.0,1,2026-09-25
cronistas_md,6,Rodri Hernández Rodri,Barcelona,10.0,1,2026-09-25
cronistas_md,5,Rodri Hernández Rodri,Barcelona,2.0,1,2026-09-25
cronistas_md,4,Rodri Hernández Rodri,Barcelona,14.0,1,2026-09-25
cronistas_md,3,Rodri Hernández Rodri,Barcelona,6.0,1,2026-09-25
cronistas_md,1,Rodri Hernández Rodri,Barcelona,6.0,1,2026-09-25
cronistas_md,2,Rodri Hernández Rodri,Barcelona,,0,2026-09-25
cronistas_md,7,Alejandro Balde Balde,Barcelona,,0,2026-09-25
cronistas_md,6,Alejandro Balde Balde,Barcelona,6.0,1,2026-09-25
cronistas_md,5,Alejandro Balde Balde,Barcelona,,0,2026-09-25
cronistas_md,4,Alejandro Balde Balde,Barcelona,,0,2026-09-25
cronistas_md,3,Alejandro Balde Balde,Barcelona,,0,2026-09-25
cronistas_md,1,Alejandro Balde Balde,Barcelona,,0,2026-09-25
cronistas_md,2,Alejandro Balde Balde,Barcelona,,0,2026-09-25
cronistas_md,7,Dominik Livakovic Livakovic,Barcelona,6.0,1,2026-09-25
cronistas_md,6,Dominik Livakovic Livakovic,Barcelona,,0,2026-09-25
cronistas_md,5,Dominik Livakovic Livakovic,Barcelona,,0,2026-09-25
cronistas_md,4,Dominik Livakovic Livakovic,Barcelona,,0,2026-09-25
cronistas_md,3,Dominik Livakovic Livakovic,Barcelona,,0,2026-09-25
cronistas_md,1,Dominik Livakovic Livakovic,Barcelona,,0,2026-09-25
cronistas_md,7,Gabriel Jesus Gabriel Jesús,Barcelona,0.0,1,2026-09-25
cronistas_md,6,Gabriel Jesus Gabriel Jesús,Barcelona,13.0,1,2026-09-25
cronistas_md,5,Gabriel Jesus Gabriel Jesús,Barcelona,,0,2026-09-25
cronistas_md,4,Gabriel Jesus Gabriel Jesús,Barcelona,6.0,1,2026-09-25
cronistas_md,7,Iker Rodríguez Iker Rodríguez,Barcelona,,0,2026-09-25
cronistas_md,6,Iker Rodríguez Iker Rodríguez,Barcelona,,0,2026-09-25
cronistas_md,5,Iker Rodríguez Iker Rodríguez,Barcelona,,0,2026-09-25
cronistas_md,4,Iker Rodríguez Iker Rodríguez,Barcelona,,0,2026-09-25
cronistas_md,3,Iker Rodríguez Iker Rodríguez,Barcelona,,0,2026-09-25
cronistas_md,1,Iker Rodríguez Iker Rodríguez,Barcelona,,0,2026-09-25
cronistas_md,2,Iker Rodríguez Iker Rodríguez,Barcelona,,0,2026-09-25
cronistas_md,7,Marc Bartra Bartra,Betis,2.0,1,2026-09-25
cronistas_md,6,Marc Bartra Bartra,Betis,,0,2026-09-25
cronistas_md,5,Marc Bartra Bartra,Betis,6.0,1,2026-09-25
cronistas_md,4,Marc Bartra Bartra,Betis,6.0,1,2026-09-25
cronistas_md,3,Marc Bartra Bartra,Betis,3.0,1,2026-09-25
cronistas_md,1,Marc Bartra Bartra,Betis,,0,2026-09-25
cronistas_md,2,Marc Bartra Bartra,Betis,2.0,1,2026-09-25
cronistas_md,7,Isco Alarcón Isco,Betis,2.0,1,2026-09-25
cronistas_md,6,Isco Alarcón Isco,Betis,6.0,1,2026-09-25
cronistas_md,5,Isco Alarcón Isco,Betis,2.0,1,2026-09-25
cronistas_md,4,Isco Alarcón Isco,Betis,2.0,1,2026-09-25
cronistas_md,3,Isco Alarcón Isco,Betis,6.0,1,2026-09-25
cronistas_md,1,Isco Alarcón Isco,Betis,2.0,1,2026-09-25
cronistas_md,2,Isco Alarcón Isco,Betis,2.0,1,2026-09-25
cronistas_md,7,Diego Javier Llorente D. Llorente,Betis,,0,2026-09-25
cronistas_md,6,Diego Javier Llorente D. Llorente,Betis,,0,2026-09-25
cronistas_md,5,Diego Javier Llorente D. Llorente,Betis,,0,2026-09-25
cronistas_md,4,Diego Javier Llorente D. Llorente,Betis,2.0,1,2026-09-25
cronistas_md,3,Diego Javier Llorente D. Llorente,Betis,,0,2026-09-25
cronistas_md,1,Diego Javier Llorente D. Llorente,Betis,2.0,1,2026-09-25
cronistas_md,2,Diego Javier Llorente D. Llorente,Betis,,0,2026-09-25
cronistas_md,7,Héctor Bellerín Bellerín,Betis,2.0,1,2026-09-25
cronistas_md,6,Héctor Bellerín Bellerín,Betis,6.0,1,2026-09-25
cronistas_md,5,Héctor Bellerín Bellerín,Betis,6.0,1,2026-09-25
cronistas_md,4,Héctor Bellerín Bellerín,Betis,2.0,1,2026-09-25
cronistas_md,3,Héctor Bellerín Bellerín,Betis,-2.0,1,2026-09-25
cronistas_md,1,Héctor Bellerín Bellerín,Betis,2.0,1,2026-09-25
cronistas_md,2,Héctor Bellerín Bellerín,Betis,6.0,1,2026-09-25
cronistas_md,7,Pablo Fornals Fornals,Betis,2.0,1,2026-09-25
cronistas_md,6,Pablo Fornals Fornals,Betis,,0,2026-09-25
cronistas_md,5,Pablo Fornals Fornals,Betis,6.0,1,2026-09-25
cronistas_md,4,Pablo Fornals Fornals,Betis,2.0,1,2026-09-25
cronistas_md,3,Pablo Fornals Fornals,Betis,2.0,1,2026-09-25
cronistas_md,1,Pablo Fornals Fornals,Betis,6.0,1,2026-09-25
cronistas_md,2,Pablo Fornals Fornals,Betis,2.0,1,2026-09-25
cronistas_md,7,Marc Roca Marc Roca,Betis,6.0,1,2026-09-25
cronistas_md,6,Marc Roca Marc Roca,Betis,,0,2026-09-25
cronistas_md,5,Marc Roca Marc Roca,Betis,2.0,1,2026-09-25
cronistas_md,4,Marc Roca Marc Roca,Betis,2.0,1,2026-09-25
cronistas_md,3,Marc Roca Marc Roca,Betis,2.0,1,2026-09-25
cronistas_md,1,Marc Roca Marc Roca,Betis,,0,2026-09-25
cronistas_md,2,Marc Roca Marc Roca,Betis,2.0,1,2026-09-25
cronistas_md,7,Álvaro Valles Valles,Betis,10.0,1,2026-09-25
cronistas_md,6,Álvaro Valles Valles,Betis,10.0,1,2026-09-25
cronistas_md,5,Álvaro Valles Valles,Betis,6.0,1,2026-09-25
cronistas_md,4,Álvaro Valles Valles,Betis,14.0,1,2026-09-25
cronistas_md,3,Álvaro Valles Valles,Betis,2.0,1,2026-09-25
cronistas_md,1,Álvaro Valles Valles,Betis,10.0,1,2026-09-25
cronistas_md,2,Álvaro Valles Valles,Betis,6.0,1,2026-09-25
cronistas_md,7,Junior Firpo Junior,Betis,,0,2026-09-25
cronistas_md,6,Junior Firpo Junior,Betis,2.0,1,2026-09-25
cronistas_md,5,Junior Firpo Junior,Betis,,0,2026-09-25
cronistas_md,4,Junior Firpo Junior,Betis,,0,2026-09-25
cronistas_md,3,Junior Firpo Junior,Betis,,0,2026-09-25
cronistas_md,1,Junior Firpo Junior,Betis,2.0,1,2026-09-25
cronistas_md,2,Junior Firpo Junior,Betis,,0,2026-09-25
cronistas_md,7,Cucho Hernández Cucho,Betis,9.0,1,2026-09-25
cronistas_md,6,Cucho Hernández Cucho,Betis,2.0,1,2026-09-25
cronistas_md,5,Cucho Hernández Cucho,Betis,9.0,1,2026-09-25
cronistas_md,4,Cucho Hernández Cucho,Betis,2.0,1,2026-09-25
cronistas_md,3,Cucho Hernández Cucho,Betis,2.0,1,2026-09-25
cronistas_md,1,Cucho Hernández Cucho,Betis,2.0,1,2026-09-25
cronistas_md,2,Cucho Hernández Cucho,Betis,6.0,1,2026-09-25
cronistas_md,7,Fran García Fran García,Betis,-2.0,1,2026-09-25
cronistas_md,6,Fran García Fran García,Betis,,0,2026-09-25
cronistas_md,5,Fran García Fran García,Betis,6.0,1,2026-09-25
cronistas_md,4,Fran García Fran García,Betis,2.0,1,2026-09-25
cronistas_md,3,Fran García Fran García,Betis,2.0,1,2026-09-25
cronistas_md,1,Fran García Fran García,Betis,6.0,1,2026-09-25
cronistas_md,2,Fran García Fran García,Betis,2.0,1,2026-09-25
cronistas_md,7,Álvaro Fidalgo Fidalgo,Betis,,0,2026-09-25
cronistas_md,6,Álvaro Fidalgo Fidalgo,Betis,0.0,1,2026-09-25
cronistas_md,5,Álvaro Fidalgo Fidalgo,Betis,,0,2026-09-25
cronistas_md,4,Álvaro Fidalgo Fidalgo,Betis,2.0,1,2026-09-25
cronistas_md,3,Álvaro Fidalgo Fidalgo,Betis,,0,2026-09-25
cronistas_md,1,Álvaro Fidalgo Fidalgo,Betis,,0,2026-09-25
cronistas_md,2,Álvaro Fidalgo Fidalgo,Betis,,0,2026-09-25
cronistas_md,7,Rodrigo Riquelme Riquelme,Betis,-2.0,1,2026-09-25
cronistas_md,6,Rodrigo Riquelme Riquelme,Betis,2.0,1,2026-09-25
cronistas_md,5,Rodrigo Riquelme Riquelme,Betis,2.0,1,2026-09-25
cronistas_md,4,Rodrigo Riquelme Riquelme,Betis,2.0,1,2026-09-25
cronistas_md,3,Rodrigo Riquelme Riquelme,Betis,6.0,1,2026-09-25
cronistas_md,1,Rodrigo Riquelme Riquelme,Betis,2.0,1,2026-09-25
cronistas_md,2,Rodrigo Riquelme Riquelme,Betis,10.0,1,2026-09-25
cronistas_md,7,Iker Losada Losada,Betis,,0,2026-09-25
cronistas_md,6,Iker Losada Losada,Betis,,0,2026-09-25
cronistas_md,5,Iker Losada Losada,Betis,,0,2026-09-25
cronistas_md,4,Iker Losada Losada,Betis,,0,2026-09-25
cronistas_md,3,Iker Losada Losada,Betis,,0,2026-09-25
cronistas_md,1,Iker Losada Losada,Betis,,0,2026-09-25
cronistas_md,2,Iker Losada Losada,Betis,,0,2026-09-25
cronistas_md,7,Antony Antony,Betis,2.0,1,2026-09-25
cronistas_md,6,Antony Antony,Betis,10.0,1,2026-09-25
cronistas_md,5,Antony Antony,Betis,2.0,1,2026-09-25
cronistas_md,4,Antony Antony,Betis,2.0,1,2026-09-25
cronistas_md,3,Antony Antony,Betis,2.0,1,2026-09-25
cronistas_md,1,Antony Antony,Betis,6.0,1,2026-09-25
cronistas_md,2,Antony Antony,Betis,6.0,1,2026-09-25
cronistas_md,7,Ángel Ortiz Ortiz,Betis,,0,2026-09-25
cronistas_md,6,Ángel Ortiz Ortiz,Betis,2.0,1,2026-09-25
cronistas_md,5,Ángel Ortiz Ortiz,Betis,,0,2026-09-25
cronistas_md,4,Ángel Ortiz Ortiz,Betis,,0,2026-09-25
cronistas_md,3,Ángel Ortiz Ortiz,Betis,,0,2026-09-25
cronistas_md,1,Ángel Ortiz Ortiz,Betis,6.0,1,2026-09-25
cronistas_md,2,Ángel Ortiz Ortiz,Betis,,0,2026-09-25
cronistas_md,7,Natan Natan,Betis,6.0,1,2026-09-25
cronistas_md,6,Natan Natan,Betis,6.0,1,2026-09-25
cronistas_md,5,Natan Natan,Betis,15.0,1,2026-09-25
cronistas_md,4,Natan Natan,Betis,6.0,1,2026-09-25
cronistas_md,3,Natan Natan,Betis,-2.0,1,2026-09-25
cronistas_md,1,Natan Natan,Betis,,0,2026-09-25
cronistas_md,2,Natan Natan,Betis,6.0,1,2026-09-25
cronistas_md,7,Manu González Manu González,Betis,,0,2026-09-25
cronistas_md,6,Manu González Manu González,Betis,,0,2026-09-25
cronistas_md,5,Manu González Manu González,Betis,,0,2026-09-25
cronistas_md,4,Manu González Manu González,Betis,,0,2026-09-25
cronistas_md,3,Manu González Manu González,Betis,,0,2026-09-25
cronistas_md,1,Manu González Manu González,Betis,,0,2026-09-25
cronistas_md,2,Manu González Manu González,Betis,,0,2026-09-25
cronistas_md,7,Nelson Deossa Deossa,Betis,2.0,1,2026-09-25
cronistas_md,6,Nelson Deossa Deossa,Betis,10.0,1,2026-09-25
cronistas_md,5,Nelson Deossa Deossa,Betis,6.0,1,2026-09-25
cronistas_md,4,Nelson Deossa Deossa,Betis,2.0,1,2026-09-25
cronistas_md,3,Nelson Deossa Deossa,Betis,2.0,1,2026-09-25
cronistas_md,1,Nelson Deossa Deossa,Betis,2.0,1,2026-09-25
cronistas_md,2,Nelson Deossa Deossa,Betis,0.0,1,2026-09-25
cronistas_md,7,Facundo Bernal Bernal,Betis,2.0,1,2026-09-25
cronistas_md,6,Facundo Bernal Bernal,Betis,2.0,1,2026-09-25
cronistas_md,5,Facundo Bernal Bernal,Betis,2.0,1,2026-09-25
cronistas_md,4,Facundo Bernal Bernal,Betis,2.0,1,2026-09-25
cronistas_md,3,Facundo Bernal Bernal,Betis,2.0,1,2026-09-25
cronistas_md,1,Facundo Bernal Bernal,Betis,2.0,1,2026-09-25
cronistas_md,2,Facundo Bernal Bernal,Betis,6.0,1,2026-09-25
cronistas_md,7,Valentín Gómez Valentín Gómez,Betis,6.0,1,2026-09-25
cronistas_md,6,Valentín Gómez Valentín Gómez,Betis,6.0,1,2026-09-25
cronistas_md,5,Valentín Gómez Valentín Gómez,Betis,,0,2026-09-25
cronistas_md,4,Valentín Gómez Valentín Gómez,Betis,,0,2026-09-25
cronistas_md,3,Valentín Gómez Valentín Gómez,Betis,,0,2026-09-25
cronistas_md,1,Valentín Gómez Valentín Gómez,Betis,2.0,1,2026-09-25
cronistas_md,2,Valentín Gómez Valentín Gómez,Betis,,0,2026-09-25
cronistas_md,7,Troy Parrott Parrott,Betis,,0,2026-09-25
cronistas_md,6,Troy Parrott Parrott,Betis,6.0,1,2026-09-25
cronistas_md,5,Troy Parrott Parrott,Betis,,0,2026-09-25
cronistas_md,4,Troy Parrott Parrott,Betis,9.0,1,2026-09-25
cronistas_md,3,Troy Parrott Parrott,Betis,2.0,1,2026-09-25
cronistas_md,1,Troy Parrott Parrott,Betis,2.0,1,2026-09-25
cronistas_md,2,Troy Parrott Parrott,Betis,,0,2026-09-25
cronistas_md,7,Álvaro de Pablo De Pablo,Betis,,0,2026-09-25
cronistas_md,6,Álvaro de Pablo De Pablo,Betis,,0,2026-09-25
cronistas_md,5,Álvaro de Pablo De Pablo,Betis,,0,2026-09-25
cronistas_md,4,Álvaro de Pablo De Pablo,Betis,,0,2026-09-25
cronistas_md,3,Álvaro de Pablo De Pablo,Betis,,0,2026-09-25
cronistas_md,1,Álvaro de Pablo De Pablo,Betis,,0,2026-09-25
cronistas_md,2,Álvaro de Pablo De Pablo,Betis,,0,2026-09-25
cronistas_md,7,Abde Ezzalzouli Abde,Betis,6.0,1,2026-09-25
cronistas_md,6,Abde Ezzalzouli Abde,Betis,9.0,1,2026-09-25
cronistas_md,5,Abde Ezzalzouli Abde,Betis,6.0,1,2026-09-25
cronistas_md,4,Abde Ezzalzouli Abde,Betis,,0,2026-09-25
cronistas_md,3,Abde Ezzalzouli Abde,Betis,2.0,1,2026-09-25
cronistas_md,1,Abde Ezzalzouli Abde,Betis,,0,2026-09-25
cronistas_md,2,Abde Ezzalzouli Abde,Betis,,0,2026-09-25
cronistas_md,7,José Antonio Morante Morante,Betis,,0,2026-09-25
cronistas_md,6,José Antonio Morante Morante,Betis,,0,2026-09-25
cronistas_md,5,José Antonio Morante Morante,Betis,,0,2026-09-25
cronistas_md,4,José Antonio Morante Morante,Betis,,0,2026-09-25
cronistas_md,3,José Antonio Morante Morante,Betis,,0,2026-09-25
cronistas_md,1,José Antonio Morante Morante,Betis,,0,2026-09-25
cronistas_md,2,José Antonio Morante Morante,Betis,,0,2026-09-25
cronistas_md,7,Dani Ceballos Ceballos,Betis,2.0,1,2026-09-25
cronistas_md,6,Dani Ceballos Ceballos,Betis,2.0,1,2026-09-25
cronistas_md,5,Dani Ceballos Ceballos,Betis,2.0,1,2026-09-25
cronistas_md,4,Dani Ceballos Ceballos,Betis,,0,2026-09-25
cronistas_md,7,Giovani Lo Celso Lo Celso,Betis,,0,2026-09-25
cronistas_md,6,Giovani Lo Celso Lo Celso,Betis,,0,2026-09-25
cronistas_md,5,Giovani Lo Celso Lo Celso,Betis,2.0,1,2026-09-25
cronistas_md,4,Giovani Lo Celso Lo Celso,Betis,,0,2026-09-25
cronistas_md,3,Giovani Lo Celso Lo Celso,Betis,,0,2026-09-25
cronistas_md,1,Giovani Lo Celso Lo Celso,Betis,,0,2026-09-25
cronistas_md,2,Giovani Lo Celso Lo Celso,Betis,,0,2026-09-25
cronistas_md,7,Diego Conde Conde,Betis,,0,2026-09-25
cronistas_md,6,Diego Conde Conde,Betis,,0,2026-09-25
cronistas_md,5,Diego Conde Conde,Betis,,0,2026-09-25
cronistas_md,4,Diego Conde Conde,Betis,,0,2026-09-25
cronistas_md,3,Diego Conde Conde,Betis,,0,2026-09-25
cronistas_md,1,Diego Conde Conde,Betis,,0,2026-09-25
cronistas_md,2,Diego Conde Conde,Betis,,0,2026-09-25
cronistas_md,7,Iago Aspas Aspas,Celta,,0,2026-09-25
cronistas_md,5,Iago Aspas Aspas,Celta,2.0,1,2026-09-25
cronistas_md,4,Iago Aspas Aspas,Celta,2.0,1,2026-09-25
cronistas_md,6,Iago Aspas Aspas,Celta,6.0,1,2026-09-25
cronistas_md,3,Iago Aspas Aspas,Celta,2.0,1,2026-09-25
cronistas_md,1,Iago Aspas Aspas,Celta,9.0,1,2026-09-25
cronistas_md,2,Iago Aspas Aspas,Celta,2.0,1,2026-09-25
cronistas_md,7,Borja Iglesias Iglesias,Celta,10.0,1,2026-09-25
cronistas_md,5,Borja Iglesias Iglesias,Celta,,0,2026-09-25
cronistas_md,4,Borja Iglesias Iglesias,Celta,2.0,1,2026-09-25
cronistas_md,6,Borja Iglesias Iglesias,Celta,,0,2026-09-25
cronistas_md,3,Borja Iglesias Iglesias,Celta,,0,2026-09-25
cronistas_md,1,Borja Iglesias Iglesias,Celta,,0,2026-09-25
cronistas_md,2,Borja Iglesias Iglesias,Celta,,0,2026-09-25
cronistas_md,7,Iván Villar Iván Villar,Celta,,0,2026-09-25
cronistas_md,5,Iván Villar Iván Villar,Celta,,0,2026-09-25
cronistas_md,4,Iván Villar Iván Villar,Celta,,0,2026-09-25
cronistas_md,6,Iván Villar Iván Villar,Celta,,0,2026-09-25
cronistas_md,3,Iván Villar Iván Villar,Celta,,0,2026-09-25
cronistas_md,1,Iván Villar Iván Villar,Celta,,0,2026-09-25
cronistas_md,2,Iván Villar Iván Villar,Celta,,0,2026-09-25
cronistas_md,7,Marcos Alonso M. Alonso,Celta,,0,2026-09-25
cronistas_md,5,Marcos Alonso M. Alonso,Celta,6.0,1,2026-09-25
cronistas_md,4,Marcos Alonso M. Alonso,Celta,2.0,1,2026-09-25
cronistas_md,6,Marcos Alonso M. Alonso,Celta,2.0,1,2026-09-25
cronistas_md,3,Marcos Alonso M. Alonso,Celta,,0,2026-09-25
cronistas_md,1,Marcos Alonso M. Alonso,Celta,-8.0,1,2026-09-25
cronistas_md,2,Marcos Alonso M. Alonso,Celta,10.0,1,2026-09-25
cronistas_md,7,Ionut Radu Radu,Celta,6.0,1,2026-09-25
cronistas_md,5,Ionut Radu Radu,Celta,2.0,1,2026-09-25
cronistas_md,4,Ionut Radu Radu,Celta,2.0,1,2026-09-25
cronistas_md,6,Ionut Radu Radu,Celta,6.0,1,2026-09-25
cronistas_md,3,Ionut Radu Radu,Celta,6.0,1,2026-09-25
cronistas_md,1,Ionut Radu Radu,Celta,6.0,1,2026-09-25
cronistas_md,2,Ionut Radu Radu,Celta,2.0,1,2026-09-25
cronistas_md,7,Javi Galán Galán,Celta,10.0,1,2026-09-25
cronistas_md,5,Javi Galán Galán,Celta,2.0,1,2026-09-25
cronistas_md,4,Javi Galán Galán,Celta,2.0,1,2026-09-25
cronistas_md,6,Javi Galán Galán,Celta,0.0,1,2026-09-25
cronistas_md,3,Javi Galán Galán,Celta,,0,2026-09-25
cronistas_md,1,Javi Galán Galán,Celta,-2.0,1,2026-09-25
cronistas_md,2,Javi Galán Galán,Celta,6.0,1,2026-09-25
cronistas_md,7,Aleix Febas Febas,Celta,,0,2026-09-25
cronistas_md,5,Aleix Febas Febas,Celta,,0,2026-09-25
cronistas_md,4,Aleix Febas Febas,Celta,,0,2026-09-25
cronistas_md,6,Aleix Febas Febas,Celta,,0,2026-09-25
cronistas_md,3,Aleix Febas Febas,Celta,2.0,1,2026-09-25
cronistas_md,1,Aleix Febas Febas,Celta,,0,2026-09-25
cronistas_md,2,Aleix Febas Febas,Celta,2.0,1,2026-09-25
cronistas_md,7,Sergio Carreira Carreira,Celta,6.0,1,2026-09-25
cronistas_md,5,Sergio Carreira Carreira,Celta,2.0,1,2026-09-25
cronistas_md,4,Sergio Carreira Carreira,Celta,2.0,1,2026-09-25
cronistas_md,6,Sergio Carreira Carreira,Celta,2.0,1,2026-09-25
cronistas_md,3,Sergio Carreira Carreira,Celta,2.0,1,2026-09-25
cronistas_md,1,Sergio Carreira Carreira,Celta,2.0,1,2026-09-25
cronistas_md,2,Sergio Carreira Carreira,Celta,6.0,1,2026-09-25
cronistas_md,7,Ferran Jutglà Jutglà,Celta,6.0,1,2026-09-25
cronistas_md,5,Ferran Jutglà Jutglà,Celta,13.0,1,2026-09-25
cronistas_md,4,Ferran Jutglà Jutglà,Celta,2.0,1,2026-09-25
cronistas_md,6,Ferran Jutglà Jutglà,Celta,2.0,1,2026-09-25
cronistas_md,3,Ferran Jutglà Jutglà,Celta,2.0,1,2026-09-25
cronistas_md,1,Ferran Jutglà Jutglà,Celta,0.0,1,2026-09-25
cronistas_md,2,Ferran Jutglà Jutglà,Celta,2.0,1,2026-09-25
cronistas_md,7,Ilaix Moriba Moriba,Celta,14.0,1,2026-09-25
cronistas_md,5,Ilaix Moriba Moriba,Celta,6.0,1,2026-09-25
cronistas_md,4,Ilaix Moriba Moriba,Celta,2.0,1,2026-09-25
cronistas_md,6,Ilaix Moriba Moriba,Celta,2.0,1,2026-09-25
cronistas_md,3,Ilaix Moriba Moriba,Celta,2.0,1,2026-09-25
cronistas_md,1,Ilaix Moriba Moriba,Celta,2.0,1,2026-09-25
cronistas_md,2,Ilaix Moriba Moriba,Celta,2.0,1,2026-09-25
cronistas_md,7,Altay Bayindir Bayindir,Celta,,0,2026-09-25
cronistas_md,5,Altay Bayindir Bayindir,Celta,,0,2026-09-25
cronistas_md,4,Altay Bayindir Bayindir,Celta,,0,2026-09-25
cronistas_md,6,Altay Bayindir Bayindir,Celta,,0,2026-09-25
cronistas_md,3,Altay Bayindir Bayindir,Celta,,0,2026-09-25
cronistas_md,1,Altay Bayindir Bayindir,Celta,,0,2026-09-25
cronistas_md,2,Altay Bayindir Bayindir,Celta,,0,2026-09-25
cronistas_md,7,Carl Starfelt Starfelt,Celta,,0,2026-09-25
cronistas_md,5,Carl Starfelt Starfelt,Celta,,0,2026-09-25
cronistas_md,4,Carl Starfelt Starfelt,Celta,11.0,1,2026-09-25
cronistas_md,6,Carl Starfelt Starfelt,Celta,,0,2026-09-25
cronistas_md,3,Carl Starfelt Starfelt,Celta,2.0,1,2026-09-25
cronistas_md,1,Carl Starfelt Starfelt,Celta,2.0,1,2026-09-25
cronistas_md,2,Carl Starfelt Starfelt,Celta,,0,2026-09-25
cronistas_md,7,Hugo Álvarez Hugo Álvarez,Celta,10.0,1,2026-09-25
cronistas_md,5,Hugo Álvarez Hugo Álvarez,Celta,2.0,1,2026-09-25
cronistas_md,4,Hugo Álvarez Hugo Álvarez,Celta,,0,2026-09-25
cronistas_md,6,Hugo Álvarez Hugo Álvarez,Celta,,0,2026-09-25
cronistas_md,3,Hugo Álvarez Hugo Álvarez,Celta,2.0,1,2026-09-25
cronistas_md,1,Hugo Álvarez Hugo Álvarez,Celta,2.0,1,2026-09-25
cronistas_md,2,Hugo Álvarez Hugo Álvarez,Celta,2.0,1,2026-09-25
cronistas_md,7,Hugo González Hugo González,Celta,9.0,1,2026-09-25
cronistas_md,5,Hugo González Hugo González,Celta,6.0,1,2026-09-25
cronistas_md,4,Hugo González Hugo González,Celta,2.0,1,2026-09-25
cronistas_md,6,Hugo González Hugo González,Celta,,0,2026-09-25
cronistas_md,3,Hugo González Hugo González,Celta,-2.0,1,2026-09-25
cronistas_md,1,Hugo González Hugo González,Celta,,0,2026-09-25
cronistas_md,2,Hugo González Hugo González,Celta,,0,2026-09-25
cronistas_md,7,Williot Swedberg Swedberg,Celta,6.0,1,2026-09-25
cronistas_md,5,Williot Swedberg Swedberg,Celta,2.0,1,2026-09-25
cronistas_md,4,Williot Swedberg Swedberg,Celta,,0,2026-09-25
cronistas_md,6,Williot Swedberg Swedberg,Celta,-2.0,1,2026-09-25
cronistas_md,3,Williot Swedberg Swedberg,Celta,2.0,1,2026-09-25
cronistas_md,1,Williot Swedberg Swedberg,Celta,2.0,1,2026-09-25
cronistas_md,2,Williot Swedberg Swedberg,Celta,0.0,1,2026-09-25
cronistas_md,7,Pablo Durán Durán,Celta,12.0,1,2026-09-25
cronistas_md,5,Pablo Durán Durán,Celta,,0,2026-09-25
cronistas_md,4,Pablo Durán Durán,Celta,2.0,1,2026-09-25
cronistas_md,6,Pablo Durán Durán,Celta,2.0,1,2026-09-25
cronistas_md,3,Pablo Durán Durán,Celta,,0,2026-09-25
cronistas_md,1,Pablo Durán Durán,Celta,2.0,1,2026-09-25
cronistas_md,2,Pablo Durán Durán,Celta,6.0,1,2026-09-25
cronistas_md,7,Álvaro Núñez Á. Núñez,Celta,6.0,1,2026-09-25
cronistas_md,5,Álvaro Núñez Á. Núñez,Celta,,0,2026-09-25
cronistas_md,4,Álvaro Núñez Á. Núñez,Celta,,0,2026-09-25
cronistas_md,6,Álvaro Núñez Á. Núñez,Celta,6.0,1,2026-09-25
cronistas_md,3,Álvaro Núñez Á. Núñez,Celta,2.0,1,2026-09-25
cronistas_md,1,Álvaro Núñez Á. Núñez,Celta,,0,2026-09-25
cronistas_md,2,Álvaro Núñez Á. Núñez,Celta,,0,2026-09-25
cronistas_md,7,Abdoulaye Faye Faye,Celta,,0,2026-09-25
cronistas_md,5,Abdoulaye Faye Faye,Celta,,0,2026-09-25
cronistas_md,4,Abdoulaye Faye Faye,Celta,,0,2026-09-25
cronistas_md,6,Abdoulaye Faye Faye,Celta,,0,2026-09-25
cronistas_md,3,Abdoulaye Faye Faye,Celta,-2.0,1,2026-09-25
cronistas_md,1,Abdoulaye Faye Faye,Celta,,0,2026-09-25
cronistas_md,2,Abdoulaye Faye Faye,Celta,,0,2026-09-25
cronistas_md,7,Javi Rodríguez Javi Rodríguez,Celta,,0,2026-09-25
cronistas_md,5,Javi Rodríguez Javi Rodríguez,Celta,,0,2026-09-25
cronistas_md,4,Javi Rodríguez Javi Rodríguez,Celta,,0,2026-09-25
cronistas_md,6,Javi Rodríguez Javi Rodríguez,Celta,0.0,1,2026-09-25
cronistas_md,3,Javi Rodríguez Javi Rodríguez,Celta,-2.0,1,2026-09-25
cronistas_md,1,Javi Rodríguez Javi Rodríguez,Celta,2.0,1,2026-09-25
cronistas_md,2,Javi Rodríguez Javi Rodríguez,Celta,10.0,1,2026-09-25
cronistas_md,7,Javi Rueda Rueda,Celta,6.0,1,2026-09-25
cronistas_md,5,Javi Rueda Rueda,Celta,2.0,1,2026-09-25
cronistas_md,4,Javi Rueda Rueda,Celta,6.0,1,2026-09-25
cronistas_md,6,Javi Rueda Rueda,Celta,6.0,1,2026-09-25
cronistas_md,3,Javi Rueda Rueda,Celta,2.0,1,2026-09-25
cronistas_md,1,Javi Rueda Rueda,Celta,2.0,1,2026-09-25
cronistas_md,2,Javi Rueda Rueda,Celta,6.0,1,2026-09-25
cronistas_md,7,Yoel Lago Lago,Celta,10.0,1,2026-09-25
cronistas_md,5,Yoel Lago Lago,Celta,2.0,1,2026-09-25
cronistas_md,4,Yoel Lago Lago,Celta,2.0,1,2026-09-25
cronistas_md,6,Yoel Lago Lago,Celta,6.0,1,2026-09-25
cronistas_md,3,Yoel Lago Lago,Celta,2.0,1,2026-09-25
cronistas_md,1,Yoel Lago Lago,Celta,2.0,1,2026-09-25
cronistas_md,2,Yoel Lago Lago,Celta,6.0,1,2026-09-25
cronistas_md,7,Miguel Román Román,Celta,14.0,1,2026-09-25
cronistas_md,5,Miguel Román Román,Celta,6.0,1,2026-09-25
cronistas_md,4,Miguel Román Román,Celta,6.0,1,2026-09-25
cronistas_md,6,Miguel Román Román,Celta,2.0,1,2026-09-25
cronistas_md,3,Miguel Román Román,Celta,2.0,1,2026-09-25
cronistas_md,1,Miguel Román Román,Celta,2.0,1,2026-09-25
cronistas_md,2,Miguel Román Román,Celta,6.0,1,2026-09-25
cronistas_md,7,Jones El-Abdellaoui El-Abdellaoui,Celta,,0,2026-09-25
cronistas_md,5,Jones El-Abdellaoui El-Abdellaoui,Celta,,0,2026-09-25
cronistas_md,4,Jones El-Abdellaoui El-Abdellaoui,Celta,2.0,1,2026-09-25
cronistas_md,6,Jones El-Abdellaoui El-Abdellaoui,Celta,,0,2026-09-25
cronistas_md,3,Jones El-Abdellaoui El-Abdellaoui,Celta,,0,2026-09-25
cronistas_md,1,Jones El-Abdellaoui El-Abdellaoui,Celta,2.0,1,2026-09-25
cronistas_md,2,Jones El-Abdellaoui El-Abdellaoui,Celta,6.0,1,2026-09-25
cronistas_md,7,Andrés Antañón Antañón,Celta,,0,2026-09-25
cronistas_md,5,Andrés Antañón Antañón,Celta,,0,2026-09-25
cronistas_md,4,Andrés Antañón Antañón,Celta,,0,2026-09-25
cronistas_md,6,Andrés Antañón Antañón,Celta,2.0,1,2026-09-25
cronistas_md,3,Andrés Antañón Antañón,Celta,,0,2026-09-25
cronistas_md,1,Andrés Antañón Antañón,Celta,,0,2026-09-25
cronistas_md,2,Andrés Antañón Antañón,Celta,,0,2026-09-25
cronistas_md,7,Hugo Burcio Burcio,Celta,0.0,1,2026-09-25
cronistas_md,5,Hugo Burcio Burcio,Celta,6.0,1,2026-09-25
cronistas_md,4,Hugo Burcio Burcio,Celta,,0,2026-09-25
cronistas_md,6,Hugo Burcio Burcio,Celta,,0,2026-09-25
cronistas_md,3,Hugo Burcio Burcio,Celta,,0,2026-09-25
cronistas_md,1,Hugo Burcio Burcio,Celta,,0,2026-09-25
cronistas_md,2,Hugo Burcio Burcio,Celta,,0,2026-09-25
cronistas_md,7,Kike Ribes Kike Ribes,Celta,,0,2026-09-25
cronistas_md,5,Kike Ribes Kike Ribes,Celta,,0,2026-09-25
cronistas_md,4,Kike Ribes Kike Ribes,Celta,,0,2026-09-25
cronistas_md,6,Kike Ribes Kike Ribes,Celta,,0,2026-09-25
cronistas_md,3,Kike Ribes Kike Ribes,Celta,,0,2026-09-25
cronistas_md,1,Kike Ribes Kike Ribes,Celta,,0,2026-09-25
cronistas_md,2,Kike Ribes Kike Ribes,Celta,,0,2026-09-25
cronistas_md,7,Coke Carrillo Carrillo,Celta,,0,2026-09-25
cronistas_md,5,Coke Carrillo Carrillo,Celta,,0,2026-09-25
cronistas_md,4,Coke Carrillo Carrillo,Celta,,0,2026-09-25
cronistas_md,6,Coke Carrillo Carrillo,Celta,,0,2026-09-25
cronistas_md,3,Coke Carrillo Carrillo,Celta,,0,2026-09-25
cronistas_md,1,Coke Carrillo Carrillo,Celta,,0,2026-09-25
cronistas_md,2,Coke Carrillo Carrillo,Celta,,0,2026-09-25
cronistas_md,7,Couhaib Driouech Driouech,Celta,,0,2026-09-25
cronistas_md,5,Couhaib Driouech Driouech,Celta,2.0,1,2026-09-25
cronistas_md,4,Couhaib Driouech Driouech,Celta,2.0,1,2026-09-25
cronistas_md,6,Couhaib Driouech Driouech,Celta,2.0,1,2026-09-25
cronistas_md,3,Couhaib Driouech Driouech,Celta,,0,2026-09-25
cronistas_md,1,Couhaib Driouech Driouech,Celta,,0,2026-09-25
cronistas_md,7,Sebastián Cáceres Cáceres,Celta,6.0,1,2026-09-25
cronistas_md,5,Sebastián Cáceres Cáceres,Celta,2.0,1,2026-09-25
cronistas_md,4,Sebastián Cáceres Cáceres,Celta,,0,2026-09-25
cronistas_md,6,Sebastián Cáceres Cáceres,Celta,,0,2026-09-25
cronistas_md,7,Ximo Navarro Ximo,Deportivo,2.0,1,2026-09-25
cronistas_md,6,Ximo Navarro Ximo,Deportivo,,0,2026-09-25
cronistas_md,5,Ximo Navarro Ximo,Deportivo,2.0,1,2026-09-25
cronistas_md,4,Ximo Navarro Ximo,Deportivo,2.0,1,2026-09-25
cronistas_md,3,Ximo Navarro Ximo,Deportivo,2.0,1,2026-09-25
cronistas_md,2,Ximo Navarro Ximo,Deportivo,2.0,1,2026-09-25
cronistas_md,1,Ximo Navarro Ximo,Deportivo,2.0,1,2026-09-25
cronistas_md,7,Germán Parreño,Deportivo,,0,2026-09-25
cronistas_md,6,Germán Parreño,Deportivo,,0,2026-09-25
cronistas_md,5,Germán Parreño,Deportivo,,0,2026-09-25
cronistas_md,4,Germán Parreño,Deportivo,,0,2026-09-25
cronistas_md,3,Germán Parreño,Deportivo,,0,2026-09-25
cronistas_md,2,Germán Parreño,Deportivo,,0,2026-09-25
cronistas_md,1,Germán Parreño,Deportivo,,0,2026-09-25
cronistas_md,7,Pierre-Emerick Aubameyang Aubameyang,Deportivo,6.0,1,2026-09-25
cronistas_md,6,Pierre-Emerick Aubameyang Aubameyang,Deportivo,2.0,1,2026-09-25
cronistas_md,5,Pierre-Emerick Aubameyang Aubameyang,Deportivo,9.0,1,2026-09-25
cronistas_md,4,Pierre-Emerick Aubameyang Aubameyang,Deportivo,13.0,1,2026-09-25
cronistas_md,3,Pierre-Emerick Aubameyang Aubameyang,Deportivo,13.0,1,2026-09-25
cronistas_md,2,Pierre-Emerick Aubameyang Aubameyang,Deportivo,9.0,1,2026-09-25
cronistas_md,1,Pierre-Emerick Aubameyang Aubameyang,Deportivo,9.0,1,2026-09-25
cronistas_md,7,Angeliño Angeliño,Deportivo,,0,2026-09-25
cronistas_md,6,Angeliño Angeliño,Deportivo,-8.0,1,2026-09-25
cronistas_md,5,Angeliño Angeliño,Deportivo,,0,2026-09-25
cronistas_md,4,Angeliño Angeliño,Deportivo,,0,2026-09-25
cronistas_md,3,Angeliño Angeliño,Deportivo,,0,2026-09-25
cronistas_md,2,Angeliño Angeliño,Deportivo,,0,2026-09-25
cronistas_md,1,Angeliño Angeliño,Deportivo,,0,2026-09-25
cronistas_md,7,Álvaro Fernández Álvaro,Deportivo,,0,2026-09-25
cronistas_md,6,Álvaro Fernández Álvaro,Deportivo,,0,2026-09-25
cronistas_md,5,Álvaro Fernández Álvaro,Deportivo,,0,2026-09-25
cronistas_md,4,Álvaro Fernández Álvaro,Deportivo,,0,2026-09-25
cronistas_md,3,Álvaro Fernández Álvaro,Deportivo,,0,2026-09-25
cronistas_md,2,Álvaro Fernández Álvaro,Deportivo,,0,2026-09-25
cronistas_md,1,Álvaro Fernández Álvaro,Deportivo,,0,2026-09-25
cronistas_md,7,Riki Rodríguez Riki,Deportivo,2.0,1,2026-09-25
cronistas_md,6,Riki Rodríguez Riki,Deportivo,2.0,1,2026-09-25
cronistas_md,5,Riki Rodríguez Riki,Deportivo,,0,2026-09-25
cronistas_md,4,Riki Rodríguez Riki,Deportivo,2.0,1,2026-09-25
cronistas_md,3,Riki Rodríguez Riki,Deportivo,2.0,1,2026-09-25
cronistas_md,2,Riki Rodríguez Riki,Deportivo,,0,2026-09-25
cronistas_md,1,Riki Rodríguez Riki,Deportivo,,0,2026-09-25
cronistas_md,7,Mario Soriano Mario,Deportivo,10.0,1,2026-09-25
cronistas_md,6,Mario Soriano Mario,Deportivo,2.0,1,2026-09-25
cronistas_md,5,Mario Soriano Mario,Deportivo,6.0,1,2026-09-25
cronistas_md,4,Mario Soriano Mario,Deportivo,6.0,1,2026-09-25
cronistas_md,3,Mario Soriano Mario,Deportivo,10.0,1,2026-09-25
cronistas_md,2,Mario Soriano Mario,Deportivo,6.0,1,2026-09-25
cronistas_md,1,Mario Soriano Mario,Deportivo,2.0,1,2026-09-25
cronistas_md,7,Leo Román Leo Román,Deportivo,6.0,1,2026-09-25
cronistas_md,6,Leo Román Leo Román,Deportivo,2.0,1,2026-09-25
cronistas_md,5,Leo Román Leo Román,Deportivo,2.0,1,2026-09-25
cronistas_md,4,Leo Román Leo Román,Deportivo,2.0,1,2026-09-25
cronistas_md,3,Leo Román Leo Román,Deportivo,2.0,1,2026-09-25
cronistas_md,2,Leo Román Leo Román,Deportivo,6.0,1,2026-09-25
cronistas_md,1,Leo Román Leo Román,Deportivo,10.0,1,2026-09-25
cronistas_md,7,Luismi Cruz Luismi,Deportivo,6.0,1,2026-09-25
cronistas_md,6,Luismi Cruz Luismi,Deportivo,2.0,1,2026-09-25
cronistas_md,5,Luismi Cruz Luismi,Deportivo,2.0,1,2026-09-25
cronistas_md,4,Luismi Cruz Luismi,Deportivo,14.0,1,2026-09-25
cronistas_md,3,Luismi Cruz Luismi,Deportivo,2.0,1,2026-09-25
cronistas_md,2,Luismi Cruz Luismi,Deportivo,6.0,1,2026-09-25
cronistas_md,1,Luismi Cruz Luismi,Deportivo,2.0,1,2026-09-25
cronistas_md,7,Arnau Comas Comas,Deportivo,,0,2026-09-25
cronistas_md,6,Arnau Comas Comas,Deportivo,,0,2026-09-25
cronistas_md,5,Arnau Comas Comas,Deportivo,,0,2026-09-25
cronistas_md,4,Arnau Comas Comas,Deportivo,,0,2026-09-25
cronistas_md,3,Arnau Comas Comas,Deportivo,,0,2026-09-25
cronistas_md,2,Arnau Comas Comas,Deportivo,,0,2026-09-25
cronistas_md,1,Arnau Comas Comas,Deportivo,,0,2026-09-25
cronistas_md,7,Adrià Altimira Altimira,Deportivo,,0,2026-09-25
cronistas_md,6,Adrià Altimira Altimira,Deportivo,2.0,1,2026-09-25
cronistas_md,5,Adrià Altimira Altimira,Deportivo,,0,2026-09-25
cronistas_md,4,Adrià Altimira Altimira,Deportivo,,0,2026-09-25
cronistas_md,3,Adrià Altimira Altimira,Deportivo,-5.0,1,2026-09-25
cronistas_md,2,Adrià Altimira Altimira,Deportivo,2.0,1,2026-09-25
cronistas_md,1,Adrià Altimira Altimira,Deportivo,2.0,1,2026-09-25
cronistas_md,7,Giacomo Quagliata Quagliata,Deportivo,2.0,1,2026-09-25
cronistas_md,6,Giacomo Quagliata Quagliata,Deportivo,2.0,1,2026-09-25
cronistas_md,5,Giacomo Quagliata Quagliata,Deportivo,6.0,1,2026-09-25
cronistas_md,4,Giacomo Quagliata Quagliata,Deportivo,2.0,1,2026-09-25
cronistas_md,3,Giacomo Quagliata Quagliata,Deportivo,6.0,1,2026-09-25
cronistas_md,2,Giacomo Quagliata Quagliata,Deportivo,6.0,1,2026-09-25
cronistas_md,1,Giacomo Quagliata Quagliata,Deportivo,2.0,1,2026-09-25
cronistas_md,7,Miguel Loureiro Loureiro,Deportivo,,0,2026-09-25
cronistas_md,6,Miguel Loureiro Loureiro,Deportivo,2.0,1,2026-09-25
cronistas_md,5,Miguel Loureiro Loureiro,Deportivo,,0,2026-09-25
cronistas_md,4,Miguel Loureiro Loureiro,Deportivo,2.0,1,2026-09-25
cronistas_md,3,Miguel Loureiro Loureiro,Deportivo,0.0,1,2026-09-25
cronistas_md,2,Miguel Loureiro Loureiro,Deportivo,2.0,1,2026-09-25
cronistas_md,1,Miguel Loureiro Loureiro,Deportivo,,0,2026-09-25
cronistas_md,7,Lorenzo Amatucci Amatucci,Deportivo,,0,2026-09-25
cronistas_md,6,Lorenzo Amatucci Amatucci,Deportivo,2.0,1,2026-09-25
cronistas_md,5,Lorenzo Amatucci Amatucci,Deportivo,6.0,1,2026-09-25
cronistas_md,4,Lorenzo Amatucci Amatucci,Deportivo,6.0,1,2026-09-25
cronistas_md,3,Lorenzo Amatucci Amatucci,Deportivo,6.0,1,2026-09-25
cronistas_md,2,Lorenzo Amatucci Amatucci,Deportivo,2.0,1,2026-09-25
cronistas_md,1,Lorenzo Amatucci Amatucci,Deportivo,6.0,1,2026-09-25
cronistas_md,7,Diego Villares Villares,Deportivo,6.0,1,2026-09-25
cronistas_md,6,Diego Villares Villares,Deportivo,,0,2026-09-25
cronistas_md,5,Diego Villares Villares,Deportivo,,0,2026-09-25
cronistas_md,4,Diego Villares Villares,Deportivo,,0,2026-09-25
cronistas_md,3,Diego Villares Villares,Deportivo,,0,2026-09-25
cronistas_md,2,Diego Villares Villares,Deportivo,-2.0,1,2026-09-25
cronistas_md,1,Diego Villares Villares,Deportivo,2.0,1,2026-09-25
cronistas_md,7,David Mella Mella,Deportivo,6.0,1,2026-09-25
cronistas_md,6,David Mella Mella,Deportivo,,0,2026-09-25
cronistas_md,5,David Mella Mella,Deportivo,,0,2026-09-25
cronistas_md,4,David Mella Mella,Deportivo,,0,2026-09-25
cronistas_md,3,David Mella Mella,Deportivo,,0,2026-09-25
cronistas_md,2,David Mella Mella,Deportivo,2.0,1,2026-09-25
cronistas_md,1,David Mella Mella,Deportivo,2.0,1,2026-09-25
cronistas_md,7,Kevin Sánchez Kevin Sánchez,Deportivo,,0,2026-09-25
cronistas_md,6,Kevin Sánchez Kevin Sánchez,Deportivo,,0,2026-09-25
cronistas_md,5,Kevin Sánchez Kevin Sánchez,Deportivo,,0,2026-09-25
cronistas_md,4,Kevin Sánchez Kevin Sánchez,Deportivo,,0,2026-09-25
cronistas_md,3,Kevin Sánchez Kevin Sánchez,Deportivo,,0,2026-09-25
cronistas_md,2,Kevin Sánchez Kevin Sánchez,Deportivo,,0,2026-09-25
cronistas_md,1,Kevin Sánchez Kevin Sánchez,Deportivo,0.0,1,2026-09-25
cronistas_md,7,Zakaria Eddahchouri Eddahchouri,Deportivo,,0,2026-09-25
cronistas_md,6,Zakaria Eddahchouri Eddahchouri,Deportivo,0.0,1,2026-09-25
cronistas_md,5,Zakaria Eddahchouri Eddahchouri,Deportivo,2.0,1,2026-09-25
cronistas_md,4,Zakaria Eddahchouri Eddahchouri,Deportivo,9.0,1,2026-09-25
cronistas_md,3,Zakaria Eddahchouri Eddahchouri,Deportivo,,0,2026-09-25
cronistas_md,2,Zakaria Eddahchouri Eddahchouri,Deportivo,,0,2026-09-25
cronistas_md,1,Zakaria Eddahchouri Eddahchouri,Deportivo,2.0,1,2026-09-25
cronistas_md,7,Jonathan Asp Jensen Asp Jensen,Deportivo,2.0,1,2026-09-25
cronistas_md,6,Jonathan Asp Jensen Asp Jensen,Deportivo,2.0,1,2026-09-25
cronistas_md,5,Jonathan Asp Jensen Asp Jensen,Deportivo,,0,2026-09-25
cronistas_md,4,Jonathan Asp Jensen Asp Jensen,Deportivo,,0,2026-09-25
cronistas_md,3,Jonathan Asp Jensen Asp Jensen,Deportivo,0.0,1,2026-09-25
cronistas_md,2,Jonathan Asp Jensen Asp Jensen,Deportivo,2.0,1,2026-09-25
cronistas_md,1,Jonathan Asp Jensen Asp Jensen,Deportivo,2.0,1,2026-09-25
cronistas_md,7,Lucas Noubi Noubi,Deportivo,,0,2026-09-25
cronistas_md,6,Lucas Noubi Noubi,Deportivo,,0,2026-09-25
cronistas_md,5,Lucas Noubi Noubi,Deportivo,2.0,1,2026-09-25
cronistas_md,4,Lucas Noubi Noubi,Deportivo,2.0,1,2026-09-25
cronistas_md,3,Lucas Noubi Noubi,Deportivo,6.0,1,2026-09-25
cronistas_md,2,Lucas Noubi Noubi,Deportivo,-2.0,1,2026-09-25
cronistas_md,1,Lucas Noubi Noubi,Deportivo,2.0,1,2026-09-25
cronistas_md,7,Bil Nsongo Bil Nsongo,Deportivo,6.0,1,2026-09-25
cronistas_md,6,Bil Nsongo Bil Nsongo,Deportivo,2.0,1,2026-09-25
cronistas_md,5,Bil Nsongo Bil Nsongo,Deportivo,2.0,1,2026-09-25
cronistas_md,4,Bil Nsongo Bil Nsongo,Deportivo,2.0,1,2026-09-25
cronistas_md,3,Bil Nsongo Bil Nsongo,Deportivo,10.0,1,2026-09-25
cronistas_md,2,Bil Nsongo Bil Nsongo,Deportivo,2.0,1,2026-09-25
cronistas_md,1,Bil Nsongo Bil Nsongo,Deportivo,2.0,1,2026-09-25
cronistas_md,7,Teun Gijselhart Gijselhart,Deportivo,,0,2026-09-25
cronistas_md,6,Teun Gijselhart Gijselhart,Deportivo,,0,2026-09-25
cronistas_md,5,Teun Gijselhart Gijselhart,Deportivo,,0,2026-09-25
cronistas_md,4,Teun Gijselhart Gijselhart,Deportivo,2.0,1,2026-09-25
cronistas_md,3,Teun Gijselhart Gijselhart,Deportivo,,0,2026-09-25
cronistas_md,2,Teun Gijselhart Gijselhart,Deportivo,,0,2026-09-25
cronistas_md,7,Bright Ede Ede,Deportivo,6.0,1,2026-09-25
cronistas_md,6,Bright Ede Ede,Deportivo,,0,2026-09-25
cronistas_md,5,Bright Ede Ede,Deportivo,,0,2026-09-25
cronistas_md,4,Bright Ede Ede,Deportivo,,0,2026-09-25
cronistas_md,3,Bright Ede Ede,Deportivo,-2.0,1,2026-09-25
cronistas_md,2,Bright Ede Ede,Deportivo,2.0,1,2026-09-25
cronistas_md,1,Bright Ede Ede,Deportivo,6.0,1,2026-09-25
cronistas_md,7,José María Giménez Giménez,Deportivo,6.0,1,2026-09-25
cronistas_md,6,José María Giménez Giménez,Deportivo,-2.0,1,2026-09-25
cronistas_md,5,José María Giménez Giménez,Deportivo,2.0,1,2026-09-25
cronistas_md,4,José María Giménez Giménez,Deportivo,6.0,1,2026-09-25
cronistas_md,3,José María Giménez Giménez,Deportivo,2.0,1,2026-09-25
cronistas_md,2,José María Giménez Giménez,Deportivo,6.0,1,2026-09-25
cronistas_md,1,José María Giménez Giménez,Deportivo,,0,2026-09-25
cronistas_md,7,Yeremay Hernández Yeremay,Deportivo,2.0,1,2026-09-25
cronistas_md,6,Yeremay Hernández Yeremay,Deportivo,2.0,1,2026-09-25
cronistas_md,5,Yeremay Hernández Yeremay,Deportivo,6.0,1,2026-09-25
cronistas_md,4,Yeremay Hernández Yeremay,Deportivo,2.0,1,2026-09-25
cronistas_md,3,Yeremay Hernández Yeremay,Deportivo,2.0,1,2026-09-25
cronistas_md,2,Yeremay Hernández Yeremay,Deportivo,2.0,1,2026-09-25
cronistas_md,1,Yeremay Hernández Yeremay,Deportivo,,0,2026-09-25
cronistas_md,7,Adama Traoré A. Traoré,Deportivo,2.0,1,2026-09-25
cronistas_md,6,Adama Traoré A. Traoré,Deportivo,6.0,1,2026-09-25
cronistas_md,5,Adama Traoré A. Traoré,Deportivo,2.0,1,2026-09-25
cronistas_md,4,Adama Traoré A. Traoré,Deportivo,-2.0,1,2026-09-25
cronistas_md,3,Adama Traoré A. Traoré,Deportivo,,0,2026-09-25
cronistas_md,7,Marc Casadó Casadó,Deportivo,2.0,1,2026-09-25
cronistas_md,6,Marc Casadó Casadó,Deportivo,,0,2026-09-25
cronistas_md,5,Marc Casadó Casadó,Deportivo,2.0,1,2026-09-25
cronistas_md,4,Marc Casadó Casadó,Deportivo,2.0,1,2026-09-25
cronistas_md,3,Marc Casadó Casadó,Deportivo,,0,2026-09-25
cronistas_md,2,Marc Casadó Casadó,Deportivo,,0,2026-09-25
cronistas_md,1,Marc Casadó Casadó,Deportivo,,0,2026-09-25
cronistas_md,7,Dani Barcia Barcia,Deportivo,,0,2026-09-25
cronistas_md,6,Dani Barcia Barcia,Deportivo,,0,2026-09-25
cronistas_md,5,Dani Barcia Barcia,Deportivo,,0,2026-09-25
cronistas_md,4,Dani Barcia Barcia,Deportivo,,0,2026-09-25
cronistas_md,3,Dani Barcia Barcia,Deportivo,,0,2026-09-25
cronistas_md,2,Dani Barcia Barcia,Deportivo,,0,2026-09-25
cronistas_md,1,Dani Barcia Barcia,Deportivo,,0,2026-09-25
cronistas_md,7,Pere Milla Pere Milla,Espanyol,-2.0,1,2026-09-25
cronistas_md,6,Pere Milla Pere Milla,Espanyol,,0,2026-09-25
cronistas_md,5,Pere Milla Pere Milla,Espanyol,0.0,1,2026-09-25
cronistas_md,4,Pere Milla Pere Milla,Espanyol,,0,2026-09-25
cronistas_md,3,Pere Milla Pere Milla,Espanyol,0.0,1,2026-09-25
cronistas_md,2,Pere Milla Pere Milla,Espanyol,2.0,1,2026-09-25
cronistas_md,1,Pere Milla Pere Milla,Espanyol,2.0,1,2026-09-25
cronistas_md,7,Edu Expósito Edu Expósito,Espanyol,2.0,1,2026-09-25
cronistas_md,6,Edu Expósito Edu Expósito,Espanyol,6.0,1,2026-09-25
cronistas_md,5,Edu Expósito Edu Expósito,Espanyol,6.0,1,2026-09-25
cronistas_md,4,Edu Expósito Edu Expósito,Espanyol,2.0,1,2026-09-25
cronistas_md,3,Edu Expósito Edu Expósito,Espanyol,6.0,1,2026-09-25
cronistas_md,2,Edu Expósito Edu Expósito,Espanyol,6.0,1,2026-09-25
cronistas_md,1,Edu Expósito Edu Expósito,Espanyol,6.0,1,2026-09-25
cronistas_md,7,Marko Dmitrovic Dmitrovic,Espanyol,-2.0,1,2026-09-25
cronistas_md,6,Marko Dmitrovic Dmitrovic,Espanyol,-2.0,1,2026-09-25
cronistas_md,5,Marko Dmitrovic Dmitrovic,Espanyol,6.0,1,2026-09-25
cronistas_md,4,Marko Dmitrovic Dmitrovic,Espanyol,6.0,1,2026-09-25
cronistas_md,3,Marko Dmitrovic Dmitrovic,Espanyol,10.0,1,2026-09-25
cronistas_md,2,Marko Dmitrovic Dmitrovic,Espanyol,6.0,1,2026-09-25
cronistas_md,1,Marko Dmitrovic Dmitrovic,Espanyol,2.0,1,2026-09-25
cronistas_md,7,Unai Núñez U. Núñez,Espanyol,-2.0,1,2026-09-25
cronistas_md,6,Unai Núñez U. Núñez,Espanyol,,0,2026-09-25
cronistas_md,5,Unai Núñez U. Núñez,Espanyol,,0,2026-09-25
cronistas_md,4,Unai Núñez U. Núñez,Espanyol,2.0,1,2026-09-25
cronistas_md,3,Unai Núñez U. Núñez,Espanyol,2.0,1,2026-09-25
cronistas_md,2,Unai Núñez U. Núñez,Espanyol,2.0,1,2026-09-25
cronistas_md,1,Unai Núñez U. Núñez,Espanyol,2.0,1,2026-09-25
cronistas_md,7,Pol Lozano Lozano,Espanyol,,0,2026-09-25
cronistas_md,6,Pol Lozano Lozano,Espanyol,0.0,1,2026-09-25
cronistas_md,5,Pol Lozano Lozano,Espanyol,,0,2026-09-25
cronistas_md,4,Pol Lozano Lozano,Espanyol,,0,2026-09-25
cronistas_md,3,Pol Lozano Lozano,Espanyol,,0,2026-09-25
cronistas_md,2,Pol Lozano Lozano,Espanyol,2.0,1,2026-09-25
cronistas_md,1,Pol Lozano Lozano,Espanyol,2.0,1,2026-09-25
cronistas_md,7,Urko González de Zarate Urko,Espanyol,-2.0,1,2026-09-25
cronistas_md,6,Urko González de Zarate Urko,Espanyol,2.0,1,2026-09-25
cronistas_md,5,Urko González de Zarate Urko,Espanyol,2.0,1,2026-09-25
cronistas_md,4,Urko González de Zarate Urko,Espanyol,2.0,1,2026-09-25
cronistas_md,3,Urko González de Zarate Urko,Espanyol,2.0,1,2026-09-25
cronistas_md,2,Urko González de Zarate Urko,Espanyol,2.0,1,2026-09-25
cronistas_md,1,Urko González de Zarate Urko,Espanyol,6.0,1,2026-09-25
cronistas_md,7,Jofre Carreras Jofre,Espanyol,,0,2026-09-25
cronistas_md,6,Jofre Carreras Jofre,Espanyol,,0,2026-09-25
cronistas_md,5,Jofre Carreras Jofre,Espanyol,,0,2026-09-25
cronistas_md,4,Jofre Carreras Jofre,Espanyol,,0,2026-09-25
cronistas_md,3,Jofre Carreras Jofre,Espanyol,0.0,1,2026-09-25
cronistas_md,2,Jofre Carreras Jofre,Espanyol,0.0,1,2026-09-25
cronistas_md,1,Jofre Carreras Jofre,Espanyol,2.0,1,2026-09-25
cronistas_md,7,Roberto Fernández Roberto,Espanyol,2.0,1,2026-09-25
cronistas_md,6,Roberto Fernández Roberto,Espanyol,9.0,1,2026-09-25
cronistas_md,5,Roberto Fernández Roberto,Espanyol,16.0,1,2026-09-25
cronistas_md,4,Roberto Fernández Roberto,Espanyol,2.0,1,2026-09-25
cronistas_md,3,Roberto Fernández Roberto,Espanyol,9.0,1,2026-09-25
cronistas_md,2,Roberto Fernández Roberto,Espanyol,2.0,1,2026-09-25
cronistas_md,1,Roberto Fernández Roberto,Espanyol,16.0,1,2026-09-25
cronistas_md,7,Ángel Fortuño Fortuño,Espanyol,,0,2026-09-25
cronistas_md,6,Ángel Fortuño Fortuño,Espanyol,,0,2026-09-25
cronistas_md,5,Ángel Fortuño Fortuño,Espanyol,,0,2026-09-25
cronistas_md,4,Ángel Fortuño Fortuño,Espanyol,,0,2026-09-25
cronistas_md,3,Ángel Fortuño Fortuño,Espanyol,,0,2026-09-25
cronistas_md,2,Ángel Fortuño Fortuño,Espanyol,,0,2026-09-25
cronistas_md,1,Ángel Fortuño Fortuño,Espanyol,,0,2026-09-25
cronistas_md,7,Omar El Hilali El Hilali,Espanyol,,0,2026-09-25
cronistas_md,6,Omar El Hilali El Hilali,Espanyol,-4.0,1,2026-09-25
cronistas_md,5,Omar El Hilali El Hilali,Espanyol,10.0,1,2026-09-25
cronistas_md,4,Omar El Hilali El Hilali,Espanyol,2.0,1,2026-09-25
cronistas_md,3,Omar El Hilali El Hilali,Espanyol,2.0,1,2026-09-25
cronistas_md,2,Omar El Hilali El Hilali,Espanyol,6.0,1,2026-09-25
cronistas_md,1,Omar El Hilali El Hilali,Espanyol,2.0,1,2026-09-25
cronistas_md,7,Marcos Fernández Marcos,Espanyol,6.0,1,2026-09-25
cronistas_md,6,Marcos Fernández Marcos,Espanyol,6.0,1,2026-09-25
cronistas_md,5,Marcos Fernández Marcos,Espanyol,6.0,1,2026-09-25
cronistas_md,4,Marcos Fernández Marcos,Espanyol,9.0,1,2026-09-25
cronistas_md,3,Marcos Fernández Marcos,Espanyol,2.0,1,2026-09-25
cronistas_md,2,Marcos Fernández Marcos,Espanyol,,0,2026-09-25
cronistas_md,1,Marcos Fernández Marcos,Espanyol,2.0,1,2026-09-25
cronistas_md,7,Quilindschy Hartman Hartman,Espanyol,-2.0,1,2026-09-25
cronistas_md,6,Quilindschy Hartman Hartman,Espanyol,-2.0,1,2026-09-25
cronistas_md,5,Quilindschy Hartman Hartman,Espanyol,,0,2026-09-25
cronistas_md,4,Quilindschy Hartman Hartman,Espanyol,2.0,1,2026-09-25
cronistas_md,3,Quilindschy Hartman Hartman,Espanyol,,0,2026-09-25
cronistas_md,2,Quilindschy Hartman Hartman,Espanyol,,0,2026-09-25
cronistas_md,1,Quilindschy Hartman Hartman,Espanyol,,0,2026-09-25
cronistas_md,7,Álex Calatrava Calatrava,Espanyol,-2.0,1,2026-09-25
cronistas_md,6,Álex Calatrava Calatrava,Espanyol,2.0,1,2026-09-25
cronistas_md,5,Álex Calatrava Calatrava,Espanyol,2.0,1,2026-09-25
cronistas_md,4,Álex Calatrava Calatrava,Espanyol,2.0,1,2026-09-25
cronistas_md,3,Álex Calatrava Calatrava,Espanyol,-2.0,1,2026-09-25
cronistas_md,2,Álex Calatrava Calatrava,Espanyol,10.0,1,2026-09-25
cronistas_md,1,Álex Calatrava Calatrava,Espanyol,6.0,1,2026-09-25
cronistas_md,7,Llorenç Serred Serred,Espanyol,,0,2026-09-25
cronistas_md,6,Llorenç Serred Serred,Espanyol,,0,2026-09-25
cronistas_md,5,Llorenç Serred Serred,Espanyol,,0,2026-09-25
cronistas_md,4,Llorenç Serred Serred,Espanyol,,0,2026-09-25
cronistas_md,3,Llorenç Serred Serred,Espanyol,,0,2026-09-25
cronistas_md,2,Llorenç Serred Serred,Espanyol,,0,2026-09-25
cronistas_md,1,Llorenç Serred Serred,Espanyol,,0,2026-09-25
cronistas_md,7,Rafel Bauzà Bauzà,Espanyol,,0,2026-09-25
cronistas_md,6,Rafel Bauzà Bauzà,Espanyol,-2.0,1,2026-09-25
cronistas_md,5,Rafel Bauzà Bauzà,Espanyol,,0,2026-09-25
cronistas_md,4,Rafel Bauzà Bauzà,Espanyol,,0,2026-09-25
cronistas_md,3,Rafel Bauzà Bauzà,Espanyol,2.0,1,2026-09-25
cronistas_md,2,Rafel Bauzà Bauzà,Espanyol,2.0,1,2026-09-25
cronistas_md,1,Rafel Bauzà Bauzà,Espanyol,2.0,1,2026-09-25
cronistas_md,7,Vanja Drkusic Drkusic,Espanyol,,0,2026-09-25
cronistas_md,6,Vanja Drkusic Drkusic,Espanyol,,0,2026-09-25
cronistas_md,5,Vanja Drkusic Drkusic,Espanyol,0.0,1,2026-09-25
cronistas_md,4,Vanja Drkusic Drkusic,Espanyol,,0,2026-09-25
cronistas_md,3,Vanja Drkusic Drkusic,Espanyol,2.0,1,2026-09-25
cronistas_md,2,Vanja Drkusic Drkusic,Espanyol,2.0,1,2026-09-25
cronistas_md,1,Vanja Drkusic Drkusic,Espanyol,,0,2026-09-25
cronistas_md,7,Javier Hernández Javier Hernández,Espanyol,0.0,1,2026-09-25
cronistas_md,6,Javier Hernández Javier Hernández,Espanyol,0.0,1,2026-09-25
cronistas_md,5,Javier Hernández Javier Hernández,Espanyol,0.0,1,2026-09-25
cronistas_md,4,Javier Hernández Javier Hernández,Espanyol,0.0,1,2026-09-25
cronistas_md,3,Javier Hernández Javier Hernández,Espanyol,0.0,1,2026-09-25
cronistas_md,2,Javier Hernández Javier Hernández,Espanyol,0.0,1,2026-09-25
cronistas_md,1,Javier Hernández Javier Hernández,Espanyol,0.0,1,2026-09-25
cronistas_md,7,José Ángel López José Ángel,Espanyol,-2.0,1,2026-09-25
cronistas_md,6,José Ángel López José Ángel,Espanyol,,0,2026-09-25
cronistas_md,5,José Ángel López José Ángel,Espanyol,,0,2026-09-25
cronistas_md,4,José Ángel López José Ángel,Espanyol,,0,2026-09-25
cronistas_md,3,José Ángel López José Ángel,Espanyol,,0,2026-09-25
cronistas_md,2,José Ángel López José Ángel,Espanyol,,0,2026-09-25
cronistas_md,1,José Ángel López José Ángel,Espanyol,,0,2026-09-25
cronistas_md,7,Roger Hinojo Hinojo,Espanyol,2.0,1,2026-09-25
cronistas_md,6,Roger Hinojo Hinojo,Espanyol,2.0,1,2026-09-25
cronistas_md,5,Roger Hinojo Hinojo,Espanyol,2.0,1,2026-09-25
cronistas_md,4,Roger Hinojo Hinojo,Espanyol,2.0,1,2026-09-25
cronistas_md,3,Roger Hinojo Hinojo,Espanyol,2.0,1,2026-09-25
cronistas_md,2,Roger Hinojo Hinojo,Espanyol,6.0,1,2026-09-25
cronistas_md,1,Roger Hinojo Hinojo,Espanyol,6.0,1,2026-09-25
cronistas_md,7,Gabriel Moscardo Moscardo,Espanyol,,0,2026-09-25
cronistas_md,6,Gabriel Moscardo Moscardo,Espanyol,-2.0,1,2026-09-25
cronistas_md,5,Gabriel Moscardo Moscardo,Espanyol,2.0,1,2026-09-25
cronistas_md,4,Gabriel Moscardo Moscardo,Espanyol,2.0,1,2026-09-25
cronistas_md,3,Gabriel Moscardo Moscardo,Espanyol,2.0,1,2026-09-25
cronistas_md,2,Gabriel Moscardo Moscardo,Espanyol,,0,2026-09-25
cronistas_md,1,Gabriel Moscardo Moscardo,Espanyol,,0,2026-09-25
cronistas_md,7,Tyrhys Dolan Dolan,Espanyol,-2.0,1,2026-09-25
cronistas_md,6,Tyrhys Dolan Dolan,Espanyol,,0,2026-09-25
cronistas_md,5,Tyrhys Dolan Dolan,Espanyol,2.0,1,2026-09-25
cronistas_md,4,Tyrhys Dolan Dolan,Espanyol,2.0,1,2026-09-25
cronistas_md,3,Tyrhys Dolan Dolan,Espanyol,2.0,1,2026-09-25
cronistas_md,2,Tyrhys Dolan Dolan,Espanyol,6.0,1,2026-09-25
cronistas_md,1,Tyrhys Dolan Dolan,Espanyol,10.0,1,2026-09-25
cronistas_md,7,Clemens Riedel Riedel,Espanyol,2.0,1,2026-09-25
cronistas_md,6,Clemens Riedel Riedel,Espanyol,2.0,1,2026-09-25
cronistas_md,5,Clemens Riedel Riedel,Espanyol,2.0,1,2026-09-25
cronistas_md,4,Clemens Riedel Riedel,Espanyol,2.0,1,2026-09-25
cronistas_md,3,Clemens Riedel Riedel,Espanyol,,0,2026-09-25
cronistas_md,2,Clemens Riedel Riedel,Espanyol,6.0,1,2026-09-25
cronistas_md,1,Clemens Riedel Riedel,Espanyol,2.0,1,2026-09-25
cronistas_md,7,Adama Timera Timera,Espanyol,,0,2026-09-25
cronistas_md,6,Adama Timera Timera,Espanyol,,0,2026-09-25
cronistas_md,5,Adama Timera Timera,Espanyol,,0,2026-09-25
cronistas_md,4,Adama Timera Timera,Espanyol,,0,2026-09-25
cronistas_md,3,Adama Timera Timera,Espanyol,,0,2026-09-25
cronistas_md,2,Adama Timera Timera,Espanyol,,0,2026-09-25
cronistas_md,1,Adama Timera Timera,Espanyol,,0,2026-09-25
cronistas_md,7,Leandro Cabrera Cabrera,Espanyol,-2.0,1,2026-09-25
cronistas_md,6,Leandro Cabrera Cabrera,Espanyol,2.0,1,2026-09-25
cronistas_md,5,Leandro Cabrera Cabrera,Espanyol,6.0,1,2026-09-25
cronistas_md,4,Leandro Cabrera Cabrera,Espanyol,2.0,1,2026-09-25
cronistas_md,3,Leandro Cabrera Cabrera,Espanyol,,0,2026-09-25
cronistas_md,2,Leandro Cabrera Cabrera,Espanyol,,0,2026-09-25
cronistas_md,1,Leandro Cabrera Cabrera,Espanyol,,0,2026-09-25
cronistas_md,7,Bryan Zaragoza Bryan,Espanyol,2.0,1,2026-09-25
cronistas_md,6,Bryan Zaragoza Bryan,Espanyol,6.0,1,2026-09-25
cronistas_md,5,Bryan Zaragoza Bryan,Espanyol,0.0,1,2026-09-25
cronistas_md,4,Bryan Zaragoza Bryan,Espanyol,2.0,1,2026-09-25
cronistas_md,3,Bryan Zaragoza Bryan,Espanyol,,0,2026-09-25
cronistas_md,7,Andoni Gorosabel Gorosabel,Espanyol,,0,2026-09-25
cronistas_md,6,Andoni Gorosabel Gorosabel,Espanyol,,0,2026-09-25
cronistas_md,5,Andoni Gorosabel Gorosabel,Espanyol,,0,2026-09-25
cronistas_md,4,Andoni Gorosabel Gorosabel,Espanyol,,0,2026-09-25
cronistas_md,3,Andoni Gorosabel Gorosabel,Espanyol,,0,2026-09-25
cronistas_md,2,Andoni Gorosabel Gorosabel,Espanyol,,0,2026-09-25
cronistas_md,1,Andoni Gorosabel Gorosabel,Espanyol,,0,2026-09-25
cronistas_md,7,Víctor Mullerat Mullerat,Espanyol,,0,2026-09-25
cronistas_md,6,Víctor Mullerat Mullerat,Espanyol,,0,2026-09-25
cronistas_md,5,Víctor Mullerat Mullerat,Espanyol,,0,2026-09-25
cronistas_md,4,Víctor Mullerat Mullerat,Espanyol,,0,2026-09-25
cronistas_md,3,Víctor Mullerat Mullerat,Espanyol,,0,2026-09-25
cronistas_md,2,Víctor Mullerat Mullerat,Espanyol,,0,2026-09-25
cronistas_md,1,Víctor Mullerat Mullerat,Espanyol,,0,2026-09-25
cronistas_md,7,Johan Mojica Mojica,Getafe,6.0,1,2026-09-25
cronistas_md,6,Johan Mojica Mojica,Getafe,2.0,1,2026-09-25
cronistas_md,5,Johan Mojica Mojica,Getafe,2.0,1,2026-09-25
cronistas_md,4,Johan Mojica Mojica,Getafe,6.0,1,2026-09-25
cronistas_md,3,Johan Mojica Mojica,Getafe,2.0,1,2026-09-25
cronistas_md,2,Johan Mojica Mojica,Getafe,2.0,1,2026-09-25
cronistas_md,1,Johan Mojica Mojica,Getafe,,0,2026-09-25
cronistas_md,7,David Soria Soria,Getafe,6.0,1,2026-09-25
cronistas_md,6,David Soria Soria,Getafe,10.0,1,2026-09-25
cronistas_md,5,David Soria Soria,Getafe,6.0,1,2026-09-25
cronistas_md,4,David Soria Soria,Getafe,2.0,1,2026-09-25
cronistas_md,3,David Soria Soria,Getafe,2.0,1,2026-09-25
cronistas_md,2,David Soria Soria,Getafe,10.0,1,2026-09-25
cronistas_md,1,David Soria Soria,Getafe,2.0,1,2026-09-25
cronistas_md,7,Borja Mayoral Mayoral,Getafe,,0,2026-09-25
cronistas_md,6,Borja Mayoral Mayoral,Getafe,,0,2026-09-25
cronistas_md,5,Borja Mayoral Mayoral,Getafe,,0,2026-09-25
cronistas_md,4,Borja Mayoral Mayoral,Getafe,,0,2026-09-25
cronistas_md,3,Borja Mayoral Mayoral,Getafe,0.0,1,2026-09-25
cronistas_md,2,Borja Mayoral Mayoral,Getafe,0.0,1,2026-09-25
cronistas_md,1,Borja Mayoral Mayoral,Getafe,,0,2026-09-25
cronistas_md,7,Kiko Femenia Femenia,Getafe,,0,2026-09-25
cronistas_md,6,Kiko Femenia Femenia,Getafe,,0,2026-09-25
cronistas_md,5,Kiko Femenia Femenia,Getafe,,0,2026-09-25
cronistas_md,4,Kiko Femenia Femenia,Getafe,0.0,1,2026-09-25
cronistas_md,3,Kiko Femenia Femenia,Getafe,2.0,1,2026-09-25
cronistas_md,2,Kiko Femenia Femenia,Getafe,,0,2026-09-25
cronistas_md,1,Kiko Femenia Femenia,Getafe,-8.0,1,2026-09-25
cronistas_md,7,Enes Ünal Enes Ünal,Getafe,6.0,1,2026-09-25
cronistas_md,6,Enes Ünal Enes Ünal,Getafe,6.0,1,2026-09-25
cronistas_md,5,Enes Ünal Enes Ünal,Getafe,2.0,1,2026-09-25
cronistas_md,4,Enes Ünal Enes Ünal,Getafe,2.0,1,2026-09-25
cronistas_md,3,Enes Ünal Enes Ünal,Getafe,2.0,1,2026-09-25
cronistas_md,2,Enes Ünal Enes Ünal,Getafe,9.0,1,2026-09-25
cronistas_md,1,Enes Ünal Enes Ünal,Getafe,2.0,1,2026-09-25
cronistas_md,7,Dakonam Djené Djené,Getafe,6.0,1,2026-09-25
cronistas_md,6,Dakonam Djené Djené,Getafe,2.0,1,2026-09-25
cronistas_md,5,Dakonam Djené Djené,Getafe,2.0,1,2026-09-25
cronistas_md,4,Dakonam Djené Djené,Getafe,6.0,1,2026-09-25
cronistas_md,3,Dakonam Djené Djené,Getafe,-2.0,1,2026-09-25
cronistas_md,2,Dakonam Djené Djené,Getafe,2.0,1,2026-09-25
cronistas_md,1,Dakonam Djené Djené,Getafe,2.0,1,2026-09-25
cronistas_md,7,Abdel Abqar Abqar,Getafe,,0,2026-09-25
cronistas_md,6,Abdel Abqar Abqar,Getafe,,0,2026-09-25
cronistas_md,5,Abdel Abqar Abqar,Getafe,,0,2026-09-25
cronistas_md,4,Abdel Abqar Abqar,Getafe,,0,2026-09-25
cronistas_md,3,Abdel Abqar Abqar,Getafe,,0,2026-09-25
cronistas_md,2,Abdel Abqar Abqar,Getafe,0.0,1,2026-09-25
cronistas_md,1,Abdel Abqar Abqar,Getafe,2.0,1,2026-09-25
cronistas_md,7,Martín Satriano Satriano,Getafe,6.0,1,2026-09-25
cronistas_md,6,Martín Satriano Satriano,Getafe,-2.0,1,2026-09-25
cronistas_md,5,Martín Satriano Satriano,Getafe,6.0,1,2026-09-25
cronistas_md,4,Martín Satriano Satriano,Getafe,9.0,1,2026-09-25
cronistas_md,3,Martín Satriano Satriano,Getafe,2.0,1,2026-09-25
cronistas_md,2,Martín Satriano Satriano,Getafe,6.0,1,2026-09-25
cronistas_md,1,Martín Satriano Satriano,Getafe,2.0,1,2026-09-25
cronistas_md,7,Ramón Terrats Terrats,Getafe,6.0,1,2026-09-25
cronistas_md,6,Ramón Terrats Terrats,Getafe,,0,2026-09-25
cronistas_md,5,Ramón Terrats Terrats,Getafe,10.0,1,2026-09-25
cronistas_md,4,Ramón Terrats Terrats,Getafe,2.0,1,2026-09-25
cronistas_md,3,Ramón Terrats Terrats,Getafe,2.0,1,2026-09-25
cronistas_md,2,Ramón Terrats Terrats,Getafe,6.0,1,2026-09-25
cronistas_md,1,Ramón Terrats Terrats,Getafe,2.0,1,2026-09-25
cronistas_md,7,Orel Mangala Mangala,Getafe,2.0,1,2026-09-25
cronistas_md,6,Orel Mangala Mangala,Getafe,2.0,1,2026-09-25
cronistas_md,5,Orel Mangala Mangala,Getafe,2.0,1,2026-09-25
cronistas_md,4,Orel Mangala Mangala,Getafe,2.0,1,2026-09-25
cronistas_md,3,Orel Mangala Mangala,Getafe,2.0,1,2026-09-25
cronistas_md,2,Orel Mangala Mangala,Getafe,2.0,1,2026-09-25
cronistas_md,1,Orel Mangala Mangala,Getafe,2.0,1,2026-09-25
cronistas_md,7,Mario Martín Mario Martín,Getafe,,0,2026-09-25
cronistas_md,6,Mario Martín Mario Martín,Getafe,-1.0,1,2026-09-25
cronistas_md,5,Mario Martín Mario Martín,Getafe,2.0,1,2026-09-25
cronistas_md,4,Mario Martín Mario Martín,Getafe,2.0,1,2026-09-25
cronistas_md,3,Mario Martín Mario Martín,Getafe,,0,2026-09-25
cronistas_md,2,Mario Martín Mario Martín,Getafe,,0,2026-09-25
cronistas_md,1,Mario Martín Mario Martín,Getafe,2.0,1,2026-09-25
cronistas_md,7,Saba Sazonov Sazonov,Getafe,0.0,1,2026-09-25
cronistas_md,6,Saba Sazonov Sazonov,Getafe,,0,2026-09-25
cronistas_md,5,Saba Sazonov Sazonov,Getafe,0.0,1,2026-09-25
cronistas_md,4,Saba Sazonov Sazonov,Getafe,,0,2026-09-25
cronistas_md,3,Saba Sazonov Sazonov,Getafe,,0,2026-09-25
cronistas_md,2,Saba Sazonov Sazonov,Getafe,-2.0,1,2026-09-25
cronistas_md,1,Saba Sazonov Sazonov,Getafe,2.0,1,2026-09-25
cronistas_md,7,Andrés García Andrés García,Getafe,2.0,1,2026-09-25
cronistas_md,6,Andrés García Andrés García,Getafe,2.0,1,2026-09-25
cronistas_md,5,Andrés García Andrés García,Getafe,,0,2026-09-25
cronistas_md,4,Andrés García Andrés García,Getafe,6.0,1,2026-09-25
cronistas_md,3,Andrés García Andrés García,Getafe,2.0,1,2026-09-25
cronistas_md,2,Andrés García Andrés García,Getafe,6.0,1,2026-09-25
cronistas_md,1,Andrés García Andrés García,Getafe,2.0,1,2026-09-25
cronistas_md,7,Alberto Risco Risco,Getafe,,0,2026-09-25
cronistas_md,6,Alberto Risco Risco,Getafe,0.0,1,2026-09-25
cronistas_md,5,Alberto Risco Risco,Getafe,,0,2026-09-25
cronistas_md,4,Alberto Risco Risco,Getafe,,0,2026-09-25
cronistas_md,3,Alberto Risco Risco,Getafe,2.0,1,2026-09-25
cronistas_md,2,Alberto Risco Risco,Getafe,0.0,1,2026-09-25
cronistas_md,1,Alberto Risco Risco,Getafe,2.0,1,2026-09-25
cronistas_md,7,Diego Ferrer Ferrer,Getafe,,0,2026-09-25
cronistas_md,6,Diego Ferrer Ferrer,Getafe,,0,2026-09-25
cronistas_md,5,Diego Ferrer Ferrer,Getafe,,0,2026-09-25
cronistas_md,4,Diego Ferrer Ferrer,Getafe,,0,2026-09-25
cronistas_md,3,Diego Ferrer Ferrer,Getafe,,0,2026-09-25
cronistas_md,2,Diego Ferrer Ferrer,Getafe,,0,2026-09-25
cronistas_md,1,Diego Ferrer Ferrer,Getafe,,0,2026-09-25
cronistas_md,7,Jiri Letácek Letácek,Getafe,,0,2026-09-25
cronistas_md,6,Jiri Letácek Letácek,Getafe,,0,2026-09-25
cronistas_md,5,Jiri Letácek Letácek,Getafe,,0,2026-09-25
cronistas_md,4,Jiri Letácek Letácek,Getafe,,0,2026-09-25
cronistas_md,3,Jiri Letácek Letácek,Getafe,,0,2026-09-25
cronistas_md,2,Jiri Letácek Letácek,Getafe,,0,2026-09-25
cronistas_md,1,Jiri Letácek Letácek,Getafe,,0,2026-09-25
cronistas_md,7,Zaid Romero Romero,Getafe,2.0,1,2026-09-25
cronistas_md,6,Zaid Romero Romero,Getafe,2.0,1,2026-09-25
cronistas_md,5,Zaid Romero Romero,Getafe,,0,2026-09-25
cronistas_md,4,Zaid Romero Romero,Getafe,-1.0,1,2026-09-25
cronistas_md,3,Zaid Romero Romero,Getafe,2.0,1,2026-09-25
cronistas_md,2,Zaid Romero Romero,Getafe,2.0,1,2026-09-25
cronistas_md,1,Zaid Romero Romero,Getafe,2.0,1,2026-09-25
cronistas_md,7,Jean Ives Valou Valou,Getafe,,0,2026-09-25
cronistas_md,6,Jean Ives Valou Valou,Getafe,,0,2026-09-25
cronistas_md,5,Jean Ives Valou Valou,Getafe,,0,2026-09-25
cronistas_md,4,Jean Ives Valou Valou,Getafe,,0,2026-09-25
cronistas_md,3,Jean Ives Valou Valou,Getafe,,0,2026-09-25
cronistas_md,2,Jean Ives Valou Valou,Getafe,,0,2026-09-25
cronistas_md,1,Jean Ives Valou Valou,Getafe,2.0,1,2026-09-25
cronistas_md,7,Davinchi Davinchi,Getafe,0.0,1,2026-09-25
cronistas_md,6,Davinchi Davinchi,Getafe,2.0,1,2026-09-25
cronistas_md,5,Davinchi Davinchi,Getafe,0.0,1,2026-09-25
cronistas_md,4,Davinchi Davinchi,Getafe,,0,2026-09-25
cronistas_md,3,Davinchi Davinchi,Getafe,,0,2026-09-25
cronistas_md,2,Davinchi Davinchi,Getafe,,0,2026-09-25
cronistas_md,1,Davinchi Davinchi,Getafe,-2.0,1,2026-09-25
cronistas_md,7,Sebastián Boselli Boselli,Getafe,,0,2026-09-25
cronistas_md,6,Sebastián Boselli Boselli,Getafe,2.0,1,2026-09-25
cronistas_md,5,Sebastián Boselli Boselli,Getafe,2.0,1,2026-09-25
cronistas_md,4,Sebastián Boselli Boselli,Getafe,2.0,1,2026-09-25
cronistas_md,3,Sebastián Boselli Boselli,Getafe,,0,2026-09-25
cronistas_md,2,Sebastián Boselli Boselli,Getafe,0.0,1,2026-09-25
cronistas_md,1,Sebastián Boselli Boselli,Getafe,2.0,1,2026-09-25
cronistas_md,7,Ebrahima Drammeh Drammeh,Getafe,,0,2026-09-25
cronistas_md,6,Ebrahima Drammeh Drammeh,Getafe,,0,2026-09-25
cronistas_md,5,Ebrahima Drammeh Drammeh,Getafe,,0,2026-09-25
cronistas_md,4,Ebrahima Drammeh Drammeh,Getafe,,0,2026-09-25
cronistas_md,3,Ebrahima Drammeh Drammeh,Getafe,,0,2026-09-25
cronistas_md,2,Ebrahima Drammeh Drammeh,Getafe,,0,2026-09-25
cronistas_md,1,Ebrahima Drammeh Drammeh,Getafe,,0,2026-09-25
cronistas_md,7,Francho Serrano Francho,Getafe,2.0,1,2026-09-25
cronistas_md,6,Francho Serrano Francho,Getafe,2.0,1,2026-09-25
cronistas_md,5,Francho Serrano Francho,Getafe,2.0,1,2026-09-25
cronistas_md,4,Francho Serrano Francho,Getafe,,0,2026-09-25
cronistas_md,3,Francho Serrano Francho,Getafe,-2.0,1,2026-09-25
cronistas_md,2,Francho Serrano Francho,Getafe,2.0,1,2026-09-25
cronistas_md,7,Curro Burgos Curro,Getafe,,0,2026-09-25
cronistas_md,6,Curro Burgos Curro,Getafe,,0,2026-09-25
cronistas_md,5,Curro Burgos Curro,Getafe,,0,2026-09-25
cronistas_md,4,Curro Burgos Curro,Getafe,,0,2026-09-25
cronistas_md,3,Curro Burgos Curro,Getafe,,0,2026-09-25
cronistas_md,2,Curro Burgos Curro,Getafe,,0,2026-09-25
cronistas_md,1,Curro Burgos Curro,Getafe,,0,2026-09-25
cronistas_md,7,Óscar López Óscar López,Getafe,,0,2026-09-25
cronistas_md,6,Óscar López Óscar López,Getafe,0.0,1,2026-09-25
cronistas_md,5,Óscar López Óscar López,Getafe,,0,2026-09-25
cronistas_md,4,Óscar López Óscar López,Getafe,0.0,1,2026-09-25
cronistas_md,3,Óscar López Óscar López,Getafe,,0,2026-09-25
cronistas_md,2,Óscar López Óscar López,Getafe,,0,2026-09-25
cronistas_md,1,Óscar López Óscar López,Getafe,,0,2026-09-25
cronistas_md,7,Nemanja Gudelj Gudelj,Getafe,2.0,1,2026-09-25
cronistas_md,6,Nemanja Gudelj Gudelj,Getafe,-2.0,1,2026-09-25
cronistas_md,5,Nemanja Gudelj Gudelj,Getafe,2.0,1,2026-09-25
cronistas_md,4,Nemanja Gudelj Gudelj,Getafe,6.0,1,2026-09-25
cronistas_md,3,Nemanja Gudelj Gudelj,Getafe,2.0,1,2026-09-25
cronistas_md,7,Joselu Pérez Joselu,Getafe,,0,2026-09-25
cronistas_md,6,Joselu Pérez Joselu,Getafe,,0,2026-09-25
cronistas_md,5,Joselu Pérez Joselu,Getafe,0.0,1,2026-09-25
cronistas_md,4,Joselu Pérez Joselu,Getafe,,0,2026-09-25
cronistas_md,3,Joselu Pérez Joselu,Getafe,,0,2026-09-25
cronistas_md,2,Joselu Pérez Joselu,Getafe,,0,2026-09-25
cronistas_md,1,Joselu Pérez Joselu,Getafe,,0,2026-09-25
cronistas_md,7,Moha Hamdoune Moha,Getafe,,0,2026-09-25
cronistas_md,6,Moha Hamdoune Moha,Getafe,,0,2026-09-25
cronistas_md,5,Moha Hamdoune Moha,Getafe,,0,2026-09-25
cronistas_md,4,Moha Hamdoune Moha,Getafe,,0,2026-09-25
cronistas_md,3,Moha Hamdoune Moha,Getafe,,0,2026-09-25
cronistas_md,2,Moha Hamdoune Moha,Getafe,,0,2026-09-25
cronistas_md,1,Moha Hamdoune Moha,Getafe,,0,2026-09-25
cronistas_md,7,Iván Azón Iván Azón,Getafe,9.0,1,2026-09-25
cronistas_md,6,Iván Azón Iván Azón,Getafe,6.0,1,2026-09-25
cronistas_md,5,Iván Azón Iván Azón,Getafe,6.0,1,2026-09-25
cronistas_md,4,Iván Azón Iván Azón,Getafe,2.0,1,2026-09-25
cronistas_md,7,Moha Achraf Moha Achraf,Getafe,,0,2026-09-25
cronistas_md,6,Moha Achraf Moha Achraf,Getafe,,0,2026-09-25
cronistas_md,5,Moha Achraf Moha Achraf,Getafe,,0,2026-09-25
cronistas_md,4,Moha Achraf Moha Achraf,Getafe,,0,2026-09-25
cronistas_md,3,Moha Achraf Moha Achraf,Getafe,,0,2026-09-25
cronistas_md,2,Moha Achraf Moha Achraf,Getafe,,0,2026-09-25
cronistas_md,1,Moha Achraf Moha Achraf,Getafe,,0,2026-09-25
cronistas_md,7,Aissa Mandi Mandi,Levante,2.0,1,2026-09-25
cronistas_md,5,Aissa Mandi Mandi,Levante,2.0,1,2026-09-25
cronistas_md,4,Aissa Mandi Mandi,Levante,2.0,1,2026-09-25
cronistas_md,3,Aissa Mandi Mandi,Levante,6.0,1,2026-09-25
cronistas_md,2,Aissa Mandi Mandi,Levante,6.0,1,2026-09-25
cronistas_md,1,Aissa Mandi Mandi,Levante,2.0,1,2026-09-25
cronistas_md,7,Mathew Ryan Ryan,Levante,10.0,1,2026-09-25
cronistas_md,5,Mathew Ryan Ryan,Levante,2.0,1,2026-09-25
cronistas_md,4,Mathew Ryan Ryan,Levante,2.0,1,2026-09-25
cronistas_md,3,Mathew Ryan Ryan,Levante,6.0,1,2026-09-25
cronistas_md,2,Mathew Ryan Ryan,Levante,6.0,1,2026-09-25
cronistas_md,1,Mathew Ryan Ryan,Levante,6.0,1,2026-09-25
cronistas_md,7,Jeremy Toljan Toljan,Levante,6.0,1,2026-09-25
cronistas_md,5,Jeremy Toljan Toljan,Levante,2.0,1,2026-09-25
cronistas_md,4,Jeremy Toljan Toljan,Levante,2.0,1,2026-09-25
cronistas_md,3,Jeremy Toljan Toljan,Levante,6.0,1,2026-09-25
cronistas_md,2,Jeremy Toljan Toljan,Levante,2.0,1,2026-09-25
cronistas_md,1,Jeremy Toljan Toljan,Levante,2.0,1,2026-09-25
cronistas_md,7,Adrián de la Fuente De la Fuente,Levante,0.0,1,2026-09-25
cronistas_md,5,Adrián de la Fuente De la Fuente,Levante,2.0,1,2026-09-25
cronistas_md,4,Adrián de la Fuente De la Fuente,Levante,6.0,1,2026-09-25
cronistas_md,3,Adrián de la Fuente De la Fuente,Levante,15.0,1,2026-09-25
cronistas_md,2,Adrián de la Fuente De la Fuente,Levante,2.0,1,2026-09-25
cronistas_md,1,Adrián de la Fuente De la Fuente,Levante,2.0,1,2026-09-25
cronistas_md,7,Manu Sánchez Manu Sánchez,Levante,2.0,1,2026-09-25
cronistas_md,5,Manu Sánchez Manu Sánchez,Levante,10.0,1,2026-09-25
cronistas_md,4,Manu Sánchez Manu Sánchez,Levante,2.0,1,2026-09-25
cronistas_md,3,Manu Sánchez Manu Sánchez,Levante,10.0,1,2026-09-25
cronistas_md,2,Manu Sánchez Manu Sánchez,Levante,2.0,1,2026-09-25
cronistas_md,1,Manu Sánchez Manu Sánchez,Levante,2.0,1,2026-09-25
cronistas_md,7,Iván Romero Iván Romero,Levante,3.0,1,2026-09-25
cronistas_md,5,Iván Romero Iván Romero,Levante,13.0,1,2026-09-25
cronistas_md,4,Iván Romero Iván Romero,Levante,2.0,1,2026-09-25
cronistas_md,3,Iván Romero Iván Romero,Levante,10.0,1,2026-09-25
cronistas_md,2,Iván Romero Iván Romero,Levante,2.0,1,2026-09-25
cronistas_md,1,Iván Romero Iván Romero,Levante,-2.0,1,2026-09-25
cronistas_md,7,Víctor García Víctor García,Levante,0.0,1,2026-09-25
cronistas_md,5,Víctor García Víctor García,Levante,6.0,1,2026-09-25
cronistas_md,4,Víctor García Víctor García,Levante,,0,2026-09-25
cronistas_md,3,Víctor García Víctor García,Levante,6.0,1,2026-09-25
cronistas_md,2,Víctor García Víctor García,Levante,2.0,1,2026-09-25
cronistas_md,1,Víctor García Víctor García,Levante,2.0,1,2026-09-25
cronistas_md,7,Oriol Rey Oriol Rey,Levante,2.0,1,2026-09-25
cronistas_md,5,Oriol Rey Oriol Rey,Levante,2.0,1,2026-09-25
cronistas_md,4,Oriol Rey Oriol Rey,Levante,2.0,1,2026-09-25
cronistas_md,3,Oriol Rey Oriol Rey,Levante,6.0,1,2026-09-25
cronistas_md,2,Oriol Rey Oriol Rey,Levante,2.0,1,2026-09-25
cronistas_md,1,Oriol Rey Oriol Rey,Levante,2.0,1,2026-09-25
cronistas_md,7,Carlos Álvarez C. Álvarez,Levante,,0,2026-09-25
cronistas_md,5,Carlos Álvarez C. Álvarez,Levante,,0,2026-09-25
cronistas_md,4,Carlos Álvarez C. Álvarez,Levante,2.0,1,2026-09-25
cronistas_md,7,Jon Ander Olasagasti Olasagasti,Levante,2.0,1,2026-09-25
cronistas_md,5,Jon Ander Olasagasti Olasagasti,Levante,2.0,1,2026-09-25
cronistas_md,4,Jon Ander Olasagasti Olasagasti,Levante,6.0,1,2026-09-25
cronistas_md,3,Jon Ander Olasagasti Olasagasti,Levante,14.0,1,2026-09-25
cronistas_md,2,Jon Ander Olasagasti Olasagasti,Levante,2.0,1,2026-09-25
cronistas_md,1,Jon Ander Olasagasti Olasagasti,Levante,2.0,1,2026-09-25
cronistas_md,7,Karl Etta Eyong Etta Eyong,Levante,,0,2026-09-25
cronistas_md,5,Karl Etta Eyong Etta Eyong,Levante,,0,2026-09-25
cronistas_md,4,Karl Etta Eyong Etta Eyong,Levante,,0,2026-09-25
cronistas_md,3,Karl Etta Eyong Etta Eyong,Levante,2.0,1,2026-09-25
cronistas_md,2,Karl Etta Eyong Etta Eyong,Levante,0.0,1,2026-09-25
cronistas_md,1,Karl Etta Eyong Etta Eyong,Levante,-2.0,1,2026-09-25
cronistas_md,7,Pablo Campos Cuñat Campos,Levante,,0,2026-09-25
cronistas_md,5,Pablo Campos Cuñat Campos,Levante,,0,2026-09-25
cronistas_md,4,Pablo Campos Cuñat Campos,Levante,,0,2026-09-25
cronistas_md,3,Pablo Campos Cuñat Campos,Levante,,0,2026-09-25
cronistas_md,2,Pablo Campos Cuñat Campos,Levante,,0,2026-09-25
cronistas_md,1,Pablo Campos Cuñat Campos,Levante,,0,2026-09-25
cronistas_md,7,Jorge Cabello Jorge Cabello,Levante,,0,2026-09-25
cronistas_md,5,Jorge Cabello Jorge Cabello,Levante,,0,2026-09-25
cronistas_md,4,Jorge Cabello Jorge Cabello,Levante,,0,2026-09-25
cronistas_md,3,Jorge Cabello Jorge Cabello,Levante,,0,2026-09-25
cronistas_md,2,Jorge Cabello Jorge Cabello,Levante,,0,2026-09-25
cronistas_md,1,Jorge Cabello Jorge Cabello,Levante,,0,2026-09-25
cronistas_md,7,Paco Cortés Cortés,Levante,,0,2026-09-25
cronistas_md,5,Paco Cortés Cortés,Levante,,0,2026-09-25
cronistas_md,4,Paco Cortés Cortés,Levante,2.0,1,2026-09-25
cronistas_md,3,Paco Cortés Cortés,Levante,0.0,1,2026-09-25
cronistas_md,2,Paco Cortés Cortés,Levante,,0,2026-09-25
cronistas_md,1,Paco Cortés Cortés,Levante,2.0,1,2026-09-25
cronistas_md,7,Nacho Pérez Nacho Pérez,Levante,,0,2026-09-25
cronistas_md,5,Nacho Pérez Nacho Pérez,Levante,2.0,1,2026-09-25
cronistas_md,4,Nacho Pérez Nacho Pérez,Levante,6.0,1,2026-09-25
cronistas_md,3,Nacho Pérez Nacho Pérez,Levante,2.0,1,2026-09-25
cronistas_md,2,Nacho Pérez Nacho Pérez,Levante,2.0,1,2026-09-25
cronistas_md,1,Nacho Pérez Nacho Pérez,Levante,2.0,1,2026-09-25
cronistas_md,7,Kareem Tunde Tunde,Levante,,0,2026-09-25
cronistas_md,5,Kareem Tunde Tunde,Levante,-2.0,1,2026-09-25
cronistas_md,7,Enzo Bardelli Bardeli,Levante,2.0,1,2026-09-25
cronistas_md,5,Enzo Bardelli Bardeli,Levante,2.0,1,2026-09-25
cronistas_md,4,Enzo Bardelli Bardeli,Levante,2.0,1,2026-09-25
cronistas_md,3,Enzo Bardelli Bardeli,Levante,14.0,1,2026-09-25
cronistas_md,2,Enzo Bardelli Bardeli,Levante,2.0,1,2026-09-25
cronistas_md,1,Enzo Bardelli Bardeli,Levante,2.0,1,2026-09-25
cronistas_md,7,Igor Galdin Galdin,Levante,,0,2026-09-25
cronistas_md,5,Igor Galdin Galdin,Levante,,0,2026-09-25
cronistas_md,4,Igor Galdin Galdin,Levante,,0,2026-09-25
cronistas_md,3,Igor Galdin Galdin,Levante,,0,2026-09-25
cronistas_md,2,Igor Galdin Galdin,Levante,,0,2026-09-25
cronistas_md,1,Igor Galdin Galdin,Levante,,0,2026-09-25
cronistas_md,7,Marc Santos Marc Santos,Levante,,0,2026-09-25
cronistas_md,5,Marc Santos Marc Santos,Levante,,0,2026-09-25
cronistas_md,4,Marc Santos Marc Santos,Levante,,0,2026-09-25
cronistas_md,3,Marc Santos Marc Santos,Levante,,0,2026-09-25
cronistas_md,2,Marc Santos Marc Santos,Levante,,0,2026-09-25
cronistas_md,1,Marc Santos Marc Santos,Levante,2.0,1,2026-09-25
cronistas_md,7,Alberto Calatrava Calatrava,Levante,,0,2026-09-25
cronistas_md,5,Alberto Calatrava Calatrava,Levante,,0,2026-09-25
cronistas_md,4,Alberto Calatrava Calatrava,Levante,,0,2026-09-25
cronistas_md,3,Alberto Calatrava Calatrava,Levante,,0,2026-09-25
cronistas_md,2,Alberto Calatrava Calatrava,Levante,,0,2026-09-25
cronistas_md,1,Alberto Calatrava Calatrava,Levante,,0,2026-09-25
cronistas_md,7,Manel Usedo Usedo,Levante,,0,2026-09-25
cronistas_md,5,Manel Usedo Usedo,Levante,,0,2026-09-25
cronistas_md,4,Manel Usedo Usedo,Levante,,0,2026-09-25
cronistas_md,3,Manel Usedo Usedo,Levante,,0,2026-09-25
cronistas_md,2,Manel Usedo Usedo,Levante,,0,2026-09-25
cronistas_md,1,Manel Usedo Usedo,Levante,,0,2026-09-25
cronistas_md,7,Hugo Sotelo Sotelo,Levante,,0,2026-09-25
cronistas_md,5,Hugo Sotelo Sotelo,Levante,-2.0,1,2026-09-25
cronistas_md,4,Hugo Sotelo Sotelo,Levante,2.0,1,2026-09-25
cronistas_md,3,Hugo Sotelo Sotelo,Levante,6.0,1,2026-09-25
cronistas_md,2,Hugo Sotelo Sotelo,Levante,0.0,1,2026-09-25
cronistas_md,1,Hugo Sotelo Sotelo,Levante,,0,2026-09-25
cronistas_md,7,Roger Brugué Brugui,Levante,0.0,1,2026-09-25
cronistas_md,5,Roger Brugué Brugui,Levante,10.0,1,2026-09-25
cronistas_md,4,Roger Brugué Brugui,Levante,2.0,1,2026-09-25
cronistas_md,3,Roger Brugué Brugui,Levante,22.0,1,2026-09-25
cronistas_md,2,Roger Brugué Brugui,Levante,2.0,1,2026-09-25
cronistas_md,1,Roger Brugué Brugui,Levante,,0,2026-09-25
cronistas_md,7,Dani Requena Requena,Levante,2.0,1,2026-09-25
cronistas_md,5,Dani Requena Requena,Levante,2.0,1,2026-09-25
cronistas_md,4,Dani Requena Requena,Levante,0.0,1,2026-09-25
cronistas_md,3,Dani Requena Requena,Levante,,0,2026-09-25
cronistas_md,2,Dani Requena Requena,Levante,,0,2026-09-25
cronistas_md,1,Dani Requena Requena,Levante,,0,2026-09-25
cronistas_md,7,Thiago Fernández Thiago,Levante,0.0,1,2026-09-25
cronistas_md,5,Thiago Fernández Thiago,Levante,,0,2026-09-25
cronistas_md,4,Thiago Fernández Thiago,Levante,6.0,1,2026-09-25
cronistas_md,3,Thiago Fernández Thiago,Levante,10.0,1,2026-09-25
cronistas_md,2,Thiago Fernández Thiago,Levante,2.0,1,2026-09-25
cronistas_md,1,Thiago Fernández Thiago,Levante,,0,2026-09-25
cronistas_md,7,Ifeanyi Ndukwe Ndukwe,Levante,2.0,1,2026-09-25
cronistas_md,5,Ifeanyi Ndukwe Ndukwe,Levante,2.0,1,2026-09-25
cronistas_md,4,Ifeanyi Ndukwe Ndukwe,Levante,,0,2026-09-25
cronistas_md,3,Ifeanyi Ndukwe Ndukwe,Levante,,0,2026-09-25
cronistas_md,2,Ifeanyi Ndukwe Ndukwe,Levante,,0,2026-09-25
cronistas_md,7,Yanis Musuayi Musuayi,Levante,0.0,1,2026-09-25
cronistas_md,5,Yanis Musuayi Musuayi,Levante,,0,2026-09-25
cronistas_md,4,Yanis Musuayi Musuayi,Levante,2.0,1,2026-09-25
cronistas_md,3,Yanis Musuayi Musuayi,Levante,,0,2026-09-25
cronistas_md,2,Yanis Musuayi Musuayi,Levante,,0,2026-09-25
cronistas_md,1,Yanis Musuayi Musuayi,Levante,,0,2026-09-25
cronistas_md,7,Petar Ratkov Ratkov,Levante,0.0,1,2026-09-25
cronistas_md,5,Petar Ratkov Ratkov,Levante,2.0,1,2026-09-25
cronistas_md,4,Petar Ratkov Ratkov,Levante,,0,2026-09-25
cronistas_md,7,Axel Tape Tape,Levante,,0,2026-09-25
cronistas_md,5,Axel Tape Tape,Levante,,0,2026-09-25
cronistas_md,4,Axel Tape Tape,Levante,,0,2026-09-25
cronistas_md,7,Asier Herrera Herrera,Levante,,0,2026-09-25
cronistas_md,5,Asier Herrera Herrera,Levante,,0,2026-09-25
cronistas_md,4,Asier Herrera Herrera,Levante,,0,2026-09-25
cronistas_md,3,Asier Herrera Herrera,Levante,,0,2026-09-25
cronistas_md,2,Asier Herrera Herrera,Levante,,0,2026-09-25
cronistas_md,1,Asier Herrera Herrera,Levante,,0,2026-09-25
cronistas_md,7,Einar Galilea Galilea,Málaga,,0,2026-09-25
cronistas_md,6,Einar Galilea Galilea,Málaga,2.0,1,2026-09-25
cronistas_md,5,Einar Galilea Galilea,Málaga,2.0,1,2026-09-25
cronistas_md,4,Einar Galilea Galilea,Málaga,10.0,1,2026-09-25
cronistas_md,3,Einar Galilea Galilea,Málaga,2.0,1,2026-09-25
cronistas_md,2,Einar Galilea Galilea,Málaga,6.0,1,2026-09-25
cronistas_md,1,Einar Galilea Galilea,Málaga,6.0,1,2026-09-25
cronistas_md,7,Joaquín Muñoz Joaquín,Málaga,2.0,1,2026-09-25
cronistas_md,6,Joaquín Muñoz Joaquín,Málaga,2.0,1,2026-09-25
cronistas_md,5,Joaquín Muñoz Joaquín,Málaga,2.0,1,2026-09-25
cronistas_md,4,Joaquín Muñoz Joaquín,Málaga,2.0,1,2026-09-25
cronistas_md,3,Joaquín Muñoz Joaquín,Málaga,2.0,1,2026-09-25
cronistas_md,2,Joaquín Muñoz Joaquín,Málaga,6.0,1,2026-09-25
cronistas_md,1,Joaquín Muñoz Joaquín,Málaga,6.0,1,2026-09-25
cronistas_md,7,Eneko Jauregi Jauregi,Málaga,2.0,1,2026-09-25
cronistas_md,6,Eneko Jauregi Jauregi,Málaga,,0,2026-09-25
cronistas_md,5,Eneko Jauregi Jauregi,Málaga,,0,2026-09-25
cronistas_md,4,Eneko Jauregi Jauregi,Málaga,,0,2026-09-25
cronistas_md,3,Eneko Jauregi Jauregi,Málaga,,0,2026-09-25
cronistas_md,2,Eneko Jauregi Jauregi,Málaga,,0,2026-09-25
cronistas_md,1,Eneko Jauregi Jauregi,Málaga,2.0,1,2026-09-25
cronistas_md,7,Alfonso Herrero Herrero,Málaga,6.0,1,2026-09-25
cronistas_md,6,Alfonso Herrero Herrero,Málaga,6.0,1,2026-09-25
cronistas_md,5,Alfonso Herrero Herrero,Málaga,6.0,1,2026-09-25
cronistas_md,4,Alfonso Herrero Herrero,Málaga,10.0,1,2026-09-25
cronistas_md,3,Alfonso Herrero Herrero,Málaga,6.0,1,2026-09-25
cronistas_md,2,Alfonso Herrero Herrero,Málaga,2.0,1,2026-09-25
cronistas_md,1,Alfonso Herrero Herrero,Málaga,6.0,1,2026-09-25
cronistas_md,7,Julen Lobete Lobete,Málaga,,0,2026-09-25
cronistas_md,6,Julen Lobete Lobete,Málaga,,0,2026-09-25
cronistas_md,5,Julen Lobete Lobete,Málaga,,0,2026-09-25
cronistas_md,4,Julen Lobete Lobete,Málaga,,0,2026-09-25
cronistas_md,3,Julen Lobete Lobete,Málaga,,0,2026-09-25
cronistas_md,2,Julen Lobete Lobete,Málaga,0.0,1,2026-09-25
cronistas_md,1,Julen Lobete Lobete,Málaga,,0,2026-09-25
cronistas_md,7,Ramón Enríquez Enríquez,Málaga,-2.0,1,2026-09-25
cronistas_md,6,Ramón Enríquez Enríquez,Málaga,2.0,1,2026-09-25
cronistas_md,5,Ramón Enríquez Enríquez,Málaga,2.0,1,2026-09-25
cronistas_md,4,Ramón Enríquez Enríquez,Málaga,2.0,1,2026-09-25
cronistas_md,3,Ramón Enríquez Enríquez,Málaga,0.0,1,2026-09-25
cronistas_md,2,Ramón Enríquez Enríquez,Málaga,0.0,1,2026-09-25
cronistas_md,1,Ramón Enríquez Enríquez,Málaga,2.0,1,2026-09-25
cronistas_md,7,José Salinas Salinas,Málaga,2.0,1,2026-09-25
cronistas_md,6,José Salinas Salinas,Málaga,-2.0,1,2026-09-25
cronistas_md,5,José Salinas Salinas,Málaga,2.0,1,2026-09-25
cronistas_md,4,José Salinas Salinas,Málaga,2.0,1,2026-09-25
cronistas_md,3,José Salinas Salinas,Málaga,2.0,1,2026-09-25
cronistas_md,2,José Salinas Salinas,Málaga,,0,2026-09-25
cronistas_md,1,José Salinas Salinas,Málaga,6.0,1,2026-09-25
cronistas_md,7,David Larrubia Larrubia,Málaga,2.0,1,2026-09-25
cronistas_md,6,David Larrubia Larrubia,Málaga,6.0,1,2026-09-25
cronistas_md,5,David Larrubia Larrubia,Málaga,6.0,1,2026-09-25
cronistas_md,4,David Larrubia Larrubia,Málaga,10.0,1,2026-09-25
cronistas_md,3,David Larrubia Larrubia,Málaga,6.0,1,2026-09-25
cronistas_md,2,David Larrubia Larrubia,Málaga,2.0,1,2026-09-25
cronistas_md,1,David Larrubia Larrubia,Málaga,6.0,1,2026-09-25
cronistas_md,7,Haitam Abaida Haitam,Málaga,,0,2026-09-25
cronistas_md,6,Haitam Abaida Haitam,Málaga,,0,2026-09-25
cronistas_md,5,Haitam Abaida Haitam,Málaga,,0,2026-09-25
cronistas_md,4,Haitam Abaida Haitam,Málaga,,0,2026-09-25
cronistas_md,3,Haitam Abaida Haitam,Málaga,2.0,1,2026-09-25
cronistas_md,2,Haitam Abaida Haitam,Málaga,6.0,1,2026-09-25
cronistas_md,1,Haitam Abaida Haitam,Málaga,,0,2026-09-25
cronistas_md,7,Álex Pastor Pastor,Málaga,,0,2026-09-25
cronistas_md,6,Álex Pastor Pastor,Málaga,,0,2026-09-25
cronistas_md,5,Álex Pastor Pastor,Málaga,,0,2026-09-25
cronistas_md,4,Álex Pastor Pastor,Málaga,,0,2026-09-25
cronistas_md,3,Álex Pastor Pastor,Málaga,,0,2026-09-25
cronistas_md,2,Álex Pastor Pastor,Málaga,,0,2026-09-25
cronistas_md,1,Álex Pastor Pastor,Málaga,,0,2026-09-25
cronistas_md,7,Juan Cruz Juan Cruz,Málaga,0.0,1,2026-09-25
cronistas_md,6,Juan Cruz Juan Cruz,Málaga,2.0,1,2026-09-25
cronistas_md,5,Juan Cruz Juan Cruz,Málaga,6.0,1,2026-09-25
cronistas_md,4,Juan Cruz Juan Cruz,Málaga,2.0,1,2026-09-25
cronistas_md,3,Juan Cruz Juan Cruz,Málaga,2.0,1,2026-09-25
cronistas_md,2,Juan Cruz Juan Cruz,Málaga,6.0,1,2026-09-25
cronistas_md,1,Juan Cruz Juan Cruz,Málaga,2.0,1,2026-09-25
cronistas_md,7,Carlos Dotor Dotor,Málaga,2.0,1,2026-09-25
cronistas_md,6,Carlos Dotor Dotor,Málaga,6.0,1,2026-09-25
cronistas_md,5,Carlos Dotor Dotor,Málaga,,0,2026-09-25
cronistas_md,4,Carlos Dotor Dotor,Málaga,2.0,1,2026-09-25
cronistas_md,3,Carlos Dotor Dotor,Málaga,2.0,1,2026-09-25
cronistas_md,2,Carlos Dotor Dotor,Málaga,6.0,1,2026-09-25
cronistas_md,1,Carlos Dotor Dotor,Málaga,6.0,1,2026-09-25
cronistas_md,7,Carlos López Carlos López,Málaga,,0,2026-09-25
cronistas_md,6,Carlos López Carlos López,Málaga,,0,2026-09-25
cronistas_md,5,Carlos López Carlos López,Málaga,,0,2026-09-25
cronistas_md,4,Carlos López Carlos López,Málaga,,0,2026-09-25
cronistas_md,3,Carlos López Carlos López,Málaga,,0,2026-09-25
cronistas_md,2,Carlos López Carlos López,Málaga,,0,2026-09-25
cronistas_md,1,Carlos López Carlos López,Málaga,,0,2026-09-25
cronistas_md,7,Carlos Puga Puga,Málaga,,0,2026-09-25
cronistas_md,6,Carlos Puga Puga,Málaga,2.0,1,2026-09-25
cronistas_md,5,Carlos Puga Puga,Málaga,2.0,1,2026-09-25
cronistas_md,4,Carlos Puga Puga,Málaga,2.0,1,2026-09-25
cronistas_md,3,Carlos Puga Puga,Málaga,2.0,1,2026-09-25
cronistas_md,2,Carlos Puga Puga,Málaga,2.0,1,2026-09-25
cronistas_md,1,Carlos Puga Puga,Málaga,6.0,1,2026-09-25
cronistas_md,7,Izan Merino Merino,Málaga,,0,2026-09-25
cronistas_md,6,Izan Merino Merino,Málaga,2.0,1,2026-09-25
cronistas_md,5,Izan Merino Merino,Málaga,2.0,1,2026-09-25
cronistas_md,4,Izan Merino Merino,Málaga,2.0,1,2026-09-25
cronistas_md,3,Izan Merino Merino,Málaga,2.0,1,2026-09-25
cronistas_md,2,Izan Merino Merino,Málaga,2.0,1,2026-09-25
cronistas_md,1,Izan Merino Merino,Málaga,6.0,1,2026-09-25
cronistas_md,7,Chupete Chupete,Málaga,2.0,1,2026-09-25
cronistas_md,6,Chupete Chupete,Málaga,-2.0,1,2026-09-25
cronistas_md,5,Chupete Chupete,Málaga,2.0,1,2026-09-25
cronistas_md,4,Chupete Chupete,Málaga,-2.0,1,2026-09-25
cronistas_md,3,Chupete Chupete,Málaga,6.0,1,2026-09-25
cronistas_md,2,Chupete Chupete,Málaga,9.0,1,2026-09-25
cronistas_md,1,Chupete Chupete,Málaga,6.0,1,2026-09-25
cronistas_md,7,Rafa Rodríguez Rafa Rodríguez,Málaga,6.0,1,2026-09-25
cronistas_md,6,Rafa Rodríguez Rafa Rodríguez,Málaga,,0,2026-09-25
cronistas_md,5,Rafa Rodríguez Rafa Rodríguez,Málaga,,0,2026-09-25
cronistas_md,4,Rafa Rodríguez Rafa Rodríguez,Málaga,,0,2026-09-25
cronistas_md,3,Rafa Rodríguez Rafa Rodríguez,Málaga,2.0,1,2026-09-25
cronistas_md,2,Rafa Rodríguez Rafa Rodríguez,Málaga,2.0,1,2026-09-25
cronistas_md,1,Rafa Rodríguez Rafa Rodríguez,Málaga,2.0,1,2026-09-25
cronistas_md,7,Rafa Garrido Rafita,Málaga,2.0,1,2026-09-25
cronistas_md,6,Rafa Garrido Rafita,Málaga,2.0,1,2026-09-25
cronistas_md,5,Rafa Garrido Rafita,Málaga,2.0,1,2026-09-25
cronistas_md,4,Rafa Garrido Rafita,Málaga,2.0,1,2026-09-25
cronistas_md,3,Rafa Garrido Rafita,Málaga,2.0,1,2026-09-25
cronistas_md,2,Rafa Garrido Rafita,Málaga,6.0,1,2026-09-25
cronistas_md,1,Rafa Garrido Rafita,Málaga,6.0,1,2026-09-25
cronistas_md,7,Angel Recio Recio,Málaga,2.0,1,2026-09-25
cronistas_md,6,Angel Recio Recio,Málaga,2.0,1,2026-09-25
cronistas_md,5,Angel Recio Recio,Málaga,6.0,1,2026-09-25
cronistas_md,4,Angel Recio Recio,Málaga,2.0,1,2026-09-25
cronistas_md,3,Angel Recio Recio,Málaga,2.0,1,2026-09-25
cronistas_md,2,Angel Recio Recio,Málaga,2.0,1,2026-09-25
cronistas_md,1,Angel Recio Recio,Málaga,6.0,1,2026-09-25
cronistas_md,7,Dani Lorenzo Lorenzo,Málaga,2.0,1,2026-09-25
cronistas_md,6,Dani Lorenzo Lorenzo,Málaga,2.0,1,2026-09-25
cronistas_md,5,Dani Lorenzo Lorenzo,Málaga,2.0,1,2026-09-25
cronistas_md,4,Dani Lorenzo Lorenzo,Málaga,6.0,1,2026-09-25
cronistas_md,3,Dani Lorenzo Lorenzo,Málaga,,0,2026-09-25
cronistas_md,2,Dani Lorenzo Lorenzo,Málaga,6.0,1,2026-09-25
cronistas_md,1,Dani Lorenzo Lorenzo,Málaga,6.0,1,2026-09-25
cronistas_md,7,Juani Juani,Málaga,,0,2026-09-25
cronistas_md,6,Juani Juani,Málaga,,0,2026-09-25
cronistas_md,5,Juani Juani,Málaga,,0,2026-09-25
cronistas_md,4,Juani Juani,Málaga,,0,2026-09-25
cronistas_md,3,Juani Juani,Málaga,,0,2026-09-25
cronistas_md,2,Juani Juani,Málaga,,0,2026-09-25
cronistas_md,1,Juani Juani,Málaga,,0,2026-09-25
cronistas_md,7,Joseph Otu Otu,Málaga,,0,2026-09-25
cronistas_md,6,Joseph Otu Otu,Málaga,,0,2026-09-25
cronistas_md,5,Joseph Otu Otu,Málaga,,0,2026-09-25
cronistas_md,4,Joseph Otu Otu,Málaga,,0,2026-09-25
cronistas_md,3,Joseph Otu Otu,Málaga,,0,2026-09-25
cronistas_md,2,Joseph Otu Otu,Málaga,,0,2026-09-25
cronistas_md,1,Joseph Otu Otu,Málaga,,0,2026-09-25
cronistas_md,7,Pablo Martínez Pablo Martínez,Málaga,2.0,1,2026-09-25
cronistas_md,6,Pablo Martínez Pablo Martínez,Málaga,2.0,1,2026-09-25
cronistas_md,5,Pablo Martínez Pablo Martínez,Málaga,6.0,1,2026-09-25
cronistas_md,4,Pablo Martínez Pablo Martínez,Málaga,2.0,1,2026-09-25
cronistas_md,3,Pablo Martínez Pablo Martínez,Málaga,2.0,1,2026-09-25
cronistas_md,2,Pablo Martínez Pablo Martínez,Málaga,,0,2026-09-25
cronistas_md,7,Juan Berrocal Berrocal,Málaga,2.0,1,2026-09-25
cronistas_md,6,Juan Berrocal Berrocal,Málaga,,0,2026-09-25
cronistas_md,5,Juan Berrocal Berrocal,Málaga,2.0,1,2026-09-25
cronistas_md,4,Juan Berrocal Berrocal,Málaga,,0,2026-09-25
cronistas_md,3,Juan Berrocal Berrocal,Málaga,,0,2026-09-25
cronistas_md,2,Juan Berrocal Berrocal,Málaga,,0,2026-09-25
cronistas_md,1,Juan Berrocal Berrocal,Málaga,,0,2026-09-25
cronistas_md,7,Jens Cajuste Cajuste,Málaga,,0,2026-09-25
cronistas_md,6,Jens Cajuste Cajuste,Málaga,,0,2026-09-25
cronistas_md,5,Jens Cajuste Cajuste,Málaga,,0,2026-09-25
cronistas_md,4,Jens Cajuste Cajuste,Málaga,0.0,1,2026-09-25
cronistas_md,7,Adam Aznou Aznou,Málaga,,0,2026-09-25
cronistas_md,6,Adam Aznou Aznou,Málaga,,0,2026-09-25
cronistas_md,5,Adam Aznou Aznou,Málaga,,0,2026-09-25
cronistas_md,4,Adam Aznou Aznou,Málaga,,0,2026-09-25
cronistas_md,7,Adrián Niño Niño,Málaga,2.0,1,2026-09-25
cronistas_md,6,Adrián Niño Niño,Málaga,2.0,1,2026-09-25
cronistas_md,5,Adrián Niño Niño,Málaga,13.0,1,2026-09-25
cronistas_md,4,Adrián Niño Niño,Málaga,,0,2026-09-25
cronistas_md,3,Adrián Niño Niño,Málaga,,0,2026-09-25
cronistas_md,2,Adrián Niño Niño,Málaga,,0,2026-09-25
cronistas_md,1,Adrián Niño Niño,Málaga,,0,2026-09-25
cronistas_md,7,Andrés Céspedes Céspedes,Málaga,,0,2026-09-25
cronistas_md,6,Andrés Céspedes Céspedes,Málaga,,0,2026-09-25
cronistas_md,5,Andrés Céspedes Céspedes,Málaga,,0,2026-09-25
cronistas_md,4,Andrés Céspedes Céspedes,Málaga,,0,2026-09-25
cronistas_md,3,Andrés Céspedes Céspedes,Málaga,,0,2026-09-25
cronistas_md,2,Andrés Céspedes Céspedes,Málaga,,0,2026-09-25
cronistas_md,1,Andrés Céspedes Céspedes,Málaga,,0,2026-09-25
cronistas_md,7,Rubén García Rubén G.,Osasuna,2.0,1,2026-09-25
cronistas_md,6,Rubén García Rubén G.,Osasuna,2.0,1,2026-09-25
cronistas_md,5,Rubén García Rubén G.,Osasuna,2.0,1,2026-09-25
cronistas_md,4,Rubén García Rubén G.,Osasuna,2.0,1,2026-09-25
cronistas_md,3,Rubén García Rubén G.,Osasuna,2.0,1,2026-09-25
cronistas_md,1,Rubén García Rubén G.,Osasuna,2.0,1,2026-09-25
cronistas_md,2,Rubén García Rubén G.,Osasuna,2.0,1,2026-09-25
cronistas_md,7,Aitor Fernández Aitor,Osasuna,2.0,1,2026-09-25
cronistas_md,6,Aitor Fernández Aitor,Osasuna,10.0,1,2026-09-25
cronistas_md,5,Aitor Fernández Aitor,Osasuna,,0,2026-09-25
cronistas_md,4,Aitor Fernández Aitor,Osasuna,,0,2026-09-25
cronistas_md,3,Aitor Fernández Aitor,Osasuna,,0,2026-09-25
cronistas_md,1,Aitor Fernández Aitor,Osasuna,,0,2026-09-25
cronistas_md,2,Aitor Fernández Aitor,Osasuna,,0,2026-09-25
cronistas_md,7,Moi Gómez Moi Gómez,Osasuna,,0,2026-09-25
cronistas_md,6,Moi Gómez Moi Gómez,Osasuna,,0,2026-09-25
cronistas_md,5,Moi Gómez Moi Gómez,Osasuna,,0,2026-09-25
cronistas_md,4,Moi Gómez Moi Gómez,Osasuna,6.0,1,2026-09-25
cronistas_md,3,Moi Gómez Moi Gómez,Osasuna,6.0,1,2026-09-25
cronistas_md,1,Moi Gómez Moi Gómez,Osasuna,2.0,1,2026-09-25
cronistas_md,2,Moi Gómez Moi Gómez,Osasuna,2.0,1,2026-09-25
cronistas_md,7,Lucas Torró Torró,Osasuna,2.0,1,2026-09-25
cronistas_md,6,Lucas Torró Torró,Osasuna,2.0,1,2026-09-25
cronistas_md,5,Lucas Torró Torró,Osasuna,,0,2026-09-25
cronistas_md,4,Lucas Torró Torró,Osasuna,,0,2026-09-25
cronistas_md,3,Lucas Torró Torró,Osasuna,2.0,1,2026-09-25
cronistas_md,1,Lucas Torró Torró,Osasuna,2.0,1,2026-09-25
cronistas_md,2,Lucas Torró Torró,Osasuna,0.0,1,2026-09-25
cronistas_md,7,Kike Barja Kike Barja,Osasuna,2.0,1,2026-09-25
cronistas_md,6,Kike Barja Kike Barja,Osasuna,2.0,1,2026-09-25
cronistas_md,5,Kike Barja Kike Barja,Osasuna,6.0,1,2026-09-25
cronistas_md,4,Kike Barja Kike Barja,Osasuna,,0,2026-09-25
cronistas_md,3,Kike Barja Kike Barja,Osasuna,2.0,1,2026-09-25
cronistas_md,1,Kike Barja Kike Barja,Osasuna,10.0,1,2026-09-25
cronistas_md,2,Kike Barja Kike Barja,Osasuna,0.0,1,2026-09-25
cronistas_md,7,Diego Rico Diego Rico,Osasuna,2.0,1,2026-09-25
cronistas_md,6,Diego Rico Diego Rico,Osasuna,,0,2026-09-25
cronistas_md,5,Diego Rico Diego Rico,Osasuna,-2.0,1,2026-09-25
cronistas_md,4,Diego Rico Diego Rico,Osasuna,,0,2026-09-25
cronistas_md,3,Diego Rico Diego Rico,Osasuna,,0,2026-09-25
cronistas_md,1,Diego Rico Diego Rico,Osasuna,,0,2026-09-25
cronistas_md,2,Diego Rico Diego Rico,Osasuna,,0,2026-09-25
cronistas_md,7,Alejandro Catena Catena,Osasuna,2.0,1,2026-09-25
cronistas_md,6,Alejandro Catena Catena,Osasuna,,0,2026-09-25
cronistas_md,5,Alejandro Catena Catena,Osasuna,-2.0,1,2026-09-25
cronistas_md,4,Alejandro Catena Catena,Osasuna,-2.0,1,2026-09-25
cronistas_md,3,Alejandro Catena Catena,Osasuna,6.0,1,2026-09-25
cronistas_md,1,Alejandro Catena Catena,Osasuna,6.0,1,2026-09-25
cronistas_md,2,Alejandro Catena Catena,Osasuna,2.0,1,2026-09-25
cronistas_md,7,Sergio Herrera Herrera,Osasuna,,0,2026-09-25
cronistas_md,6,Sergio Herrera Herrera,Osasuna,,0,2026-09-25
cronistas_md,5,Sergio Herrera Herrera,Osasuna,2.0,1,2026-09-25
cronistas_md,4,Sergio Herrera Herrera,Osasuna,-2.0,1,2026-09-25
cronistas_md,3,Sergio Herrera Herrera,Osasuna,6.0,1,2026-09-25
cronistas_md,1,Sergio Herrera Herrera,Osasuna,2.0,1,2026-09-25
cronistas_md,2,Sergio Herrera Herrera,Osasuna,2.0,1,2026-09-25
cronistas_md,7,Ante Budimir Budimir,Osasuna,9.0,1,2026-09-25
cronistas_md,6,Ante Budimir Budimir,Osasuna,2.0,1,2026-09-25
cronistas_md,5,Ante Budimir Budimir,Osasuna,6.0,1,2026-09-25
cronistas_md,4,Ante Budimir Budimir,Osasuna,16.0,1,2026-09-25
cronistas_md,3,Ante Budimir Budimir,Osasuna,13.0,1,2026-09-25
cronistas_md,1,Ante Budimir Budimir,Osasuna,9.0,1,2026-09-25
cronistas_md,2,Ante Budimir Budimir,Osasuna,6.0,1,2026-09-25
cronistas_md,7,Raúl García Raúl García,Osasuna,2.0,1,2026-09-25
cronistas_md,6,Raúl García Raúl García,Osasuna,6.0,1,2026-09-25
cronistas_md,5,Raúl García Raúl García,Osasuna,2.0,1,2026-09-25
cronistas_md,4,Raúl García Raúl García,Osasuna,2.0,1,2026-09-25
cronistas_md,3,Raúl García Raúl García,Osasuna,2.0,1,2026-09-25
cronistas_md,1,Raúl García Raúl García,Osasuna,2.0,1,2026-09-25
cronistas_md,2,Raúl García Raúl García,Osasuna,2.0,1,2026-09-25
cronistas_md,7,Jorge Herrando Herrando,Osasuna,,0,2026-09-25
cronistas_md,6,Jorge Herrando Herrando,Osasuna,,0,2026-09-25
cronistas_md,5,Jorge Herrando Herrando,Osasuna,,0,2026-09-25
cronistas_md,4,Jorge Herrando Herrando,Osasuna,,0,2026-09-25
cronistas_md,3,Jorge Herrando Herrando,Osasuna,2.0,1,2026-09-25
cronistas_md,1,Jorge Herrando Herrando,Osasuna,2.0,1,2026-09-25
cronistas_md,2,Jorge Herrando Herrando,Osasuna,2.0,1,2026-09-25
cronistas_md,7,Aimar Oroz Oroz,Osasuna,,0,2026-09-25
cronistas_md,6,Aimar Oroz Oroz,Osasuna,,0,2026-09-25
cronistas_md,5,Aimar Oroz Oroz,Osasuna,,0,2026-09-25
cronistas_md,4,Aimar Oroz Oroz,Osasuna,,0,2026-09-25
cronistas_md,3,Aimar Oroz Oroz,Osasuna,2.0,1,2026-09-25
cronistas_md,1,Aimar Oroz Oroz,Osasuna,0.0,1,2026-09-25
cronistas_md,2,Aimar Oroz Oroz,Osasuna,2.0,1,2026-09-25
cronistas_md,7,Jon Moncayola Moncayola,Osasuna,2.0,1,2026-09-25
cronistas_md,6,Jon Moncayola Moncayola,Osasuna,2.0,1,2026-09-25
cronistas_md,5,Jon Moncayola Moncayola,Osasuna,2.0,1,2026-09-25
cronistas_md,4,Jon Moncayola Moncayola,Osasuna,-2.0,1,2026-09-25
cronistas_md,3,Jon Moncayola Moncayola,Osasuna,6.0,1,2026-09-25
cronistas_md,1,Jon Moncayola Moncayola,Osasuna,2.0,1,2026-09-25
cronistas_md,2,Jon Moncayola Moncayola,Osasuna,2.0,1,2026-09-25
cronistas_md,7,Raul Moro Raul Moro,Osasuna,2.0,1,2026-09-25
cronistas_md,6,Raul Moro Raul Moro,Osasuna,6.0,1,2026-09-25
cronistas_md,5,Raul Moro Raul Moro,Osasuna,2.0,1,2026-09-25
cronistas_md,4,Raul Moro Raul Moro,Osasuna,6.0,1,2026-09-25
cronistas_md,3,Raul Moro Raul Moro,Osasuna,,0,2026-09-25
cronistas_md,1,Raul Moro Raul Moro,Osasuna,,0,2026-09-25
cronistas_md,2,Raul Moro Raul Moro,Osasuna,2.0,1,2026-09-25
cronistas_md,7,Boyomo Boyomo,Osasuna,,0,2026-09-25
cronistas_md,6,Boyomo Boyomo,Osasuna,6.0,1,2026-09-25
cronistas_md,5,Boyomo Boyomo,Osasuna,,0,2026-09-25
cronistas_md,4,Boyomo Boyomo,Osasuna,2.0,1,2026-09-25
cronistas_md,3,Boyomo Boyomo,Osasuna,2.0,1,2026-09-25
cronistas_md,1,Boyomo Boyomo,Osasuna,,0,2026-09-25
cronistas_md,2,Boyomo Boyomo,Osasuna,,0,2026-09-25
cronistas_md,7,Jonathan Dubasin Dubasin,Osasuna,2.0,1,2026-09-25
cronistas_md,6,Jonathan Dubasin Dubasin,Osasuna,6.0,1,2026-09-25
cronistas_md,5,Jonathan Dubasin Dubasin,Osasuna,2.0,1,2026-09-25
cronistas_md,4,Jonathan Dubasin Dubasin,Osasuna,2.0,1,2026-09-25
cronistas_md,3,Jonathan Dubasin Dubasin,Osasuna,2.0,1,2026-09-25
cronistas_md,1,Jonathan Dubasin Dubasin,Osasuna,2.0,1,2026-09-25
cronistas_md,2,Jonathan Dubasin Dubasin,Osasuna,0.0,1,2026-09-25
cronistas_md,7,Abel Bretones Bretones,Osasuna,2.0,1,2026-09-25
cronistas_md,6,Abel Bretones Bretones,Osasuna,2.0,1,2026-09-25
cronistas_md,5,Abel Bretones Bretones,Osasuna,2.0,1,2026-09-25
cronistas_md,4,Abel Bretones Bretones,Osasuna,-2.0,1,2026-09-25
cronistas_md,3,Abel Bretones Bretones,Osasuna,2.0,1,2026-09-25
cronistas_md,1,Abel Bretones Bretones,Osasuna,2.0,1,2026-09-25
cronistas_md,2,Abel Bretones Bretones,Osasuna,2.0,1,2026-09-25
cronistas_md,7,Iker Muñoz Iker Muñoz,Osasuna,2.0,1,2026-09-25
cronistas_md,6,Iker Muñoz Iker Muñoz,Osasuna,,0,2026-09-25
cronistas_md,5,Iker Muñoz Iker Muñoz,Osasuna,-2.0,1,2026-09-25
cronistas_md,4,Iker Muñoz Iker Muñoz,Osasuna,2.0,1,2026-09-25
cronistas_md,3,Iker Muñoz Iker Muñoz,Osasuna,2.0,1,2026-09-25
cronistas_md,1,Iker Muñoz Iker Muñoz,Osasuna,6.0,1,2026-09-25
cronistas_md,2,Iker Muñoz Iker Muñoz,Osasuna,2.0,1,2026-09-25
cronistas_md,7,Asier Osambela Osambela,Osasuna,2.0,1,2026-09-25
cronistas_md,6,Asier Osambela Osambela,Osasuna,2.0,1,2026-09-25
cronistas_md,5,Asier Osambela Osambela,Osasuna,2.0,1,2026-09-25
cronistas_md,4,Asier Osambela Osambela,Osasuna,0.0,1,2026-09-25
cronistas_md,3,Asier Osambela Osambela,Osasuna,,0,2026-09-25
cronistas_md,1,Asier Osambela Osambela,Osasuna,2.0,1,2026-09-25
cronistas_md,2,Asier Osambela Osambela,Osasuna,,0,2026-09-25
cronistas_md,7,Iñigo Arguibide Arguibide,Osasuna,2.0,1,2026-09-25
cronistas_md,6,Iñigo Arguibide Arguibide,Osasuna,6.0,1,2026-09-25
cronistas_md,5,Iñigo Arguibide Arguibide,Osasuna,2.0,1,2026-09-25
cronistas_md,4,Iñigo Arguibide Arguibide,Osasuna,-2.0,1,2026-09-25
cronistas_md,3,Iñigo Arguibide Arguibide,Osasuna,6.0,1,2026-09-25
cronistas_md,1,Iñigo Arguibide Arguibide,Osasuna,2.0,1,2026-09-25
cronistas_md,2,Iñigo Arguibide Arguibide,Osasuna,2.0,1,2026-09-25
cronistas_md,7,Rafa Fernández Rafa,Osasuna,,0,2026-09-25
cronistas_md,6,Rafa Fernández Rafa,Osasuna,,0,2026-09-25
cronistas_md,5,Rafa Fernández Rafa,Osasuna,,0,2026-09-25
cronistas_md,4,Rafa Fernández Rafa,Osasuna,,0,2026-09-25
cronistas_md,3,Rafa Fernández Rafa,Osasuna,,0,2026-09-25
cronistas_md,1,Rafa Fernández Rafa,Osasuna,,0,2026-09-25
cronistas_md,2,Rafa Fernández Rafa,Osasuna,,0,2026-09-25
cronistas_md,7,Mauro Echegoyen Echegoyen,Osasuna,,0,2026-09-25
cronistas_md,6,Mauro Echegoyen Echegoyen,Osasuna,,0,2026-09-25
cronistas_md,5,Mauro Echegoyen Echegoyen,Osasuna,,0,2026-09-25
cronistas_md,4,Mauro Echegoyen Echegoyen,Osasuna,,0,2026-09-25
cronistas_md,3,Mauro Echegoyen Echegoyen,Osasuna,,0,2026-09-25
cronistas_md,1,Mauro Echegoyen Echegoyen,Osasuna,,0,2026-09-25
cronistas_md,2,Mauro Echegoyen Echegoyen,Osasuna,,0,2026-09-25
cronistas_md,7,Unai Santos Unai Santos,Osasuna,2.0,1,2026-09-25
cronistas_md,6,Unai Santos Unai Santos,Osasuna,6.0,1,2026-09-25
cronistas_md,5,Unai Santos Unai Santos,Osasuna,,0,2026-09-25
cronistas_md,4,Unai Santos Unai Santos,Osasuna,,0,2026-09-25
cronistas_md,3,Unai Santos Unai Santos,Osasuna,,0,2026-09-25
cronistas_md,1,Unai Santos Unai Santos,Osasuna,,0,2026-09-25
cronistas_md,2,Unai Santos Unai Santos,Osasuna,,0,2026-09-25
cronistas_md,7,Asier Bonel Bonel,Osasuna,,0,2026-09-25
cronistas_md,6,Asier Bonel Bonel,Osasuna,,0,2026-09-25
cronistas_md,5,Asier Bonel Bonel,Osasuna,,0,2026-09-25
cronistas_md,4,Asier Bonel Bonel,Osasuna,,0,2026-09-25
cronistas_md,3,Asier Bonel Bonel,Osasuna,,0,2026-09-25
cronistas_md,1,Asier Bonel Bonel,Osasuna,,0,2026-09-25
cronistas_md,2,Asier Bonel Bonel,Osasuna,,0,2026-09-25
cronistas_md,7,Rockson Yeboah Yeboah,Osasuna,,0,2026-09-25
cronistas_md,6,Rockson Yeboah Yeboah,Osasuna,6.0,1,2026-09-25
cronistas_md,5,Rockson Yeboah Yeboah,Osasuna,-2.0,1,2026-09-25
cronistas_md,4,Rockson Yeboah Yeboah,Osasuna,-2.0,1,2026-09-25
cronistas_md,3,Rockson Yeboah Yeboah,Osasuna,,0,2026-09-25
cronistas_md,1,Rockson Yeboah Yeboah,Osasuna,,0,2026-09-25
cronistas_md,2,Rockson Yeboah Yeboah,Osasuna,,0,2026-09-25
cronistas_md,7,Romain Del Castillo Del Castillo,Osasuna,,0,2026-09-25
cronistas_md,6,Romain Del Castillo Del Castillo,Osasuna,2.0,1,2026-09-25
cronistas_md,5,Romain Del Castillo Del Castillo,Osasuna,2.0,1,2026-09-25
cronistas_md,4,Romain Del Castillo Del Castillo,Osasuna,,0,2026-09-25
cronistas_md,7,Mikel Bermejo Bermejo,Osasuna,,0,2026-09-25
cronistas_md,6,Mikel Bermejo Bermejo,Osasuna,,0,2026-09-25
cronistas_md,5,Mikel Bermejo Bermejo,Osasuna,,0,2026-09-25
cronistas_md,4,Mikel Bermejo Bermejo,Osasuna,,0,2026-09-25
cronistas_md,3,Mikel Bermejo Bermejo,Osasuna,,0,2026-09-25
cronistas_md,1,Mikel Bermejo Bermejo,Osasuna,,0,2026-09-25
cronistas_md,2,Mikel Bermejo Bermejo,Osasuna,,0,2026-09-25
cronistas_md,7,Florian Lejeune Lejeune,Rayo,2.0,1,2026-09-25
cronistas_md,6,Florian Lejeune Lejeune,Rayo,2.0,1,2026-09-25
cronistas_md,5,Florian Lejeune Lejeune,Rayo,-2.0,1,2026-09-25
cronistas_md,4,Florian Lejeune Lejeune,Rayo,6.0,1,2026-09-25
cronistas_md,3,Florian Lejeune Lejeune,Rayo,-2.0,1,2026-09-25
cronistas_md,2,Florian Lejeune Lejeune,Rayo,6.0,1,2026-09-25
cronistas_md,1,Florian Lejeune Lejeune,Rayo,2.0,1,2026-09-25
cronistas_md,7,Álvaro García Álvaro García,Rayo,2.0,1,2026-09-25
cronistas_md,6,Álvaro García Álvaro García,Rayo,14.0,1,2026-09-25
cronistas_md,5,Álvaro García Álvaro García,Rayo,2.0,1,2026-09-25
cronistas_md,4,Álvaro García Álvaro García,Rayo,2.0,1,2026-09-25
cronistas_md,3,Álvaro García Álvaro García,Rayo,6.0,1,2026-09-25
cronistas_md,2,Álvaro García Álvaro García,Rayo,2.0,1,2026-09-25
cronistas_md,1,Álvaro García Álvaro García,Rayo,10.0,1,2026-09-25
cronistas_md,7,Unai López Unai López,Rayo,2.0,1,2026-09-25
cronistas_md,6,Unai López Unai López,Rayo,2.0,1,2026-09-25
cronistas_md,5,Unai López Unai López,Rayo,2.0,1,2026-09-25
cronistas_md,4,Unai López Unai López,Rayo,10.0,1,2026-09-25
cronistas_md,3,Unai López Unai López,Rayo,2.0,1,2026-09-25
cronistas_md,2,Unai López Unai López,Rayo,2.0,1,2026-09-25
cronistas_md,1,Unai López Unai López,Rayo,2.0,1,2026-09-25
cronistas_md,7,Pedro Díaz Pedro Díaz,Rayo,2.0,1,2026-09-25
cronistas_md,6,Pedro Díaz Pedro Díaz,Rayo,2.0,1,2026-09-25
cronistas_md,5,Pedro Díaz Pedro Díaz,Rayo,6.0,1,2026-09-25
cronistas_md,4,Pedro Díaz Pedro Díaz,Rayo,6.0,1,2026-09-25
cronistas_md,3,Pedro Díaz Pedro Díaz,Rayo,2.0,1,2026-09-25
cronistas_md,2,Pedro Díaz Pedro Díaz,Rayo,,0,2026-09-25
cronistas_md,1,Pedro Díaz Pedro Díaz,Rayo,2.0,1,2026-09-25
cronistas_md,7,Andrei Ratiu Ratiu,Rayo,6.0,1,2026-09-25
cronistas_md,6,Andrei Ratiu Ratiu,Rayo,6.0,1,2026-09-25
cronistas_md,5,Andrei Ratiu Ratiu,Rayo,2.0,1,2026-09-25
cronistas_md,4,Andrei Ratiu Ratiu,Rayo,15.0,1,2026-09-25
cronistas_md,3,Andrei Ratiu Ratiu,Rayo,,0,2026-09-25
cronistas_md,2,Andrei Ratiu Ratiu,Rayo,2.0,1,2026-09-25
cronistas_md,1,Andrei Ratiu Ratiu,Rayo,6.0,1,2026-09-25
cronistas_md,7,Sergio Camello Camello,Rayo,9.0,1,2026-09-25
cronistas_md,6,Sergio Camello Camello,Rayo,6.0,1,2026-09-25
cronistas_md,5,Sergio Camello Camello,Rayo,9.0,1,2026-09-25
cronistas_md,4,Sergio Camello Camello,Rayo,16.0,1,2026-09-25
cronistas_md,3,Sergio Camello Camello,Rayo,16.0,1,2026-09-25
cronistas_md,2,Sergio Camello Camello,Rayo,9.0,1,2026-09-25
cronistas_md,1,Sergio Camello Camello,Rayo,2.0,1,2026-09-25
cronistas_md,7,Jorge de Frutos De Frutos,Rayo,2.0,1,2026-09-25
cronistas_md,6,Jorge de Frutos De Frutos,Rayo,,0,2026-09-25
cronistas_md,5,Jorge de Frutos De Frutos,Rayo,,0,2026-09-25
cronistas_md,4,Jorge de Frutos De Frutos,Rayo,-4.0,1,2026-09-25
cronistas_md,3,Jorge de Frutos De Frutos,Rayo,-2.0,1,2026-09-25
cronistas_md,2,Jorge de Frutos De Frutos,Rayo,2.0,1,2026-09-25
cronistas_md,1,Jorge de Frutos De Frutos,Rayo,2.0,1,2026-09-25
cronistas_md,7,Randy Nteka Nteka,Rayo,,0,2026-09-25
cronistas_md,6,Randy Nteka Nteka,Rayo,,0,2026-09-25
cronistas_md,5,Randy Nteka Nteka,Rayo,,0,2026-09-25
cronistas_md,4,Randy Nteka Nteka,Rayo,,0,2026-09-25
cronistas_md,3,Randy Nteka Nteka,Rayo,2.0,1,2026-09-25
cronistas_md,2,Randy Nteka Nteka,Rayo,-2.0,1,2026-09-25
cronistas_md,1,Randy Nteka Nteka,Rayo,2.0,1,2026-09-25
cronistas_md,7,Óscar Valentín Valentín,Rayo,2.0,1,2026-09-25
cronistas_md,6,Óscar Valentín Valentín,Rayo,2.0,1,2026-09-25
cronistas_md,5,Óscar Valentín Valentín,Rayo,2.0,1,2026-09-25
cronistas_md,4,Óscar Valentín Valentín,Rayo,2.0,1,2026-09-25
cronistas_md,3,Óscar Valentín Valentín,Rayo,2.0,1,2026-09-25
cronistas_md,2,Óscar Valentín Valentín,Rayo,2.0,1,2026-09-25
cronistas_md,1,Óscar Valentín Valentín,Rayo,2.0,1,2026-09-25
cronistas_md,7,Isi Palazón Isi,Rayo,,0,2026-09-25
cronistas_md,6,Isi Palazón Isi,Rayo,,0,2026-09-25
cronistas_md,5,Isi Palazón Isi,Rayo,,0,2026-09-25
cronistas_md,4,Isi Palazón Isi,Rayo,,0,2026-09-25
cronistas_md,3,Isi Palazón Isi,Rayo,,0,2026-09-25
cronistas_md,2,Isi Palazón Isi,Rayo,0.0,1,2026-09-25
cronistas_md,1,Isi Palazón Isi,Rayo,6.0,1,2026-09-25
cronistas_md,7,Iván Balliu Balliu,Rayo,0.0,1,2026-09-25
cronistas_md,6,Iván Balliu Balliu,Rayo,0.0,1,2026-09-25
cronistas_md,5,Iván Balliu Balliu,Rayo,2.0,1,2026-09-25
cronistas_md,4,Iván Balliu Balliu,Rayo,2.0,1,2026-09-25
cronistas_md,3,Iván Balliu Balliu,Rayo,2.0,1,2026-09-25
cronistas_md,2,Iván Balliu Balliu,Rayo,,0,2026-09-25
cronistas_md,1,Iván Balliu Balliu,Rayo,2.0,1,2026-09-25
cronistas_md,7,Pathé Ciss Pathé Ciss,Rayo,2.0,1,2026-09-25
cronistas_md,6,Pathé Ciss Pathé Ciss,Rayo,6.0,1,2026-09-25
cronistas_md,5,Pathé Ciss Pathé Ciss,Rayo,2.0,1,2026-09-25
cronistas_md,4,Pathé Ciss Pathé Ciss,Rayo,2.0,1,2026-09-25
cronistas_md,3,Pathé Ciss Pathé Ciss,Rayo,2.0,1,2026-09-25
cronistas_md,2,Pathé Ciss Pathé Ciss,Rayo,6.0,1,2026-09-25
cronistas_md,1,Pathé Ciss Pathé Ciss,Rayo,2.0,1,2026-09-25
cronistas_md,7,Dani Cárdenas Cárdenas,Rayo,,0,2026-09-25
cronistas_md,6,Dani Cárdenas Cárdenas,Rayo,,0,2026-09-25
cronistas_md,5,Dani Cárdenas Cárdenas,Rayo,,0,2026-09-25
cronistas_md,4,Dani Cárdenas Cárdenas,Rayo,2.0,1,2026-09-25
cronistas_md,3,Dani Cárdenas Cárdenas,Rayo,2.0,1,2026-09-25
cronistas_md,2,Dani Cárdenas Cárdenas,Rayo,2.0,1,2026-09-25
cronistas_md,1,Dani Cárdenas Cárdenas,Rayo,,0,2026-09-25
cronistas_md,7,Fran Pérez Fran Pérez,Rayo,,0,2026-09-25
cronistas_md,6,Fran Pérez Fran Pérez,Rayo,2.0,1,2026-09-25
cronistas_md,5,Fran Pérez Fran Pérez,Rayo,,0,2026-09-25
cronistas_md,4,Fran Pérez Fran Pérez,Rayo,-8.0,1,2026-09-25
cronistas_md,3,Fran Pérez Fran Pérez,Rayo,6.0,1,2026-09-25
cronistas_md,2,Fran Pérez Fran Pérez,Rayo,2.0,1,2026-09-25
cronistas_md,1,Fran Pérez Fran Pérez,Rayo,2.0,1,2026-09-25
cronistas_md,7,Alemão Alemão,Rayo,2.0,1,2026-09-25
cronistas_md,6,Alemão Alemão,Rayo,0.0,1,2026-09-25
cronistas_md,5,Alemão Alemão,Rayo,2.0,1,2026-09-25
cronistas_md,4,Alemão Alemão,Rayo,2.0,1,2026-09-25
cronistas_md,3,Alemão Alemão,Rayo,2.0,1,2026-09-25
cronistas_md,2,Alemão Alemão,Rayo,,0,2026-09-25
cronistas_md,1,Alemão Alemão,Rayo,2.0,1,2026-09-25
cronistas_md,7,Augusto Batalla Batalla,Rayo,,0,2026-09-25
cronistas_md,6,Augusto Batalla Batalla,Rayo,,0,2026-09-25
cronistas_md,5,Augusto Batalla Batalla,Rayo,,0,2026-09-25
cronistas_md,4,Augusto Batalla Batalla,Rayo,,0,2026-09-25
cronistas_md,3,Augusto Batalla Batalla,Rayo,,0,2026-09-25
cronistas_md,2,Augusto Batalla Batalla,Rayo,6.0,1,2026-09-25
cronistas_md,1,Augusto Batalla Batalla,Rayo,2.0,1,2026-09-25
cronistas_md,7,Pelayo Fernández Pelayo,Rayo,,0,2026-09-25
cronistas_md,6,Pelayo Fernández Pelayo,Rayo,,0,2026-09-25
cronistas_md,5,Pelayo Fernández Pelayo,Rayo,,0,2026-09-25
cronistas_md,4,Pelayo Fernández Pelayo,Rayo,,0,2026-09-25
cronistas_md,3,Pelayo Fernández Pelayo,Rayo,,0,2026-09-25
cronistas_md,2,Pelayo Fernández Pelayo,Rayo,-2.0,1,2026-09-25
cronistas_md,1,Pelayo Fernández Pelayo,Rayo,2.0,1,2026-09-25
cronistas_md,7,Sergio José Lozano Lozano,Rayo,,0,2026-09-25
cronistas_md,6,Sergio José Lozano Lozano,Rayo,,0,2026-09-25
cronistas_md,5,Sergio José Lozano Lozano,Rayo,,0,2026-09-25
cronistas_md,4,Sergio José Lozano Lozano,Rayo,,0,2026-09-25
cronistas_md,3,Sergio José Lozano Lozano,Rayo,,0,2026-09-25
cronistas_md,2,Sergio José Lozano Lozano,Rayo,,0,2026-09-25
cronistas_md,1,Sergio José Lozano Lozano,Rayo,,0,2026-09-25
cronistas_md,7,Marco de la Sías De la Sías,Rayo,,0,2026-09-25
cronistas_md,6,Marco de la Sías De la Sías,Rayo,,0,2026-09-25
cronistas_md,5,Marco de la Sías De la Sías,Rayo,,0,2026-09-25
cronistas_md,4,Marco de la Sías De la Sías,Rayo,,0,2026-09-25
cronistas_md,3,Marco de la Sías De la Sías,Rayo,,0,2026-09-25
cronistas_md,2,Marco de la Sías De la Sías,Rayo,,0,2026-09-25
cronistas_md,1,Marco de la Sías De la Sías,Rayo,,0,2026-09-25
cronistas_md,7,Jozhua Vertrouwd Vertrouwd,Rayo,,0,2026-09-25
cronistas_md,6,Jozhua Vertrouwd Vertrouwd,Rayo,,0,2026-09-25
cronistas_md,5,Jozhua Vertrouwd Vertrouwd,Rayo,,0,2026-09-25
cronistas_md,4,Jozhua Vertrouwd Vertrouwd,Rayo,,0,2026-09-25
cronistas_md,3,Jozhua Vertrouwd Vertrouwd,Rayo,-2.0,1,2026-09-25
cronistas_md,2,Jozhua Vertrouwd Vertrouwd,Rayo,2.0,1,2026-09-25
cronistas_md,1,Jozhua Vertrouwd Vertrouwd,Rayo,,0,2026-09-25
cronistas_md,7,Iván Alonso Iván Alonso,Rayo,,0,2026-09-25
cronistas_md,6,Iván Alonso Iván Alonso,Rayo,,0,2026-09-25
cronistas_md,5,Iván Alonso Iván Alonso,Rayo,,0,2026-09-25
cronistas_md,4,Iván Alonso Iván Alonso,Rayo,,0,2026-09-25
cronistas_md,3,Iván Alonso Iván Alonso,Rayo,,0,2026-09-25
cronistas_md,2,Iván Alonso Iván Alonso,Rayo,,0,2026-09-25
cronistas_md,1,Iván Alonso Iván Alonso,Rayo,,0,2026-09-25
cronistas_md,7,Marco Román Román,Rayo,,0,2026-09-25
cronistas_md,6,Marco Román Román,Rayo,,0,2026-09-25
cronistas_md,5,Marco Román Román,Rayo,,0,2026-09-25
cronistas_md,4,Marco Román Román,Rayo,,0,2026-09-25
cronistas_md,3,Marco Román Román,Rayo,,0,2026-09-25
cronistas_md,2,Marco Román Román,Rayo,,0,2026-09-25
cronistas_md,1,Marco Román Román,Rayo,,0,2026-09-25
cronistas_md,7,Georgiy Tsitaishvili Tsitaishvili,Rayo,2.0,1,2026-09-25
cronistas_md,6,Georgiy Tsitaishvili Tsitaishvili,Rayo,6.0,1,2026-09-25
cronistas_md,5,Georgiy Tsitaishvili Tsitaishvili,Rayo,2.0,1,2026-09-25
cronistas_md,4,Georgiy Tsitaishvili Tsitaishvili,Rayo,2.0,1,2026-09-25
cronistas_md,3,Georgiy Tsitaishvili Tsitaishvili,Rayo,,0,2026-09-25
cronistas_md,2,Georgiy Tsitaishvili Tsitaishvili,Rayo,,0,2026-09-25
cronistas_md,1,Georgiy Tsitaishvili Tsitaishvili,Rayo,,0,2026-09-25
cronistas_md,7,Adrià Pedrosa Pedrosa,Rayo,6.0,1,2026-09-25
cronistas_md,6,Adrià Pedrosa Pedrosa,Rayo,11.0,1,2026-09-25
cronistas_md,5,Adrià Pedrosa Pedrosa,Rayo,2.0,1,2026-09-25
cronistas_md,4,Adrià Pedrosa Pedrosa,Rayo,2.0,1,2026-09-25
cronistas_md,3,Adrià Pedrosa Pedrosa,Rayo,2.0,1,2026-09-25
cronistas_md,2,Adrià Pedrosa Pedrosa,Rayo,,0,2026-09-25
cronistas_md,1,Adrià Pedrosa Pedrosa,Rayo,,0,2026-09-25
cronistas_md,7,Adrián Molina Molina,Rayo,,0,2026-09-25
cronistas_md,6,Adrián Molina Molina,Rayo,,0,2026-09-25
cronistas_md,5,Adrián Molina Molina,Rayo,,0,2026-09-25
cronistas_md,4,Adrián Molina Molina,Rayo,,0,2026-09-25
cronistas_md,3,Adrián Molina Molina,Rayo,,0,2026-09-25
cronistas_md,2,Adrián Molina Molina,Rayo,,0,2026-09-25
cronistas_md,1,Adrián Molina Molina,Rayo,,0,2026-09-25
cronistas_md,7,Gnangoro Bouare Bouare,Rayo,0.0,1,2026-09-25
cronistas_md,6,Gnangoro Bouare Bouare,Rayo,0.0,1,2026-09-25
cronistas_md,5,Gnangoro Bouare Bouare,Rayo,2.0,1,2026-09-25
cronistas_md,4,Gnangoro Bouare Bouare,Rayo,6.0,1,2026-09-25
cronistas_md,3,Gnangoro Bouare Bouare,Rayo,2.0,1,2026-09-25
cronistas_md,2,Gnangoro Bouare Bouare,Rayo,,0,2026-09-25
cronistas_md,1,Gnangoro Bouare Bouare,Rayo,,0,2026-09-25
cronistas_md,7,Emil Audero Audero,Rayo,2.0,1,2026-09-25
cronistas_md,6,Emil Audero Audero,Rayo,2.0,1,2026-09-25
cronistas_md,5,Emil Audero Audero,Rayo,6.0,1,2026-09-25
cronistas_md,4,Emil Audero Audero,Rayo,,0,2026-09-25
cronistas_md,7,Mujaid Sadick Mujaid,Rayo,2.0,1,2026-09-25
cronistas_md,6,Mujaid Sadick Mujaid,Rayo,2.0,1,2026-09-25
cronistas_md,5,Mujaid Sadick Mujaid,Rayo,2.0,1,2026-09-25
cronistas_md,4,Mujaid Sadick Mujaid,Rayo,,0,2026-09-25
cronistas_md,7,Rayane Belaid Rayane,Rayo,,0,2026-09-25
cronistas_md,6,Rayane Belaid Rayane,Rayo,,0,2026-09-25
cronistas_md,5,Rayane Belaid Rayane,Rayo,2.0,1,2026-09-25
cronistas_md,4,Rayane Belaid Rayane,Rayo,,0,2026-09-25
cronistas_md,3,Rayane Belaid Rayane,Rayo,,0,2026-09-25
cronistas_md,2,Rayane Belaid Rayane,Rayo,,0,2026-09-25
cronistas_md,1,Rayane Belaid Rayane,Rayo,,0,2026-09-25
cronistas_md,7,Marash Kumbulla Kumbulla,Rayo,,0,2026-09-25
cronistas_md,6,Marash Kumbulla Kumbulla,Rayo,,0,2026-09-25
cronistas_md,5,Marash Kumbulla Kumbulla,Rayo,,0,2026-09-25
cronistas_md,4,Marash Kumbulla Kumbulla,Rayo,,0,2026-09-25
cronistas_md,3,Marash Kumbulla Kumbulla,Rayo,,0,2026-09-25
cronistas_md,2,Marash Kumbulla Kumbulla,Rayo,,0,2026-09-25
cronistas_md,1,Marash Kumbulla Kumbulla,Rayo,,0,2026-09-25
cronistas_md,7,Samu Becerra Becerra,Rayo,,0,2026-09-25
cronistas_md,6,Samu Becerra Becerra,Rayo,,0,2026-09-25
cronistas_md,5,Samu Becerra Becerra,Rayo,,0,2026-09-25
cronistas_md,4,Samu Becerra Becerra,Rayo,,0,2026-09-25
cronistas_md,3,Samu Becerra Becerra,Rayo,,0,2026-09-25
cronistas_md,2,Samu Becerra Becerra,Rayo,,0,2026-09-25
cronistas_md,1,Samu Becerra Becerra,Rayo,,0,2026-09-25
cronistas_md,7,Thibaut Courtois Courtois,Real Madrid,6.0,1,2026-09-25
cronistas_md,6,Thibaut Courtois Courtois,Real Madrid,2.0,1,2026-09-25
cronistas_md,5,Thibaut Courtois Courtois,Real Madrid,6.0,1,2026-09-25
cronistas_md,4,Thibaut Courtois Courtois,Real Madrid,2.0,1,2026-09-25
cronistas_md,3,Thibaut Courtois Courtois,Real Madrid,2.0,1,2026-09-25
cronistas_md,1,Thibaut Courtois Courtois,Real Madrid,2.0,1,2026-09-25
cronistas_md,2,Thibaut Courtois Courtois,Real Madrid,2.0,1,2026-09-25
cronistas_md,7,Antonio Rüdiger Rüdiger,Real Madrid,11.0,1,2026-09-25
cronistas_md,6,Antonio Rüdiger Rüdiger,Real Madrid,,0,2026-09-25
cronistas_md,5,Antonio Rüdiger Rüdiger,Real Madrid,2.0,1,2026-09-25
cronistas_md,4,Antonio Rüdiger Rüdiger,Real Madrid,,0,2026-09-25
cronistas_md,3,Antonio Rüdiger Rüdiger,Real Madrid,2.0,1,2026-09-25
cronistas_md,1,Antonio Rüdiger Rüdiger,Real Madrid,,0,2026-09-25
cronistas_md,2,Antonio Rüdiger Rüdiger,Real Madrid,,0,2026-09-25
cronistas_md,7,Kylian Mbappé Mbappé,Real Madrid,6.0,1,2026-09-25
cronistas_md,6,Kylian Mbappé Mbappé,Real Madrid,9.0,1,2026-09-25
cronistas_md,5,Kylian Mbappé Mbappé,Real Madrid,12.0,1,2026-09-25
cronistas_md,4,Kylian Mbappé Mbappé,Real Madrid,2.0,1,2026-09-25
cronistas_md,3,Kylian Mbappé Mbappé,Real Madrid,9.0,1,2026-09-25
cronistas_md,1,Kylian Mbappé Mbappé,Real Madrid,23.0,1,2026-09-25
cronistas_md,2,Kylian Mbappé Mbappé,Real Madrid,2.0,1,2026-09-25
cronistas_md,7,Bernardo Silva Bernardo Silva,Real Madrid,6.0,1,2026-09-25
cronistas_md,6,Bernardo Silva Bernardo Silva,Real Madrid,,0,2026-09-25
cronistas_md,5,Bernardo Silva Bernardo Silva,Real Madrid,2.0,1,2026-09-25
cronistas_md,4,Bernardo Silva Bernardo Silva,Real Madrid,2.0,1,2026-09-25
cronistas_md,3,Bernardo Silva Bernardo Silva,Real Madrid,2.0,1,2026-09-25
cronistas_md,1,Bernardo Silva Bernardo Silva,Real Madrid,2.0,1,2026-09-25
cronistas_md,2,Bernardo Silva Bernardo Silva,Real Madrid,2.0,1,2026-09-25
cronistas_md,7,Federico Valverde Valverde,Real Madrid,6.0,1,2026-09-25
cronistas_md,6,Federico Valverde Valverde,Real Madrid,2.0,1,2026-09-25
cronistas_md,5,Federico Valverde Valverde,Real Madrid,2.0,1,2026-09-25
cronistas_md,4,Federico Valverde Valverde,Real Madrid,2.0,1,2026-09-25
cronistas_md,3,Federico Valverde Valverde,Real Madrid,2.0,1,2026-09-25
cronistas_md,1,Federico Valverde Valverde,Real Madrid,2.0,1,2026-09-25
cronistas_md,2,Federico Valverde Valverde,Real Madrid,2.0,1,2026-09-25
cronistas_md,7,Trent Alexander-Arnold Alexander-Arnold,Real Madrid,,0,2026-09-25
cronistas_md,6,Trent Alexander-Arnold Alexander-Arnold,Real Madrid,2.0,1,2026-09-25
cronistas_md,5,Trent Alexander-Arnold Alexander-Arnold,Real Madrid,,0,2026-09-25
cronistas_md,4,Trent Alexander-Arnold Alexander-Arnold,Real Madrid,2.0,1,2026-09-25
cronistas_md,3,Trent Alexander-Arnold Alexander-Arnold,Real Madrid,6.0,1,2026-09-25
cronistas_md,1,Trent Alexander-Arnold Alexander-Arnold,Real Madrid,,0,2026-09-25
cronistas_md,2,Trent Alexander-Arnold Alexander-Arnold,Real Madrid,2.0,1,2026-09-25
cronistas_md,7,Ibrahima Konaté Konaté,Real Madrid,6.0,1,2026-09-25
cronistas_md,6,Ibrahima Konaté Konaté,Real Madrid,2.0,1,2026-09-25
cronistas_md,5,Ibrahima Konaté Konaté,Real Madrid,2.0,1,2026-09-25
cronistas_md,4,Ibrahima Konaté Konaté,Real Madrid,2.0,1,2026-09-25
cronistas_md,3,Ibrahima Konaté Konaté,Real Madrid,,0,2026-09-25
cronistas_md,1,Ibrahima Konaté Konaté,Real Madrid,2.0,1,2026-09-25
cronistas_md,2,Ibrahima Konaté Konaté,Real Madrid,6.0,1,2026-09-25
cronistas_md,7,Marc Cucurella Cucurella,Real Madrid,6.0,1,2026-09-25
cronistas_md,6,Marc Cucurella Cucurella,Real Madrid,2.0,1,2026-09-25
cronistas_md,5,Marc Cucurella Cucurella,Real Madrid,0.0,1,2026-09-25
cronistas_md,4,Marc Cucurella Cucurella,Real Madrid,2.0,1,2026-09-25
cronistas_md,3,Marc Cucurella Cucurella,Real Madrid,2.0,1,2026-09-25
cronistas_md,1,Marc Cucurella Cucurella,Real Madrid,2.0,1,2026-09-25
cronistas_md,2,Marc Cucurella Cucurella,Real Madrid,2.0,1,2026-09-25
cronistas_md,7,Brahim Díaz Brahim,Real Madrid,,0,2026-09-25
cronistas_md,6,Brahim Díaz Brahim,Real Madrid,2.0,1,2026-09-25
cronistas_md,5,Brahim Díaz Brahim,Real Madrid,,0,2026-09-25
cronistas_md,4,Brahim Díaz Brahim,Real Madrid,,0,2026-09-25
cronistas_md,3,Brahim Díaz Brahim,Real Madrid,2.0,1,2026-09-25
cronistas_md,1,Brahim Díaz Brahim,Real Madrid,2.0,1,2026-09-25
cronistas_md,2,Brahim Díaz Brahim,Real Madrid,,0,2026-09-25
cronistas_md,7,Andriy Lunin Lunin,Real Madrid,,0,2026-09-25
cronistas_md,6,Andriy Lunin Lunin,Real Madrid,,0,2026-09-25
cronistas_md,5,Andriy Lunin Lunin,Real Madrid,,0,2026-09-25
cronistas_md,4,Andriy Lunin Lunin,Real Madrid,,0,2026-09-25
cronistas_md,3,Andriy Lunin Lunin,Real Madrid,,0,2026-09-25
cronistas_md,1,Andriy Lunin Lunin,Real Madrid,,0,2026-09-25
cronistas_md,2,Andriy Lunin Lunin,Real Madrid,,0,2026-09-25
cronistas_md,7,Vinicius Junior Vinicius,Real Madrid,2.0,1,2026-09-25
cronistas_md,6,Vinicius Junior Vinicius,Real Madrid,2.0,1,2026-09-25
cronistas_md,5,Vinicius Junior Vinicius,Real Madrid,6.0,1,2026-09-25
cronistas_md,4,Vinicius Junior Vinicius,Real Madrid,2.0,1,2026-09-25
cronistas_md,3,Vinicius Junior Vinicius,Real Madrid,2.0,1,2026-09-25
cronistas_md,1,Vinicius Junior Vinicius,Real Madrid,9.0,1,2026-09-25
cronistas_md,2,Vinicius Junior Vinicius,Real Madrid,2.0,1,2026-09-25
cronistas_md,7,Denzel Dumfries Dumfries,Real Madrid,6.0,1,2026-09-25
cronistas_md,6,Denzel Dumfries Dumfries,Real Madrid,0.0,1,2026-09-25
cronistas_md,5,Denzel Dumfries Dumfries,Real Madrid,2.0,1,2026-09-25
cronistas_md,4,Denzel Dumfries Dumfries,Real Madrid,2.0,1,2026-09-25
cronistas_md,3,Denzel Dumfries Dumfries,Real Madrid,,0,2026-09-25
cronistas_md,1,Denzel Dumfries Dumfries,Real Madrid,2.0,1,2026-09-25
cronistas_md,2,Denzel Dumfries Dumfries,Real Madrid,2.0,1,2026-09-25
cronistas_md,7,Jude Bellingham Bellingham,Real Madrid,6.0,1,2026-09-25
cronistas_md,6,Jude Bellingham Bellingham,Real Madrid,2.0,1,2026-09-25
cronistas_md,5,Jude Bellingham Bellingham,Real Madrid,6.0,1,2026-09-25
cronistas_md,4,Jude Bellingham Bellingham,Real Madrid,2.0,1,2026-09-25
cronistas_md,3,Jude Bellingham Bellingham,Real Madrid,14.0,1,2026-09-25
cronistas_md,1,Jude Bellingham Bellingham,Real Madrid,10.0,1,2026-09-25
cronistas_md,2,Jude Bellingham Bellingham,Real Madrid,10.0,1,2026-09-25
cronistas_md,7,Eduardo Camavinga Camavinga,Real Madrid,2.0,1,2026-09-25
cronistas_md,6,Eduardo Camavinga Camavinga,Real Madrid,,0,2026-09-25
cronistas_md,5,Eduardo Camavinga Camavinga,Real Madrid,2.0,1,2026-09-25
cronistas_md,4,Eduardo Camavinga Camavinga,Real Madrid,2.0,1,2026-09-25
cronistas_md,3,Eduardo Camavinga Camavinga,Real Madrid,6.0,1,2026-09-25
cronistas_md,1,Eduardo Camavinga Camavinga,Real Madrid,2.0,1,2026-09-25
cronistas_md,2,Eduardo Camavinga Camavinga,Real Madrid,2.0,1,2026-09-25
cronistas_md,7,Álvaro F. Carreras A. F. Carreras,Real Madrid,,0,2026-09-25
cronistas_md,6,Álvaro F. Carreras A. F. Carreras,Real Madrid,,0,2026-09-25
cronistas_md,5,Álvaro F. Carreras A. F. Carreras,Real Madrid,11.0,1,2026-09-25
cronistas_md,4,Álvaro F. Carreras A. F. Carreras,Real Madrid,0.0,1,2026-09-25
cronistas_md,3,Álvaro F. Carreras A. F. Carreras,Real Madrid,,0,2026-09-25
cronistas_md,1,Álvaro F. Carreras A. F. Carreras,Real Madrid,-2.0,1,2026-09-25
cronistas_md,2,Álvaro F. Carreras A. F. Carreras,Real Madrid,2.0,1,2026-09-25
cronistas_md,7,Sergio Mestre Mestre,Real Madrid,,0,2026-09-25
cronistas_md,6,Sergio Mestre Mestre,Real Madrid,,0,2026-09-25
cronistas_md,5,Sergio Mestre Mestre,Real Madrid,,0,2026-09-25
cronistas_md,4,Sergio Mestre Mestre,Real Madrid,,0,2026-09-25
cronistas_md,3,Sergio Mestre Mestre,Real Madrid,,0,2026-09-25
cronistas_md,1,Sergio Mestre Mestre,Real Madrid,,0,2026-09-25
cronistas_md,2,Sergio Mestre Mestre,Real Madrid,,0,2026-09-25
cronistas_md,7,Arda Güler Güler,Real Madrid,6.0,1,2026-09-25
cronistas_md,6,Arda Güler Güler,Real Madrid,6.0,1,2026-09-25
cronistas_md,5,Arda Güler Güler,Real Madrid,10.0,1,2026-09-25
cronistas_md,4,Arda Güler Güler,Real Madrid,10.0,1,2026-09-25
cronistas_md,3,Arda Güler Güler,Real Madrid,6.0,1,2026-09-25
cronistas_md,1,Arda Güler Güler,Real Madrid,10.0,1,2026-09-25
cronistas_md,2,Arda Güler Güler,Real Madrid,6.0,1,2026-09-25
cronistas_md,7,Dean Huijsen Huijsen,Real Madrid,-4.0,1,2026-09-25
cronistas_md,6,Dean Huijsen Huijsen,Real Madrid,2.0,1,2026-09-25
cronistas_md,5,Dean Huijsen Huijsen,Real Madrid,,0,2026-09-25
cronistas_md,4,Dean Huijsen Huijsen,Real Madrid,2.0,1,2026-09-25
cronistas_md,3,Dean Huijsen Huijsen,Real Madrid,6.0,1,2026-09-25
cronistas_md,1,Dean Huijsen Huijsen,Real Madrid,2.0,1,2026-09-25
cronistas_md,2,Dean Huijsen Huijsen,Real Madrid,2.0,1,2026-09-25
cronistas_md,7,Carlos Espí Carlos Espí,Real Madrid,,0,2026-09-25
cronistas_md,6,Carlos Espí Carlos Espí,Real Madrid,9.0,1,2026-09-25
cronistas_md,5,Carlos Espí Carlos Espí,Real Madrid,,0,2026-09-25
cronistas_md,4,Carlos Espí Carlos Espí,Real Madrid,6.0,1,2026-09-25
cronistas_md,3,Carlos Espí Carlos Espí,Real Madrid,,0,2026-09-25
cronistas_md,1,Carlos Espí Carlos Espí,Real Madrid,2.0,1,2026-09-25
cronistas_md,2,Carlos Espí Carlos Espí,Real Madrid,13.0,1,2026-09-25
cronistas_md,7,Alexis Ciria Ciria,Real Madrid,,0,2026-09-25
cronistas_md,6,Alexis Ciria Ciria,Real Madrid,,0,2026-09-25
cronistas_md,5,Alexis Ciria Ciria,Real Madrid,,0,2026-09-25
cronistas_md,4,Alexis Ciria Ciria,Real Madrid,,0,2026-09-25
cronistas_md,3,Alexis Ciria Ciria,Real Madrid,,0,2026-09-25
cronistas_md,1,Alexis Ciria Ciria,Real Madrid,,0,2026-09-25
cronistas_md,2,Alexis Ciria Ciria,Real Madrid,,0,2026-09-25
cronistas_md,7,Mario Rivas Rivas,Real Madrid,,0,2026-09-25
cronistas_md,6,Mario Rivas Rivas,Real Madrid,,0,2026-09-25
cronistas_md,5,Mario Rivas Rivas,Real Madrid,,0,2026-09-25
cronistas_md,4,Mario Rivas Rivas,Real Madrid,,0,2026-09-25
cronistas_md,3,Mario Rivas Rivas,Real Madrid,,0,2026-09-25
cronistas_md,1,Mario Rivas Rivas,Real Madrid,,0,2026-09-25
cronistas_md,2,Mario Rivas Rivas,Real Madrid,,0,2026-09-25
cronistas_md,7,Yan Diomande Y. Diomande,Real Madrid,6.0,1,2026-09-25
cronistas_md,6,Yan Diomande Y. Diomande,Real Madrid,6.0,1,2026-09-25
cronistas_md,5,Yan Diomande Y. Diomande,Real Madrid,2.0,1,2026-09-25
cronistas_md,4,Yan Diomande Y. Diomande,Real Madrid,2.0,1,2026-09-25
cronistas_md,3,Yan Diomande Y. Diomande,Real Madrid,2.0,1,2026-09-25
cronistas_md,1,Yan Diomande Y. Diomande,Real Madrid,2.0,1,2026-09-25
cronistas_md,2,Yan Diomande Y. Diomande,Real Madrid,2.0,1,2026-09-25
cronistas_md,7,Jorge Cestero Cestero,Real Madrid,,0,2026-09-25
cronistas_md,6,Jorge Cestero Cestero,Real Madrid,,0,2026-09-25
cronistas_md,5,Jorge Cestero Cestero,Real Madrid,,0,2026-09-25
cronistas_md,4,Jorge Cestero Cestero,Real Madrid,,0,2026-09-25
cronistas_md,3,Jorge Cestero Cestero,Real Madrid,,0,2026-09-25
cronistas_md,1,Jorge Cestero Cestero,Real Madrid,,0,2026-09-25
cronistas_md,2,Jorge Cestero Cestero,Real Madrid,,0,2026-09-25
cronistas_md,7,Manuel Ángel Manuel Ángel,Real Madrid,,0,2026-09-25
cronistas_md,6,Manuel Ángel Manuel Ángel,Real Madrid,,0,2026-09-25
cronistas_md,5,Manuel Ángel Manuel Ángel,Real Madrid,,0,2026-09-25
cronistas_md,7,Javi Navarro Javi Navarro,Real Madrid,,0,2026-09-25
cronistas_md,6,Javi Navarro Javi Navarro,Real Madrid,,0,2026-09-25
cronistas_md,5,Javi Navarro Javi Navarro,Real Madrid,,0,2026-09-25
cronistas_md,4,Javi Navarro Javi Navarro,Real Madrid,,0,2026-09-25
cronistas_md,3,Javi Navarro Javi Navarro,Real Madrid,,0,2026-09-25
cronistas_md,1,Javi Navarro Javi Navarro,Real Madrid,,0,2026-09-25
cronistas_md,2,Javi Navarro Javi Navarro,Real Madrid,,0,2026-09-25
cronistas_md,7,Aurélien Tchouaméni Tchouaméni,Real Madrid,6.0,1,2026-09-25
cronistas_md,6,Aurélien Tchouaméni Tchouaméni,Real Madrid,2.0,1,2026-09-25
cronistas_md,5,Aurélien Tchouaméni Tchouaméni,Real Madrid,2.0,1,2026-09-25
cronistas_md,4,Aurélien Tchouaméni Tchouaméni,Real Madrid,,0,2026-09-25
cronistas_md,3,Aurélien Tchouaméni Tchouaméni,Real Madrid,,0,2026-09-25
cronistas_md,1,Aurélien Tchouaméni Tchouaméni,Real Madrid,,0,2026-09-25
cronistas_md,2,Aurélien Tchouaméni Tchouaméni,Real Madrid,,0,2026-09-25
cronistas_md,7,Raúl Asencio Asencio,Real Madrid,,0,2026-09-25
cronistas_md,6,Raúl Asencio Asencio,Real Madrid,,0,2026-09-25
cronistas_md,5,Raúl Asencio Asencio,Real Madrid,,0,2026-09-25
cronistas_md,4,Raúl Asencio Asencio,Real Madrid,,0,2026-09-25
cronistas_md,3,Raúl Asencio Asencio,Real Madrid,,0,2026-09-25
cronistas_md,1,Raúl Asencio Asencio,Real Madrid,,0,2026-09-25
cronistas_md,2,Raúl Asencio Asencio,Real Madrid,,0,2026-09-25
cronistas_md,7,Endrick Endrick,Real Madrid,,0,2026-09-25
cronistas_md,6,Endrick Endrick,Real Madrid,2.0,1,2026-09-25
cronistas_md,5,Endrick Endrick,Real Madrid,,0,2026-09-25
cronistas_md,4,Endrick Endrick,Real Madrid,,0,2026-09-25
cronistas_md,3,Endrick Endrick,Real Madrid,,0,2026-09-25
cronistas_md,1,Endrick Endrick,Real Madrid,,0,2026-09-25
cronistas_md,2,Endrick Endrick,Real Madrid,,0,2026-09-25
cronistas_md,7,Thiago Pitarch Thiago,Real Madrid,,0,2026-09-25
cronistas_md,6,Thiago Pitarch Thiago,Real Madrid,,0,2026-09-25
cronistas_md,5,Thiago Pitarch Thiago,Real Madrid,,0,2026-09-25
cronistas_md,4,Thiago Pitarch Thiago,Real Madrid,,0,2026-09-25
cronistas_md,3,Thiago Pitarch Thiago,Real Madrid,,0,2026-09-25
cronistas_md,1,Thiago Pitarch Thiago,Real Madrid,,0,2026-09-25
cronistas_md,2,Thiago Pitarch Thiago,Real Madrid,,0,2026-09-25
cronistas_md,7,Álex Remiro Remiro,Real Sociedad,0.0,1,2026-09-25
cronistas_md,5,Álex Remiro Remiro,Real Sociedad,6.0,1,2026-09-25
cronistas_md,4,Álex Remiro Remiro,Real Sociedad,,0,2026-09-25
cronistas_md,6,Álex Remiro Remiro,Real Sociedad,2.0,1,2026-09-25
cronistas_md,3,Álex Remiro Remiro,Real Sociedad,6.0,1,2026-09-25
cronistas_md,1,Álex Remiro Remiro,Real Sociedad,6.0,1,2026-09-25
cronistas_md,2,Álex Remiro Remiro,Real Sociedad,2.0,1,2026-09-25
cronistas_md,7,Mikel Oyarzabal Oyarzabal,Real Sociedad,0.0,1,2026-09-25
cronistas_md,5,Mikel Oyarzabal Oyarzabal,Real Sociedad,6.0,1,2026-09-25
cronistas_md,4,Mikel Oyarzabal Oyarzabal,Real Sociedad,2.0,1,2026-09-25
cronistas_md,6,Mikel Oyarzabal Oyarzabal,Real Sociedad,2.0,1,2026-09-25
cronistas_md,3,Mikel Oyarzabal Oyarzabal,Real Sociedad,10.0,1,2026-09-25
cronistas_md,1,Mikel Oyarzabal Oyarzabal,Real Sociedad,2.0,1,2026-09-25
cronistas_md,2,Mikel Oyarzabal Oyarzabal,Real Sociedad,6.0,1,2026-09-25
cronistas_md,7,Carlos Soler Carlos Soler,Real Sociedad,0.0,1,2026-09-25
cronistas_md,5,Carlos Soler Carlos Soler,Real Sociedad,6.0,1,2026-09-25
cronistas_md,4,Carlos Soler Carlos Soler,Real Sociedad,6.0,1,2026-09-25
cronistas_md,6,Carlos Soler Carlos Soler,Real Sociedad,0.0,1,2026-09-25
cronistas_md,3,Carlos Soler Carlos Soler,Real Sociedad,2.0,1,2026-09-25
cronistas_md,1,Carlos Soler Carlos Soler,Real Sociedad,2.0,1,2026-09-25
cronistas_md,2,Carlos Soler Carlos Soler,Real Sociedad,2.0,1,2026-09-25
cronistas_md,7,Igor Zubeldia Zubeldia,Real Sociedad,,0,2026-09-25
cronistas_md,5,Igor Zubeldia Zubeldia,Real Sociedad,,0,2026-09-25
cronistas_md,4,Igor Zubeldia Zubeldia,Real Sociedad,6.0,1,2026-09-25
cronistas_md,6,Igor Zubeldia Zubeldia,Real Sociedad,6.0,1,2026-09-25
cronistas_md,3,Igor Zubeldia Zubeldia,Real Sociedad,6.0,1,2026-09-25
cronistas_md,1,Igor Zubeldia Zubeldia,Real Sociedad,2.0,1,2026-09-25
cronistas_md,2,Igor Zubeldia Zubeldia,Real Sociedad,6.0,1,2026-09-25
cronistas_md,7,Sergio Gómez Sergio Gómez,Real Sociedad,0.0,1,2026-09-25
cronistas_md,5,Sergio Gómez Sergio Gómez,Real Sociedad,6.0,1,2026-09-25
cronistas_md,4,Sergio Gómez Sergio Gómez,Real Sociedad,2.0,1,2026-09-25
cronistas_md,6,Sergio Gómez Sergio Gómez,Real Sociedad,2.0,1,2026-09-25
cronistas_md,3,Sergio Gómez Sergio Gómez,Real Sociedad,6.0,1,2026-09-25
cronistas_md,1,Sergio Gómez Sergio Gómez,Real Sociedad,6.0,1,2026-09-25
cronistas_md,2,Sergio Gómez Sergio Gómez,Real Sociedad,2.0,1,2026-09-25
cronistas_md,7,Ander Barrenetxea Barrenetxea,Real Sociedad,0.0,1,2026-09-25
cronistas_md,5,Ander Barrenetxea Barrenetxea,Real Sociedad,6.0,1,2026-09-25
cronistas_md,4,Ander Barrenetxea Barrenetxea,Real Sociedad,,0,2026-09-25
cronistas_md,6,Ander Barrenetxea Barrenetxea,Real Sociedad,2.0,1,2026-09-25
cronistas_md,3,Ander Barrenetxea Barrenetxea,Real Sociedad,10.0,1,2026-09-25
cronistas_md,1,Ander Barrenetxea Barrenetxea,Real Sociedad,2.0,1,2026-09-25
cronistas_md,2,Ander Barrenetxea Barrenetxea,Real Sociedad,2.0,1,2026-09-25
cronistas_md,7,Aihen Muñoz Aihen,Real Sociedad,0.0,1,2026-09-25
cronistas_md,5,Aihen Muñoz Aihen,Real Sociedad,,0,2026-09-25
cronistas_md,4,Aihen Muñoz Aihen,Real Sociedad,,0,2026-09-25
cronistas_md,6,Aihen Muñoz Aihen,Real Sociedad,,0,2026-09-25
cronistas_md,3,Aihen Muñoz Aihen,Real Sociedad,,0,2026-09-25
cronistas_md,1,Aihen Muñoz Aihen,Real Sociedad,,0,2026-09-25
cronistas_md,2,Aihen Muñoz Aihen,Real Sociedad,2.0,1,2026-09-25
cronistas_md,7,Yangel Herrera Herrera,Real Sociedad,0.0,1,2026-09-25
cronistas_md,5,Yangel Herrera Herrera,Real Sociedad,6.0,1,2026-09-25
cronistas_md,4,Yangel Herrera Herrera,Real Sociedad,10.0,1,2026-09-25
cronistas_md,6,Yangel Herrera Herrera,Real Sociedad,2.0,1,2026-09-25
cronistas_md,3,Yangel Herrera Herrera,Real Sociedad,2.0,1,2026-09-25
cronistas_md,1,Yangel Herrera Herrera,Real Sociedad,2.0,1,2026-09-25
cronistas_md,2,Yangel Herrera Herrera,Real Sociedad,6.0,1,2026-09-25
cronistas_md,7,Takefusa Kubo Kubo,Real Sociedad,,0,2026-09-25
cronistas_md,5,Takefusa Kubo Kubo,Real Sociedad,2.0,1,2026-09-25
cronistas_md,4,Takefusa Kubo Kubo,Real Sociedad,,0,2026-09-25
cronistas_md,6,Takefusa Kubo Kubo,Real Sociedad,-2.0,1,2026-09-25
cronistas_md,3,Takefusa Kubo Kubo,Real Sociedad,-2.0,1,2026-09-25
cronistas_md,1,Takefusa Kubo Kubo,Real Sociedad,2.0,1,2026-09-25
cronistas_md,2,Takefusa Kubo Kubo,Real Sociedad,2.0,1,2026-09-25
cronistas_md,7,Jon Pacheco Pacheco,Real Sociedad,,0,2026-09-25
cronistas_md,5,Jon Pacheco Pacheco,Real Sociedad,,0,2026-09-25
cronistas_md,4,Jon Pacheco Pacheco,Real Sociedad,2.0,1,2026-09-25
cronistas_md,6,Jon Pacheco Pacheco,Real Sociedad,,0,2026-09-25
cronistas_md,3,Jon Pacheco Pacheco,Real Sociedad,,0,2026-09-25
cronistas_md,1,Jon Pacheco Pacheco,Real Sociedad,,0,2026-09-25
cronistas_md,2,Jon Pacheco Pacheco,Real Sociedad,,0,2026-09-25
cronistas_md,7,Luka Sucic L. Sucic,Real Sociedad,4.0,1,2026-09-25
cronistas_md,5,Luka Sucic L. Sucic,Real Sociedad,6.0,1,2026-09-25
cronistas_md,4,Luka Sucic L. Sucic,Real Sociedad,10.0,1,2026-09-25
cronistas_md,6,Luka Sucic L. Sucic,Real Sociedad,2.0,1,2026-09-25
cronistas_md,3,Luka Sucic L. Sucic,Real Sociedad,2.0,1,2026-09-25
cronistas_md,1,Luka Sucic L. Sucic,Real Sociedad,10.0,1,2026-09-25
cronistas_md,2,Luka Sucic L. Sucic,Real Sociedad,2.0,1,2026-09-25
cronistas_md,7,Beñat Turrientes Turrientes,Real Sociedad,,0,2026-09-25
cronistas_md,5,Beñat Turrientes Turrientes,Real Sociedad,,0,2026-09-25
cronistas_md,4,Beñat Turrientes Turrientes,Real Sociedad,,0,2026-09-25
cronistas_md,6,Beñat Turrientes Turrientes,Real Sociedad,6.0,1,2026-09-25
cronistas_md,3,Beñat Turrientes Turrientes,Real Sociedad,6.0,1,2026-09-25
cronistas_md,1,Beñat Turrientes Turrientes,Real Sociedad,2.0,1,2026-09-25
cronistas_md,2,Beñat Turrientes Turrientes,Real Sociedad,2.0,1,2026-09-25
cronistas_md,7,Unai Marrero Marrero,Real Sociedad,,0,2026-09-25
cronistas_md,5,Unai Marrero Marrero,Real Sociedad,,0,2026-09-25
cronistas_md,4,Unai Marrero Marrero,Real Sociedad,6.0,1,2026-09-25
cronistas_md,6,Unai Marrero Marrero,Real Sociedad,,0,2026-09-25
cronistas_md,3,Unai Marrero Marrero,Real Sociedad,,0,2026-09-25
cronistas_md,1,Unai Marrero Marrero,Real Sociedad,,0,2026-09-25
cronistas_md,2,Unai Marrero Marrero,Real Sociedad,,0,2026-09-25
cronistas_md,7,Arsen Zakharyan Zakharyan,Real Sociedad,0.0,1,2026-09-25
cronistas_md,5,Arsen Zakharyan Zakharyan,Real Sociedad,6.0,1,2026-09-25
cronistas_md,4,Arsen Zakharyan Zakharyan,Real Sociedad,,0,2026-09-25
cronistas_md,6,Arsen Zakharyan Zakharyan,Real Sociedad,,0,2026-09-25
cronistas_md,3,Arsen Zakharyan Zakharyan,Real Sociedad,,0,2026-09-25
cronistas_md,1,Arsen Zakharyan Zakharyan,Real Sociedad,,0,2026-09-25
cronistas_md,2,Arsen Zakharyan Zakharyan,Real Sociedad,0.0,1,2026-09-25
cronistas_md,7,Orri Steinn Óskarsson Óskarsson,Real Sociedad,0.0,1,2026-09-25
cronistas_md,5,Orri Steinn Óskarsson Óskarsson,Real Sociedad,2.0,1,2026-09-25
cronistas_md,4,Orri Steinn Óskarsson Óskarsson,Real Sociedad,,0,2026-09-25
cronistas_md,6,Orri Steinn Óskarsson Óskarsson,Real Sociedad,2.0,1,2026-09-25
cronistas_md,3,Orri Steinn Óskarsson Óskarsson,Real Sociedad,9.0,1,2026-09-25
cronistas_md,1,Orri Steinn Óskarsson Óskarsson,Real Sociedad,2.0,1,2026-09-25
cronistas_md,2,Orri Steinn Óskarsson Óskarsson,Real Sociedad,2.0,1,2026-09-25
cronistas_md,7,Mikel Goti Goti,Real Sociedad,,0,2026-09-25
cronistas_md,5,Mikel Goti Goti,Real Sociedad,,0,2026-09-25
cronistas_md,4,Mikel Goti Goti,Real Sociedad,,0,2026-09-25
cronistas_md,7,Jon Martín Jon Martín,Real Sociedad,0.0,1,2026-09-25
cronistas_md,5,Jon Martín Jon Martín,Real Sociedad,,0,2026-09-25
cronistas_md,4,Jon Martín Jon Martín,Real Sociedad,-8.0,1,2026-09-25
cronistas_md,6,Jon Martín Jon Martín,Real Sociedad,2.0,1,2026-09-25
cronistas_md,3,Jon Martín Jon Martín,Real Sociedad,2.0,1,2026-09-25
cronistas_md,1,Jon Martín Jon Martín,Real Sociedad,2.0,1,2026-09-25
cronistas_md,2,Jon Martín Jon Martín,Real Sociedad,2.0,1,2026-09-25
cronistas_md,7,Alex Lebarbier Lebarbier,Real Sociedad,,0,2026-09-25
cronistas_md,5,Alex Lebarbier Lebarbier,Real Sociedad,,0,2026-09-25
cronistas_md,4,Alex Lebarbier Lebarbier,Real Sociedad,,0,2026-09-25
cronistas_md,6,Alex Lebarbier Lebarbier,Real Sociedad,,0,2026-09-25
cronistas_md,3,Alex Lebarbier Lebarbier,Real Sociedad,,0,2026-09-25
cronistas_md,1,Alex Lebarbier Lebarbier,Real Sociedad,,0,2026-09-25
cronistas_md,2,Alex Lebarbier Lebarbier,Real Sociedad,,0,2026-09-25
cronistas_md,7,Jon Aramburu Aramburu,Real Sociedad,0.0,1,2026-09-25
cronistas_md,5,Jon Aramburu Aramburu,Real Sociedad,6.0,1,2026-09-25
cronistas_md,4,Jon Aramburu Aramburu,Real Sociedad,6.0,1,2026-09-25
cronistas_md,6,Jon Aramburu Aramburu,Real Sociedad,10.0,1,2026-09-25
cronistas_md,3,Jon Aramburu Aramburu,Real Sociedad,6.0,1,2026-09-25
cronistas_md,1,Jon Aramburu Aramburu,Real Sociedad,2.0,1,2026-09-25
cronistas_md,2,Jon Aramburu Aramburu,Real Sociedad,6.0,1,2026-09-25
cronistas_md,7,Job Ochieng Ochieng,Real Sociedad,0.0,1,2026-09-25
cronistas_md,5,Job Ochieng Ochieng,Real Sociedad,2.0,1,2026-09-25
cronistas_md,4,Job Ochieng Ochieng,Real Sociedad,14.0,1,2026-09-25
cronistas_md,6,Job Ochieng Ochieng,Real Sociedad,,0,2026-09-25
cronistas_md,3,Job Ochieng Ochieng,Real Sociedad,,0,2026-09-25
cronistas_md,1,Job Ochieng Ochieng,Real Sociedad,6.0,1,2026-09-25
cronistas_md,2,Job Ochieng Ochieng,Real Sociedad,,0,2026-09-25
cronistas_md,7,Alex Marchal Marchal,Real Sociedad,,0,2026-09-25
cronistas_md,5,Alex Marchal Marchal,Real Sociedad,,0,2026-09-25
cronistas_md,4,Alex Marchal Marchal,Real Sociedad,2.0,1,2026-09-25
cronistas_md,6,Alex Marchal Marchal,Real Sociedad,2.0,1,2026-09-25
cronistas_md,3,Alex Marchal Marchal,Real Sociedad,6.0,1,2026-09-25
cronistas_md,1,Alex Marchal Marchal,Real Sociedad,,0,2026-09-25
cronistas_md,2,Alex Marchal Marchal,Real Sociedad,0.0,1,2026-09-25
cronistas_md,7,Luken Beitia Beitia,Real Sociedad,0.0,1,2026-09-25
cronistas_md,5,Luken Beitia Beitia,Real Sociedad,6.0,1,2026-09-25
cronistas_md,4,Luken Beitia Beitia,Real Sociedad,,0,2026-09-25
cronistas_md,6,Luken Beitia Beitia,Real Sociedad,,0,2026-09-25
cronistas_md,3,Luken Beitia Beitia,Real Sociedad,,0,2026-09-25
cronistas_md,1,Luken Beitia Beitia,Real Sociedad,2.0,1,2026-09-25
cronistas_md,2,Luken Beitia Beitia,Real Sociedad,,0,2026-09-25
cronistas_md,7,Theo Folgado Folgado,Real Sociedad,,0,2026-09-25
cronistas_md,5,Theo Folgado Folgado,Real Sociedad,,0,2026-09-25
cronistas_md,4,Theo Folgado Folgado,Real Sociedad,,0,2026-09-25
cronistas_md,6,Theo Folgado Folgado,Real Sociedad,,0,2026-09-25
cronistas_md,3,Theo Folgado Folgado,Real Sociedad,,0,2026-09-25
cronistas_md,1,Theo Folgado Folgado,Real Sociedad,,0,2026-09-25
cronistas_md,2,Theo Folgado Folgado,Real Sociedad,,0,2026-09-25
cronistas_md,7,Gorka Carrera Carrera,Real Sociedad,,0,2026-09-25
cronistas_md,5,Gorka Carrera Carrera,Real Sociedad,,0,2026-09-25
cronistas_md,4,Gorka Carrera Carrera,Real Sociedad,,0,2026-09-25
cronistas_md,6,Gorka Carrera Carrera,Real Sociedad,,0,2026-09-25
cronistas_md,3,Gorka Carrera Carrera,Real Sociedad,,0,2026-09-25
cronistas_md,1,Gorka Carrera Carrera,Real Sociedad,,0,2026-09-25
cronistas_md,2,Gorka Carrera Carrera,Real Sociedad,,0,2026-09-25
cronistas_md,7,Gonçalo Guedes Guedes,Real Sociedad,0.0,1,2026-09-25
cronistas_md,5,Gonçalo Guedes Guedes,Real Sociedad,6.0,1,2026-09-25
cronistas_md,4,Gonçalo Guedes Guedes,Real Sociedad,2.0,1,2026-09-25
cronistas_md,6,Gonçalo Guedes Guedes,Real Sociedad,2.0,1,2026-09-25
cronistas_md,3,Gonçalo Guedes Guedes,Real Sociedad,2.0,1,2026-09-25
cronistas_md,1,Gonçalo Guedes Guedes,Real Sociedad,2.0,1,2026-09-25
cronistas_md,2,Gonçalo Guedes Guedes,Real Sociedad,,0,2026-09-25
cronistas_md,7,Aitor Fraga Fraga,Real Sociedad,,0,2026-09-25
cronistas_md,5,Aitor Fraga Fraga,Real Sociedad,,0,2026-09-25
cronistas_md,4,Aitor Fraga Fraga,Real Sociedad,,0,2026-09-25
cronistas_md,6,Aitor Fraga Fraga,Real Sociedad,,0,2026-09-25
cronistas_md,3,Aitor Fraga Fraga,Real Sociedad,,0,2026-09-25
cronistas_md,1,Aitor Fraga Fraga,Real Sociedad,,0,2026-09-25
cronistas_md,2,Aitor Fraga Fraga,Real Sociedad,,0,2026-09-25
cronistas_md,7,Ibai Aguirre Aguirre,Real Sociedad,,0,2026-09-25
cronistas_md,5,Ibai Aguirre Aguirre,Real Sociedad,,0,2026-09-25
cronistas_md,4,Ibai Aguirre Aguirre,Real Sociedad,,0,2026-09-25
cronistas_md,6,Ibai Aguirre Aguirre,Real Sociedad,,0,2026-09-25
cronistas_md,3,Ibai Aguirre Aguirre,Real Sociedad,,0,2026-09-25
cronistas_md,1,Ibai Aguirre Aguirre,Real Sociedad,,0,2026-09-25
cronistas_md,2,Ibai Aguirre Aguirre,Real Sociedad,,0,2026-09-25
cronistas_md,7,Jon Gorrotxategi Gorrotxategi,Real Sociedad,0.0,1,2026-09-25
cronistas_md,5,Jon Gorrotxategi Gorrotxategi,Real Sociedad,2.0,1,2026-09-25
cronistas_md,4,Jon Gorrotxategi Gorrotxategi,Real Sociedad,2.0,1,2026-09-25
cronistas_md,6,Jon Gorrotxategi Gorrotxategi,Real Sociedad,2.0,1,2026-09-25
cronistas_md,3,Jon Gorrotxategi Gorrotxategi,Real Sociedad,0.0,1,2026-09-25
cronistas_md,1,Jon Gorrotxategi Gorrotxategi,Real Sociedad,,0,2026-09-25
cronistas_md,2,Jon Gorrotxategi Gorrotxategi,Real Sociedad,,0,2026-09-25
cronistas_md,7,Mamadou Sarr M. Sarr,Real Sociedad,,0,2026-09-25
cronistas_md,5,Mamadou Sarr M. Sarr,Real Sociedad,6.0,1,2026-09-25
cronistas_md,4,Mamadou Sarr M. Sarr,Real Sociedad,2.0,1,2026-09-25
cronistas_md,6,Mamadou Sarr M. Sarr,Real Sociedad,,0,2026-09-25
cronistas_md,3,Mamadou Sarr M. Sarr,Real Sociedad,,0,2026-09-25
cronistas_md,7,Héctor Fort Fort,Real Sociedad,,0,2026-09-25
cronistas_md,5,Héctor Fort Fort,Real Sociedad,,0,2026-09-25
cronistas_md,4,Héctor Fort Fort,Real Sociedad,0.0,1,2026-09-25
cronistas_md,6,Héctor Fort Fort,Real Sociedad,,0,2026-09-25
cronistas_md,3,Héctor Fort Fort,Real Sociedad,,0,2026-09-25
cronistas_md,1,Héctor Fort Fort,Real Sociedad,,0,2026-09-25
cronistas_md,2,Héctor Fort Fort,Real Sociedad,,0,2026-09-25
cronistas_md,7,Pablo Marín Marín,Real Sociedad,,0,2026-09-25
cronistas_md,5,Pablo Marín Marín,Real Sociedad,,0,2026-09-25
cronistas_md,4,Pablo Marín Marín,Real Sociedad,,0,2026-09-25
cronistas_md,6,Pablo Marín Marín,Real Sociedad,,0,2026-09-25
cronistas_md,3,Pablo Marín Marín,Real Sociedad,,0,2026-09-25
cronistas_md,1,Pablo Marín Marín,Real Sociedad,,0,2026-09-25
cronistas_md,2,Pablo Marín Marín,Real Sociedad,,0,2026-09-25
cronistas_md,7,Jon Guridi Guridi,Sevilla,0.0,1,2026-09-25
cronistas_md,6,Jon Guridi Guridi,Sevilla,2.0,1,2026-09-25
cronistas_md,5,Jon Guridi Guridi,Sevilla,2.0,1,2026-09-25
cronistas_md,4,Jon Guridi Guridi,Sevilla,6.0,1,2026-09-25
cronistas_md,3,Jon Guridi Guridi,Sevilla,6.0,1,2026-09-25
cronistas_md,2,Jon Guridi Guridi,Sevilla,2.0,1,2026-09-25
cronistas_md,1,Jon Guridi Guridi,Sevilla,9.0,1,2026-09-25
cronistas_md,7,Odysseas Vlachodimos Vlachodimos,Sevilla,2.0,1,2026-09-25
cronistas_md,6,Odysseas Vlachodimos Vlachodimos,Sevilla,6.0,1,2026-09-25
cronistas_md,5,Odysseas Vlachodimos Vlachodimos,Sevilla,6.0,1,2026-09-25
cronistas_md,4,Odysseas Vlachodimos Vlachodimos,Sevilla,2.0,1,2026-09-25
cronistas_md,3,Odysseas Vlachodimos Vlachodimos,Sevilla,2.0,1,2026-09-25
cronistas_md,2,Odysseas Vlachodimos Vlachodimos,Sevilla,2.0,1,2026-09-25
cronistas_md,1,Odysseas Vlachodimos Vlachodimos,Sevilla,2.0,1,2026-09-25
cronistas_md,7,Lucien Agoume Agoume,Sevilla,6.0,1,2026-09-25
cronistas_md,6,Lucien Agoume Agoume,Sevilla,6.0,1,2026-09-25
cronistas_md,5,Lucien Agoume Agoume,Sevilla,2.0,1,2026-09-25
cronistas_md,4,Lucien Agoume Agoume,Sevilla,6.0,1,2026-09-25
cronistas_md,3,Lucien Agoume Agoume,Sevilla,2.0,1,2026-09-25
cronistas_md,2,Lucien Agoume Agoume,Sevilla,2.0,1,2026-09-25
cronistas_md,1,Lucien Agoume Agoume,Sevilla,6.0,1,2026-09-25
cronistas_md,7,Rafael Romero Rafa,Sevilla,,0,2026-09-25
cronistas_md,6,Rafael Romero Rafa,Sevilla,,0,2026-09-25
cronistas_md,5,Rafael Romero Rafa,Sevilla,,0,2026-09-25
cronistas_md,4,Rafael Romero Rafa,Sevilla,,0,2026-09-25
cronistas_md,3,Rafael Romero Rafa,Sevilla,,0,2026-09-25
cronistas_md,2,Rafael Romero Rafa,Sevilla,,0,2026-09-25
cronistas_md,1,Rafael Romero Rafa,Sevilla,,0,2026-09-25
cronistas_md,7,Juan Iglesias Iglesias,Sevilla,6.0,1,2026-09-25
cronistas_md,6,Juan Iglesias Iglesias,Sevilla,6.0,1,2026-09-25
cronistas_md,5,Juan Iglesias Iglesias,Sevilla,11.0,1,2026-09-25
cronistas_md,4,Juan Iglesias Iglesias,Sevilla,2.0,1,2026-09-25
cronistas_md,3,Juan Iglesias Iglesias,Sevilla,2.0,1,2026-09-25
cronistas_md,2,Juan Iglesias Iglesias,Sevilla,6.0,1,2026-09-25
cronistas_md,1,Juan Iglesias Iglesias,Sevilla,2.0,1,2026-09-25
cronistas_md,7,Rubén Vargas Vargas,Sevilla,,0,2026-09-25
cronistas_md,6,Rubén Vargas Vargas,Sevilla,,0,2026-09-25
cronistas_md,5,Rubén Vargas Vargas,Sevilla,,0,2026-09-25
cronistas_md,4,Rubén Vargas Vargas,Sevilla,,0,2026-09-25
cronistas_md,3,Rubén Vargas Vargas,Sevilla,,0,2026-09-25
cronistas_md,2,Rubén Vargas Vargas,Sevilla,,0,2026-09-25
cronistas_md,1,Rubén Vargas Vargas,Sevilla,2.0,1,2026-09-25
cronistas_md,7,José Ángel Carmona Carmona,Sevilla,2.0,1,2026-09-25
cronistas_md,6,José Ángel Carmona Carmona,Sevilla,,0,2026-09-25
cronistas_md,5,José Ángel Carmona Carmona,Sevilla,,0,2026-09-25
cronistas_md,4,José Ángel Carmona Carmona,Sevilla,2.0,1,2026-09-25
cronistas_md,3,José Ángel Carmona Carmona,Sevilla,,0,2026-09-25
cronistas_md,2,José Ángel Carmona Carmona,Sevilla,2.0,1,2026-09-25
cronistas_md,1,José Ángel Carmona Carmona,Sevilla,,0,2026-09-25
cronistas_md,7,Kike Salas Kike Salas,Sevilla,,0,2026-09-25
cronistas_md,6,Kike Salas Kike Salas,Sevilla,6.0,1,2026-09-25
cronistas_md,5,Kike Salas Kike Salas,Sevilla,6.0,1,2026-09-25
cronistas_md,4,Kike Salas Kike Salas,Sevilla,2.0,1,2026-09-25
cronistas_md,3,Kike Salas Kike Salas,Sevilla,2.0,1,2026-09-25
cronistas_md,2,Kike Salas Kike Salas,Sevilla,,0,2026-09-25
cronistas_md,1,Kike Salas Kike Salas,Sevilla,-4.0,1,2026-09-25
cronistas_md,7,Peque Peque,Sevilla,,0,2026-09-25
cronistas_md,6,Peque Peque,Sevilla,,0,2026-09-25
cronistas_md,5,Peque Peque,Sevilla,,0,2026-09-25
cronistas_md,4,Peque Peque,Sevilla,,0,2026-09-25
cronistas_md,3,Peque Peque,Sevilla,2.0,1,2026-09-25
cronistas_md,2,Peque Peque,Sevilla,6.0,1,2026-09-25
cronistas_md,1,Peque Peque,Sevilla,9.0,1,2026-09-25
cronistas_md,7,Manu Bueno Manu Bueno,Sevilla,,0,2026-09-25
cronistas_md,6,Manu Bueno Manu Bueno,Sevilla,,0,2026-09-25
cronistas_md,5,Manu Bueno Manu Bueno,Sevilla,,0,2026-09-25
cronistas_md,4,Manu Bueno Manu Bueno,Sevilla,2.0,1,2026-09-25
cronistas_md,3,Manu Bueno Manu Bueno,Sevilla,,0,2026-09-25
cronistas_md,2,Manu Bueno Manu Bueno,Sevilla,,0,2026-09-25
cronistas_md,1,Manu Bueno Manu Bueno,Sevilla,6.0,1,2026-09-25
cronistas_md,7,Fran González Fran González,Sevilla,,0,2026-09-25
cronistas_md,6,Fran González Fran González,Sevilla,,0,2026-09-25
cronistas_md,5,Fran González Fran González,Sevilla,,0,2026-09-25
cronistas_md,4,Fran González Fran González,Sevilla,,0,2026-09-25
cronistas_md,3,Fran González Fran González,Sevilla,,0,2026-09-25
cronistas_md,2,Fran González Fran González,Sevilla,,0,2026-09-25
cronistas_md,1,Fran González Fran González,Sevilla,,0,2026-09-25
cronistas_md,7,Isaac Romero Romero,Sevilla,2.0,1,2026-09-25
cronistas_md,6,Isaac Romero Romero,Sevilla,2.0,1,2026-09-25
cronistas_md,5,Isaac Romero Romero,Sevilla,2.0,1,2026-09-25
cronistas_md,4,Isaac Romero Romero,Sevilla,,0,2026-09-25
cronistas_md,3,Isaac Romero Romero,Sevilla,2.0,1,2026-09-25
cronistas_md,2,Isaac Romero Romero,Sevilla,9.0,1,2026-09-25
cronistas_md,1,Isaac Romero Romero,Sevilla,2.0,1,2026-09-25
cronistas_md,7,Chidera Ejuke Ejuke,Sevilla,2.0,1,2026-09-25
cronistas_md,6,Chidera Ejuke Ejuke,Sevilla,,0,2026-09-25
cronistas_md,5,Chidera Ejuke Ejuke,Sevilla,2.0,1,2026-09-25
cronistas_md,4,Chidera Ejuke Ejuke,Sevilla,2.0,1,2026-09-25
cronistas_md,3,Chidera Ejuke Ejuke,Sevilla,6.0,1,2026-09-25
cronistas_md,2,Chidera Ejuke Ejuke,Sevilla,10.0,1,2026-09-25
cronistas_md,1,Chidera Ejuke Ejuke,Sevilla,2.0,1,2026-09-25
cronistas_md,7,Gabriel Suazo Suazo,Sevilla,6.0,1,2026-09-25
cronistas_md,6,Gabriel Suazo Suazo,Sevilla,6.0,1,2026-09-25
cronistas_md,5,Gabriel Suazo Suazo,Sevilla,2.0,1,2026-09-25
cronistas_md,4,Gabriel Suazo Suazo,Sevilla,2.0,1,2026-09-25
cronistas_md,3,Gabriel Suazo Suazo,Sevilla,2.0,1,2026-09-25
cronistas_md,2,Gabriel Suazo Suazo,Sevilla,2.0,1,2026-09-25
cronistas_md,1,Gabriel Suazo Suazo,Sevilla,2.0,1,2026-09-25
cronistas_md,7,Ibrahima Sow Ibra,Sevilla,,0,2026-09-25
cronistas_md,6,Ibrahima Sow Ibra,Sevilla,,0,2026-09-25
cronistas_md,5,Ibrahima Sow Ibra,Sevilla,,0,2026-09-25
cronistas_md,4,Ibrahima Sow Ibra,Sevilla,,0,2026-09-25
cronistas_md,3,Ibrahima Sow Ibra,Sevilla,,0,2026-09-25
cronistas_md,2,Ibrahima Sow Ibra,Sevilla,,0,2026-09-25
cronistas_md,1,Ibrahima Sow Ibra,Sevilla,,0,2026-09-25
cronistas_md,7,Joaquín Oso Oso,Sevilla,,0,2026-09-25
cronistas_md,6,Joaquín Oso Oso,Sevilla,7.0,1,2026-09-25
cronistas_md,5,Joaquín Oso Oso,Sevilla,6.0,1,2026-09-25
cronistas_md,7,Nico Guillén Guillén,Sevilla,,0,2026-09-25
cronistas_md,6,Nico Guillén Guillén,Sevilla,,0,2026-09-25
cronistas_md,5,Nico Guillén Guillén,Sevilla,,0,2026-09-25
cronistas_md,4,Nico Guillén Guillén,Sevilla,,0,2026-09-25
cronistas_md,3,Nico Guillén Guillén,Sevilla,,0,2026-09-25
cronistas_md,2,Nico Guillén Guillén,Sevilla,2.0,1,2026-09-25
cronistas_md,1,Nico Guillén Guillén,Sevilla,2.0,1,2026-09-25
cronistas_md,7,Andrés Castrín Castrín,Sevilla,2.0,1,2026-09-25
cronistas_md,6,Andrés Castrín Castrín,Sevilla,6.0,1,2026-09-25
cronistas_md,5,Andrés Castrín Castrín,Sevilla,6.0,1,2026-09-25
cronistas_md,4,Andrés Castrín Castrín,Sevilla,2.0,1,2026-09-25
cronistas_md,3,Andrés Castrín Castrín,Sevilla,2.0,1,2026-09-25
cronistas_md,2,Andrés Castrín Castrín,Sevilla,2.0,1,2026-09-25
cronistas_md,1,Andrés Castrín Castrín,Sevilla,,0,2026-09-25
cronistas_md,7,Edu Altozano Altozano,Sevilla,,0,2026-09-25
cronistas_md,6,Edu Altozano Altozano,Sevilla,,0,2026-09-25
cronistas_md,5,Edu Altozano Altozano,Sevilla,,0,2026-09-25
cronistas_md,4,Edu Altozano Altozano,Sevilla,,0,2026-09-25
cronistas_md,3,Edu Altozano Altozano,Sevilla,,0,2026-09-25
cronistas_md,2,Edu Altozano Altozano,Sevilla,,0,2026-09-25
cronistas_md,1,Edu Altozano Altozano,Sevilla,,0,2026-09-25
cronistas_md,7,Miguel Sierra Sierra,Sevilla,6.0,1,2026-09-25
cronistas_md,6,Miguel Sierra Sierra,Sevilla,10.0,1,2026-09-25
cronistas_md,5,Miguel Sierra Sierra,Sevilla,2.0,1,2026-09-25
cronistas_md,4,Miguel Sierra Sierra,Sevilla,2.0,1,2026-09-25
cronistas_md,3,Miguel Sierra Sierra,Sevilla,10.0,1,2026-09-25
cronistas_md,2,Miguel Sierra Sierra,Sevilla,6.0,1,2026-09-25
cronistas_md,1,Miguel Sierra Sierra,Sevilla,6.0,1,2026-09-25
cronistas_md,7,Iker Muñoz Iker Muñoz,Sevilla,,0,2026-09-25
cronistas_md,6,Iker Muñoz Iker Muñoz,Sevilla,,0,2026-09-25
cronistas_md,5,Iker Muñoz Iker Muñoz,Sevilla,,0,2026-09-25
cronistas_md,4,Iker Muñoz Iker Muñoz,Sevilla,,0,2026-09-25
cronistas_md,3,Iker Muñoz Iker Muñoz,Sevilla,,0,2026-09-25
cronistas_md,2,Iker Muñoz Iker Muñoz,Sevilla,,0,2026-09-25
cronistas_md,1,Iker Muñoz Iker Muñoz,Sevilla,,0,2026-09-25
cronistas_md,7,Julio Díaz Julio Díaz,Sevilla,,0,2026-09-25
cronistas_md,6,Julio Díaz Julio Díaz,Sevilla,2.0,1,2026-09-25
cronistas_md,5,Julio Díaz Julio Díaz,Sevilla,2.0,1,2026-09-25
cronistas_md,4,Julio Díaz Julio Díaz,Sevilla,,0,2026-09-25
cronistas_md,3,Julio Díaz Julio Díaz,Sevilla,2.0,1,2026-09-25
cronistas_md,2,Julio Díaz Julio Díaz,Sevilla,0.0,1,2026-09-25
cronistas_md,1,Julio Díaz Julio Díaz,Sevilla,,0,2026-09-25
cronistas_md,7,Arouna Sangante Sangante,Sevilla,2.0,1,2026-09-25
cronistas_md,6,Arouna Sangante Sangante,Sevilla,,0,2026-09-25
cronistas_md,5,Arouna Sangante Sangante,Sevilla,,0,2026-09-25
cronistas_md,4,Arouna Sangante Sangante,Sevilla,-8.0,1,2026-09-25
cronistas_md,3,Arouna Sangante Sangante,Sevilla,,0,2026-09-25
cronistas_md,2,Arouna Sangante Sangante,Sevilla,2.0,1,2026-09-25
cronistas_md,1,Arouna Sangante Sangante,Sevilla,2.0,1,2026-09-25
cronistas_md,7,Robbie Ure Ure,Sevilla,2.0,1,2026-09-25
cronistas_md,6,Robbie Ure Ure,Sevilla,0.0,1,2026-09-25
cronistas_md,5,Robbie Ure Ure,Sevilla,2.0,1,2026-09-25
cronistas_md,4,Robbie Ure Ure,Sevilla,2.0,1,2026-09-25
cronistas_md,3,Robbie Ure Ure,Sevilla,2.0,1,2026-09-25
cronistas_md,2,Robbie Ure Ure,Sevilla,6.0,1,2026-09-25
cronistas_md,1,Robbie Ure Ure,Sevilla,6.0,1,2026-09-25
cronistas_md,7,Giorgi Kochorashvili Kochorashvili,Sevilla,6.0,1,2026-09-25
cronistas_md,6,Giorgi Kochorashvili Kochorashvili,Sevilla,2.0,1,2026-09-25
cronistas_md,5,Giorgi Kochorashvili Kochorashvili,Sevilla,6.0,1,2026-09-25
cronistas_md,4,Giorgi Kochorashvili Kochorashvili,Sevilla,2.0,1,2026-09-25
cronistas_md,3,Giorgi Kochorashvili Kochorashvili,Sevilla,0.0,1,2026-09-25
cronistas_md,2,Giorgi Kochorashvili Kochorashvili,Sevilla,,0,2026-09-25
cronistas_md,7,Manuel Ángel Castillo Castillo,Sevilla,,0,2026-09-25
cronistas_md,6,Manuel Ángel Castillo Castillo,Sevilla,,0,2026-09-25
cronistas_md,5,Manuel Ángel Castillo Castillo,Sevilla,,0,2026-09-25
cronistas_md,4,Manuel Ángel Castillo Castillo,Sevilla,,0,2026-09-25
cronistas_md,3,Manuel Ángel Castillo Castillo,Sevilla,,0,2026-09-25
cronistas_md,2,Manuel Ángel Castillo Castillo,Sevilla,,0,2026-09-25
cronistas_md,1,Manuel Ángel Castillo Castillo,Sevilla,,0,2026-09-25
cronistas_md,7,Alfonso González Alfon,Sevilla,2.0,1,2026-09-25
cronistas_md,6,Alfonso González Alfon,Sevilla,,0,2026-09-25
cronistas_md,5,Alfonso González Alfon,Sevilla,,0,2026-09-25
cronistas_md,4,Alfonso González Alfon,Sevilla,,0,2026-09-25
cronistas_md,3,Alfonso González Alfon,Sevilla,2.0,1,2026-09-25
cronistas_md,2,Alfonso González Alfon,Sevilla,,0,2026-09-25
cronistas_md,1,Alfonso González Alfon,Sevilla,,0,2026-09-25
cronistas_md,7,Félix Correia Félix Correia,Sevilla,10.0,1,2026-09-25
cronistas_md,6,Félix Correia Félix Correia,Sevilla,-2.0,1,2026-09-25
cronistas_md,5,Félix Correia Félix Correia,Sevilla,2.0,1,2026-09-25
cronistas_md,4,Félix Correia Félix Correia,Sevilla,,0,2026-09-25
cronistas_md,7,Youssouf Fofana Fofana,Sevilla,14.0,1,2026-09-25
cronistas_md,6,Youssouf Fofana Fofana,Sevilla,6.0,1,2026-09-25
cronistas_md,5,Youssouf Fofana Fofana,Sevilla,2.0,1,2026-09-25
cronistas_md,4,Youssouf Fofana Fofana,Sevilla,2.0,1,2026-09-25
cronistas_md,7,Sergio Recio Recio,Sevilla,,0,2026-09-25
cronistas_md,6,Sergio Recio Recio,Sevilla,,0,2026-09-25
cronistas_md,5,Sergio Recio Recio,Sevilla,,0,2026-09-25
cronistas_md,4,Sergio Recio Recio,Sevilla,,0,2026-09-25
cronistas_md,3,Sergio Recio Recio,Sevilla,,0,2026-09-25
cronistas_md,2,Sergio Recio Recio,Sevilla,,0,2026-09-25
cronistas_md,1,Sergio Recio Recio,Sevilla,,0,2026-09-25
cronistas_md,7,Lucas Stassin Stassin,Sevilla,,0,2026-09-25
cronistas_md,6,Lucas Stassin Stassin,Sevilla,6.0,1,2026-09-25
cronistas_md,5,Lucas Stassin Stassin,Sevilla,6.0,1,2026-09-25
cronistas_md,4,Lucas Stassin Stassin,Sevilla,9.0,1,2026-09-25
cronistas_md,3,Lucas Stassin Stassin,Sevilla,,0,2026-09-25
cronistas_md,2,Lucas Stassin Stassin,Sevilla,,0,2026-09-25
cronistas_md,1,Lucas Stassin Stassin,Sevilla,,0,2026-09-25
cronistas_md,7,Marcão Marcão,Sevilla,,0,2026-09-25
cronistas_md,6,Marcão Marcão,Sevilla,,0,2026-09-25
cronistas_md,5,Marcão Marcão,Sevilla,,0,2026-09-25
cronistas_md,4,Marcão Marcão,Sevilla,,0,2026-09-25
cronistas_md,3,Marcão Marcão,Sevilla,,0,2026-09-25
cronistas_md,2,Marcão Marcão,Sevilla,,0,2026-09-25
cronistas_md,1,Marcão Marcão,Sevilla,,0,2026-09-25
cronistas_md,7,José Gayà Gayà,Valencia,0.0,1,2026-09-25
cronistas_md,6,José Gayà Gayà,Valencia,2.0,1,2026-09-25
cronistas_md,5,José Gayà Gayà,Valencia,2.0,1,2026-09-25
cronistas_md,4,José Gayà Gayà,Valencia,2.0,1,2026-09-25
cronistas_md,3,José Gayà Gayà,Valencia,,0,2026-09-25
cronistas_md,1,José Gayà Gayà,Valencia,,0,2026-09-25
cronistas_md,2,José Gayà Gayà,Valencia,6.0,1,2026-09-25
cronistas_md,7,Stole Dimitrievski Dimitrievski,Valencia,0.0,1,2026-09-25
cronistas_md,6,Stole Dimitrievski Dimitrievski,Valencia,6.0,1,2026-09-25
cronistas_md,5,Stole Dimitrievski Dimitrievski,Valencia,2.0,1,2026-09-25
cronistas_md,4,Stole Dimitrievski Dimitrievski,Valencia,2.0,1,2026-09-25
cronistas_md,3,Stole Dimitrievski Dimitrievski,Valencia,2.0,1,2026-09-25
cronistas_md,1,Stole Dimitrievski Dimitrievski,Valencia,2.0,1,2026-09-25
cronistas_md,2,Stole Dimitrievski Dimitrievski,Valencia,6.0,1,2026-09-25
cronistas_md,7,Pablo Maffeo Maffeo,Valencia,0.0,1,2026-09-25
cronistas_md,6,Pablo Maffeo Maffeo,Valencia,2.0,1,2026-09-25
cronistas_md,5,Pablo Maffeo Maffeo,Valencia,2.0,1,2026-09-25
cronistas_md,4,Pablo Maffeo Maffeo,Valencia,2.0,1,2026-09-25
cronistas_md,3,Pablo Maffeo Maffeo,Valencia,,0,2026-09-25
cronistas_md,1,Pablo Maffeo Maffeo,Valencia,6.0,1,2026-09-25
cronistas_md,2,Pablo Maffeo Maffeo,Valencia,2.0,1,2026-09-25
cronistas_md,7,Pepelu Pepelu,Valencia,0.0,1,2026-09-25
cronistas_md,6,Pepelu Pepelu,Valencia,6.0,1,2026-09-25
cronistas_md,5,Pepelu Pepelu,Valencia,-2.0,1,2026-09-25
cronistas_md,4,Pepelu Pepelu,Valencia,2.0,1,2026-09-25
cronistas_md,3,Pepelu Pepelu,Valencia,2.0,1,2026-09-25
cronistas_md,1,Pepelu Pepelu,Valencia,6.0,1,2026-09-25
cronistas_md,2,Pepelu Pepelu,Valencia,6.0,1,2026-09-25
cronistas_md,7,Mouctar Diakhaby Diakhaby,Valencia,,0,2026-09-25
cronistas_md,6,Mouctar Diakhaby Diakhaby,Valencia,,0,2026-09-25
cronistas_md,5,Mouctar Diakhaby Diakhaby,Valencia,,0,2026-09-25
cronistas_md,4,Mouctar Diakhaby Diakhaby,Valencia,2.0,1,2026-09-25
cronistas_md,3,Mouctar Diakhaby Diakhaby,Valencia,-2.0,1,2026-09-25
cronistas_md,1,Mouctar Diakhaby Diakhaby,Valencia,2.0,1,2026-09-25
cronistas_md,2,Mouctar Diakhaby Diakhaby,Valencia,2.0,1,2026-09-25
cronistas_md,7,Daniel Raba Raba,Valencia,,0,2026-09-25
cronistas_md,6,Daniel Raba Raba,Valencia,,0,2026-09-25
cronistas_md,5,Daniel Raba Raba,Valencia,,0,2026-09-25
cronistas_md,4,Daniel Raba Raba,Valencia,,0,2026-09-25
cronistas_md,3,Daniel Raba Raba,Valencia,0.0,1,2026-09-25
cronistas_md,1,Daniel Raba Raba,Valencia,,0,2026-09-25
cronistas_md,2,Daniel Raba Raba,Valencia,,0,2026-09-25
cronistas_md,7,Hugo Duro Duro,Valencia,0.0,1,2026-09-25
cronistas_md,6,Hugo Duro Duro,Valencia,2.0,1,2026-09-25
cronistas_md,5,Hugo Duro Duro,Valencia,2.0,1,2026-09-25
cronistas_md,4,Hugo Duro Duro,Valencia,2.0,1,2026-09-25
cronistas_md,3,Hugo Duro Duro,Valencia,2.0,1,2026-09-25
cronistas_md,1,Hugo Duro Duro,Valencia,2.0,1,2026-09-25
cronistas_md,2,Hugo Duro Duro,Valencia,0.0,1,2026-09-25
cronistas_md,7,Cristian Rivero Rivero,Valencia,,0,2026-09-25
cronistas_md,6,Cristian Rivero Rivero,Valencia,,0,2026-09-25
cronistas_md,5,Cristian Rivero Rivero,Valencia,,0,2026-09-25
cronistas_md,4,Cristian Rivero Rivero,Valencia,,0,2026-09-25
cronistas_md,3,Cristian Rivero Rivero,Valencia,,0,2026-09-25
cronistas_md,1,Cristian Rivero Rivero,Valencia,,0,2026-09-25
cronistas_md,2,Cristian Rivero Rivero,Valencia,,0,2026-09-25
cronistas_md,7,Arnaut Danjuma Danjuma,Valencia,0.0,1,2026-09-25
cronistas_md,6,Arnaut Danjuma Danjuma,Valencia,6.0,1,2026-09-25
cronistas_md,5,Arnaut Danjuma Danjuma,Valencia,6.0,1,2026-09-25
cronistas_md,4,Arnaut Danjuma Danjuma,Valencia,2.0,1,2026-09-25
cronistas_md,3,Arnaut Danjuma Danjuma,Valencia,-2.0,1,2026-09-25
cronistas_md,1,Arnaut Danjuma Danjuma,Valencia,-2.0,1,2026-09-25
cronistas_md,2,Arnaut Danjuma Danjuma,Valencia,2.0,1,2026-09-25
cronistas_md,7,Guido Rodríguez Guido,Valencia,0.0,1,2026-09-25
cronistas_md,6,Guido Rodríguez Guido,Valencia,6.0,1,2026-09-25
cronistas_md,5,Guido Rodríguez Guido,Valencia,,0,2026-09-25
cronistas_md,4,Guido Rodríguez Guido,Valencia,,0,2026-09-25
cronistas_md,3,Guido Rodríguez Guido,Valencia,,0,2026-09-25
cronistas_md,1,Guido Rodríguez Guido,Valencia,10.0,1,2026-09-25
cronistas_md,2,Guido Rodríguez Guido,Valencia,10.0,1,2026-09-25
cronistas_md,7,Umar Sadiq Sadiq,Valencia,,0,2026-09-25
cronistas_md,6,Umar Sadiq Sadiq,Valencia,,0,2026-09-25
cronistas_md,5,Umar Sadiq Sadiq,Valencia,,0,2026-09-25
cronistas_md,4,Umar Sadiq Sadiq,Valencia,,0,2026-09-25
cronistas_md,3,Umar Sadiq Sadiq,Valencia,9.0,1,2026-09-25
cronistas_md,1,Umar Sadiq Sadiq,Valencia,-2.0,1,2026-09-25
cronistas_md,2,Umar Sadiq Sadiq,Valencia,2.0,1,2026-09-25
cronistas_md,7,Jesús Vázquez Jesús Vázquez,Valencia,0.0,1,2026-09-25
cronistas_md,6,Jesús Vázquez Jesús Vázquez,Valencia,0.0,1,2026-09-25
cronistas_md,5,Jesús Vázquez Jesús Vázquez,Valencia,2.0,1,2026-09-25
cronistas_md,4,Jesús Vázquez Jesús Vázquez,Valencia,2.0,1,2026-09-25
cronistas_md,3,Jesús Vázquez Jesús Vázquez,Valencia,-2.0,1,2026-09-25
cronistas_md,1,Jesús Vázquez Jesús Vázquez,Valencia,6.0,1,2026-09-25
cronistas_md,2,Jesús Vázquez Jesús Vázquez,Valencia,2.0,1,2026-09-25
cronistas_md,7,César Tárrega Tárrega,Valencia,,0,2026-09-25
cronistas_md,6,César Tárrega Tárrega,Valencia,,0,2026-09-25
cronistas_md,5,César Tárrega Tárrega,Valencia,2.0,1,2026-09-25
cronistas_md,4,César Tárrega Tárrega,Valencia,2.0,1,2026-09-25
cronistas_md,3,César Tárrega Tárrega,Valencia,-2.0,1,2026-09-25
cronistas_md,1,César Tárrega Tárrega,Valencia,10.0,1,2026-09-25
cronistas_md,2,César Tárrega Tárrega,Valencia,6.0,1,2026-09-25
cronistas_md,7,Javi Guerra Javi Guerra,Valencia,0.0,1,2026-09-25
cronistas_md,6,Javi Guerra Javi Guerra,Valencia,10.0,1,2026-09-25
cronistas_md,5,Javi Guerra Javi Guerra,Valencia,2.0,1,2026-09-25
cronistas_md,4,Javi Guerra Javi Guerra,Valencia,2.0,1,2026-09-25
cronistas_md,3,Javi Guerra Javi Guerra,Valencia,2.0,1,2026-09-25
cronistas_md,1,Javi Guerra Javi Guerra,Valencia,2.0,1,2026-09-25
cronistas_md,2,Javi Guerra Javi Guerra,Valencia,6.0,1,2026-09-25
cronistas_md,7,Filip Ugrinic Ugrinic,Valencia,0.0,1,2026-09-25
cronistas_md,6,Filip Ugrinic Ugrinic,Valencia,2.0,1,2026-09-25
cronistas_md,5,Filip Ugrinic Ugrinic,Valencia,-2.0,1,2026-09-25
cronistas_md,4,Filip Ugrinic Ugrinic,Valencia,2.0,1,2026-09-25
cronistas_md,3,Filip Ugrinic Ugrinic,Valencia,2.0,1,2026-09-25
cronistas_md,1,Filip Ugrinic Ugrinic,Valencia,2.0,1,2026-09-25
cronistas_md,2,Filip Ugrinic Ugrinic,Valencia,6.0,1,2026-09-25
cronistas_md,7,David Otorbi Otorbi,Valencia,0.0,1,2026-09-25
cronistas_md,6,David Otorbi Otorbi,Valencia,2.0,1,2026-09-25
cronistas_md,5,David Otorbi Otorbi,Valencia,6.0,1,2026-09-25
cronistas_md,4,David Otorbi Otorbi,Valencia,2.0,1,2026-09-25
cronistas_md,3,David Otorbi Otorbi,Valencia,2.0,1,2026-09-25
cronistas_md,1,David Otorbi Otorbi,Valencia,0.0,1,2026-09-25
cronistas_md,2,David Otorbi Otorbi,Valencia,,0,2026-09-25
cronistas_md,7,Iker Córdoba Córdoba,Valencia,,0,2026-09-25
cronistas_md,6,Iker Córdoba Córdoba,Valencia,0.0,1,2026-09-25
cronistas_md,5,Iker Córdoba Córdoba,Valencia,2.0,1,2026-09-25
cronistas_md,4,Iker Córdoba Córdoba,Valencia,0.0,1,2026-09-25
cronistas_md,3,Iker Córdoba Córdoba,Valencia,,0,2026-09-25
cronistas_md,1,Iker Córdoba Córdoba,Valencia,,0,2026-09-25
cronistas_md,2,Iker Córdoba Córdoba,Valencia,,0,2026-09-25
cronistas_md,7,Raúl Jiménez Raúl Jiménez,Valencia,,0,2026-09-25
cronistas_md,6,Raúl Jiménez Raúl Jiménez,Valencia,,0,2026-09-25
cronistas_md,5,Raúl Jiménez Raúl Jiménez,Valencia,,0,2026-09-25
cronistas_md,4,Raúl Jiménez Raúl Jiménez,Valencia,,0,2026-09-25
cronistas_md,3,Raúl Jiménez Raúl Jiménez,Valencia,,0,2026-09-25
cronistas_md,1,Raúl Jiménez Raúl Jiménez,Valencia,,0,2026-09-25
cronistas_md,2,Raúl Jiménez Raúl Jiménez,Valencia,,0,2026-09-25
cronistas_md,7,Aliou Dieng Dieng,Valencia,,0,2026-09-25
cronistas_md,6,Aliou Dieng Dieng,Valencia,,0,2026-09-25
cronistas_md,5,Aliou Dieng Dieng,Valencia,2.0,1,2026-09-25
cronistas_md,4,Aliou Dieng Dieng,Valencia,2.0,1,2026-09-25
cronistas_md,3,Aliou Dieng Dieng,Valencia,2.0,1,2026-09-25
cronistas_md,1,Aliou Dieng Dieng,Valencia,0.0,1,2026-09-25
cronistas_md,2,Aliou Dieng Dieng,Valencia,2.0,1,2026-09-25
cronistas_md,7,Marcos Navarro Navarro,Valencia,,0,2026-09-25
cronistas_md,6,Marcos Navarro Navarro,Valencia,,0,2026-09-25
cronistas_md,5,Marcos Navarro Navarro,Valencia,,0,2026-09-25
cronistas_md,4,Marcos Navarro Navarro,Valencia,,0,2026-09-25
cronistas_md,3,Marcos Navarro Navarro,Valencia,,0,2026-09-25
cronistas_md,1,Marcos Navarro Navarro,Valencia,,0,2026-09-25
cronistas_md,2,Marcos Navarro Navarro,Valencia,,0,2026-09-25
cronistas_md,7,Justin de Haas De Haas,Valencia,0.0,1,2026-09-25
cronistas_md,6,Justin de Haas De Haas,Valencia,2.0,1,2026-09-25
cronistas_md,5,Justin de Haas De Haas,Valencia,,0,2026-09-25
cronistas_md,4,Justin de Haas De Haas,Valencia,,0,2026-09-25
cronistas_md,3,Justin de Haas De Haas,Valencia,,0,2026-09-25
cronistas_md,1,Justin de Haas De Haas,Valencia,,0,2026-09-25
cronistas_md,2,Justin de Haas De Haas,Valencia,-2.0,1,2026-09-25
cronistas_md,7,Ryunosuke Sato Sato,Valencia,,0,2026-09-25
cronistas_md,6,Ryunosuke Sato Sato,Valencia,,0,2026-09-25
cronistas_md,5,Ryunosuke Sato Sato,Valencia,2.0,1,2026-09-25
cronistas_md,4,Ryunosuke Sato Sato,Valencia,2.0,1,2026-09-25
cronistas_md,3,Ryunosuke Sato Sato,Valencia,2.0,1,2026-09-25
cronistas_md,1,Ryunosuke Sato Sato,Valencia,6.0,1,2026-09-25
cronistas_md,2,Ryunosuke Sato Sato,Valencia,10.0,1,2026-09-25
cronistas_md,7,Jaume Durá Durá,Valencia,,0,2026-09-25
cronistas_md,6,Jaume Durá Durá,Valencia,,0,2026-09-25
cronistas_md,5,Jaume Durá Durá,Valencia,,0,2026-09-25
cronistas_md,4,Jaume Durá Durá,Valencia,,0,2026-09-25
cronistas_md,3,Jaume Durá Durá,Valencia,,0,2026-09-25
cronistas_md,1,Jaume Durá Durá,Valencia,,0,2026-09-25
cronistas_md,2,Jaume Durá Durá,Valencia,,0,2026-09-25
cronistas_md,7,Luis Rioja Rioja,Valencia,0.0,1,2026-09-25
cronistas_md,6,Luis Rioja Rioja,Valencia,10.0,1,2026-09-25
cronistas_md,5,Luis Rioja Rioja,Valencia,,0,2026-09-25
cronistas_md,4,Luis Rioja Rioja,Valencia,,0,2026-09-25
cronistas_md,3,Luis Rioja Rioja,Valencia,-2.0,1,2026-09-25
cronistas_md,1,Luis Rioja Rioja,Valencia,6.0,1,2026-09-25
cronistas_md,2,Luis Rioja Rioja,Valencia,,0,2026-09-25
cronistas_md,7,Alejandro Panach Panach,Valencia,,0,2026-09-25
cronistas_md,6,Alejandro Panach Panach,Valencia,,0,2026-09-25
cronistas_md,5,Alejandro Panach Panach,Valencia,,0,2026-09-25
cronistas_md,4,Alejandro Panach Panach,Valencia,,0,2026-09-25
cronistas_md,3,Alejandro Panach Panach,Valencia,,0,2026-09-25
cronistas_md,1,Alejandro Panach Panach,Valencia,,0,2026-09-25
cronistas_md,2,Alejandro Panach Panach,Valencia,,0,2026-09-25
cronistas_md,7,Rubi Muñoz Rubi,Valencia,,0,2026-09-25
cronistas_md,6,Rubi Muñoz Rubi,Valencia,,0,2026-09-25
cronistas_md,5,Rubi Muñoz Rubi,Valencia,,0,2026-09-25
cronistas_md,4,Rubi Muñoz Rubi,Valencia,,0,2026-09-25
cronistas_md,3,Rubi Muñoz Rubi,Valencia,,0,2026-09-25
cronistas_md,1,Rubi Muñoz Rubi,Valencia,,0,2026-09-25
cronistas_md,2,Rubi Muñoz Rubi,Valencia,,0,2026-09-25
cronistas_md,7,Kayne van Oevelen Van Oevelen,Valencia,,0,2026-09-25
cronistas_md,6,Kayne van Oevelen Van Oevelen,Valencia,,0,2026-09-25
cronistas_md,5,Kayne van Oevelen Van Oevelen,Valencia,,0,2026-09-25
cronistas_md,4,Kayne van Oevelen Van Oevelen,Valencia,,0,2026-09-25
cronistas_md,3,Kayne van Oevelen Van Oevelen,Valencia,,0,2026-09-25
cronistas_md,1,Kayne van Oevelen Van Oevelen,Valencia,,0,2026-09-25
cronistas_md,7,Dimitri Foulquier Foulquier,Valencia,,0,2026-09-25
cronistas_md,6,Dimitri Foulquier Foulquier,Valencia,,0,2026-09-25
cronistas_md,5,Dimitri Foulquier Foulquier,Valencia,,0,2026-09-25
cronistas_md,4,Dimitri Foulquier Foulquier,Valencia,,0,2026-09-25
cronistas_md,3,Dimitri Foulquier Foulquier,Valencia,,0,2026-09-25
cronistas_md,1,Dimitri Foulquier Foulquier,Valencia,,0,2026-09-25
cronistas_md,2,Dimitri Foulquier Foulquier,Valencia,,0,2026-09-25
cronistas_md,7,Arnau Martínez Arnau,Valencia,,0,2026-09-25
cronistas_md,6,Arnau Martínez Arnau,Valencia,0.0,1,2026-09-25
cronistas_md,5,Arnau Martínez Arnau,Valencia,-2.0,1,2026-09-25
cronistas_md,4,Arnau Martínez Arnau,Valencia,2.0,1,2026-09-25
cronistas_md,3,Arnau Martínez Arnau,Valencia,2.0,1,2026-09-25
cronistas_md,7,Aaron Ndive Mayol Mayol,Valencia,4.0,1,2026-09-25
cronistas_md,6,Aaron Ndive Mayol Mayol,Valencia,6.0,1,2026-09-25
cronistas_md,5,Aaron Ndive Mayol Mayol,Valencia,,0,2026-09-25
cronistas_md,4,Aaron Ndive Mayol Mayol,Valencia,,0,2026-09-25
cronistas_md,3,Aaron Ndive Mayol Mayol,Valencia,,0,2026-09-25
cronistas_md,1,Aaron Ndive Mayol Mayol,Valencia,,0,2026-09-25
cronistas_md,2,Aaron Ndive Mayol Mayol,Valencia,,0,2026-09-25
cronistas_md,7,Harvey Elliott Elliott,Valencia,0.0,1,2026-09-25
cronistas_md,6,Harvey Elliott Elliott,Valencia,,0,2026-09-25
cronistas_md,5,Harvey Elliott Elliott,Valencia,2.0,1,2026-09-25
cronistas_md,4,Harvey Elliott Elliott,Valencia,2.0,1,2026-09-25
cronistas_md,7,Aimar Blázquez Blázquez,Valencia,0.0,1,2026-09-25
cronistas_md,6,Aimar Blázquez Blázquez,Valencia,,0,2026-09-25
cronistas_md,5,Aimar Blázquez Blázquez,Valencia,,0,2026-09-25
cronistas_md,4,Aimar Blázquez Blázquez,Valencia,,0,2026-09-25
cronistas_md,3,Aimar Blázquez Blázquez,Valencia,,0,2026-09-25
cronistas_md,1,Aimar Blázquez Blázquez,Valencia,,0,2026-09-25
cronistas_md,2,Aimar Blázquez Blázquez,Valencia,,0,2026-09-25
cronistas_md,7,Rodrigo Gamón Gamón,Valencia,,0,2026-09-25
cronistas_md,6,Rodrigo Gamón Gamón,Valencia,,0,2026-09-25
cronistas_md,5,Rodrigo Gamón Gamón,Valencia,,0,2026-09-25
cronistas_md,4,Rodrigo Gamón Gamón,Valencia,,0,2026-09-25
cronistas_md,3,Rodrigo Gamón Gamón,Valencia,,0,2026-09-25
cronistas_md,1,Rodrigo Gamón Gamón,Valencia,,0,2026-09-25
cronistas_md,2,Rodrigo Gamón Gamón,Valencia,,0,2026-09-25
cronistas_md,7,Pedro Bigas Bigas,Elche,2.0,1,2026-09-25
cronistas_md,6,Pedro Bigas Bigas,Elche,,0,2026-09-25
cronistas_md,5,Pedro Bigas Bigas,Elche,,0,2026-09-25
cronistas_md,4,Pedro Bigas Bigas,Elche,-2.0,1,2026-09-25
cronistas_md,3,Pedro Bigas Bigas,Elche,2.0,1,2026-09-25
cronistas_md,2,Pedro Bigas Bigas,Elche,0.0,1,2026-09-25
cronistas_md,1,Pedro Bigas Bigas,Elche,,0,2026-09-25
cronistas_md,7,Josan Ferrández Josan,Elche,,0,2026-09-25
cronistas_md,6,Josan Ferrández Josan,Elche,2.0,1,2026-09-25
cronistas_md,5,Josan Ferrández Josan,Elche,,0,2026-09-25
cronistas_md,4,Josan Ferrández Josan,Elche,0.0,1,2026-09-25
cronistas_md,3,Josan Ferrández Josan,Elche,2.0,1,2026-09-25
cronistas_md,2,Josan Ferrández Josan,Elche,,0,2026-09-25
cronistas_md,1,Josan Ferrández Josan,Elche,,0,2026-09-25
cronistas_md,7,Ezequiel Ponce Ponce,Elche,,0,2026-09-25
cronistas_md,6,Ezequiel Ponce Ponce,Elche,,0,2026-09-25
cronistas_md,5,Ezequiel Ponce Ponce,Elche,,0,2026-09-25
cronistas_md,4,Ezequiel Ponce Ponce,Elche,2.0,1,2026-09-25
cronistas_md,3,Ezequiel Ponce Ponce,Elche,2.0,1,2026-09-25
cronistas_md,2,Ezequiel Ponce Ponce,Elche,2.0,1,2026-09-25
cronistas_md,1,Ezequiel Ponce Ponce,Elche,,0,2026-09-25
cronistas_md,7,Gonzalo Villar Villar,Elche,6.0,1,2026-09-25
cronistas_md,6,Gonzalo Villar Villar,Elche,2.0,1,2026-09-25
cronistas_md,5,Gonzalo Villar Villar,Elche,2.0,1,2026-09-25
cronistas_md,4,Gonzalo Villar Villar,Elche,2.0,1,2026-09-25
cronistas_md,3,Gonzalo Villar Villar,Elche,2.0,1,2026-09-25
cronistas_md,2,Gonzalo Villar Villar,Elche,2.0,1,2026-09-25
cronistas_md,1,Gonzalo Villar Villar,Elche,6.0,1,2026-09-25
cronistas_md,7,Tete Morente Tete Morente,Elche,2.0,1,2026-09-25
cronistas_md,6,Tete Morente Tete Morente,Elche,2.0,1,2026-09-25
cronistas_md,5,Tete Morente Tete Morente,Elche,2.0,1,2026-09-25
cronistas_md,4,Tete Morente Tete Morente,Elche,6.0,1,2026-09-25
cronistas_md,3,Tete Morente Tete Morente,Elche,6.0,1,2026-09-25
cronistas_md,2,Tete Morente Tete Morente,Elche,6.0,1,2026-09-25
cronistas_md,1,Tete Morente Tete Morente,Elche,2.0,1,2026-09-25
cronistas_md,7,Fernando Niño Fer Niño,Elche,20.0,1,2026-09-25
cronistas_md,6,Fernando Niño Fer Niño,Elche,9.0,1,2026-09-25
cronistas_md,5,Fernando Niño Fer Niño,Elche,2.0,1,2026-09-25
cronistas_md,4,Fernando Niño Fer Niño,Elche,9.0,1,2026-09-25
cronistas_md,3,Fernando Niño Fer Niño,Elche,9.0,1,2026-09-25
cronistas_md,2,Fernando Niño Fer Niño,Elche,2.0,1,2026-09-25
cronistas_md,1,Fernando Niño Fer Niño,Elche,2.0,1,2026-09-25
cronistas_md,7,Germán Valera Valera,Elche,14.0,1,2026-09-25
cronistas_md,6,Germán Valera Valera,Elche,2.0,1,2026-09-25
cronistas_md,5,Germán Valera Valera,Elche,6.0,1,2026-09-25
cronistas_md,4,Germán Valera Valera,Elche,2.0,1,2026-09-25
cronistas_md,3,Germán Valera Valera,Elche,2.0,1,2026-09-25
cronistas_md,2,Germán Valera Valera,Elche,6.0,1,2026-09-25
cronistas_md,1,Germán Valera Valera,Elche,2.0,1,2026-09-25
cronistas_md,7,Víctor Chust Chust,Elche,6.0,1,2026-09-25
cronistas_md,6,Víctor Chust Chust,Elche,2.0,1,2026-09-25
cronistas_md,5,Víctor Chust Chust,Elche,2.0,1,2026-09-25
cronistas_md,4,Víctor Chust Chust,Elche,2.0,1,2026-09-25
cronistas_md,3,Víctor Chust Chust,Elche,2.0,1,2026-09-25
cronistas_md,2,Víctor Chust Chust,Elche,2.0,1,2026-09-25
cronistas_md,1,Víctor Chust Chust,Elche,2.0,1,2026-09-25
cronistas_md,7,David Affengruber Affengruber,Elche,2.0,1,2026-09-25
cronistas_md,6,David Affengruber Affengruber,Elche,2.0,1,2026-09-25
cronistas_md,5,David Affengruber Affengruber,Elche,2.0,1,2026-09-25
cronistas_md,7,Matías Dituro Dituro,Elche,6.0,1,2026-09-25
cronistas_md,6,Matías Dituro Dituro,Elche,2.0,1,2026-09-25
cronistas_md,5,Matías Dituro Dituro,Elche,2.0,1,2026-09-25
cronistas_md,4,Matías Dituro Dituro,Elche,-2.0,1,2026-09-25
cronistas_md,3,Matías Dituro Dituro,Elche,2.0,1,2026-09-25
cronistas_md,2,Matías Dituro Dituro,Elche,2.0,1,2026-09-25
cronistas_md,1,Matías Dituro Dituro,Elche,2.0,1,2026-09-25
cronistas_md,7,Alejandro Iturbe Iturbe,Elche,,0,2026-09-25
cronistas_md,6,Alejandro Iturbe Iturbe,Elche,,0,2026-09-25
cronistas_md,5,Alejandro Iturbe Iturbe,Elche,,0,2026-09-25
cronistas_md,4,Alejandro Iturbe Iturbe,Elche,,0,2026-09-25
cronistas_md,3,Alejandro Iturbe Iturbe,Elche,,0,2026-09-25
cronistas_md,2,Alejandro Iturbe Iturbe,Elche,,0,2026-09-25
cronistas_md,1,Alejandro Iturbe Iturbe,Elche,,0,2026-09-25
cronistas_md,7,Marc Aguado Aguado,Elche,,0,2026-09-25
cronistas_md,6,Marc Aguado Aguado,Elche,2.0,1,2026-09-25
cronistas_md,5,Marc Aguado Aguado,Elche,,0,2026-09-25
cronistas_md,4,Marc Aguado Aguado,Elche,,0,2026-09-25
cronistas_md,3,Marc Aguado Aguado,Elche,2.0,1,2026-09-25
cronistas_md,2,Marc Aguado Aguado,Elche,6.0,1,2026-09-25
cronistas_md,1,Marc Aguado Aguado,Elche,14.0,1,2026-09-25
cronistas_md,7,Facundo Buonanotte Buonanotte,Elche,,0,2026-09-25
cronistas_md,6,Facundo Buonanotte Buonanotte,Elche,,0,2026-09-25
cronistas_md,5,Facundo Buonanotte Buonanotte,Elche,5.0,1,2026-09-25
cronistas_md,4,Facundo Buonanotte Buonanotte,Elche,6.0,1,2026-09-25
cronistas_md,3,Facundo Buonanotte Buonanotte,Elche,2.0,1,2026-09-25
cronistas_md,2,Facundo Buonanotte Buonanotte,Elche,6.0,1,2026-09-25
cronistas_md,1,Facundo Buonanotte Buonanotte,Elche,,0,2026-09-25
cronistas_md,7,Buba Sangaré Sangaré,Elche,2.0,1,2026-09-25
cronistas_md,6,Buba Sangaré Sangaré,Elche,2.0,1,2026-09-25
cronistas_md,5,Buba Sangaré Sangaré,Elche,6.0,1,2026-09-25
cronistas_md,4,Buba Sangaré Sangaré,Elche,2.0,1,2026-09-25
cronistas_md,3,Buba Sangaré Sangaré,Elche,11.0,1,2026-09-25
cronistas_md,2,Buba Sangaré Sangaré,Elche,2.0,1,2026-09-25
cronistas_md,1,Buba Sangaré Sangaré,Elche,2.0,1,2026-09-25
cronistas_md,7,Nordin Al Lal Al Lal,Elche,,0,2026-09-25
cronistas_md,6,Nordin Al Lal Al Lal,Elche,,0,2026-09-25
cronistas_md,5,Nordin Al Lal Al Lal,Elche,,0,2026-09-25
cronistas_md,4,Nordin Al Lal Al Lal,Elche,,0,2026-09-25
cronistas_md,7,Martim Neto Martim Neto,Elche,,0,2026-09-25
cronistas_md,6,Martim Neto Martim Neto,Elche,2.0,1,2026-09-25
cronistas_md,5,Martim Neto Martim Neto,Elche,0.0,1,2026-09-25
cronistas_md,4,Martim Neto Martim Neto,Elche,,0,2026-09-25
cronistas_md,3,Martim Neto Martim Neto,Elche,,0,2026-09-25
cronistas_md,2,Martim Neto Martim Neto,Elche,2.0,1,2026-09-25
cronistas_md,1,Martim Neto Martim Neto,Elche,2.0,1,2026-09-25
cronistas_md,7,Matia Barzic Barzic,Elche,2.0,1,2026-09-25
cronistas_md,6,Matia Barzic Barzic,Elche,,0,2026-09-25
cronistas_md,5,Matia Barzic Barzic,Elche,,0,2026-09-25
cronistas_md,4,Matia Barzic Barzic,Elche,,0,2026-09-25
cronistas_md,3,Matia Barzic Barzic,Elche,,0,2026-09-25
cronistas_md,2,Matia Barzic Barzic,Elche,,0,2026-09-25
cronistas_md,1,Matia Barzic Barzic,Elche,,0,2026-09-25
cronistas_md,7,Ali Houary Ali Houary,Elche,,0,2026-09-25
cronistas_md,6,Ali Houary Ali Houary,Elche,,0,2026-09-25
cronistas_md,5,Ali Houary Ali Houary,Elche,,0,2026-09-25
cronistas_md,4,Ali Houary Ali Houary,Elche,,0,2026-09-25
cronistas_md,3,Ali Houary Ali Houary,Elche,2.0,1,2026-09-25
cronistas_md,2,Ali Houary Ali Houary,Elche,6.0,1,2026-09-25
cronistas_md,1,Ali Houary Ali Houary,Elche,6.0,1,2026-09-25
cronistas_md,7,Federico Redondo Redondo,Elche,-8.0,1,2026-09-25
cronistas_md,6,Federico Redondo Redondo,Elche,2.0,1,2026-09-25
cronistas_md,5,Federico Redondo Redondo,Elche,2.0,1,2026-09-25
cronistas_md,4,Federico Redondo Redondo,Elche,,0,2026-09-25
cronistas_md,3,Federico Redondo Redondo,Elche,,0,2026-09-25
cronistas_md,2,Federico Redondo Redondo,Elche,2.0,1,2026-09-25
cronistas_md,1,Federico Redondo Redondo,Elche,2.0,1,2026-09-25
cronistas_md,7,Lucas Cepeda Cepeda,Elche,6.0,1,2026-09-25
cronistas_md,6,Lucas Cepeda Cepeda,Elche,2.0,1,2026-09-25
cronistas_md,5,Lucas Cepeda Cepeda,Elche,0.0,1,2026-09-25
cronistas_md,4,Lucas Cepeda Cepeda,Elche,2.0,1,2026-09-25
cronistas_md,3,Lucas Cepeda Cepeda,Elche,6.0,1,2026-09-25
cronistas_md,2,Lucas Cepeda Cepeda,Elche,2.0,1,2026-09-25
cronistas_md,1,Lucas Cepeda Cepeda,Elche,6.0,1,2026-09-25
cronistas_md,7,Javi Morcillo Morcillo,Elche,10.0,1,2026-09-25
cronistas_md,6,Javi Morcillo Morcillo,Elche,,0,2026-09-25
cronistas_md,5,Javi Morcillo Morcillo,Elche,6.0,1,2026-09-25
cronistas_md,4,Javi Morcillo Morcillo,Elche,2.0,1,2026-09-25
cronistas_md,3,Javi Morcillo Morcillo,Elche,2.0,1,2026-09-25
cronistas_md,2,Javi Morcillo Morcillo,Elche,,0,2026-09-25
cronistas_md,1,Javi Morcillo Morcillo,Elche,2.0,1,2026-09-25
cronistas_md,7,Álvaro Padilla Padilla,Elche,,0,2026-09-25
cronistas_md,6,Álvaro Padilla Padilla,Elche,,0,2026-09-25
cronistas_md,5,Álvaro Padilla Padilla,Elche,,0,2026-09-25
cronistas_md,4,Álvaro Padilla Padilla,Elche,,0,2026-09-25
cronistas_md,3,Álvaro Padilla Padilla,Elche,,0,2026-09-25
cronistas_md,2,Álvaro Padilla Padilla,Elche,,0,2026-09-25
cronistas_md,1,Álvaro Padilla Padilla,Elche,0.0,1,2026-09-25
cronistas_md,7,Umaru Konaré Umaru,Elche,,0,2026-09-25
cronistas_md,6,Umaru Konaré Umaru,Elche,,0,2026-09-25
cronistas_md,5,Umaru Konaré Umaru,Elche,2.0,1,2026-09-25
cronistas_md,7,Grady Diangana Diangana,Elche,,0,2026-09-25
cronistas_md,6,Grady Diangana Diangana,Elche,,0,2026-09-25
cronistas_md,5,Grady Diangana Diangana,Elche,,0,2026-09-25
cronistas_md,4,Grady Diangana Diangana,Elche,,0,2026-09-25
cronistas_md,3,Grady Diangana Diangana,Elche,,0,2026-09-25
cronistas_md,2,Grady Diangana Diangana,Elche,,0,2026-09-25
cronistas_md,1,Grady Diangana Diangana,Elche,,0,2026-09-25
cronistas_md,7,Abiel Osorio Osorio,Elche,2.0,1,2026-09-25
cronistas_md,6,Abiel Osorio Osorio,Elche,9.0,1,2026-09-25
cronistas_md,5,Abiel Osorio Osorio,Elche,2.0,1,2026-09-25
cronistas_md,4,Abiel Osorio Osorio,Elche,6.0,1,2026-09-25
cronistas_md,3,Abiel Osorio Osorio,Elche,,0,2026-09-25
cronistas_md,2,Abiel Osorio Osorio,Elche,,0,2026-09-25
cronistas_md,1,Abiel Osorio Osorio,Elche,,0,2026-09-25
cronistas_md,7,Thomas Lemar Lemar,Elche,2.0,1,2026-09-25
cronistas_md,6,Thomas Lemar Lemar,Elche,2.0,1,2026-09-25
cronistas_md,5,Thomas Lemar Lemar,Elche,2.0,1,2026-09-25
cronistas_md,4,Thomas Lemar Lemar,Elche,10.0,1,2026-09-25
cronistas_md,3,Thomas Lemar Lemar,Elche,,0,2026-09-25
cronistas_md,2,Thomas Lemar Lemar,Elche,,0,2026-09-25
cronistas_md,1,Thomas Lemar Lemar,Elche,,0,2026-09-25
cronistas_md,7,Rubén Sánchez Rubén Sánchez,Elche,6.0,1,2026-09-25
cronistas_md,6,Rubén Sánchez Rubén Sánchez,Elche,2.0,1,2026-09-25
cronistas_md,5,Rubén Sánchez Rubén Sánchez,Elche,2.0,1,2026-09-25
cronistas_md,4,Rubén Sánchez Rubén Sánchez,Elche,,0,2026-09-25
cronistas_md,3,Rubén Sánchez Rubén Sánchez,Elche,,0,2026-09-25
cronistas_md,2,Rubén Sánchez Rubén Sánchez,Elche,,0,2026-09-25
cronistas_md,1,Rubén Sánchez Rubén Sánchez,Elche,,0,2026-09-25
cronistas_md,7,Roy Revivo Revivo,Elche,6.0,1,2026-09-25
cronistas_md,6,Roy Revivo Revivo,Elche,2.0,1,2026-09-25
cronistas_md,5,Roy Revivo Revivo,Elche,2.0,1,2026-09-25
cronistas_md,4,Roy Revivo Revivo,Elche,0.0,1,2026-09-25
cronistas_md,7,Gerard Moreno Gerard,Villarreal,2.0,1,2026-09-25
cronistas_md,6,Gerard Moreno Gerard,Villarreal,,0,2026-09-25
cronistas_md,5,Gerard Moreno Gerard,Villarreal,9.0,1,2026-09-25
cronistas_md,4,Gerard Moreno Gerard,Villarreal,10.0,1,2026-09-25
cronistas_md,3,Gerard Moreno Gerard,Villarreal,2.0,1,2026-09-25
cronistas_md,2,Gerard Moreno Gerard,Villarreal,13.0,1,2026-09-25
cronistas_md,1,Gerard Moreno Gerard,Villarreal,2.0,1,2026-09-25
cronistas_md,7,Péter Gulácsi Gulacsi,Villarreal,2.0,1,2026-09-25
cronistas_md,6,Péter Gulácsi Gulacsi,Villarreal,6.0,1,2026-09-25
cronistas_md,5,Péter Gulácsi Gulacsi,Villarreal,2.0,1,2026-09-25
cronistas_md,4,Péter Gulácsi Gulacsi,Villarreal,,0,2026-09-25
cronistas_md,3,Péter Gulácsi Gulacsi,Villarreal,,0,2026-09-25
cronistas_md,2,Péter Gulácsi Gulacsi,Villarreal,,0,2026-09-25
cronistas_md,1,Péter Gulácsi Gulacsi,Villarreal,,0,2026-09-25
cronistas_md,7,Ayoze Pérez Ayoze,Villarreal,9.0,1,2026-09-25
cronistas_md,6,Ayoze Pérez Ayoze,Villarreal,6.0,1,2026-09-25
cronistas_md,5,Ayoze Pérez Ayoze,Villarreal,-2.0,1,2026-09-25
cronistas_md,4,Ayoze Pérez Ayoze,Villarreal,2.0,1,2026-09-25
cronistas_md,3,Ayoze Pérez Ayoze,Villarreal,2.0,1,2026-09-25
cronistas_md,2,Ayoze Pérez Ayoze,Villarreal,6.0,1,2026-09-25
cronistas_md,1,Ayoze Pérez Ayoze,Villarreal,2.0,1,2026-09-25
cronistas_md,7,Juan Foyth Foyth,Villarreal,,0,2026-09-25
cronistas_md,6,Juan Foyth Foyth,Villarreal,,0,2026-09-25
cronistas_md,5,Juan Foyth Foyth,Villarreal,,0,2026-09-25
cronistas_md,4,Juan Foyth Foyth,Villarreal,,0,2026-09-25
cronistas_md,3,Juan Foyth Foyth,Villarreal,2.0,1,2026-09-25
cronistas_md,2,Juan Foyth Foyth,Villarreal,6.0,1,2026-09-25
cronistas_md,1,Juan Foyth Foyth,Villarreal,2.0,1,2026-09-25
cronistas_md,7,Santi Comesaña Comesaña,Villarreal,,0,2026-09-25
cronistas_md,6,Santi Comesaña Comesaña,Villarreal,2.0,1,2026-09-25
cronistas_md,5,Santi Comesaña Comesaña,Villarreal,2.0,1,2026-09-25
cronistas_md,4,Santi Comesaña Comesaña,Villarreal,2.0,1,2026-09-25
cronistas_md,3,Santi Comesaña Comesaña,Villarreal,2.0,1,2026-09-25
cronistas_md,2,Santi Comesaña Comesaña,Villarreal,6.0,1,2026-09-25
cronistas_md,1,Santi Comesaña Comesaña,Villarreal,2.0,1,2026-09-25
cronistas_md,7,Nicolas Pépé Pépé,Villarreal,0.0,1,2026-09-25
cronistas_md,6,Nicolas Pépé Pépé,Villarreal,,0,2026-09-25
cronistas_md,5,Nicolas Pépé Pépé,Villarreal,6.0,1,2026-09-25
cronistas_md,4,Nicolas Pépé Pépé,Villarreal,9.0,1,2026-09-25
cronistas_md,3,Nicolas Pépé Pépé,Villarreal,6.0,1,2026-09-25
cronistas_md,2,Nicolas Pépé Pépé,Villarreal,6.0,1,2026-09-25
cronistas_md,1,Nicolas Pépé Pépé,Villarreal,9.0,1,2026-09-25
cronistas_md,7,Pape Gueye Pape Gueye,Villarreal,2.0,1,2026-09-25
cronistas_md,6,Pape Gueye Pape Gueye,Villarreal,17.0,1,2026-09-25
cronistas_md,5,Pape Gueye Pape Gueye,Villarreal,6.0,1,2026-09-25
cronistas_md,4,Pape Gueye Pape Gueye,Villarreal,2.0,1,2026-09-25
cronistas_md,3,Pape Gueye Pape Gueye,Villarreal,6.0,1,2026-09-25
cronistas_md,2,Pape Gueye Pape Gueye,Villarreal,6.0,1,2026-09-25
cronistas_md,1,Pape Gueye Pape Gueye,Villarreal,10.0,1,2026-09-25
cronistas_md,7,Ilias Akhomach Akhomach,Villarreal,10.0,1,2026-09-25
cronistas_md,6,Ilias Akhomach Akhomach,Villarreal,10.0,1,2026-09-25
cronistas_md,5,Ilias Akhomach Akhomach,Villarreal,,0,2026-09-25
cronistas_md,4,Ilias Akhomach Akhomach,Villarreal,0.0,1,2026-09-25
cronistas_md,3,Ilias Akhomach Akhomach,Villarreal,2.0,1,2026-09-25
cronistas_md,2,Ilias Akhomach Akhomach,Villarreal,2.0,1,2026-09-25
cronistas_md,1,Ilias Akhomach Akhomach,Villarreal,2.0,1,2026-09-25
cronistas_md,7,Sergi Cardona S. Cardona,Villarreal,2.0,1,2026-09-25
cronistas_md,6,Sergi Cardona S. Cardona,Villarreal,2.0,1,2026-09-25
cronistas_md,5,Sergi Cardona S. Cardona,Villarreal,,0,2026-09-25
cronistas_md,4,Sergi Cardona S. Cardona,Villarreal,-2.0,1,2026-09-25
cronistas_md,3,Sergi Cardona S. Cardona,Villarreal,,0,2026-09-25
cronistas_md,2,Sergi Cardona S. Cardona,Villarreal,,0,2026-09-25
cronistas_md,1,Sergi Cardona S. Cardona,Villarreal,,0,2026-09-25
cronistas_md,7,Alberto Moleiro Moleiro,Villarreal,14.0,1,2026-09-25
cronistas_md,6,Alberto Moleiro Moleiro,Villarreal,10.0,1,2026-09-25
cronistas_md,5,Alberto Moleiro Moleiro,Villarreal,2.0,1,2026-09-25
cronistas_md,4,Alberto Moleiro Moleiro,Villarreal,2.0,1,2026-09-25
cronistas_md,3,Alberto Moleiro Moleiro,Villarreal,2.0,1,2026-09-25
cronistas_md,2,Alberto Moleiro Moleiro,Villarreal,6.0,1,2026-09-25
cronistas_md,1,Alberto Moleiro Moleiro,Villarreal,2.0,1,2026-09-25
cronistas_md,7,Renato Veiga Veiga,Villarreal,6.0,1,2026-09-25
cronistas_md,6,Renato Veiga Veiga,Villarreal,6.0,1,2026-09-25
cronistas_md,5,Renato Veiga Veiga,Villarreal,2.0,1,2026-09-25
cronistas_md,4,Renato Veiga Veiga,Villarreal,2.0,1,2026-09-25
cronistas_md,3,Renato Veiga Veiga,Villarreal,2.0,1,2026-09-25
cronistas_md,2,Renato Veiga Veiga,Villarreal,6.0,1,2026-09-25
cronistas_md,1,Renato Veiga Veiga,Villarreal,2.0,1,2026-09-25
cronistas_md,7,Tajon Buchanan Buchanan,Villarreal,6.0,1,2026-09-25
cronistas_md,6,Tajon Buchanan Buchanan,Villarreal,6.0,1,2026-09-25
cronistas_md,5,Tajon Buchanan Buchanan,Villarreal,2.0,1,2026-09-25
cronistas_md,4,Tajon Buchanan Buchanan,Villarreal,2.0,1,2026-09-25
cronistas_md,3,Tajon Buchanan Buchanan,Villarreal,2.0,1,2026-09-25
cronistas_md,2,Tajon Buchanan Buchanan,Villarreal,6.0,1,2026-09-25
cronistas_md,1,Tajon Buchanan Buchanan,Villarreal,2.0,1,2026-09-25
cronistas_md,7,Carlos Romero Romero,Villarreal,,0,2026-09-25
cronistas_md,6,Carlos Romero Romero,Villarreal,6.0,1,2026-09-25
cronistas_md,5,Carlos Romero Romero,Villarreal,2.0,1,2026-09-25
cronistas_md,4,Carlos Romero Romero,Villarreal,,0,2026-09-25
cronistas_md,3,Carlos Romero Romero,Villarreal,2.0,1,2026-09-25
cronistas_md,2,Carlos Romero Romero,Villarreal,2.0,1,2026-09-25
cronistas_md,1,Carlos Romero Romero,Villarreal,2.0,1,2026-09-25
cronistas_md,7,Santiago Mouriño Mouriño,Villarreal,0.0,1,2026-09-25
cronistas_md,6,Santiago Mouriño Mouriño,Villarreal,2.0,1,2026-09-25
cronistas_md,5,Santiago Mouriño Mouriño,Villarreal,2.0,1,2026-09-25
cronistas_md,4,Santiago Mouriño Mouriño,Villarreal,,0,2026-09-25
cronistas_md,3,Santiago Mouriño Mouriño,Villarreal,2.0,1,2026-09-25
cronistas_md,2,Santiago Mouriño Mouriño,Villarreal,6.0,1,2026-09-25
cronistas_md,1,Santiago Mouriño Mouriño,Villarreal,2.0,1,2026-09-25
cronistas_md,7,Georges Mikautadze Mikautadze,Villarreal,9.0,1,2026-09-25
cronistas_md,6,Georges Mikautadze Mikautadze,Villarreal,6.0,1,2026-09-25
cronistas_md,5,Georges Mikautadze Mikautadze,Villarreal,2.0,1,2026-09-25
cronistas_md,4,Georges Mikautadze Mikautadze,Villarreal,2.0,1,2026-09-25
cronistas_md,3,Georges Mikautadze Mikautadze,Villarreal,2.0,1,2026-09-25
cronistas_md,2,Georges Mikautadze Mikautadze,Villarreal,13.0,1,2026-09-25
cronistas_md,1,Georges Mikautadze Mikautadze,Villarreal,6.0,1,2026-09-25
cronistas_md,7,Logan Costa Logan Costa,Villarreal,,0,2026-09-25
cronistas_md,6,Logan Costa Logan Costa,Villarreal,,0,2026-09-25
cronistas_md,5,Logan Costa Logan Costa,Villarreal,,0,2026-09-25
cronistas_md,4,Logan Costa Logan Costa,Villarreal,2.0,1,2026-09-25
cronistas_md,3,Logan Costa Logan Costa,Villarreal,,0,2026-09-25
cronistas_md,2,Logan Costa Logan Costa,Villarreal,,0,2026-09-25
cronistas_md,1,Logan Costa Logan Costa,Villarreal,,0,2026-09-25
cronistas_md,7,Willy Kambwala Kambwala,Villarreal,,0,2026-09-25
cronistas_md,6,Willy Kambwala Kambwala,Villarreal,,0,2026-09-25
cronistas_md,7,Pau Navarro Pau Navarro,Villarreal,0.0,1,2026-09-25
cronistas_md,6,Pau Navarro Pau Navarro,Villarreal,6.0,1,2026-09-25
cronistas_md,5,Pau Navarro Pau Navarro,Villarreal,6.0,1,2026-09-25
cronistas_md,4,Pau Navarro Pau Navarro,Villarreal,,0,2026-09-25
cronistas_md,3,Pau Navarro Pau Navarro,Villarreal,,0,2026-09-25
cronistas_md,2,Pau Navarro Pau Navarro,Villarreal,,0,2026-09-25
cronistas_md,1,Pau Navarro Pau Navarro,Villarreal,,0,2026-09-25
cronistas_md,7,Tani Oluwaseyi Oluwaseyi,Villarreal,,0,2026-09-25
cronistas_md,6,Tani Oluwaseyi Oluwaseyi,Villarreal,,0,2026-09-25
cronistas_md,5,Tani Oluwaseyi Oluwaseyi,Villarreal,2.0,1,2026-09-25
cronistas_md,4,Tani Oluwaseyi Oluwaseyi,Villarreal,2.0,1,2026-09-25
cronistas_md,3,Tani Oluwaseyi Oluwaseyi,Villarreal,2.0,1,2026-09-25
cronistas_md,2,Tani Oluwaseyi Oluwaseyi,Villarreal,2.0,1,2026-09-25
cronistas_md,1,Tani Oluwaseyi Oluwaseyi,Villarreal,,0,2026-09-25
cronistas_md,7,Luiz Junior Luiz Junior,Villarreal,,0,2026-09-25
cronistas_md,6,Luiz Junior Luiz Junior,Villarreal,,0,2026-09-25
cronistas_md,5,Luiz Junior Luiz Junior,Villarreal,,0,2026-09-25
cronistas_md,4,Luiz Junior Luiz Junior,Villarreal,-2.0,1,2026-09-25
cronistas_md,3,Luiz Junior Luiz Junior,Villarreal,2.0,1,2026-09-25
cronistas_md,2,Luiz Junior Luiz Junior,Villarreal,2.0,1,2026-09-25
cronistas_md,1,Luiz Junior Luiz Junior,Villarreal,2.0,1,2026-09-25
cronistas_md,7,Carlos Macià Carlos Macià,Villarreal,0.0,1,2026-09-25
cronistas_md,6,Carlos Macià Carlos Macià,Villarreal,6.0,1,2026-09-25
cronistas_md,5,Carlos Macià Carlos Macià,Villarreal,,0,2026-09-25
cronistas_md,4,Carlos Macià Carlos Macià,Villarreal,,0,2026-09-25
cronistas_md,3,Carlos Macià Carlos Macià,Villarreal,,0,2026-09-25
cronistas_md,2,Carlos Macià Carlos Macià,Villarreal,2.0,1,2026-09-25
cronistas_md,1,Carlos Macià Carlos Macià,Villarreal,2.0,1,2026-09-25
cronistas_md,7,Alex Freeman Freeman,Villarreal,6.0,1,2026-09-25
cronistas_md,6,Alex Freeman Freeman,Villarreal,2.0,1,2026-09-25
cronistas_md,5,Alex Freeman Freeman,Villarreal,2.0,1,2026-09-25
cronistas_md,4,Alex Freeman Freeman,Villarreal,2.0,1,2026-09-25
cronistas_md,3,Alex Freeman Freeman,Villarreal,2.0,1,2026-09-25
cronistas_md,2,Alex Freeman Freeman,Villarreal,,0,2026-09-25
cronistas_md,1,Alex Freeman Freeman,Villarreal,2.0,1,2026-09-25
cronistas_md,7,Cheikh Thiam Thiam,Villarreal,,0,2026-09-25
cronistas_md,6,Cheikh Thiam Thiam,Villarreal,,0,2026-09-25
cronistas_md,5,Cheikh Thiam Thiam,Villarreal,,0,2026-09-25
cronistas_md,4,Cheikh Thiam Thiam,Villarreal,,0,2026-09-25
cronistas_md,3,Cheikh Thiam Thiam,Villarreal,,0,2026-09-25
cronistas_md,2,Cheikh Thiam Thiam,Villarreal,,0,2026-09-25
cronistas_md,1,Cheikh Thiam Thiam,Villarreal,,0,2026-09-25
cronistas_md,7,Rubén Gómez Rubén Gómez,Villarreal,,0,2026-09-25
cronistas_md,6,Rubén Gómez Rubén Gómez,Villarreal,,0,2026-09-25
cronistas_md,5,Rubén Gómez Rubén Gómez,Villarreal,,0,2026-09-25
cronistas_md,4,Rubén Gómez Rubén Gómez,Villarreal,,0,2026-09-25
cronistas_md,3,Rubén Gómez Rubén Gómez,Villarreal,,0,2026-09-25
cronistas_md,2,Rubén Gómez Rubén Gómez,Villarreal,,0,2026-09-25
cronistas_md,1,Rubén Gómez Rubén Gómez,Villarreal,,0,2026-09-25
cronistas_md,7,Nizar El Jmili Nizar,Villarreal,,0,2026-09-25
cronistas_md,6,Nizar El Jmili Nizar,Villarreal,,0,2026-09-25
cronistas_md,5,Nizar El Jmili Nizar,Villarreal,,0,2026-09-25
cronistas_md,4,Nizar El Jmili Nizar,Villarreal,,0,2026-09-25
cronistas_md,3,Nizar El Jmili Nizar,Villarreal,,0,2026-09-25
cronistas_md,2,Nizar El Jmili Nizar,Villarreal,,0,2026-09-25
cronistas_md,1,Nizar El Jmili Nizar,Villarreal,,0,2026-09-25
cronistas_md,7,Alassane Diatta Diatta,Villarreal,,0,2026-09-25
cronistas_md,6,Alassane Diatta Diatta,Villarreal,,0,2026-09-25
cronistas_md,5,Alassane Diatta Diatta,Villarreal,,0,2026-09-25
cronistas_md,4,Alassane Diatta Diatta,Villarreal,,0,2026-09-25
cronistas_md,3,Alassane Diatta Diatta,Villarreal,,0,2026-09-25
cronistas_md,2,Alassane Diatta Diatta,Villarreal,,0,2026-09-25
cronistas_md,1,Alassane Diatta Diatta,Villarreal,,0,2026-09-25
cronistas_md,7,Nathan-Dylan Saliba Saliba,Villarreal,2.0,1,2026-09-25
cronistas_md,6,Nathan-Dylan Saliba Saliba,Villarreal,2.0,1,2026-09-25
cronistas_md,5,Nathan-Dylan Saliba Saliba,Villarreal,-2.0,1,2026-09-25
cronistas_md,4,Nathan-Dylan Saliba Saliba,Villarreal,2.0,1,2026-09-25
cronistas_md,3,Nathan-Dylan Saliba Saliba,Villarreal,,0,2026-09-25
cronistas_md,7,Jonny Castro Jonny,Alavés,6.0,1,2026-09-25
cronistas_md,6,Jonny Castro Jonny,Alavés,,0,2026-09-25
cronistas_md,5,Jonny Castro Jonny,Alavés,6.0,1,2026-09-25
cronistas_md,4,Jonny Castro Jonny,Alavés,2.0,1,2026-09-25
cronistas_md,3,Jonny Castro Jonny,Alavés,6.0,1,2026-09-25
cronistas_md,2,Jonny Castro Jonny,Alavés,2.0,1,2026-09-25
cronistas_md,1,Jonny Castro Jonny,Alavés,6.0,1,2026-09-25
cronistas_md,7,Antonio Sivera Sivera,Alavés,10.0,1,2026-09-25
cronistas_md,6,Antonio Sivera Sivera,Alavés,2.0,1,2026-09-25
cronistas_md,5,Antonio Sivera Sivera,Alavés,2.0,1,2026-09-25
cronistas_md,4,Antonio Sivera Sivera,Alavés,6.0,1,2026-09-25
cronistas_md,3,Antonio Sivera Sivera,Alavés,10.0,1,2026-09-25
cronistas_md,2,Antonio Sivera Sivera,Alavés,2.0,1,2026-09-25
cronistas_md,1,Antonio Sivera Sivera,Alavés,6.0,1,2026-09-25
cronistas_md,7,Denis Suárez Denis Suárez,Alavés,,0,2026-09-25
cronistas_md,6,Denis Suárez Denis Suárez,Alavés,2.0,1,2026-09-25
cronistas_md,5,Denis Suárez Denis Suárez,Alavés,2.0,1,2026-09-25
cronistas_md,4,Denis Suárez Denis Suárez,Alavés,2.0,1,2026-09-25
cronistas_md,3,Denis Suárez Denis Suárez,Alavés,2.0,1,2026-09-25
cronistas_md,2,Denis Suárez Denis Suárez,Alavés,2.0,1,2026-09-25
cronistas_md,1,Denis Suárez Denis Suárez,Alavés,2.0,1,2026-09-25
cronistas_md,7,Carles Aleñá Aleñá,Alavés,0.0,1,2026-09-25
cronistas_md,6,Carles Aleñá Aleñá,Alavés,0.0,1,2026-09-25
cronistas_md,5,Carles Aleñá Aleñá,Alavés,2.0,1,2026-09-25
cronistas_md,4,Carles Aleñá Aleñá,Alavés,6.0,1,2026-09-25
cronistas_md,3,Carles Aleñá Aleñá,Alavés,,0,2026-09-25
cronistas_md,2,Carles Aleñá Aleñá,Alavés,0.0,1,2026-09-25
cronistas_md,1,Carles Aleñá Aleñá,Alavés,2.0,1,2026-09-25
cronistas_md,7,Mariano Díaz Mariano,Alavés,-2.0,1,2026-09-25
cronistas_md,6,Mariano Díaz Mariano,Alavés,2.0,1,2026-09-25
cronistas_md,5,Mariano Díaz Mariano,Alavés,2.0,1,2026-09-25
cronistas_md,4,Mariano Díaz Mariano,Alavés,13.0,1,2026-09-25
cronistas_md,3,Mariano Díaz Mariano,Alavés,2.0,1,2026-09-25
cronistas_md,2,Mariano Díaz Mariano,Alavés,9.0,1,2026-09-25
cronistas_md,1,Mariano Díaz Mariano,Alavés,13.0,1,2026-09-25
cronistas_md,7,Ander Guevara Guevara,Alavés,2.0,1,2026-09-25
cronistas_md,6,Ander Guevara Guevara,Alavés,0.0,1,2026-09-25
cronistas_md,5,Ander Guevara Guevara,Alavés,,0,2026-09-25
cronistas_md,4,Ander Guevara Guevara,Alavés,,0,2026-09-25
cronistas_md,3,Ander Guevara Guevara,Alavés,,0,2026-09-25
cronistas_md,2,Ander Guevara Guevara,Alavés,,0,2026-09-25
cronistas_md,1,Ander Guevara Guevara,Alavés,2.0,1,2026-09-25
cronistas_md,7,Toni Martinez Toni Martinez,Alavés,2.0,1,2026-09-25
cronistas_md,6,Toni Martinez Toni Martinez,Alavés,6.0,1,2026-09-25
cronistas_md,5,Toni Martinez Toni Martinez,Alavés,2.0,1,2026-09-25
cronistas_md,4,Toni Martinez Toni Martinez,Alavés,,0,2026-09-25
cronistas_md,3,Toni Martinez Toni Martinez,Alavés,2.0,1,2026-09-25
cronistas_md,2,Toni Martinez Toni Martinez,Alavés,6.0,1,2026-09-25
cronistas_md,1,Toni Martinez Toni Martinez,Alavés,2.0,1,2026-09-25
cronistas_md,7,Lucas Boyé Boyé,Alavés,2.0,1,2026-09-25
cronistas_md,6,Lucas Boyé Boyé,Alavés,2.0,1,2026-09-25
cronistas_md,5,Lucas Boyé Boyé,Alavés,2.0,1,2026-09-25
cronistas_md,4,Lucas Boyé Boyé,Alavés,23.0,1,2026-09-25
cronistas_md,3,Lucas Boyé Boyé,Alavés,9.0,1,2026-09-25
cronistas_md,2,Lucas Boyé Boyé,Alavés,6.0,1,2026-09-25
cronistas_md,1,Lucas Boyé Boyé,Alavés,,0,2026-09-25
cronistas_md,7,Hugo Novoa Novoa,Alavés,,0,2026-09-25
cronistas_md,6,Hugo Novoa Novoa,Alavés,,0,2026-09-25
cronistas_md,5,Hugo Novoa Novoa,Alavés,,0,2026-09-25
cronistas_md,4,Hugo Novoa Novoa,Alavés,,0,2026-09-25
cronistas_md,3,Hugo Novoa Novoa,Alavés,,0,2026-09-25
cronistas_md,2,Hugo Novoa Novoa,Alavés,,0,2026-09-25
cronistas_md,1,Hugo Novoa Novoa,Alavés,,0,2026-09-25
cronistas_md,7,Miguel Rodríguez Miguel,Alavés,,0,2026-09-25
cronistas_md,6,Miguel Rodríguez Miguel,Alavés,0.0,1,2026-09-25
cronistas_md,5,Miguel Rodríguez Miguel,Alavés,0.0,1,2026-09-25
cronistas_md,4,Miguel Rodríguez Miguel,Alavés,0.0,1,2026-09-25
cronistas_md,3,Miguel Rodríguez Miguel,Alavés,,0,2026-09-25
cronistas_md,2,Miguel Rodríguez Miguel,Alavés,,0,2026-09-25
cronistas_md,1,Miguel Rodríguez Miguel,Alavés,,0,2026-09-25
cronistas_md,7,Antonio Blanco Blanco,Alavés,0.0,1,2026-09-25
cronistas_md,6,Antonio Blanco Blanco,Alavés,2.0,1,2026-09-25
cronistas_md,5,Antonio Blanco Blanco,Alavés,2.0,1,2026-09-25
cronistas_md,4,Antonio Blanco Blanco,Alavés,6.0,1,2026-09-25
cronistas_md,3,Antonio Blanco Blanco,Alavés,10.0,1,2026-09-25
cronistas_md,2,Antonio Blanco Blanco,Alavés,6.0,1,2026-09-25
cronistas_md,1,Antonio Blanco Blanco,Alavés,6.0,1,2026-09-25
cronistas_md,7,Adrián Rodríguez Adrián,Alavés,,0,2026-09-25
cronistas_md,6,Adrián Rodríguez Adrián,Alavés,,0,2026-09-25
cronistas_md,5,Adrián Rodríguez Adrián,Alavés,,0,2026-09-25
cronistas_md,4,Adrián Rodríguez Adrián,Alavés,,0,2026-09-25
cronistas_md,3,Adrián Rodríguez Adrián,Alavés,,0,2026-09-25
cronistas_md,2,Adrián Rodríguez Adrián,Alavés,,0,2026-09-25
cronistas_md,1,Adrián Rodríguez Adrián,Alavés,,0,2026-09-25
cronistas_md,7,Nahuel Tenaglia Tenaglia,Alavés,6.0,1,2026-09-25
cronistas_md,6,Nahuel Tenaglia Tenaglia,Alavés,2.0,1,2026-09-25
cronistas_md,5,Nahuel Tenaglia Tenaglia,Alavés,2.0,1,2026-09-25
cronistas_md,4,Nahuel Tenaglia Tenaglia,Alavés,2.0,1,2026-09-25
cronistas_md,3,Nahuel Tenaglia Tenaglia,Alavés,6.0,1,2026-09-25
cronistas_md,2,Nahuel Tenaglia Tenaglia,Alavés,6.0,1,2026-09-25
cronistas_md,1,Nahuel Tenaglia Tenaglia,Alavés,11.0,1,2026-09-25
cronistas_md,7,Pablo Ibáñez Ibáñez,Alavés,6.0,1,2026-09-25
cronistas_md,6,Pablo Ibáñez Ibáñez,Alavés,6.0,1,2026-09-25
cronistas_md,5,Pablo Ibáñez Ibáñez,Alavés,2.0,1,2026-09-25
cronistas_md,4,Pablo Ibáñez Ibáñez,Alavés,10.0,1,2026-09-25
cronistas_md,3,Pablo Ibáñez Ibáñez,Alavés,6.0,1,2026-09-25
cronistas_md,2,Pablo Ibáñez Ibáñez,Alavés,2.0,1,2026-09-25
cronistas_md,1,Pablo Ibáñez Ibáñez,Alavés,2.0,1,2026-09-25
cronistas_md,7,Carlos Benavidez Protesoni,Alavés,2.0,1,2026-09-25
cronistas_md,6,Carlos Benavidez Protesoni,Alavés,,0,2026-09-25
cronistas_md,5,Carlos Benavidez Protesoni,Alavés,2.0,1,2026-09-25
cronistas_md,4,Carlos Benavidez Protesoni,Alavés,,0,2026-09-25
cronistas_md,3,Carlos Benavidez Protesoni,Alavés,2.0,1,2026-09-25
cronistas_md,2,Carlos Benavidez Protesoni,Alavés,,0,2026-09-25
cronistas_md,1,Carlos Benavidez Protesoni,Alavés,,0,2026-09-25
cronistas_md,7,Abde Rebbach Rebbach,Alavés,2.0,1,2026-09-25
cronistas_md,6,Abde Rebbach Rebbach,Alavés,2.0,1,2026-09-25
cronistas_md,5,Abde Rebbach Rebbach,Alavés,2.0,1,2026-09-25
cronistas_md,4,Abde Rebbach Rebbach,Alavés,2.0,1,2026-09-25
cronistas_md,3,Abde Rebbach Rebbach,Alavés,2.0,1,2026-09-25
cronistas_md,2,Abde Rebbach Rebbach,Alavés,2.0,1,2026-09-25
cronistas_md,1,Abde Rebbach Rebbach,Alavés,2.0,1,2026-09-25
cronistas_md,7,Moussa Diarra Diarra,Alavés,,0,2026-09-25
cronistas_md,7,Aitor Mañas Aitor Mañas,Alavés,,0,2026-09-25
cronistas_md,6,Aitor Mañas Aitor Mañas,Alavés,,0,2026-09-25
cronistas_md,5,Aitor Mañas Aitor Mañas,Alavés,0.0,1,2026-09-25
cronistas_md,4,Aitor Mañas Aitor Mañas,Alavés,2.0,1,2026-09-25
cronistas_md,3,Aitor Mañas Aitor Mañas,Alavés,0.0,1,2026-09-25
cronistas_md,2,Aitor Mañas Aitor Mañas,Alavés,,0,2026-09-25
cronistas_md,1,Aitor Mañas Aitor Mañas,Alavés,2.0,1,2026-09-25
cronistas_md,7,Youssef Enríquez Youssef,Alavés,2.0,1,2026-09-25
cronistas_md,6,Youssef Enríquez Youssef,Alavés,2.0,1,2026-09-25
cronistas_md,5,Youssef Enríquez Youssef,Alavés,,0,2026-09-25
cronistas_md,4,Youssef Enríquez Youssef,Alavés,2.0,1,2026-09-25
cronistas_md,3,Youssef Enríquez Youssef,Alavés,2.0,1,2026-09-25
cronistas_md,2,Youssef Enríquez Youssef,Alavés,2.0,1,2026-09-25
cronistas_md,1,Youssef Enríquez Youssef,Alavés,2.0,1,2026-09-25
cronistas_md,7,Ángel Pérez Ángel Pérez,Alavés,0.0,1,2026-09-25
cronistas_md,6,Ángel Pérez Ángel Pérez,Alavés,2.0,1,2026-09-25
cronistas_md,5,Ángel Pérez Ángel Pérez,Alavés,2.0,1,2026-09-25
cronistas_md,4,Ángel Pérez Ángel Pérez,Alavés,10.0,1,2026-09-25
cronistas_md,3,Ángel Pérez Ángel Pérez,Alavés,10.0,1,2026-09-25
cronistas_md,2,Ángel Pérez Ángel Pérez,Alavés,6.0,1,2026-09-25
cronistas_md,1,Ángel Pérez Ángel Pérez,Alavés,2.0,1,2026-09-25
cronistas_md,7,Grégoire Swiderski Swiderski,Alavés,,0,2026-09-25
cronistas_md,6,Grégoire Swiderski Swiderski,Alavés,,0,2026-09-25
cronistas_md,5,Grégoire Swiderski Swiderski,Alavés,,0,2026-09-25
cronistas_md,4,Grégoire Swiderski Swiderski,Alavés,,0,2026-09-25
cronistas_md,3,Grégoire Swiderski Swiderski,Alavés,,0,2026-09-25
cronistas_md,2,Grégoire Swiderski Swiderski,Alavés,,0,2026-09-25
cronistas_md,1,Grégoire Swiderski Swiderski,Alavés,,0,2026-09-25
cronistas_md,7,Mikel Rodriguez Mikel Rodriguez,Alavés,,0,2026-09-25
cronistas_md,6,Mikel Rodriguez Mikel Rodriguez,Alavés,,0,2026-09-25
cronistas_md,5,Mikel Rodriguez Mikel Rodriguez,Alavés,,0,2026-09-25
cronistas_md,4,Mikel Rodriguez Mikel Rodriguez,Alavés,,0,2026-09-25
cronistas_md,3,Mikel Rodriguez Mikel Rodriguez,Alavés,6.0,1,2026-09-25
cronistas_md,2,Mikel Rodriguez Mikel Rodriguez,Alavés,2.0,1,2026-09-25
cronistas_md,1,Mikel Rodriguez Mikel Rodriguez,Alavés,10.0,1,2026-09-25
cronistas_md,7,Xanet Oláiz Oláiz,Alavés,,0,2026-09-25
cronistas_md,6,Xanet Oláiz Oláiz,Alavés,,0,2026-09-25
cronistas_md,5,Xanet Oláiz Oláiz,Alavés,,0,2026-09-25
cronistas_md,4,Xanet Oláiz Oláiz,Alavés,0.0,1,2026-09-25
cronistas_md,3,Xanet Oláiz Oláiz,Alavés,,0,2026-09-25
cronistas_md,2,Xanet Oláiz Oláiz,Alavés,,0,2026-09-25
cronistas_md,1,Xanet Oláiz Oláiz,Alavés,,0,2026-09-25
cronistas_md,7,Ville Koski Koski,Alavés,2.0,1,2026-09-25
cronistas_md,6,Ville Koski Koski,Alavés,6.0,1,2026-09-25
cronistas_md,5,Ville Koski Koski,Alavés,11.0,1,2026-09-25
cronistas_md,4,Ville Koski Koski,Alavés,2.0,1,2026-09-25
cronistas_md,3,Ville Koski Koski,Alavés,6.0,1,2026-09-25
cronistas_md,2,Ville Koski Koski,Alavés,2.0,1,2026-09-25
cronistas_md,1,Ville Koski Koski,Alavés,2.0,1,2026-09-25
cronistas_md,7,Nicolás Valentini Valentini,Alavés,2.0,1,2026-09-25
cronistas_md,6,Nicolás Valentini Valentini,Alavés,6.0,1,2026-09-25
cronistas_md,5,Nicolás Valentini Valentini,Alavés,-2.0,1,2026-09-25
cronistas_md,4,Nicolás Valentini Valentini,Alavés,,0,2026-09-25
cronistas_md,3,Nicolás Valentini Valentini,Alavés,,0,2026-09-25
cronistas_md,2,Nicolás Valentini Valentini,Alavés,2.0,1,2026-09-25
cronistas_md,1,Nicolás Valentini Valentini,Alavés,,0,2026-09-25
cronistas_md,7,Selu Diallo Diallo,Alavés,,0,2026-09-25
cronistas_md,6,Selu Diallo Diallo,Alavés,,0,2026-09-25
cronistas_md,5,Selu Diallo Diallo,Alavés,,0,2026-09-25
cronistas_md,4,Selu Diallo Diallo,Alavés,,0,2026-09-25
cronistas_md,3,Selu Diallo Diallo,Alavés,,0,2026-09-25
cronistas_md,2,Selu Diallo Diallo,Alavés,,0,2026-09-25
cronistas_md,1,Selu Diallo Diallo,Alavés,,0,2026-09-25
cronistas_md,7,Izei Hernández Izei,Alavés,,0,2026-09-25
cronistas_md,6,Izei Hernández Izei,Alavés,,0,2026-09-25
cronistas_md,5,Izei Hernández Izei,Alavés,,0,2026-09-25
cronistas_md,4,Izei Hernández Izei,Alavés,,0,2026-09-25
cronistas_md,3,Izei Hernández Izei,Alavés,,0,2026-09-25
cronistas_md,2,Izei Hernández Izei,Alavés,,0,2026-09-25
cronistas_md,1,Izei Hernández Izei,Alavés,,0,2026-09-25
cronistas_md,7,Sergio Canales Canales,Racing,2.0,1,2026-09-25
cronistas_md,6,Sergio Canales Canales,Racing,2.0,1,2026-09-25
cronistas_md,5,Sergio Canales Canales,Racing,6.0,1,2026-09-25
cronistas_md,4,Sergio Canales Canales,Racing,10.0,1,2026-09-25
cronistas_md,3,Sergio Canales Canales,Racing,6.0,1,2026-09-25
cronistas_md,2,Sergio Canales Canales,Racing,6.0,1,2026-09-25
cronistas_md,1,Sergio Canales Canales,Racing,2.0,1,2026-09-25
cronistas_md,7,Asier Villalibre Villalibre,Racing,2.0,1,2026-09-25
cronistas_md,6,Asier Villalibre Villalibre,Racing,-2.0,1,2026-09-25
cronistas_md,5,Asier Villalibre Villalibre,Racing,0.0,1,2026-09-25
cronistas_md,4,Asier Villalibre Villalibre,Racing,,0,2026-09-25
cronistas_md,3,Asier Villalibre Villalibre,Racing,2.0,1,2026-09-25
cronistas_md,2,Asier Villalibre Villalibre,Racing,2.0,1,2026-09-25
cronistas_md,1,Asier Villalibre Villalibre,Racing,2.0,1,2026-09-25
cronistas_md,7,Manu Hernando Hernando,Racing,,0,2026-09-25
cronistas_md,6,Manu Hernando Hernando,Racing,2.0,1,2026-09-25
cronistas_md,5,Manu Hernando Hernando,Racing,,0,2026-09-25
cronistas_md,4,Manu Hernando Hernando,Racing,2.0,1,2026-09-25
cronistas_md,3,Manu Hernando Hernando,Racing,2.0,1,2026-09-25
cronistas_md,2,Manu Hernando Hernando,Racing,2.0,1,2026-09-25
cronistas_md,1,Manu Hernando Hernando,Racing,2.0,1,2026-09-25
cronistas_md,7,Iñigo Vicente Iñigo Vicente,Racing,6.0,1,2026-09-25
cronistas_md,6,Iñigo Vicente Iñigo Vicente,Racing,2.0,1,2026-09-25
cronistas_md,5,Iñigo Vicente Iñigo Vicente,Racing,10.0,1,2026-09-25
cronistas_md,4,Iñigo Vicente Iñigo Vicente,Racing,2.0,1,2026-09-25
cronistas_md,3,Iñigo Vicente Iñigo Vicente,Racing,6.0,1,2026-09-25
cronistas_md,2,Iñigo Vicente Iñigo Vicente,Racing,6.0,1,2026-09-25
cronistas_md,1,Iñigo Vicente Iñigo Vicente,Racing,2.0,1,2026-09-25
cronistas_md,7,Andrés Martín Andrés Martín,Racing,,0,2026-09-25
cronistas_md,6,Andrés Martín Andrés Martín,Racing,,0,2026-09-25
cronistas_md,5,Andrés Martín Andrés Martín,Racing,,0,2026-09-25
cronistas_md,4,Andrés Martín Andrés Martín,Racing,,0,2026-09-25
cronistas_md,3,Andrés Martín Andrés Martín,Racing,6.0,1,2026-09-25
cronistas_md,2,Andrés Martín Andrés Martín,Racing,2.0,1,2026-09-25
cronistas_md,1,Andrés Martín Andrés Martín,Racing,9.0,1,2026-09-25
cronistas_md,7,Pablo Ramón Pablo Ramón,Racing,2.0,1,2026-09-25
cronistas_md,6,Pablo Ramón Pablo Ramón,Racing,,0,2026-09-25
cronistas_md,5,Pablo Ramón Pablo Ramón,Racing,2.0,1,2026-09-25
cronistas_md,4,Pablo Ramón Pablo Ramón,Racing,2.0,1,2026-09-25
cronistas_md,3,Pablo Ramón Pablo Ramón,Racing,,0,2026-09-25
cronistas_md,2,Pablo Ramón Pablo Ramón,Racing,6.0,1,2026-09-25
cronistas_md,1,Pablo Ramón Pablo Ramón,Racing,2.0,1,2026-09-25
cronistas_md,7,Julen Agirrezabala Agirrezabala,Racing,2.0,1,2026-09-25
cronistas_md,6,Julen Agirrezabala Agirrezabala,Racing,2.0,1,2026-09-25
cronistas_md,5,Julen Agirrezabala Agirrezabala,Racing,6.0,1,2026-09-25
cronistas_md,4,Julen Agirrezabala Agirrezabala,Racing,6.0,1,2026-09-25
cronistas_md,3,Julen Agirrezabala Agirrezabala,Racing,2.0,1,2026-09-25
cronistas_md,2,Julen Agirrezabala Agirrezabala,Racing,6.0,1,2026-09-25
cronistas_md,1,Julen Agirrezabala Agirrezabala,Racing,2.0,1,2026-09-25
cronistas_md,7,Juan Carlos Arana Arana,Racing,,0,2026-09-25
cronistas_md,6,Juan Carlos Arana Arana,Racing,2.0,1,2026-09-25
cronistas_md,5,Juan Carlos Arana Arana,Racing,,0,2026-09-25
cronistas_md,4,Juan Carlos Arana Arana,Racing,0.0,1,2026-09-25
cronistas_md,3,Juan Carlos Arana Arana,Racing,,0,2026-09-25
cronistas_md,2,Juan Carlos Arana Arana,Racing,0.0,1,2026-09-25
cronistas_md,1,Juan Carlos Arana Arana,Racing,,0,2026-09-25
cronistas_md,7,Facundo González Facu González,Racing,,0,2026-09-25
cronistas_md,6,Facundo González Facu González,Racing,2.0,1,2026-09-25
cronistas_md,5,Facundo González Facu González,Racing,,0,2026-09-25
cronistas_md,4,Facundo González Facu González,Racing,2.0,1,2026-09-25
cronistas_md,3,Facundo González Facu González,Racing,2.0,1,2026-09-25
cronistas_md,2,Facundo González Facu González,Racing,0.0,1,2026-09-25
cronistas_md,1,Facundo González Facu González,Racing,2.0,1,2026-09-25
cronistas_md,7,Álvaro Mantilla Mantilla,Racing,2.0,1,2026-09-25
cronistas_md,6,Álvaro Mantilla Mantilla,Racing,,0,2026-09-25
cronistas_md,5,Álvaro Mantilla Mantilla,Racing,2.0,1,2026-09-25
cronistas_md,4,Álvaro Mantilla Mantilla,Racing,2.0,1,2026-09-25
cronistas_md,3,Álvaro Mantilla Mantilla,Racing,2.0,1,2026-09-25
cronistas_md,2,Álvaro Mantilla Mantilla,Racing,2.0,1,2026-09-25
cronistas_md,1,Álvaro Mantilla Mantilla,Racing,2.0,1,2026-09-25
cronistas_md,7,Íñigo Sainz-Maza Sainz-Maza,Racing,0.0,1,2026-09-25
cronistas_md,6,Íñigo Sainz-Maza Sainz-Maza,Racing,2.0,1,2026-09-25
cronistas_md,5,Íñigo Sainz-Maza Sainz-Maza,Racing,,0,2026-09-25
cronistas_md,4,Íñigo Sainz-Maza Sainz-Maza,Racing,,0,2026-09-25
cronistas_md,3,Íñigo Sainz-Maza Sainz-Maza,Racing,,0,2026-09-25
cronistas_md,2,Íñigo Sainz-Maza Sainz-Maza,Racing,,0,2026-09-25
cronistas_md,1,Íñigo Sainz-Maza Sainz-Maza,Racing,,0,2026-09-25
cronistas_md,7,Gustavo Puerta Puerta,Racing,6.0,1,2026-09-25
cronistas_md,6,Gustavo Puerta Puerta,Racing,2.0,1,2026-09-25
cronistas_md,5,Gustavo Puerta Puerta,Racing,2.0,1,2026-09-25
cronistas_md,7,Jorge Salinas Salinas,Racing,2.0,1,2026-09-25
cronistas_md,6,Jorge Salinas Salinas,Racing,0.0,1,2026-09-25
cronistas_md,5,Jorge Salinas Salinas,Racing,6.0,1,2026-09-25
cronistas_md,4,Jorge Salinas Salinas,Racing,2.0,1,2026-09-25
cronistas_md,3,Jorge Salinas Salinas,Racing,2.0,1,2026-09-25
cronistas_md,2,Jorge Salinas Salinas,Racing,2.0,1,2026-09-25
cronistas_md,1,Jorge Salinas Salinas,Racing,2.0,1,2026-09-25
cronistas_md,7,Maguette Gueye Maguette,Racing,,0,2026-09-25
cronistas_md,6,Maguette Gueye Maguette,Racing,10.0,1,2026-09-25
cronistas_md,5,Maguette Gueye Maguette,Racing,0.0,1,2026-09-25
cronistas_md,4,Maguette Gueye Maguette,Racing,,0,2026-09-25
cronistas_md,3,Maguette Gueye Maguette,Racing,2.0,1,2026-09-25
cronistas_md,2,Maguette Gueye Maguette,Racing,2.0,1,2026-09-25
cronistas_md,1,Maguette Gueye Maguette,Racing,2.0,1,2026-09-25
cronistas_md,7,Diego Diaz Diego Diaz,Racing,,0,2026-09-25
cronistas_md,6,Diego Diaz Diego Diaz,Racing,,0,2026-09-25
cronistas_md,5,Diego Diaz Diego Diaz,Racing,2.0,1,2026-09-25
cronistas_md,7,Simon Eriksson Eriksson,Racing,,0,2026-09-25
cronistas_md,6,Simon Eriksson Eriksson,Racing,,0,2026-09-25
cronistas_md,5,Simon Eriksson Eriksson,Racing,,0,2026-09-25
cronistas_md,4,Simon Eriksson Eriksson,Racing,,0,2026-09-25
cronistas_md,3,Simon Eriksson Eriksson,Racing,,0,2026-09-25
cronistas_md,2,Simon Eriksson Eriksson,Racing,,0,2026-09-25
cronistas_md,1,Simon Eriksson Eriksson,Racing,,0,2026-09-25
cronistas_md,7,Sergio Martínez Sergio Martínez,Racing,,0,2026-09-25
cronistas_md,6,Sergio Martínez Sergio Martínez,Racing,,0,2026-09-25
cronistas_md,5,Sergio Martínez Sergio Martínez,Racing,,0,2026-09-25
cronistas_md,4,Sergio Martínez Sergio Martínez,Racing,,0,2026-09-25
cronistas_md,3,Sergio Martínez Sergio Martínez,Racing,,0,2026-09-25
cronistas_md,2,Sergio Martínez Sergio Martínez,Racing,2.0,1,2026-09-25
cronistas_md,1,Sergio Martínez Sergio Martínez,Racing,10.0,1,2026-09-25
cronistas_md,7,Pedro Felipe Pedro Felipe,Racing,,0,2026-09-25
cronistas_md,6,Pedro Felipe Pedro Felipe,Racing,-2.0,1,2026-09-25
cronistas_md,5,Pedro Felipe Pedro Felipe,Racing,0.0,1,2026-09-25
cronistas_md,4,Pedro Felipe Pedro Felipe,Racing,,0,2026-09-25
cronistas_md,3,Pedro Felipe Pedro Felipe,Racing,,0,2026-09-25
cronistas_md,2,Pedro Felipe Pedro Felipe,Racing,,0,2026-09-25
cronistas_md,1,Pedro Felipe Pedro Felipe,Racing,2.0,1,2026-09-25
cronistas_md,7,Carlos Sánchez Carlos Sánchez,Racing,,0,2026-09-25
cronistas_md,6,Carlos Sánchez Carlos Sánchez,Racing,,0,2026-09-25
cronistas_md,5,Carlos Sánchez Carlos Sánchez,Racing,,0,2026-09-25
cronistas_md,4,Carlos Sánchez Carlos Sánchez,Racing,,0,2026-09-25
cronistas_md,7,Andrés Vallecillo Vallecillo,Racing,,0,2026-09-25
cronistas_md,6,Andrés Vallecillo Vallecillo,Racing,,0,2026-09-25
cronistas_md,5,Andrés Vallecillo Vallecillo,Racing,,0,2026-09-25
cronistas_md,4,Andrés Vallecillo Vallecillo,Racing,,0,2026-09-25
cronistas_md,3,Andrés Vallecillo Vallecillo,Racing,,0,2026-09-25
cronistas_md,2,Andrés Vallecillo Vallecillo,Racing,,0,2026-09-25
cronistas_md,1,Andrés Vallecillo Vallecillo,Racing,,0,2026-09-25
cronistas_md,7,Jorge Castellanos Castellanos,Racing,,0,2026-09-25
cronistas_md,6,Jorge Castellanos Castellanos,Racing,,0,2026-09-25
cronistas_md,5,Jorge Castellanos Castellanos,Racing,,0,2026-09-25
cronistas_md,4,Jorge Castellanos Castellanos,Racing,,0,2026-09-25
cronistas_md,3,Jorge Castellanos Castellanos,Racing,,0,2026-09-25
cronistas_md,2,Jorge Castellanos Castellanos,Racing,,0,2026-09-25
cronistas_md,1,Jorge Castellanos Castellanos,Racing,,0,2026-09-25
cronistas_md,7,Hugo Pérez Hugo Pérez,Racing,,0,2026-09-25
cronistas_md,6,Hugo Pérez Hugo Pérez,Racing,,0,2026-09-25
cronistas_md,5,Hugo Pérez Hugo Pérez,Racing,,0,2026-09-25
cronistas_md,4,Hugo Pérez Hugo Pérez,Racing,,0,2026-09-25
cronistas_md,3,Hugo Pérez Hugo Pérez,Racing,,0,2026-09-25
cronistas_md,2,Hugo Pérez Hugo Pérez,Racing,,0,2026-09-25
cronistas_md,1,Hugo Pérez Hugo Pérez,Racing,,0,2026-09-25
cronistas_md,7,Yassir Zabiri Zabiri,Racing,2.0,1,2026-09-25
cronistas_md,6,Yassir Zabiri Zabiri,Racing,9.0,1,2026-09-25
cronistas_md,5,Yassir Zabiri Zabiri,Racing,16.0,1,2026-09-25
cronistas_md,4,Yassir Zabiri Zabiri,Racing,2.0,1,2026-09-25
cronistas_md,3,Yassir Zabiri Zabiri,Racing,19.0,1,2026-09-25
cronistas_md,2,Yassir Zabiri Zabiri,Racing,2.0,1,2026-09-25
cronistas_md,1,Yassir Zabiri Zabiri,Racing,2.0,1,2026-09-25
cronistas_md,7,Hugo Martín Hugo Martín,Racing,,0,2026-09-25
cronistas_md,6,Hugo Martín Hugo Martín,Racing,,0,2026-09-25
cronistas_md,5,Hugo Martín Hugo Martín,Racing,,0,2026-09-25
cronistas_md,4,Hugo Martín Hugo Martín,Racing,,0,2026-09-25
cronistas_md,3,Hugo Martín Hugo Martín,Racing,,0,2026-09-25
cronistas_md,2,Hugo Martín Hugo Martín,Racing,,0,2026-09-25
cronistas_md,1,Hugo Martín Hugo Martín,Racing,,0,2026-09-25
cronistas_md,7,André Almeida Almeida,Racing,2.0,1,2026-09-25
cronistas_md,6,André Almeida Almeida,Racing,,0,2026-09-25
cronistas_md,5,André Almeida Almeida,Racing,-8.0,1,2026-09-25
cronistas_md,4,André Almeida Almeida,Racing,6.0,1,2026-09-25
cronistas_md,3,André Almeida Almeida,Racing,,0,2026-09-25
cronistas_md,2,André Almeida Almeida,Racing,,0,2026-09-25
cronistas_md,1,André Almeida Almeida,Racing,,0,2026-09-25
cronistas_md,7,Pablo García Pablo García,Racing,2.0,1,2026-09-25
cronistas_md,6,Pablo García Pablo García,Racing,,0,2026-09-25
cronistas_md,5,Pablo García Pablo García,Racing,6.0,1,2026-09-25
cronistas_md,4,Pablo García Pablo García,Racing,9.0,1,2026-09-25
cronistas_md,3,Pablo García Pablo García,Racing,2.0,1,2026-09-25
cronistas_md,2,Pablo García Pablo García,Racing,13.0,1,2026-09-25
cronistas_md,1,Pablo García Pablo García,Racing,2.0,1,2026-09-25
cronistas_md,7,Iván Martín Iván Martín,Racing,2.0,1,2026-09-25
cronistas_md,6,Iván Martín Iván Martín,Racing,,0,2026-09-25
cronistas_md,5,Iván Martín Iván Martín,Racing,6.0,1,2026-09-25
cronistas_md,4,Iván Martín Iván Martín,Racing,6.0,1,2026-09-25
cronistas_md,3,Iván Martín Iván Martín,Racing,6.0,1,2026-09-25
cronistas_md,2,Iván Martín Iván Martín,Racing,2.0,1,2026-09-25
cronistas_md,7,Giorgi Guliashvili Guliashvili,Racing,2.0,1,2026-09-25
cronistas_md,6,Giorgi Guliashvili Guliashvili,Racing,2.0,1,2026-09-25
cronistas_md,5,Giorgi Guliashvili Guliashvili,Racing,2.0,1,2026-09-25
cronistas_md,4,Giorgi Guliashvili Guliashvili,Racing,,0,2026-09-25
cronistas_md,3,Giorgi Guliashvili Guliashvili,Racing,2.0,1,2026-09-25
cronistas_md,2,Giorgi Guliashvili Guliashvili,Racing,,0,2026-09-25
cronistas_md,1,Giorgi Guliashvili Guliashvili,Racing,,0,2026-09-25
cronistas_md,7,Matteo Prati Prati,Racing,,0,2026-09-25
cronistas_md,6,Matteo Prati Prati,Racing,2.0,1,2026-09-25
cronistas_md,5,Matteo Prati Prati,Racing,2.0,1,2026-09-25
cronistas_md,4,Matteo Prati Prati,Racing,2.0,1,2026-09-25
cronistas_md,3,Matteo Prati Prati,Racing,2.0,1,2026-09-25
cronistas_md,7,Aarón Martín Aarón,Racing,2.0,1,2026-09-25
cronistas_md,6,Aarón Martín Aarón,Racing,6.0,1,2026-09-25
cronistas_md,5,Aarón Martín Aarón,Racing,,0,2026-09-25
cronistas_md,4,Aarón Martín Aarón,Racing,0.0,1,2026-09-25
cronistas_md,7,Jeanuël Belocian Belocian,Racing,2.0,1,2026-09-25
cronistas_md,6,Jeanuël Belocian Belocian,Racing,,0,2026-09-25
cronistas_md,5,Jeanuël Belocian Belocian,Racing,6.0,1,2026-09-25
cronistas_md,4,Jeanuël Belocian Belocian,Racing,2.0,1,2026-09-25
cronistas_md,7,Laro Gómez Laro Gómez,Racing,,0,2026-09-25
cronistas_md,6,Laro Gómez Laro Gómez,Racing,,0,2026-09-25
cronistas_md,5,Laro Gómez Laro Gómez,Racing,,0,2026-09-25
cronistas_md,4,Laro Gómez Laro Gómez,Racing,,0,2026-09-25
cronistas_md,3,Laro Gómez Laro Gómez,Racing,,0,2026-09-25
cronistas_md,2,Laro Gómez Laro Gómez,Racing,,0,2026-09-25
cronistas_md,1,Laro Gómez Laro Gómez,Racing,,0,2026-09-25
cronistas_md,7,Iker Luque Luque,Racing,2.0,1,2026-09-25
cronistas_md,6,Iker Luque Luque,Racing,2.0,1,2026-09-25
cronistas_md,5,Iker Luque Luque,Racing,2.0,1,2026-09-25
cronistas_md,4,Iker Luque Luque,Racing,,0,2026-09-25
cronistas_md,3,Iker Luque Luque,Racing,,0,2026-09-25
cronistas_md,2,Iker Luque Luque,Racing,,0,2026-09-25
cronistas_md,1,Iker Luque Luque,Racing,,0,2026-09-25
cronistas_marca,7,Íñigo Ruiz de Galarreta R. de Galarreta,Athletic,6.0,1,2026-09-25
cronistas_marca,5,Íñigo Ruiz de Galarreta R. de Galarreta,Athletic,2.0,1,2026-09-25
cronistas_marca,4,Íñigo Ruiz de Galarreta R. de Galarreta,Athletic,2.0,1,2026-09-25
cronistas_marca,3,Íñigo Ruiz de Galarreta R. de Galarreta,Athletic,6.0,1,2026-09-25
cronistas_marca,1,Íñigo Ruiz de Galarreta R. de Galarreta,Athletic,,0,2026-09-25
cronistas_marca,2,Íñigo Ruiz de Galarreta R. de Galarreta,Athletic,2.0,1,2026-09-25
cronistas_marca,7,Aymeric Laporte Laporte,Athletic,2.0,1,2026-09-25
cronistas_marca,5,Aymeric Laporte Laporte,Athletic,2.0,1,2026-09-25
cronistas_marca,4,Aymeric Laporte Laporte,Athletic,6.0,1,2026-09-25
cronistas_marca,3,Aymeric Laporte Laporte,Athletic,2.0,1,2026-09-25
cronistas_marca,1,Aymeric Laporte Laporte,Athletic,2.0,1,2026-09-25
cronistas_marca,2,Aymeric Laporte Laporte,Athletic,2.0,1,2026-09-25
cronistas_marca,7,Yuri Berchiche Yuri,Athletic,6.0,1,2026-09-25
cronistas_marca,5,Yuri Berchiche Yuri,Athletic,6.0,1,2026-09-25
cronistas_marca,4,Yuri Berchiche Yuri,Athletic,2.0,1,2026-09-25
cronistas_marca,3,Yuri Berchiche Yuri,Athletic,2.0,1,2026-09-25
cronistas_marca,1,Yuri Berchiche Yuri,Athletic,,0,2026-09-25
cronistas_marca,2,Yuri Berchiche Yuri,Athletic,-8.0,1,2026-09-25
cronistas_marca,7,Iñaki Williams I. Williams,Athletic,-2.0,1,2026-09-25
cronistas_marca,5,Iñaki Williams I. Williams,Athletic,2.0,1,2026-09-25
cronistas_marca,4,Iñaki Williams I. Williams,Athletic,6.0,1,2026-09-25
cronistas_marca,3,Iñaki Williams I. Williams,Athletic,2.0,1,2026-09-25
cronistas_marca,1,Iñaki Williams I. Williams,Athletic,-2.0,1,2026-09-25
cronistas_marca,2,Iñaki Williams I. Williams,Athletic,-2.0,1,2026-09-25
cronistas_marca,7,Yeray Álvarez Yeray,Athletic,,0,2026-09-25
cronistas_marca,5,Yeray Álvarez Yeray,Athletic,2.0,1,2026-09-25
cronistas_marca,4,Yeray Álvarez Yeray,Athletic,6.0,1,2026-09-25
cronistas_marca,3,Yeray Álvarez Yeray,Athletic,,0,2026-09-25
cronistas_marca,1,Yeray Álvarez Yeray,Athletic,2.0,1,2026-09-25
cronistas_marca,2,Yeray Álvarez Yeray,Athletic,2.0,1,2026-09-25
cronistas_marca,7,Álex Berenguer Berenguer,Athletic,2.0,1,2026-09-25
cronistas_marca,5,Álex Berenguer Berenguer,Athletic,6.0,1,2026-09-25
cronistas_marca,4,Álex Berenguer Berenguer,Athletic,2.0,1,2026-09-25
cronistas_marca,3,Álex Berenguer Berenguer,Athletic,10.0,1,2026-09-25
cronistas_marca,1,Álex Berenguer Berenguer,Athletic,2.0,1,2026-09-25
cronistas_marca,2,Álex Berenguer Berenguer,Athletic,2.0,1,2026-09-25
cronistas_marca,7,Unai Simón Unai Simón,Athletic,2.0,1,2026-09-25
cronistas_marca,5,Unai Simón Unai Simón,Athletic,6.0,1,2026-09-25
cronistas_marca,4,Unai Simón Unai Simón,Athletic,6.0,1,2026-09-25
cronistas_marca,3,Unai Simón Unai Simón,Athletic,6.0,1,2026-09-25
cronistas_marca,1,Unai Simón Unai Simón,Athletic,10.0,1,2026-09-25
cronistas_marca,2,Unai Simón Unai Simón,Athletic,-2.0,1,2026-09-25
cronistas_marca,7,Gorka Guruzeta Guruzeta,Athletic,,0,2026-09-25
cronistas_marca,5,Gorka Guruzeta Guruzeta,Athletic,,0,2026-09-25
cronistas_marca,4,Gorka Guruzeta Guruzeta,Athletic,2.0,1,2026-09-25
cronistas_marca,3,Gorka Guruzeta Guruzeta,Athletic,2.0,1,2026-09-25
cronistas_marca,1,Gorka Guruzeta Guruzeta,Athletic,-2.0,1,2026-09-25
cronistas_marca,2,Gorka Guruzeta Guruzeta,Athletic,-2.0,1,2026-09-25
cronistas_marca,7,Oihan Sancet Sancet,Athletic,-2.0,1,2026-09-25
cronistas_marca,5,Oihan Sancet Sancet,Athletic,2.0,1,2026-09-25
cronistas_marca,4,Oihan Sancet Sancet,Athletic,10.0,1,2026-09-25
cronistas_marca,3,Oihan Sancet Sancet,Athletic,2.0,1,2026-09-25
cronistas_marca,1,Oihan Sancet Sancet,Athletic,2.0,1,2026-09-25
cronistas_marca,2,Oihan Sancet Sancet,Athletic,-2.0,1,2026-09-25
cronistas_marca,7,Robert Navarro Navarro,Athletic,6.0,1,2026-09-25
cronistas_marca,5,Robert Navarro Navarro,Athletic,2.0,1,2026-09-25
cronistas_marca,4,Robert Navarro Navarro,Athletic,10.0,1,2026-09-25
cronistas_marca,3,Robert Navarro Navarro,Athletic,10.0,1,2026-09-25
cronistas_marca,1,Robert Navarro Navarro,Athletic,2.0,1,2026-09-25
cronistas_marca,2,Robert Navarro Navarro,Athletic,,0,2026-09-25
cronistas_marca,7,Jesús Areso Areso,Athletic,2.0,1,2026-09-25
cronistas_marca,5,Jesús Areso Areso,Athletic,2.0,1,2026-09-25
cronistas_marca,4,Jesús Areso Areso,Athletic,2.0,1,2026-09-25
cronistas_marca,3,Jesús Areso Areso,Athletic,6.0,1,2026-09-25
cronistas_marca,1,Jesús Areso Areso,Athletic,,0,2026-09-25
cronistas_marca,2,Jesús Areso Areso,Athletic,-2.0,1,2026-09-25
cronistas_marca,7,Aitor Paredes Paredes,Athletic,6.0,1,2026-09-25
cronistas_marca,5,Aitor Paredes Paredes,Athletic,,0,2026-09-25
cronistas_marca,4,Aitor Paredes Paredes,Athletic,2.0,1,2026-09-25
cronistas_marca,3,Aitor Paredes Paredes,Athletic,2.0,1,2026-09-25
cronistas_marca,1,Aitor Paredes Paredes,Athletic,,0,2026-09-25
cronistas_marca,2,Aitor Paredes Paredes,Athletic,7.0,1,2026-09-25
cronistas_marca,7,Nico Williams N. Williams,Athletic,2.0,1,2026-09-25
cronistas_marca,5,Nico Williams N. Williams,Athletic,2.0,1,2026-09-25
cronistas_marca,4,Nico Williams N. Williams,Athletic,9.0,1,2026-09-25
cronistas_marca,3,Nico Williams N. Williams,Athletic,2.0,1,2026-09-25
cronistas_marca,1,Nico Williams N. Williams,Athletic,2.0,1,2026-09-25
cronistas_marca,2,Nico Williams N. Williams,Athletic,2.0,1,2026-09-25
cronistas_marca,7,Beñat Gerenabarrena Gerenabarrena,Athletic,,0,2026-09-25
cronistas_marca,5,Beñat Gerenabarrena Gerenabarrena,Athletic,6.0,1,2026-09-25
cronistas_marca,4,Beñat Gerenabarrena Gerenabarrena,Athletic,6.0,1,2026-09-25
cronistas_marca,3,Beñat Gerenabarrena Gerenabarrena,Athletic,2.0,1,2026-09-25
cronistas_marca,1,Beñat Gerenabarrena Gerenabarrena,Athletic,2.0,1,2026-09-25
cronistas_marca,2,Beñat Gerenabarrena Gerenabarrena,Athletic,6.0,1,2026-09-25
cronistas_marca,7,Alex Padilla Padilla,Athletic,,0,2026-09-25
cronistas_marca,5,Alex Padilla Padilla,Athletic,,0,2026-09-25
cronistas_marca,4,Alex Padilla Padilla,Athletic,,0,2026-09-25
cronistas_marca,3,Alex Padilla Padilla,Athletic,,0,2026-09-25
cronistas_marca,1,Alex Padilla Padilla,Athletic,,0,2026-09-25
cronistas_marca,2,Alex Padilla Padilla,Athletic,,0,2026-09-25
cronistas_marca,7,Hugo Rincón Rincón,Athletic,,0,2026-09-25
cronistas_marca,5,Hugo Rincón Rincón,Athletic,,0,2026-09-25
cronistas_marca,4,Hugo Rincón Rincón,Athletic,,0,2026-09-25
cronistas_marca,3,Hugo Rincón Rincón,Athletic,,0,2026-09-25
cronistas_marca,1,Hugo Rincón Rincón,Athletic,2.0,1,2026-09-25
cronistas_marca,2,Hugo Rincón Rincón,Athletic,2.0,1,2026-09-25
cronistas_marca,7,Adama Boiro Boiro,Athletic,,0,2026-09-25
cronistas_marca,5,Adama Boiro Boiro,Athletic,2.0,1,2026-09-25
cronistas_marca,4,Adama Boiro Boiro,Athletic,,0,2026-09-25
cronistas_marca,7,Álvaro Djaló Djaló,Athletic,,0,2026-09-25
cronistas_marca,5,Álvaro Djaló Djaló,Athletic,,0,2026-09-25
cronistas_marca,4,Álvaro Djaló Djaló,Athletic,,0,2026-09-25
cronistas_marca,3,Álvaro Djaló Djaló,Athletic,,0,2026-09-25
cronistas_marca,1,Álvaro Djaló Djaló,Athletic,0.0,1,2026-09-25
cronistas_marca,2,Álvaro Djaló Djaló,Athletic,,0,2026-09-25
cronistas_marca,7,Mikel Jauregizar Jauregizar,Athletic,2.0,1,2026-09-25
cronistas_marca,5,Mikel Jauregizar Jauregizar,Athletic,2.0,1,2026-09-25
cronistas_marca,4,Mikel Jauregizar Jauregizar,Athletic,2.0,1,2026-09-25
cronistas_marca,3,Mikel Jauregizar Jauregizar,Athletic,2.0,1,2026-09-25
cronistas_marca,1,Mikel Jauregizar Jauregizar,Athletic,2.0,1,2026-09-25
cronistas_marca,2,Mikel Jauregizar Jauregizar,Athletic,,0,2026-09-25
cronistas_marca,7,Maroan Sannadi Sannadi,Athletic,2.0,1,2026-09-25
cronistas_marca,5,Maroan Sannadi Sannadi,Athletic,2.0,1,2026-09-25
cronistas_marca,4,Maroan Sannadi Sannadi,Athletic,,0,2026-09-25
cronistas_marca,3,Maroan Sannadi Sannadi,Athletic,,0,2026-09-25
cronistas_marca,1,Maroan Sannadi Sannadi,Athletic,,0,2026-09-25
cronistas_marca,2,Maroan Sannadi Sannadi,Athletic,-2.0,1,2026-09-25
cronistas_marca,7,Peio Canales Canales,Athletic,2.0,1,2026-09-25
cronistas_marca,5,Peio Canales Canales,Athletic,,0,2026-09-25
cronistas_marca,4,Peio Canales Canales,Athletic,,0,2026-09-25
cronistas_marca,3,Peio Canales Canales,Athletic,2.0,1,2026-09-25
cronistas_marca,1,Peio Canales Canales,Athletic,6.0,1,2026-09-25
cronistas_marca,2,Peio Canales Canales,Athletic,6.0,1,2026-09-25
cronistas_marca,7,Alejandro Rego Rego,Athletic,,0,2026-09-25
cronistas_marca,5,Alejandro Rego Rego,Athletic,,0,2026-09-25
cronistas_marca,4,Alejandro Rego Rego,Athletic,,0,2026-09-25
cronistas_marca,3,Alejandro Rego Rego,Athletic,,0,2026-09-25
cronistas_marca,1,Alejandro Rego Rego,Athletic,,0,2026-09-25
cronistas_marca,2,Alejandro Rego Rego,Athletic,,0,2026-09-25
cronistas_marca,7,Johaneko Louis-Jean Johaneko,Athletic,-2.0,1,2026-09-25
cronistas_marca,5,Johaneko Louis-Jean Johaneko,Athletic,2.0,1,2026-09-25
cronistas_marca,4,Johaneko Louis-Jean Johaneko,Athletic,2.0,1,2026-09-25
cronistas_marca,3,Johaneko Louis-Jean Johaneko,Athletic,0.0,1,2026-09-25
cronistas_marca,1,Johaneko Louis-Jean Johaneko,Athletic,6.0,1,2026-09-25
cronistas_marca,2,Johaneko Louis-Jean Johaneko,Athletic,,0,2026-09-25
cronistas_marca,7,Iker Monreal Monreal,Athletic,,0,2026-09-25
cronistas_marca,5,Iker Monreal Monreal,Athletic,,0,2026-09-25
cronistas_marca,4,Iker Monreal Monreal,Athletic,,0,2026-09-25
cronistas_marca,3,Iker Monreal Monreal,Athletic,,0,2026-09-25
cronistas_marca,1,Iker Monreal Monreal,Athletic,,0,2026-09-25
cronistas_marca,2,Iker Monreal Monreal,Athletic,,0,2026-09-25
cronistas_marca,7,Beñat Prados Prados,Athletic,,0,2026-09-25
cronistas_marca,5,Beñat Prados Prados,Athletic,,0,2026-09-25
cronistas_marca,4,Beñat Prados Prados,Athletic,,0,2026-09-25
cronistas_marca,3,Beñat Prados Prados,Athletic,,0,2026-09-25
cronistas_marca,1,Beñat Prados Prados,Athletic,,0,2026-09-25
cronistas_marca,2,Beñat Prados Prados,Athletic,,0,2026-09-25
cronistas_marca,7,Selton Sánchez Selton,Athletic,,0,2026-09-25
cronistas_marca,5,Selton Sánchez Selton,Athletic,,0,2026-09-25
cronistas_marca,4,Selton Sánchez Selton,Athletic,,0,2026-09-25
cronistas_marca,3,Selton Sánchez Selton,Athletic,,0,2026-09-25
cronistas_marca,1,Selton Sánchez Selton,Athletic,,0,2026-09-25
cronistas_marca,2,Selton Sánchez Selton,Athletic,,0,2026-09-25
cronistas_marca,7,Nico Serrano Serrano,Athletic,2.0,1,2026-09-25
cronistas_marca,5,Nico Serrano Serrano,Athletic,,0,2026-09-25
cronistas_marca,4,Nico Serrano Serrano,Athletic,,0,2026-09-25
cronistas_marca,3,Nico Serrano Serrano,Athletic,,0,2026-09-25
cronistas_marca,1,Nico Serrano Serrano,Athletic,,0,2026-09-25
cronistas_marca,2,Nico Serrano Serrano,Athletic,,0,2026-09-25
cronistas_marca,7,Koke Resurrección Koke,Atlético,10.0,1,2026-09-25
cronistas_marca,6,Koke Resurrección Koke,Atlético,6.0,1,2026-09-25
cronistas_marca,5,Koke Resurrección Koke,Atlético,6.0,1,2026-09-25
cronistas_marca,4,Koke Resurrección Koke,Atlético,2.0,1,2026-09-25
cronistas_marca,3,Koke Resurrección Koke,Atlético,6.0,1,2026-09-25
cronistas_marca,2,Koke Resurrección Koke,Atlético,2.0,1,2026-09-25
cronistas_marca,1,Koke Resurrección Koke,Atlético,2.0,1,2026-09-25
cronistas_marca,7,Jan Oblak Oblak,Atlético,6.0,1,2026-09-25
cronistas_marca,6,Jan Oblak Oblak,Atlético,6.0,1,2026-09-25
cronistas_marca,5,Jan Oblak Oblak,Atlético,6.0,1,2026-09-25
cronistas_marca,4,Jan Oblak Oblak,Atlético,2.0,1,2026-09-25
cronistas_marca,3,Jan Oblak Oblak,Atlético,6.0,1,2026-09-25
cronistas_marca,2,Jan Oblak Oblak,Atlético,6.0,1,2026-09-25
cronistas_marca,1,Jan Oblak Oblak,Atlético,6.0,1,2026-09-25
cronistas_marca,7,Marcos Llorente M. Llorente,Atlético,6.0,1,2026-09-25
cronistas_marca,6,Marcos Llorente M. Llorente,Atlético,6.0,1,2026-09-25
cronistas_marca,5,Marcos Llorente M. Llorente,Atlético,6.0,1,2026-09-25
cronistas_marca,4,Marcos Llorente M. Llorente,Atlético,2.0,1,2026-09-25
cronistas_marca,3,Marcos Llorente M. Llorente,Atlético,2.0,1,2026-09-25
cronistas_marca,2,Marcos Llorente M. Llorente,Atlético,2.0,1,2026-09-25
cronistas_marca,1,Marcos Llorente M. Llorente,Atlético,6.0,1,2026-09-25
cronistas_marca,7,Álex Grimaldo Grimaldo,Atlético,5.0,1,2026-09-25
cronistas_marca,6,Álex Grimaldo Grimaldo,Atlético,6.0,1,2026-09-25
cronistas_marca,5,Álex Grimaldo Grimaldo,Atlético,9.0,1,2026-09-25
cronistas_marca,4,Álex Grimaldo Grimaldo,Atlético,-2.0,1,2026-09-25
cronistas_marca,3,Álex Grimaldo Grimaldo,Atlético,2.0,1,2026-09-25
cronistas_marca,2,Álex Grimaldo Grimaldo,Atlético,2.0,1,2026-09-25
cronistas_marca,1,Álex Grimaldo Grimaldo,Atlético,,0,2026-09-25
cronistas_marca,7,Ademola Lookman Lookman,Atlético,2.0,1,2026-09-25
cronistas_marca,6,Ademola Lookman Lookman,Atlético,2.0,1,2026-09-25
cronistas_marca,5,Ademola Lookman Lookman,Atlético,-2.0,1,2026-09-25
cronistas_marca,4,Ademola Lookman Lookman,Atlético,-2.0,1,2026-09-25
cronistas_marca,3,Ademola Lookman Lookman,Atlético,9.0,1,2026-09-25
cronistas_marca,2,Ademola Lookman Lookman,Atlético,2.0,1,2026-09-25
cronistas_marca,1,Ademola Lookman Lookman,Atlético,2.0,1,2026-09-25
cronistas_marca,7,Juan Musso Musso,Atlético,,0,2026-09-25
cronistas_marca,6,Juan Musso Musso,Atlético,,0,2026-09-25
cronistas_marca,5,Juan Musso Musso,Atlético,,0,2026-09-25
cronistas_marca,4,Juan Musso Musso,Atlético,,0,2026-09-25
cronistas_marca,3,Juan Musso Musso,Atlético,,0,2026-09-25
cronistas_marca,2,Juan Musso Musso,Atlético,,0,2026-09-25
cronistas_marca,1,Juan Musso Musso,Atlético,,0,2026-09-25
cronistas_marca,7,David Hancko Hancko,Atlético,2.0,1,2026-09-25
cronistas_marca,6,David Hancko Hancko,Atlético,0.0,1,2026-09-25
cronistas_marca,5,David Hancko Hancko,Atlético,2.0,1,2026-09-25
cronistas_marca,4,David Hancko Hancko,Atlético,2.0,1,2026-09-25
cronistas_marca,3,David Hancko Hancko,Atlético,2.0,1,2026-09-25
cronistas_marca,2,David Hancko Hancko,Atlético,6.0,1,2026-09-25
cronistas_marca,1,David Hancko Hancko,Atlético,2.0,1,2026-09-25
cronistas_marca,7,Robin Le Normand Le Normand,Atlético,0.0,1,2026-09-25
cronistas_marca,6,Robin Le Normand Le Normand,Atlético,11.0,1,2026-09-25
cronistas_marca,5,Robin Le Normand Le Normand,Atlético,,0,2026-09-25
cronistas_marca,4,Robin Le Normand Le Normand,Atlético,,0,2026-09-25
cronistas_marca,3,Robin Le Normand Le Normand,Atlético,,0,2026-09-25
cronistas_marca,2,Robin Le Normand Le Normand,Atlético,-8.0,1,2026-09-25
cronistas_marca,1,Robin Le Normand Le Normand,Atlético,2.0,1,2026-09-25
cronistas_marca,7,Kang-In Lee Kang-In Lee,Atlético,6.0,1,2026-09-25
cronistas_marca,6,Kang-In Lee Kang-In Lee,Atlético,10.0,1,2026-09-25
cronistas_marca,5,Kang-In Lee Kang-In Lee,Atlético,2.0,1,2026-09-25
cronistas_marca,4,Kang-In Lee Kang-In Lee,Atlético,6.0,1,2026-09-25
cronistas_marca,3,Kang-In Lee Kang-In Lee,Atlético,6.0,1,2026-09-25
cronistas_marca,2,Kang-In Lee Kang-In Lee,Atlético,2.0,1,2026-09-25
cronistas_marca,1,Kang-In Lee Kang-In Lee,Atlético,14.0,1,2026-09-25
cronistas_marca,7,Álex Baena Baena,Atlético,2.0,1,2026-09-25
cronistas_marca,6,Álex Baena Baena,Atlético,10.0,1,2026-09-25
cronistas_marca,5,Álex Baena Baena,Atlético,2.0,1,2026-09-25
cronistas_marca,4,Álex Baena Baena,Atlético,2.0,1,2026-09-25
cronistas_marca,3,Álex Baena Baena,Atlético,18.0,1,2026-09-25
cronistas_marca,2,Álex Baena Baena,Atlético,6.0,1,2026-09-25
cronistas_marca,1,Álex Baena Baena,Atlético,10.0,1,2026-09-25
cronistas_marca,7,Giuliano Simeone Giuliano,Atlético,10.0,1,2026-09-25
cronistas_marca,6,Giuliano Simeone Giuliano,Atlético,2.0,1,2026-09-25
cronistas_marca,5,Giuliano Simeone Giuliano,Atlético,10.0,1,2026-09-25
cronistas_marca,4,Giuliano Simeone Giuliano,Atlético,2.0,1,2026-09-25
cronistas_marca,3,Giuliano Simeone Giuliano,Atlético,2.0,1,2026-09-25
cronistas_marca,2,Giuliano Simeone Giuliano,Atlético,6.0,1,2026-09-25
cronistas_marca,1,Giuliano Simeone Giuliano,Atlético,2.0,1,2026-09-25
cronistas_marca,7,Carlos Martín Carlos Martín,Atlético,,0,2026-09-25
cronistas_marca,6,Carlos Martín Carlos Martín,Atlético,,0,2026-09-25
cronistas_marca,5,Carlos Martín Carlos Martín,Atlético,2.0,1,2026-09-25
cronistas_marca,7,Marc Pubill Pubill,Atlético,2.0,1,2026-09-25
cronistas_marca,6,Marc Pubill Pubill,Atlético,2.0,1,2026-09-25
cronistas_marca,5,Marc Pubill Pubill,Atlético,2.0,1,2026-09-25
cronistas_marca,4,Marc Pubill Pubill,Atlético,2.0,1,2026-09-25
cronistas_marca,3,Marc Pubill Pubill,Atlético,6.0,1,2026-09-25
cronistas_marca,2,Marc Pubill Pubill,Atlético,7.0,1,2026-09-25
cronistas_marca,1,Marc Pubill Pubill,Atlético,,0,2026-09-25
cronistas_marca,7,Pablo Barrios Barrios,Atlético,,0,2026-09-25
cronistas_marca,6,Pablo Barrios Barrios,Atlético,,0,2026-09-25
cronistas_marca,5,Pablo Barrios Barrios,Atlético,,0,2026-09-25
cronistas_marca,4,Pablo Barrios Barrios,Atlético,6.0,1,2026-09-25
cronistas_marca,3,Pablo Barrios Barrios,Atlético,10.0,1,2026-09-25
cronistas_marca,2,Pablo Barrios Barrios,Atlético,2.0,1,2026-09-25
cronistas_marca,1,Pablo Barrios Barrios,Atlético,6.0,1,2026-09-25
cronistas_marca,7,Rodrigo Mendoza Mendoza,Atlético,,0,2026-09-25
cronistas_marca,6,Rodrigo Mendoza Mendoza,Atlético,,0,2026-09-25
cronistas_marca,5,Rodrigo Mendoza Mendoza,Atlético,,0,2026-09-25
cronistas_marca,4,Rodrigo Mendoza Mendoza,Atlético,,0,2026-09-25
cronistas_marca,3,Rodrigo Mendoza Mendoza,Atlético,0.0,1,2026-09-25
cronistas_marca,2,Rodrigo Mendoza Mendoza,Atlético,2.0,1,2026-09-25
cronistas_marca,1,Rodrigo Mendoza Mendoza,Atlético,2.0,1,2026-09-25
cronistas_marca,7,Morten Hjulmand Hjulmand,Atlético,0.0,1,2026-09-25
cronistas_marca,6,Morten Hjulmand Hjulmand,Atlético,0.0,1,2026-09-25
cronistas_marca,5,Morten Hjulmand Hjulmand,Atlético,2.0,1,2026-09-25
cronistas_marca,4,Morten Hjulmand Hjulmand,Atlético,2.0,1,2026-09-25
cronistas_marca,3,Morten Hjulmand Hjulmand,Atlético,2.0,1,2026-09-25
cronistas_marca,2,Morten Hjulmand Hjulmand,Atlético,2.0,1,2026-09-25
cronistas_marca,1,Morten Hjulmand Hjulmand,Atlético,2.0,1,2026-09-25
cronistas_marca,7,Arnau Ortiz Ortiz,Atlético,,0,2026-09-25
cronistas_marca,6,Arnau Ortiz Ortiz,Atlético,6.0,1,2026-09-25
cronistas_marca,5,Arnau Ortiz Ortiz,Atlético,6.0,1,2026-09-25
cronistas_marca,4,Arnau Ortiz Ortiz,Atlético,2.0,1,2026-09-25
cronistas_marca,3,Arnau Ortiz Ortiz,Atlético,6.0,1,2026-09-25
cronistas_marca,2,Arnau Ortiz Ortiz,Atlético,,0,2026-09-25
cronistas_marca,1,Arnau Ortiz Ortiz,Atlético,2.0,1,2026-09-25
cronistas_marca,7,Dani Martínez Dani Martínez,Atlético,,0,2026-09-25
cronistas_marca,6,Dani Martínez Dani Martínez,Atlético,,0,2026-09-25
cronistas_marca,5,Dani Martínez Dani Martínez,Atlético,,0,2026-09-25
cronistas_marca,4,Dani Martínez Dani Martínez,Atlético,,0,2026-09-25
cronistas_marca,3,Dani Martínez Dani Martínez,Atlético,,0,2026-09-25
cronistas_marca,2,Dani Martínez Dani Martínez,Atlético,,0,2026-09-25
cronistas_marca,1,Dani Martínez Dani Martínez,Atlético,6.0,1,2026-09-25
cronistas_marca,7,Johnny Cardoso Cardoso,Atlético,2.0,1,2026-09-25
cronistas_marca,6,Johnny Cardoso Cardoso,Atlético,10.0,1,2026-09-25
cronistas_marca,5,Johnny Cardoso Cardoso,Atlético,2.0,1,2026-09-25
cronistas_marca,4,Johnny Cardoso Cardoso,Atlético,2.0,1,2026-09-25
cronistas_marca,3,Johnny Cardoso Cardoso,Atlético,0.0,1,2026-09-25
cronistas_marca,2,Johnny Cardoso Cardoso,Atlético,,0,2026-09-25
cronistas_marca,1,Johnny Cardoso Cardoso,Atlético,,0,2026-09-25
cronistas_marca,7,Salvi Esquivel Esquivel,Atlético,,0,2026-09-25
cronistas_marca,6,Salvi Esquivel Esquivel,Atlético,,0,2026-09-25
cronistas_marca,5,Salvi Esquivel Esquivel,Atlético,,0,2026-09-25
cronistas_marca,4,Salvi Esquivel Esquivel,Atlético,,0,2026-09-25
cronistas_marca,3,Salvi Esquivel Esquivel,Atlético,,0,2026-09-25
cronistas_marca,2,Salvi Esquivel Esquivel,Atlético,,0,2026-09-25
cronistas_marca,1,Salvi Esquivel Esquivel,Atlético,,0,2026-09-25
cronistas_marca,7,Miguel Cubo Cubo,Atlético,,0,2026-09-25
cronistas_marca,6,Miguel Cubo Cubo,Atlético,,0,2026-09-25
cronistas_marca,5,Miguel Cubo Cubo,Atlético,,0,2026-09-25
cronistas_marca,4,Miguel Cubo Cubo,Atlético,,0,2026-09-25
cronistas_marca,3,Miguel Cubo Cubo,Atlético,,0,2026-09-25
cronistas_marca,2,Miguel Cubo Cubo,Atlético,,0,2026-09-25
cronistas_marca,1,Miguel Cubo Cubo,Atlético,,0,2026-09-25
cronistas_marca,7,Jorge Domínguez Jorge Domínguez,Atlético,,0,2026-09-25
cronistas_marca,6,Jorge Domínguez Jorge Domínguez,Atlético,,0,2026-09-25
cronistas_marca,5,Jorge Domínguez Jorge Domínguez,Atlético,,0,2026-09-25
cronistas_marca,4,Jorge Domínguez Jorge Domínguez,Atlético,,0,2026-09-25
cronistas_marca,3,Jorge Domínguez Jorge Domínguez,Atlético,,0,2026-09-25
cronistas_marca,2,Jorge Domínguez Jorge Domínguez,Atlético,,0,2026-09-25
cronistas_marca,1,Jorge Domínguez Jorge Domínguez,Atlético,2.0,1,2026-09-25
cronistas_marca,7,Jorge Castillo Castillo,Atlético,,0,2026-09-25
cronistas_marca,6,Jorge Castillo Castillo,Atlético,,0,2026-09-25
cronistas_marca,5,Jorge Castillo Castillo,Atlético,,0,2026-09-25
cronistas_marca,4,Jorge Castillo Castillo,Atlético,,0,2026-09-25
cronistas_marca,3,Jorge Castillo Castillo,Atlético,,0,2026-09-25
cronistas_marca,2,Jorge Castillo Castillo,Atlético,,0,2026-09-25
cronistas_marca,1,Jorge Castillo Castillo,Atlético,,0,2026-09-25
cronistas_marca,7,Julián Álvarez Alvarez,Atlético,2.0,1,2026-09-25
cronistas_marca,6,Julián Álvarez Alvarez,Atlético,,0,2026-09-25
cronistas_marca,5,Julián Álvarez Alvarez,Atlético,,0,2026-09-25
cronistas_marca,4,Julián Álvarez Alvarez,Atlético,2.0,1,2026-09-25
cronistas_marca,3,Julián Álvarez Alvarez,Atlético,,0,2026-09-25
cronistas_marca,2,Julián Álvarez Alvarez,Atlético,2.0,1,2026-09-25
cronistas_marca,1,Julián Álvarez Alvarez,Atlético,,0,2026-09-25
cronistas_marca,7,Cristian Romero Romero,Atlético,6.0,1,2026-09-25
cronistas_marca,6,Cristian Romero Romero,Atlético,6.0,1,2026-09-25
cronistas_marca,5,Cristian Romero Romero,Atlético,6.0,1,2026-09-25
cronistas_marca,4,Cristian Romero Romero,Atlético,2.0,1,2026-09-25
cronistas_marca,3,Cristian Romero Romero,Atlético,,0,2026-09-25
cronistas_marca,2,Cristian Romero Romero,Atlético,,0,2026-09-25
cronistas_marca,1,Cristian Romero Romero,Atlético,,0,2026-09-25
cronistas_marca,7,Jonathan David Jonathan David,Atlético,5.0,1,2026-09-25
cronistas_marca,6,Jonathan David Jonathan David,Atlético,9.0,1,2026-09-25
cronistas_marca,5,Jonathan David Jonathan David,Atlético,9.0,1,2026-09-25
cronistas_marca,4,Jonathan David Jonathan David,Atlético,,0,2026-09-25
cronistas_marca,7,Obed Vargas Vargas,Atlético,,0,2026-09-25
cronistas_marca,6,Obed Vargas Vargas,Atlético,,0,2026-09-25
cronistas_marca,5,Obed Vargas Vargas,Atlético,,0,2026-09-25
cronistas_marca,4,Obed Vargas Vargas,Atlético,,0,2026-09-25
cronistas_marca,3,Obed Vargas Vargas,Atlético,,0,2026-09-25
cronistas_marca,2,Obed Vargas Vargas,Atlético,,0,2026-09-25
cronistas_marca,1,Obed Vargas Vargas,Atlético,,0,2026-09-25
cronistas_marca,7,Joao Cancelo Cancelo,Barcelona,6.0,1,2026-09-25
cronistas_marca,6,Joao Cancelo Cancelo,Barcelona,15.0,1,2026-09-25
cronistas_marca,5,Joao Cancelo Cancelo,Barcelona,2.0,1,2026-09-25
cronistas_marca,4,Joao Cancelo Cancelo,Barcelona,,0,2026-09-25
cronistas_marca,3,Joao Cancelo Cancelo,Barcelona,2.0,1,2026-09-25
cronistas_marca,1,Joao Cancelo Cancelo,Barcelona,0.0,1,2026-09-25
cronistas_marca,2,Joao Cancelo Cancelo,Barcelona,0.0,1,2026-09-25
cronistas_marca,7,Dani Olmo Olmo,Barcelona,2.0,1,2026-09-25
cronistas_marca,6,Dani Olmo Olmo,Barcelona,6.0,1,2026-09-25
cronistas_marca,5,Dani Olmo Olmo,Barcelona,2.0,1,2026-09-25
cronistas_marca,4,Dani Olmo Olmo,Barcelona,2.0,1,2026-09-25
cronistas_marca,3,Dani Olmo Olmo,Barcelona,6.0,1,2026-09-25
cronistas_marca,1,Dani Olmo Olmo,Barcelona,2.0,1,2026-09-25
cronistas_marca,2,Dani Olmo Olmo,Barcelona,2.0,1,2026-09-25
cronistas_marca,7,Andreas Christensen A. Christensen,Barcelona,2.0,1,2026-09-25
cronistas_marca,6,Andreas Christensen A. Christensen,Barcelona,2.0,1,2026-09-25
cronistas_marca,5,Andreas Christensen A. Christensen,Barcelona,2.0,1,2026-09-25
cronistas_marca,4,Andreas Christensen A. Christensen,Barcelona,2.0,1,2026-09-25
cronistas_marca,3,Andreas Christensen A. Christensen,Barcelona,2.0,1,2026-09-25
cronistas_marca,1,Andreas Christensen A. Christensen,Barcelona,,0,2026-09-25
cronistas_marca,2,Andreas Christensen A. Christensen,Barcelona,2.0,1,2026-09-25
cronistas_marca,7,Wojciech Szczesny Szczesny,Barcelona,,0,2026-09-25
cronistas_marca,6,Wojciech Szczesny Szczesny,Barcelona,-2.0,1,2026-09-25
cronistas_marca,5,Wojciech Szczesny Szczesny,Barcelona,,0,2026-09-25
cronistas_marca,4,Wojciech Szczesny Szczesny,Barcelona,,0,2026-09-25
cronistas_marca,3,Wojciech Szczesny Szczesny,Barcelona,,0,2026-09-25
cronistas_marca,1,Wojciech Szczesny Szczesny,Barcelona,,0,2026-09-25
cronistas_marca,2,Wojciech Szczesny Szczesny,Barcelona,,0,2026-09-25
cronistas_marca,7,Raphinha Raphinha,Barcelona,19.0,1,2026-09-25
cronistas_marca,6,Raphinha Raphinha,Barcelona,19.0,1,2026-09-25
cronistas_marca,5,Raphinha Raphinha,Barcelona,10.0,1,2026-09-25
cronistas_marca,4,Raphinha Raphinha,Barcelona,9.0,1,2026-09-25
cronistas_marca,3,Raphinha Raphinha,Barcelona,16.0,1,2026-09-25
cronistas_marca,1,Raphinha Raphinha,Barcelona,9.0,1,2026-09-25
cronistas_marca,2,Raphinha Raphinha,Barcelona,16.0,1,2026-09-25
cronistas_marca,7,Jules Koundé Koundé,Barcelona,,0,2026-09-25
cronistas_marca,6,Jules Koundé Koundé,Barcelona,,0,2026-09-25
cronistas_marca,5,Jules Koundé Koundé,Barcelona,,0,2026-09-25
cronistas_marca,4,Jules Koundé Koundé,Barcelona,2.0,1,2026-09-25
cronistas_marca,3,Jules Koundé Koundé,Barcelona,2.0,1,2026-09-25
cronistas_marca,1,Jules Koundé Koundé,Barcelona,2.0,1,2026-09-25
cronistas_marca,2,Jules Koundé Koundé,Barcelona,0.0,1,2026-09-25
cronistas_marca,7,Pedri González Pedri,Barcelona,6.0,1,2026-09-25
cronistas_marca,6,Pedri González Pedri,Barcelona,6.0,1,2026-09-25
cronistas_marca,5,Pedri González Pedri,Barcelona,6.0,1,2026-09-25
cronistas_marca,4,Pedri González Pedri,Barcelona,10.0,1,2026-09-25
cronistas_marca,3,Pedri González Pedri,Barcelona,6.0,1,2026-09-25
cronistas_marca,1,Pedri González Pedri,Barcelona,6.0,1,2026-09-25
cronistas_marca,2,Pedri González Pedri,Barcelona,2.0,1,2026-09-25
cronistas_marca,7,Joan Garcia Joan Garcia,Barcelona,,0,2026-09-25
cronistas_marca,6,Joan Garcia Joan Garcia,Barcelona,2.0,1,2026-09-25
cronistas_marca,5,Joan Garcia Joan Garcia,Barcelona,2.0,1,2026-09-25
cronistas_marca,4,Joan Garcia Joan Garcia,Barcelona,6.0,1,2026-09-25
cronistas_marca,3,Joan Garcia Joan Garcia,Barcelona,2.0,1,2026-09-25
cronistas_marca,1,Joan Garcia Joan Garcia,Barcelona,2.0,1,2026-09-25
cronistas_marca,2,Joan Garcia Joan Garcia,Barcelona,6.0,1,2026-09-25
cronistas_marca,7,Eric Garcia Eric Garcia,Barcelona,2.0,1,2026-09-25
cronistas_marca,6,Eric Garcia Eric Garcia,Barcelona,6.0,1,2026-09-25
cronistas_marca,5,Eric Garcia Eric Garcia,Barcelona,6.0,1,2026-09-25
cronistas_marca,4,Eric Garcia Eric Garcia,Barcelona,2.0,1,2026-09-25
cronistas_marca,3,Eric Garcia Eric Garcia,Barcelona,,0,2026-09-25
cronistas_marca,1,Eric Garcia Eric Garcia,Barcelona,2.0,1,2026-09-25
cronistas_marca,2,Eric Garcia Eric Garcia,Barcelona,6.0,1,2026-09-25
cronistas_marca,7,Anthony Gordon Gordon,Barcelona,2.0,1,2026-09-25
cronistas_marca,6,Anthony Gordon Gordon,Barcelona,,0,2026-09-25
cronistas_marca,5,Anthony Gordon Gordon,Barcelona,2.0,1,2026-09-25
cronistas_marca,4,Anthony Gordon Gordon,Barcelona,6.0,1,2026-09-25
cronistas_marca,3,Anthony Gordon Gordon,Barcelona,10.0,1,2026-09-25
cronistas_marca,1,Anthony Gordon Gordon,Barcelona,6.0,1,2026-09-25
cronistas_marca,2,Anthony Gordon Gordon,Barcelona,6.0,1,2026-09-25
cronistas_marca,7,Karim Adeyemi Adeyemi,Barcelona,2.0,1,2026-09-25
cronistas_marca,6,Karim Adeyemi Adeyemi,Barcelona,10.0,1,2026-09-25
cronistas_marca,5,Karim Adeyemi Adeyemi,Barcelona,9.0,1,2026-09-25
cronistas_marca,4,Karim Adeyemi Adeyemi,Barcelona,2.0,1,2026-09-25
cronistas_marca,3,Karim Adeyemi Adeyemi,Barcelona,2.0,1,2026-09-25
cronistas_marca,1,Karim Adeyemi Adeyemi,Barcelona,2.0,1,2026-09-25
cronistas_marca,2,Karim Adeyemi Adeyemi,Barcelona,9.0,1,2026-09-25
cronistas_marca,7,Pablo Gavi Gavi,Barcelona,,0,2026-09-25
cronistas_marca,6,Pablo Gavi Gavi,Barcelona,2.0,1,2026-09-25
cronistas_marca,5,Pablo Gavi Gavi,Barcelona,,0,2026-09-25
cronistas_marca,4,Pablo Gavi Gavi,Barcelona,,0,2026-09-25
cronistas_marca,3,Pablo Gavi Gavi,Barcelona,,0,2026-09-25
cronistas_marca,1,Pablo Gavi Gavi,Barcelona,,0,2026-09-25
cronistas_marca,2,Pablo Gavi Gavi,Barcelona,2.0,1,2026-09-25
cronistas_marca,7,Lamine Yamal Yamal,Barcelona,10.0,1,2026-09-25
cronistas_marca,6,Lamine Yamal Yamal,Barcelona,13.0,1,2026-09-25
cronistas_marca,5,Lamine Yamal Yamal,Barcelona,16.0,1,2026-09-25
cronistas_marca,4,Lamine Yamal Yamal,Barcelona,16.0,1,2026-09-25
cronistas_marca,3,Lamine Yamal Yamal,Barcelona,16.0,1,2026-09-25
cronistas_marca,1,Lamine Yamal Yamal,Barcelona,6.0,1,2026-09-25
cronistas_marca,2,Lamine Yamal Yamal,Barcelona,2.0,1,2026-09-25
cronistas_marca,7,Pau Cubarsí Cubarsí,Barcelona,2.0,1,2026-09-25
cronistas_marca,6,Pau Cubarsí Cubarsí,Barcelona,,0,2026-09-25
cronistas_marca,5,Pau Cubarsí Cubarsí,Barcelona,2.0,1,2026-09-25
cronistas_marca,4,Pau Cubarsí Cubarsí,Barcelona,6.0,1,2026-09-25
cronistas_marca,3,Pau Cubarsí Cubarsí,Barcelona,2.0,1,2026-09-25
cronistas_marca,1,Pau Cubarsí Cubarsí,Barcelona,2.0,1,2026-09-25
cronistas_marca,2,Pau Cubarsí Cubarsí,Barcelona,,0,2026-09-25
cronistas_marca,7,Fermín López Fermín,Barcelona,6.0,1,2026-09-25
cronistas_marca,6,Fermín López Fermín,Barcelona,,0,2026-09-25
cronistas_marca,5,Fermín López Fermín,Barcelona,6.0,1,2026-09-25
cronistas_marca,4,Fermín López Fermín,Barcelona,14.0,1,2026-09-25
cronistas_marca,3,Fermín López Fermín,Barcelona,2.0,1,2026-09-25
cronistas_marca,1,Fermín López Fermín,Barcelona,10.0,1,2026-09-25
cronistas_marca,2,Fermín López Fermín,Barcelona,18.0,1,2026-09-25
cronistas_marca,7,Gerard Martín Martín,Barcelona,2.0,1,2026-09-25
cronistas_marca,6,Gerard Martín Martín,Barcelona,2.0,1,2026-09-25
cronistas_marca,5,Gerard Martín Martín,Barcelona,2.0,1,2026-09-25
cronistas_marca,4,Gerard Martín Martín,Barcelona,2.0,1,2026-09-25
cronistas_marca,3,Gerard Martín Martín,Barcelona,,0,2026-09-25
cronistas_marca,1,Gerard Martín Martín,Barcelona,2.0,1,2026-09-25
cronistas_marca,2,Gerard Martín Martín,Barcelona,2.0,1,2026-09-25
cronistas_marca,7,Marc Bernal Bernal,Barcelona,0.0,1,2026-09-25
cronistas_marca,6,Marc Bernal Bernal,Barcelona,2.0,1,2026-09-25
cronistas_marca,5,Marc Bernal Bernal,Barcelona,2.0,1,2026-09-25
cronistas_marca,4,Marc Bernal Bernal,Barcelona,2.0,1,2026-09-25
cronistas_marca,3,Marc Bernal Bernal,Barcelona,2.0,1,2026-09-25
cronistas_marca,1,Marc Bernal Bernal,Barcelona,6.0,1,2026-09-25
cronistas_marca,2,Marc Bernal Bernal,Barcelona,6.0,1,2026-09-25
cronistas_marca,7,Álvaro Cortés Cortés,Barcelona,,0,2026-09-25
cronistas_marca,6,Álvaro Cortés Cortés,Barcelona,,0,2026-09-25
cronistas_marca,5,Álvaro Cortés Cortés,Barcelona,,0,2026-09-25
cronistas_marca,7,Eder Aller Aller,Barcelona,,0,2026-09-25
cronistas_marca,6,Eder Aller Aller,Barcelona,,0,2026-09-25
cronistas_marca,5,Eder Aller Aller,Barcelona,,0,2026-09-25
cronistas_marca,4,Eder Aller Aller,Barcelona,,0,2026-09-25
cronistas_marca,3,Eder Aller Aller,Barcelona,,0,2026-09-25
cronistas_marca,1,Eder Aller Aller,Barcelona,,0,2026-09-25
cronistas_marca,2,Eder Aller Aller,Barcelona,,0,2026-09-25
cronistas_marca,7,Xavi Espart Espart,Barcelona,,0,2026-09-25
cronistas_marca,6,Xavi Espart Espart,Barcelona,,0,2026-09-25
cronistas_marca,5,Xavi Espart Espart,Barcelona,7.0,1,2026-09-25
cronistas_marca,4,Xavi Espart Espart,Barcelona,2.0,1,2026-09-25
cronistas_marca,3,Xavi Espart Espart,Barcelona,6.0,1,2026-09-25
cronistas_marca,1,Xavi Espart Espart,Barcelona,6.0,1,2026-09-25
cronistas_marca,2,Xavi Espart Espart,Barcelona,6.0,1,2026-09-25
cronistas_marca,7,Hamza Abdelkarim Abdelkarim,Barcelona,,0,2026-09-25
cronistas_marca,6,Hamza Abdelkarim Abdelkarim,Barcelona,,0,2026-09-25
cronistas_marca,5,Hamza Abdelkarim Abdelkarim,Barcelona,,0,2026-09-25
cronistas_marca,4,Hamza Abdelkarim Abdelkarim,Barcelona,,0,2026-09-25
cronistas_marca,3,Hamza Abdelkarim Abdelkarim,Barcelona,0.0,1,2026-09-25
cronistas_marca,1,Hamza Abdelkarim Abdelkarim,Barcelona,,0,2026-09-25
cronistas_marca,2,Hamza Abdelkarim Abdelkarim,Barcelona,,0,2026-09-25
cronistas_marca,7,Brian Fariñas Fariñas,Barcelona,,0,2026-09-25
cronistas_marca,6,Brian Fariñas Fariñas,Barcelona,,0,2026-09-25
cronistas_marca,5,Brian Fariñas Fariñas,Barcelona,,0,2026-09-25
cronistas_marca,4,Brian Fariñas Fariñas,Barcelona,,0,2026-09-25
cronistas_marca,3,Brian Fariñas Fariñas,Barcelona,,0,2026-09-25
cronistas_marca,1,Brian Fariñas Fariñas,Barcelona,,0,2026-09-25
cronistas_marca,2,Brian Fariñas Fariñas,Barcelona,,0,2026-09-25
cronistas_marca,7,Jordi Pesquer Pesquer,Barcelona,,0,2026-09-25
cronistas_marca,6,Jordi Pesquer Pesquer,Barcelona,,0,2026-09-25
cronistas_marca,5,Jordi Pesquer Pesquer,Barcelona,,0,2026-09-25
cronistas_marca,4,Jordi Pesquer Pesquer,Barcelona,,0,2026-09-25
cronistas_marca,3,Jordi Pesquer Pesquer,Barcelona,,0,2026-09-25
cronistas_marca,1,Jordi Pesquer Pesquer,Barcelona,,0,2026-09-25
cronistas_marca,2,Jordi Pesquer Pesquer,Barcelona,,0,2026-09-25
cronistas_marca,7,Rodri Hernández Rodri,Barcelona,6.0,1,2026-09-25
cronistas_marca,6,Rodri Hernández Rodri,Barcelona,6.0,1,2026-09-25
cronistas_marca,5,Rodri Hernández Rodri,Barcelona,6.0,1,2026-09-25
cronistas_marca,4,Rodri Hernández Rodri,Barcelona,6.0,1,2026-09-25
cronistas_marca,3,Rodri Hernández Rodri,Barcelona,2.0,1,2026-09-25
cronistas_marca,1,Rodri Hernández Rodri,Barcelona,2.0,1,2026-09-25
cronistas_marca,2,Rodri Hernández Rodri,Barcelona,,0,2026-09-25
cronistas_marca,7,Alejandro Balde Balde,Barcelona,,0,2026-09-25
cronistas_marca,6,Alejandro Balde Balde,Barcelona,2.0,1,2026-09-25
cronistas_marca,5,Alejandro Balde Balde,Barcelona,,0,2026-09-25
cronistas_marca,4,Alejandro Balde Balde,Barcelona,,0,2026-09-25
cronistas_marca,3,Alejandro Balde Balde,Barcelona,,0,2026-09-25
cronistas_marca,1,Alejandro Balde Balde,Barcelona,,0,2026-09-25
cronistas_marca,2,Alejandro Balde Balde,Barcelona,,0,2026-09-25
cronistas_marca,7,Dominik Livakovic Livakovic,Barcelona,2.0,1,2026-09-25
cronistas_marca,6,Dominik Livakovic Livakovic,Barcelona,,0,2026-09-25
cronistas_marca,5,Dominik Livakovic Livakovic,Barcelona,,0,2026-09-25
cronistas_marca,4,Dominik Livakovic Livakovic,Barcelona,,0,2026-09-25
cronistas_marca,3,Dominik Livakovic Livakovic,Barcelona,,0,2026-09-25
cronistas_marca,1,Dominik Livakovic Livakovic,Barcelona,,0,2026-09-25
cronistas_marca,7,Gabriel Jesus Gabriel Jesús,Barcelona,0.0,1,2026-09-25
cronistas_marca,6,Gabriel Jesus Gabriel Jesús,Barcelona,9.0,1,2026-09-25
cronistas_marca,5,Gabriel Jesus Gabriel Jesús,Barcelona,,0,2026-09-25
cronistas_marca,4,Gabriel Jesus Gabriel Jesús,Barcelona,2.0,1,2026-09-25
cronistas_marca,7,Iker Rodríguez Iker Rodríguez,Barcelona,,0,2026-09-25
cronistas_marca,6,Iker Rodríguez Iker Rodríguez,Barcelona,,0,2026-09-25
cronistas_marca,5,Iker Rodríguez Iker Rodríguez,Barcelona,,0,2026-09-25
cronistas_marca,4,Iker Rodríguez Iker Rodríguez,Barcelona,,0,2026-09-25
cronistas_marca,3,Iker Rodríguez Iker Rodríguez,Barcelona,,0,2026-09-25
cronistas_marca,1,Iker Rodríguez Iker Rodríguez,Barcelona,,0,2026-09-25
cronistas_marca,2,Iker Rodríguez Iker Rodríguez,Barcelona,,0,2026-09-25
cronistas_marca,7,Marc Bartra Bartra,Betis,0.0,1,2026-09-25
cronistas_marca,6,Marc Bartra Bartra,Betis,,0,2026-09-25
cronistas_marca,5,Marc Bartra Bartra,Betis,6.0,1,2026-09-25
cronistas_marca,4,Marc Bartra Bartra,Betis,2.0,1,2026-09-25
cronistas_marca,3,Marc Bartra Bartra,Betis,7.0,1,2026-09-25
cronistas_marca,1,Marc Bartra Bartra,Betis,,0,2026-09-25
cronistas_marca,2,Marc Bartra Bartra,Betis,2.0,1,2026-09-25
cronistas_marca,7,Isco Alarcón Isco,Betis,2.0,1,2026-09-25
cronistas_marca,6,Isco Alarcón Isco,Betis,6.0,1,2026-09-25
cronistas_marca,5,Isco Alarcón Isco,Betis,6.0,1,2026-09-25
cronistas_marca,4,Isco Alarcón Isco,Betis,2.0,1,2026-09-25
cronistas_marca,3,Isco Alarcón Isco,Betis,2.0,1,2026-09-25
cronistas_marca,1,Isco Alarcón Isco,Betis,2.0,1,2026-09-25
cronistas_marca,2,Isco Alarcón Isco,Betis,2.0,1,2026-09-25
cronistas_marca,7,Diego Javier Llorente D. Llorente,Betis,,0,2026-09-25
cronistas_marca,6,Diego Javier Llorente D. Llorente,Betis,,0,2026-09-25
cronistas_marca,5,Diego Javier Llorente D. Llorente,Betis,,0,2026-09-25
cronistas_marca,4,Diego Javier Llorente D. Llorente,Betis,2.0,1,2026-09-25
cronistas_marca,3,Diego Javier Llorente D. Llorente,Betis,,0,2026-09-25
cronistas_marca,1,Diego Javier Llorente D. Llorente,Betis,2.0,1,2026-09-25
cronistas_marca,2,Diego Javier Llorente D. Llorente,Betis,,0,2026-09-25
cronistas_marca,7,Héctor Bellerín Bellerín,Betis,2.0,1,2026-09-25
cronistas_marca,6,Héctor Bellerín Bellerín,Betis,2.0,1,2026-09-25
cronistas_marca,5,Héctor Bellerín Bellerín,Betis,6.0,1,2026-09-25
cronistas_marca,4,Héctor Bellerín Bellerín,Betis,6.0,1,2026-09-25
cronistas_marca,3,Héctor Bellerín Bellerín,Betis,-2.0,1,2026-09-25
cronistas_marca,1,Héctor Bellerín Bellerín,Betis,2.0,1,2026-09-25
cronistas_marca,2,Héctor Bellerín Bellerín,Betis,2.0,1,2026-09-25
cronistas_marca,7,Pablo Fornals Fornals,Betis,6.0,1,2026-09-25
cronistas_marca,6,Pablo Fornals Fornals,Betis,,0,2026-09-25
cronistas_marca,5,Pablo Fornals Fornals,Betis,6.0,1,2026-09-25
cronistas_marca,4,Pablo Fornals Fornals,Betis,2.0,1,2026-09-25
cronistas_marca,3,Pablo Fornals Fornals,Betis,2.0,1,2026-09-25
cronistas_marca,1,Pablo Fornals Fornals,Betis,2.0,1,2026-09-25
cronistas_marca,2,Pablo Fornals Fornals,Betis,6.0,1,2026-09-25
cronistas_marca,7,Marc Roca Marc Roca,Betis,6.0,1,2026-09-25
cronistas_marca,6,Marc Roca Marc Roca,Betis,,0,2026-09-25
cronistas_marca,5,Marc Roca Marc Roca,Betis,6.0,1,2026-09-25
cronistas_marca,4,Marc Roca Marc Roca,Betis,2.0,1,2026-09-25
cronistas_marca,3,Marc Roca Marc Roca,Betis,-2.0,1,2026-09-25
cronistas_marca,1,Marc Roca Marc Roca,Betis,,0,2026-09-25
cronistas_marca,2,Marc Roca Marc Roca,Betis,2.0,1,2026-09-25
cronistas_marca,7,Álvaro Valles Valles,Betis,10.0,1,2026-09-25
cronistas_marca,6,Álvaro Valles Valles,Betis,6.0,1,2026-09-25
cronistas_marca,5,Álvaro Valles Valles,Betis,6.0,1,2026-09-25
cronistas_marca,4,Álvaro Valles Valles,Betis,10.0,1,2026-09-25
cronistas_marca,3,Álvaro Valles Valles,Betis,2.0,1,2026-09-25
cronistas_marca,1,Álvaro Valles Valles,Betis,6.0,1,2026-09-25
cronistas_marca,2,Álvaro Valles Valles,Betis,6.0,1,2026-09-25
cronistas_marca,7,Junior Firpo Junior,Betis,,0,2026-09-25
cronistas_marca,6,Junior Firpo Junior,Betis,2.0,1,2026-09-25
cronistas_marca,5,Junior Firpo Junior,Betis,,0,2026-09-25
cronistas_marca,4,Junior Firpo Junior,Betis,,0,2026-09-25
cronistas_marca,3,Junior Firpo Junior,Betis,,0,2026-09-25
cronistas_marca,1,Junior Firpo Junior,Betis,2.0,1,2026-09-25
cronistas_marca,2,Junior Firpo Junior,Betis,,0,2026-09-25
cronistas_marca,7,Cucho Hernández Cucho,Betis,9.0,1,2026-09-25
cronistas_marca,6,Cucho Hernández Cucho,Betis,2.0,1,2026-09-25
cronistas_marca,5,Cucho Hernández Cucho,Betis,9.0,1,2026-09-25
cronistas_marca,4,Cucho Hernández Cucho,Betis,2.0,1,2026-09-25
cronistas_marca,3,Cucho Hernández Cucho,Betis,2.0,1,2026-09-25
cronistas_marca,1,Cucho Hernández Cucho,Betis,2.0,1,2026-09-25
cronistas_marca,2,Cucho Hernández Cucho,Betis,2.0,1,2026-09-25
cronistas_marca,7,Fran García Fran García,Betis,2.0,1,2026-09-25
cronistas_marca,6,Fran García Fran García,Betis,,0,2026-09-25
cronistas_marca,5,Fran García Fran García,Betis,2.0,1,2026-09-25
cronistas_marca,4,Fran García Fran García,Betis,2.0,1,2026-09-25
cronistas_marca,3,Fran García Fran García,Betis,2.0,1,2026-09-25
cronistas_marca,1,Fran García Fran García,Betis,2.0,1,2026-09-25
cronistas_marca,2,Fran García Fran García,Betis,6.0,1,2026-09-25
cronistas_marca,7,Álvaro Fidalgo Fidalgo,Betis,,0,2026-09-25
cronistas_marca,6,Álvaro Fidalgo Fidalgo,Betis,0.0,1,2026-09-25
cronistas_marca,5,Álvaro Fidalgo Fidalgo,Betis,,0,2026-09-25
cronistas_marca,4,Álvaro Fidalgo Fidalgo,Betis,2.0,1,2026-09-25
cronistas_marca,3,Álvaro Fidalgo Fidalgo,Betis,,0,2026-09-25
cronistas_marca,1,Álvaro Fidalgo Fidalgo,Betis,,0,2026-09-25
cronistas_marca,2,Álvaro Fidalgo Fidalgo,Betis,,0,2026-09-25
cronistas_marca,7,Rodrigo Riquelme Riquelme,Betis,-2.0,1,2026-09-25
cronistas_marca,6,Rodrigo Riquelme Riquelme,Betis,2.0,1,2026-09-25
cronistas_marca,5,Rodrigo Riquelme Riquelme,Betis,2.0,1,2026-09-25
cronistas_marca,4,Rodrigo Riquelme Riquelme,Betis,0.0,1,2026-09-25
cronistas_marca,3,Rodrigo Riquelme Riquelme,Betis,6.0,1,2026-09-25
cronistas_marca,1,Rodrigo Riquelme Riquelme,Betis,2.0,1,2026-09-25
cronistas_marca,2,Rodrigo Riquelme Riquelme,Betis,10.0,1,2026-09-25
cronistas_marca,7,Iker Losada Losada,Betis,,0,2026-09-25
cronistas_marca,6,Iker Losada Losada,Betis,,0,2026-09-25
cronistas_marca,5,Iker Losada Losada,Betis,,0,2026-09-25
cronistas_marca,4,Iker Losada Losada,Betis,,0,2026-09-25
cronistas_marca,3,Iker Losada Losada,Betis,,0,2026-09-25
cronistas_marca,1,Iker Losada Losada,Betis,,0,2026-09-25
cronistas_marca,2,Iker Losada Losada,Betis,,0,2026-09-25
cronistas_marca,7,Antony Antony,Betis,2.0,1,2026-09-25
cronistas_marca,6,Antony Antony,Betis,6.0,1,2026-09-25
cronistas_marca,5,Antony Antony,Betis,2.0,1,2026-09-25
cronistas_marca,4,Antony Antony,Betis,6.0,1,2026-09-25
cronistas_marca,3,Antony Antony,Betis,2.0,1,2026-09-25
cronistas_marca,1,Antony Antony,Betis,6.0,1,2026-09-25
cronistas_marca,2,Antony Antony,Betis,2.0,1,2026-09-25
cronistas_marca,7,Ángel Ortiz Ortiz,Betis,,0,2026-09-25
cronistas_marca,6,Ángel Ortiz Ortiz,Betis,2.0,1,2026-09-25
cronistas_marca,5,Ángel Ortiz Ortiz,Betis,,0,2026-09-25
cronistas_marca,4,Ángel Ortiz Ortiz,Betis,,0,2026-09-25
cronistas_marca,3,Ángel Ortiz Ortiz,Betis,,0,2026-09-25
cronistas_marca,1,Ángel Ortiz Ortiz,Betis,2.0,1,2026-09-25
cronistas_marca,2,Ángel Ortiz Ortiz,Betis,,0,2026-09-25
cronistas_marca,7,Natan Natan,Betis,6.0,1,2026-09-25
cronistas_marca,6,Natan Natan,Betis,6.0,1,2026-09-25
cronistas_marca,5,Natan Natan,Betis,11.0,1,2026-09-25
cronistas_marca,4,Natan Natan,Betis,6.0,1,2026-09-25
cronistas_marca,3,Natan Natan,Betis,-2.0,1,2026-09-25
cronistas_marca,1,Natan Natan,Betis,,0,2026-09-25
cronistas_marca,2,Natan Natan,Betis,2.0,1,2026-09-25
cronistas_marca,7,Manu González Manu González,Betis,,0,2026-09-25
cronistas_marca,6,Manu González Manu González,Betis,,0,2026-09-25
cronistas_marca,5,Manu González Manu González,Betis,,0,2026-09-25
cronistas_marca,4,Manu González Manu González,Betis,,0,2026-09-25
cronistas_marca,3,Manu González Manu González,Betis,,0,2026-09-25
cronistas_marca,1,Manu González Manu González,Betis,,0,2026-09-25
cronistas_marca,2,Manu González Manu González,Betis,,0,2026-09-25
cronistas_marca,7,Nelson Deossa Deossa,Betis,2.0,1,2026-09-25
cronistas_marca,6,Nelson Deossa Deossa,Betis,6.0,1,2026-09-25
cronistas_marca,5,Nelson Deossa Deossa,Betis,6.0,1,2026-09-25
cronistas_marca,4,Nelson Deossa Deossa,Betis,6.0,1,2026-09-25
cronistas_marca,3,Nelson Deossa Deossa,Betis,-2.0,1,2026-09-25
cronistas_marca,1,Nelson Deossa Deossa,Betis,2.0,1,2026-09-25
cronistas_marca,2,Nelson Deossa Deossa,Betis,2.0,1,2026-09-25
cronistas_marca,7,Facundo Bernal Bernal,Betis,2.0,1,2026-09-25
cronistas_marca,6,Facundo Bernal Bernal,Betis,6.0,1,2026-09-25
cronistas_marca,5,Facundo Bernal Bernal,Betis,0.0,1,2026-09-25
cronistas_marca,4,Facundo Bernal Bernal,Betis,2.0,1,2026-09-25
cronistas_marca,3,Facundo Bernal Bernal,Betis,2.0,1,2026-09-25
cronistas_marca,1,Facundo Bernal Bernal,Betis,2.0,1,2026-09-25
cronistas_marca,2,Facundo Bernal Bernal,Betis,6.0,1,2026-09-25
cronistas_marca,7,Valentín Gómez Valentín Gómez,Betis,2.0,1,2026-09-25
cronistas_marca,6,Valentín Gómez Valentín Gómez,Betis,2.0,1,2026-09-25
cronistas_marca,5,Valentín Gómez Valentín Gómez,Betis,,0,2026-09-25
cronistas_marca,4,Valentín Gómez Valentín Gómez,Betis,,0,2026-09-25
cronistas_marca,3,Valentín Gómez Valentín Gómez,Betis,,0,2026-09-25
cronistas_marca,1,Valentín Gómez Valentín Gómez,Betis,2.0,1,2026-09-25
cronistas_marca,2,Valentín Gómez Valentín Gómez,Betis,,0,2026-09-25
cronistas_marca,7,Troy Parrott Parrott,Betis,,0,2026-09-25
cronistas_marca,6,Troy Parrott Parrott,Betis,2.0,1,2026-09-25
cronistas_marca,5,Troy Parrott Parrott,Betis,,0,2026-09-25
cronistas_marca,4,Troy Parrott Parrott,Betis,9.0,1,2026-09-25
cronistas_marca,3,Troy Parrott Parrott,Betis,2.0,1,2026-09-25
cronistas_marca,1,Troy Parrott Parrott,Betis,2.0,1,2026-09-25
cronistas_marca,2,Troy Parrott Parrott,Betis,,0,2026-09-25
cronistas_marca,7,Álvaro de Pablo De Pablo,Betis,,0,2026-09-25
cronistas_marca,6,Álvaro de Pablo De Pablo,Betis,,0,2026-09-25
cronistas_marca,5,Álvaro de Pablo De Pablo,Betis,,0,2026-09-25
cronistas_marca,4,Álvaro de Pablo De Pablo,Betis,,0,2026-09-25
cronistas_marca,3,Álvaro de Pablo De Pablo,Betis,,0,2026-09-25
cronistas_marca,1,Álvaro de Pablo De Pablo,Betis,,0,2026-09-25
cronistas_marca,2,Álvaro de Pablo De Pablo,Betis,,0,2026-09-25
cronistas_marca,7,Abde Ezzalzouli Abde,Betis,6.0,1,2026-09-25
cronistas_marca,6,Abde Ezzalzouli Abde,Betis,9.0,1,2026-09-25
cronistas_marca,5,Abde Ezzalzouli Abde,Betis,10.0,1,2026-09-25
cronistas_marca,4,Abde Ezzalzouli Abde,Betis,,0,2026-09-25
cronistas_marca,3,Abde Ezzalzouli Abde,Betis,2.0,1,2026-09-25
cronistas_marca,1,Abde Ezzalzouli Abde,Betis,,0,2026-09-25
cronistas_marca,2,Abde Ezzalzouli Abde,Betis,,0,2026-09-25
cronistas_marca,7,José Antonio Morante Morante,Betis,,0,2026-09-25
cronistas_marca,6,José Antonio Morante Morante,Betis,,0,2026-09-25
cronistas_marca,5,José Antonio Morante Morante,Betis,,0,2026-09-25
cronistas_marca,4,José Antonio Morante Morante,Betis,,0,2026-09-25
cronistas_marca,3,José Antonio Morante Morante,Betis,,0,2026-09-25
cronistas_marca,1,José Antonio Morante Morante,Betis,,0,2026-09-25
cronistas_marca,2,José Antonio Morante Morante,Betis,,0,2026-09-25
cronistas_marca,7,Dani Ceballos Ceballos,Betis,0.0,1,2026-09-25
cronistas_marca,6,Dani Ceballos Ceballos,Betis,2.0,1,2026-09-25
cronistas_marca,5,Dani Ceballos Ceballos,Betis,2.0,1,2026-09-25
cronistas_marca,4,Dani Ceballos Ceballos,Betis,,0,2026-09-25
cronistas_marca,7,Giovani Lo Celso Lo Celso,Betis,,0,2026-09-25
cronistas_marca,6,Giovani Lo Celso Lo Celso,Betis,,0,2026-09-25
cronistas_marca,5,Giovani Lo Celso Lo Celso,Betis,0.0,1,2026-09-25
cronistas_marca,4,Giovani Lo Celso Lo Celso,Betis,,0,2026-09-25
cronistas_marca,3,Giovani Lo Celso Lo Celso,Betis,,0,2026-09-25
cronistas_marca,1,Giovani Lo Celso Lo Celso,Betis,,0,2026-09-25
cronistas_marca,2,Giovani Lo Celso Lo Celso,Betis,,0,2026-09-25
cronistas_marca,7,Diego Conde Conde,Betis,,0,2026-09-25
cronistas_marca,6,Diego Conde Conde,Betis,,0,2026-09-25
cronistas_marca,5,Diego Conde Conde,Betis,,0,2026-09-25
cronistas_marca,4,Diego Conde Conde,Betis,,0,2026-09-25
cronistas_marca,3,Diego Conde Conde,Betis,,0,2026-09-25
cronistas_marca,1,Diego Conde Conde,Betis,,0,2026-09-25
cronistas_marca,2,Diego Conde Conde,Betis,,0,2026-09-25
cronistas_marca,7,Iago Aspas Aspas,Celta,,0,2026-09-25
cronistas_marca,5,Iago Aspas Aspas,Celta,2.0,1,2026-09-25
cronistas_marca,4,Iago Aspas Aspas,Celta,6.0,1,2026-09-25
cronistas_marca,6,Iago Aspas Aspas,Celta,2.0,1,2026-09-25
cronistas_marca,3,Iago Aspas Aspas,Celta,2.0,1,2026-09-25
cronistas_marca,1,Iago Aspas Aspas,Celta,5.0,1,2026-09-25
cronistas_marca,2,Iago Aspas Aspas,Celta,2.0,1,2026-09-25
cronistas_marca,7,Borja Iglesias Iglesias,Celta,6.0,1,2026-09-25
cronistas_marca,5,Borja Iglesias Iglesias,Celta,,0,2026-09-25
cronistas_marca,4,Borja Iglesias Iglesias,Celta,2.0,1,2026-09-25
cronistas_marca,6,Borja Iglesias Iglesias,Celta,,0,2026-09-25
cronistas_marca,3,Borja Iglesias Iglesias,Celta,,0,2026-09-25
cronistas_marca,1,Borja Iglesias Iglesias,Celta,,0,2026-09-25
cronistas_marca,2,Borja Iglesias Iglesias,Celta,,0,2026-09-25
cronistas_marca,7,Iván Villar Iván Villar,Celta,,0,2026-09-25
cronistas_marca,5,Iván Villar Iván Villar,Celta,,0,2026-09-25
cronistas_marca,4,Iván Villar Iván Villar,Celta,,0,2026-09-25
cronistas_marca,6,Iván Villar Iván Villar,Celta,,0,2026-09-25
cronistas_marca,3,Iván Villar Iván Villar,Celta,,0,2026-09-25
cronistas_marca,1,Iván Villar Iván Villar,Celta,,0,2026-09-25
cronistas_marca,2,Iván Villar Iván Villar,Celta,,0,2026-09-25
cronistas_marca,7,Marcos Alonso M. Alonso,Celta,,0,2026-09-25
cronistas_marca,5,Marcos Alonso M. Alonso,Celta,6.0,1,2026-09-25
cronistas_marca,4,Marcos Alonso M. Alonso,Celta,2.0,1,2026-09-25
cronistas_marca,6,Marcos Alonso M. Alonso,Celta,2.0,1,2026-09-25
cronistas_marca,3,Marcos Alonso M. Alonso,Celta,,0,2026-09-25
cronistas_marca,1,Marcos Alonso M. Alonso,Celta,-4.0,1,2026-09-25
cronistas_marca,2,Marcos Alonso M. Alonso,Celta,6.0,1,2026-09-25
cronistas_marca,7,Ionut Radu Radu,Celta,2.0,1,2026-09-25
cronistas_marca,5,Ionut Radu Radu,Celta,2.0,1,2026-09-25
cronistas_marca,4,Ionut Radu Radu,Celta,2.0,1,2026-09-25
cronistas_marca,6,Ionut Radu Radu,Celta,10.0,1,2026-09-25
cronistas_marca,3,Ionut Radu Radu,Celta,6.0,1,2026-09-25
cronistas_marca,1,Ionut Radu Radu,Celta,2.0,1,2026-09-25
cronistas_marca,2,Ionut Radu Radu,Celta,2.0,1,2026-09-25
cronistas_marca,7,Javi Galán Galán,Celta,2.0,1,2026-09-25
cronistas_marca,5,Javi Galán Galán,Celta,0.0,1,2026-09-25
cronistas_marca,4,Javi Galán Galán,Celta,2.0,1,2026-09-25
cronistas_marca,6,Javi Galán Galán,Celta,0.0,1,2026-09-25
cronistas_marca,3,Javi Galán Galán,Celta,,0,2026-09-25
cronistas_marca,1,Javi Galán Galán,Celta,2.0,1,2026-09-25
cronistas_marca,2,Javi Galán Galán,Celta,2.0,1,2026-09-25
cronistas_marca,7,Aleix Febas Febas,Celta,,0,2026-09-25
cronistas_marca,5,Aleix Febas Febas,Celta,,0,2026-09-25
cronistas_marca,4,Aleix Febas Febas,Celta,,0,2026-09-25
cronistas_marca,6,Aleix Febas Febas,Celta,,0,2026-09-25
cronistas_marca,3,Aleix Febas Febas,Celta,2.0,1,2026-09-25
cronistas_marca,1,Aleix Febas Febas,Celta,,0,2026-09-25
cronistas_marca,2,Aleix Febas Febas,Celta,6.0,1,2026-09-25
cronistas_marca,7,Sergio Carreira Carreira,Celta,2.0,1,2026-09-25
cronistas_marca,5,Sergio Carreira Carreira,Celta,6.0,1,2026-09-25
cronistas_marca,4,Sergio Carreira Carreira,Celta,2.0,1,2026-09-25
cronistas_marca,6,Sergio Carreira Carreira,Celta,2.0,1,2026-09-25
cronistas_marca,3,Sergio Carreira Carreira,Celta,2.0,1,2026-09-25
cronistas_marca,1,Sergio Carreira Carreira,Celta,2.0,1,2026-09-25
cronistas_marca,2,Sergio Carreira Carreira,Celta,2.0,1,2026-09-25
cronistas_marca,7,Ferran Jutglà Jutglà,Celta,2.0,1,2026-09-25
cronistas_marca,5,Ferran Jutglà Jutglà,Celta,9.0,1,2026-09-25
cronistas_marca,4,Ferran Jutglà Jutglà,Celta,2.0,1,2026-09-25
cronistas_marca,6,Ferran Jutglà Jutglà,Celta,2.0,1,2026-09-25
cronistas_marca,3,Ferran Jutglà Jutglà,Celta,6.0,1,2026-09-25
cronistas_marca,1,Ferran Jutglà Jutglà,Celta,2.0,1,2026-09-25
cronistas_marca,2,Ferran Jutglà Jutglà,Celta,2.0,1,2026-09-25
cronistas_marca,7,Ilaix Moriba Moriba,Celta,10.0,1,2026-09-25
cronistas_marca,5,Ilaix Moriba Moriba,Celta,2.0,1,2026-09-25
cronistas_marca,4,Ilaix Moriba Moriba,Celta,2.0,1,2026-09-25
cronistas_marca,6,Ilaix Moriba Moriba,Celta,6.0,1,2026-09-25
cronistas_marca,3,Ilaix Moriba Moriba,Celta,2.0,1,2026-09-25
cronistas_marca,1,Ilaix Moriba Moriba,Celta,2.0,1,2026-09-25
cronistas_marca,2,Ilaix Moriba Moriba,Celta,2.0,1,2026-09-25
cronistas_marca,7,Altay Bayindir Bayindir,Celta,,0,2026-09-25
cronistas_marca,5,Altay Bayindir Bayindir,Celta,,0,2026-09-25
cronistas_marca,4,Altay Bayindir Bayindir,Celta,,0,2026-09-25
cronistas_marca,6,Altay Bayindir Bayindir,Celta,,0,2026-09-25
cronistas_marca,3,Altay Bayindir Bayindir,Celta,,0,2026-09-25
cronistas_marca,1,Altay Bayindir Bayindir,Celta,,0,2026-09-25
cronistas_marca,2,Altay Bayindir Bayindir,Celta,,0,2026-09-25
cronistas_marca,7,Carl Starfelt Starfelt,Celta,,0,2026-09-25
cronistas_marca,5,Carl Starfelt Starfelt,Celta,,0,2026-09-25
cronistas_marca,4,Carl Starfelt Starfelt,Celta,11.0,1,2026-09-25
cronistas_marca,6,Carl Starfelt Starfelt,Celta,,0,2026-09-25
cronistas_marca,3,Carl Starfelt Starfelt,Celta,2.0,1,2026-09-25
cronistas_marca,1,Carl Starfelt Starfelt,Celta,2.0,1,2026-09-25
cronistas_marca,2,Carl Starfelt Starfelt,Celta,,0,2026-09-25
cronistas_marca,7,Hugo Álvarez Hugo Álvarez,Celta,6.0,1,2026-09-25
cronistas_marca,5,Hugo Álvarez Hugo Álvarez,Celta,2.0,1,2026-09-25
cronistas_marca,4,Hugo Álvarez Hugo Álvarez,Celta,,0,2026-09-25
cronistas_marca,6,Hugo Álvarez Hugo Álvarez,Celta,,0,2026-09-25
cronistas_marca,3,Hugo Álvarez Hugo Álvarez,Celta,2.0,1,2026-09-25
cronistas_marca,1,Hugo Álvarez Hugo Álvarez,Celta,2.0,1,2026-09-25
cronistas_marca,2,Hugo Álvarez Hugo Álvarez,Celta,2.0,1,2026-09-25
cronistas_marca,7,Hugo González Hugo González,Celta,5.0,1,2026-09-25
cronistas_marca,5,Hugo González Hugo González,Celta,2.0,1,2026-09-25
cronistas_marca,4,Hugo González Hugo González,Celta,10.0,1,2026-09-25
cronistas_marca,6,Hugo González Hugo González,Celta,,0,2026-09-25
cronistas_marca,3,Hugo González Hugo González,Celta,2.0,1,2026-09-25
cronistas_marca,1,Hugo González Hugo González,Celta,,0,2026-09-25
cronistas_marca,2,Hugo González Hugo González,Celta,,0,2026-09-25
cronistas_marca,7,Williot Swedberg Swedberg,Celta,2.0,1,2026-09-25
cronistas_marca,5,Williot Swedberg Swedberg,Celta,2.0,1,2026-09-25
cronistas_marca,4,Williot Swedberg Swedberg,Celta,,0,2026-09-25
cronistas_marca,6,Williot Swedberg Swedberg,Celta,2.0,1,2026-09-25
cronistas_marca,3,Williot Swedberg Swedberg,Celta,2.0,1,2026-09-25
cronistas_marca,1,Williot Swedberg Swedberg,Celta,-2.0,1,2026-09-25
cronistas_marca,2,Williot Swedberg Swedberg,Celta,2.0,1,2026-09-25
cronistas_marca,7,Pablo Durán Durán,Celta,12.0,1,2026-09-25
cronistas_marca,5,Pablo Durán Durán,Celta,,0,2026-09-25
cronistas_marca,4,Pablo Durán Durán,Celta,2.0,1,2026-09-25
cronistas_marca,6,Pablo Durán Durán,Celta,2.0,1,2026-09-25
cronistas_marca,3,Pablo Durán Durán,Celta,,0,2026-09-25
cronistas_marca,1,Pablo Durán Durán,Celta,2.0,1,2026-09-25
cronistas_marca,2,Pablo Durán Durán,Celta,2.0,1,2026-09-25
cronistas_marca,7,Álvaro Núñez Á. Núñez,Celta,6.0,1,2026-09-25
cronistas_marca,5,Álvaro Núñez Á. Núñez,Celta,,0,2026-09-25
cronistas_marca,4,Álvaro Núñez Á. Núñez,Celta,,0,2026-09-25
cronistas_marca,6,Álvaro Núñez Á. Núñez,Celta,2.0,1,2026-09-25
cronistas_marca,3,Álvaro Núñez Á. Núñez,Celta,2.0,1,2026-09-25
cronistas_marca,1,Álvaro Núñez Á. Núñez,Celta,,0,2026-09-25
cronistas_marca,2,Álvaro Núñez Á. Núñez,Celta,,0,2026-09-25
cronistas_marca,7,Abdoulaye Faye Faye,Celta,,0,2026-09-25
cronistas_marca,5,Abdoulaye Faye Faye,Celta,,0,2026-09-25
cronistas_marca,4,Abdoulaye Faye Faye,Celta,,0,2026-09-25
cronistas_marca,6,Abdoulaye Faye Faye,Celta,,0,2026-09-25
cronistas_marca,3,Abdoulaye Faye Faye,Celta,2.0,1,2026-09-25
cronistas_marca,1,Abdoulaye Faye Faye,Celta,,0,2026-09-25
cronistas_marca,2,Abdoulaye Faye Faye,Celta,,0,2026-09-25
cronistas_marca,7,Javi Rodríguez Javi Rodríguez,Celta,,0,2026-09-25
cronistas_marca,5,Javi Rodríguez Javi Rodríguez,Celta,,0,2026-09-25
cronistas_marca,4,Javi Rodríguez Javi Rodríguez,Celta,,0,2026-09-25
cronistas_marca,6,Javi Rodríguez Javi Rodríguez,Celta,0.0,1,2026-09-25
cronistas_marca,3,Javi Rodríguez Javi Rodríguez,Celta,2.0,1,2026-09-25
cronistas_marca,1,Javi Rodríguez Javi Rodríguez,Celta,2.0,1,2026-09-25
cronistas_marca,2,Javi Rodríguez Javi Rodríguez,Celta,2.0,1,2026-09-25
cronistas_marca,7,Javi Rueda Rueda,Celta,2.0,1,2026-09-25
cronistas_marca,5,Javi Rueda Rueda,Celta,2.0,1,2026-09-25
cronistas_marca,4,Javi Rueda Rueda,Celta,2.0,1,2026-09-25
cronistas_marca,6,Javi Rueda Rueda,Celta,2.0,1,2026-09-25
cronistas_marca,3,Javi Rueda Rueda,Celta,2.0,1,2026-09-25
cronistas_marca,1,Javi Rueda Rueda,Celta,2.0,1,2026-09-25
cronistas_marca,2,Javi Rueda Rueda,Celta,2.0,1,2026-09-25
cronistas_marca,7,Yoel Lago Lago,Celta,2.0,1,2026-09-25
cronistas_marca,5,Yoel Lago Lago,Celta,2.0,1,2026-09-25
cronistas_marca,4,Yoel Lago Lago,Celta,2.0,1,2026-09-25
cronistas_marca,6,Yoel Lago Lago,Celta,6.0,1,2026-09-25
cronistas_marca,3,Yoel Lago Lago,Celta,2.0,1,2026-09-25
cronistas_marca,1,Yoel Lago Lago,Celta,2.0,1,2026-09-25
cronistas_marca,2,Yoel Lago Lago,Celta,2.0,1,2026-09-25
cronistas_marca,7,Miguel Román Román,Celta,10.0,1,2026-09-25
cronistas_marca,5,Miguel Román Román,Celta,2.0,1,2026-09-25
cronistas_marca,4,Miguel Román Román,Celta,2.0,1,2026-09-25
cronistas_marca,6,Miguel Román Román,Celta,2.0,1,2026-09-25
cronistas_marca,3,Miguel Román Román,Celta,2.0,1,2026-09-25
cronistas_marca,1,Miguel Román Román,Celta,2.0,1,2026-09-25
cronistas_marca,2,Miguel Román Román,Celta,2.0,1,2026-09-25
cronistas_marca,7,Jones El-Abdellaoui El-Abdellaoui,Celta,,0,2026-09-25
cronistas_marca,5,Jones El-Abdellaoui El-Abdellaoui,Celta,,0,2026-09-25
cronistas_marca,4,Jones El-Abdellaoui El-Abdellaoui,Celta,6.0,1,2026-09-25
cronistas_marca,6,Jones El-Abdellaoui El-Abdellaoui,Celta,,0,2026-09-25
cronistas_marca,3,Jones El-Abdellaoui El-Abdellaoui,Celta,,0,2026-09-25
cronistas_marca,1,Jones El-Abdellaoui El-Abdellaoui,Celta,2.0,1,2026-09-25
cronistas_marca,2,Jones El-Abdellaoui El-Abdellaoui,Celta,2.0,1,2026-09-25
cronistas_marca,7,Andrés Antañón Antañón,Celta,,0,2026-09-25
cronistas_marca,5,Andrés Antañón Antañón,Celta,,0,2026-09-25
cronistas_marca,4,Andrés Antañón Antañón,Celta,,0,2026-09-25
cronistas_marca,6,Andrés Antañón Antañón,Celta,2.0,1,2026-09-25
cronistas_marca,3,Andrés Antañón Antañón,Celta,,0,2026-09-25
cronistas_marca,1,Andrés Antañón Antañón,Celta,,0,2026-09-25
cronistas_marca,2,Andrés Antañón Antañón,Celta,,0,2026-09-25
cronistas_marca,7,Hugo Burcio Burcio,Celta,0.0,1,2026-09-25
cronistas_marca,5,Hugo Burcio Burcio,Celta,6.0,1,2026-09-25
cronistas_marca,4,Hugo Burcio Burcio,Celta,,0,2026-09-25
cronistas_marca,6,Hugo Burcio Burcio,Celta,,0,2026-09-25
cronistas_marca,3,Hugo Burcio Burcio,Celta,,0,2026-09-25
cronistas_marca,1,Hugo Burcio Burcio,Celta,,0,2026-09-25
cronistas_marca,2,Hugo Burcio Burcio,Celta,,0,2026-09-25
cronistas_marca,7,Kike Ribes Kike Ribes,Celta,,0,2026-09-25
cronistas_marca,5,Kike Ribes Kike Ribes,Celta,,0,2026-09-25
cronistas_marca,4,Kike Ribes Kike Ribes,Celta,,0,2026-09-25
cronistas_marca,6,Kike Ribes Kike Ribes,Celta,,0,2026-09-25
cronistas_marca,3,Kike Ribes Kike Ribes,Celta,,0,2026-09-25
cronistas_marca,1,Kike Ribes Kike Ribes,Celta,,0,2026-09-25
cronistas_marca,2,Kike Ribes Kike Ribes,Celta,,0,2026-09-25
cronistas_marca,7,Coke Carrillo Carrillo,Celta,,0,2026-09-25
cronistas_marca,5,Coke Carrillo Carrillo,Celta,,0,2026-09-25
cronistas_marca,4,Coke Carrillo Carrillo,Celta,,0,2026-09-25
cronistas_marca,6,Coke Carrillo Carrillo,Celta,,0,2026-09-25
cronistas_marca,3,Coke Carrillo Carrillo,Celta,,0,2026-09-25
cronistas_marca,1,Coke Carrillo Carrillo,Celta,,0,2026-09-25
cronistas_marca,2,Coke Carrillo Carrillo,Celta,,0,2026-09-25
cronistas_marca,7,Couhaib Driouech Driouech,Celta,,0,2026-09-25
cronistas_marca,5,Couhaib Driouech Driouech,Celta,2.0,1,2026-09-25
cronistas_marca,4,Couhaib Driouech Driouech,Celta,2.0,1,2026-09-25
cronistas_marca,6,Couhaib Driouech Driouech,Celta,2.0,1,2026-09-25
cronistas_marca,3,Couhaib Driouech Driouech,Celta,,0,2026-09-25
cronistas_marca,1,Couhaib Driouech Driouech,Celta,,0,2026-09-25
cronistas_marca,7,Sebastián Cáceres Cáceres,Celta,2.0,1,2026-09-25
cronistas_marca,5,Sebastián Cáceres Cáceres,Celta,2.0,1,2026-09-25
cronistas_marca,4,Sebastián Cáceres Cáceres,Celta,,0,2026-09-25
cronistas_marca,6,Sebastián Cáceres Cáceres,Celta,,0,2026-09-25
cronistas_marca,7,Ximo Navarro Ximo,Deportivo,2.0,1,2026-09-25
cronistas_marca,6,Ximo Navarro Ximo,Deportivo,,0,2026-09-25
cronistas_marca,5,Ximo Navarro Ximo,Deportivo,2.0,1,2026-09-25
cronistas_marca,4,Ximo Navarro Ximo,Deportivo,6.0,1,2026-09-25
cronistas_marca,3,Ximo Navarro Ximo,Deportivo,2.0,1,2026-09-25
cronistas_marca,2,Ximo Navarro Ximo,Deportivo,2.0,1,2026-09-25
cronistas_marca,1,Ximo Navarro Ximo,Deportivo,2.0,1,2026-09-25
cronistas_marca,7,Germán Parreño,Deportivo,,0,2026-09-25
cronistas_marca,6,Germán Parreño,Deportivo,,0,2026-09-25
cronistas_marca,5,Germán Parreño,Deportivo,,0,2026-09-25
cronistas_marca,4,Germán Parreño,Deportivo,,0,2026-09-25
cronistas_marca,3,Germán Parreño,Deportivo,,0,2026-09-25
cronistas_marca,2,Germán Parreño,Deportivo,,0,2026-09-25
cronistas_marca,1,Germán Parreño,Deportivo,,0,2026-09-25
cronistas_marca,7,Pierre-Emerick Aubameyang Aubameyang,Deportivo,6.0,1,2026-09-25
cronistas_marca,6,Pierre-Emerick Aubameyang Aubameyang,Deportivo,2.0,1,2026-09-25
cronistas_marca,5,Pierre-Emerick Aubameyang Aubameyang,Deportivo,9.0,1,2026-09-25
cronistas_marca,4,Pierre-Emerick Aubameyang Aubameyang,Deportivo,13.0,1,2026-09-25
cronistas_marca,3,Pierre-Emerick Aubameyang Aubameyang,Deportivo,13.0,1,2026-09-25
cronistas_marca,2,Pierre-Emerick Aubameyang Aubameyang,Deportivo,9.0,1,2026-09-25
cronistas_marca,1,Pierre-Emerick Aubameyang Aubameyang,Deportivo,9.0,1,2026-09-25
cronistas_marca,7,Angeliño Angeliño,Deportivo,,0,2026-09-25
cronistas_marca,6,Angeliño Angeliño,Deportivo,-8.0,1,2026-09-25
cronistas_marca,5,Angeliño Angeliño,Deportivo,,0,2026-09-25
cronistas_marca,4,Angeliño Angeliño,Deportivo,,0,2026-09-25
cronistas_marca,3,Angeliño Angeliño,Deportivo,,0,2026-09-25
cronistas_marca,2,Angeliño Angeliño,Deportivo,,0,2026-09-25
cronistas_marca,1,Angeliño Angeliño,Deportivo,,0,2026-09-25
cronistas_marca,7,Álvaro Fernández Álvaro,Deportivo,,0,2026-09-25
cronistas_marca,6,Álvaro Fernández Álvaro,Deportivo,,0,2026-09-25
cronistas_marca,5,Álvaro Fernández Álvaro,Deportivo,,0,2026-09-25
cronistas_marca,4,Álvaro Fernández Álvaro,Deportivo,,0,2026-09-25
cronistas_marca,3,Álvaro Fernández Álvaro,Deportivo,,0,2026-09-25
cronistas_marca,2,Álvaro Fernández Álvaro,Deportivo,,0,2026-09-25
cronistas_marca,1,Álvaro Fernández Álvaro,Deportivo,,0,2026-09-25
cronistas_marca,7,Riki Rodríguez Riki,Deportivo,2.0,1,2026-09-25
cronistas_marca,6,Riki Rodríguez Riki,Deportivo,2.0,1,2026-09-25
cronistas_marca,5,Riki Rodríguez Riki,Deportivo,,0,2026-09-25
cronistas_marca,4,Riki Rodríguez Riki,Deportivo,2.0,1,2026-09-25
cronistas_marca,3,Riki Rodríguez Riki,Deportivo,6.0,1,2026-09-25
cronistas_marca,2,Riki Rodríguez Riki,Deportivo,,0,2026-09-25
cronistas_marca,1,Riki Rodríguez Riki,Deportivo,,0,2026-09-25
cronistas_marca,7,Mario Soriano Mario,Deportivo,6.0,1,2026-09-25
cronistas_marca,6,Mario Soriano Mario,Deportivo,2.0,1,2026-09-25
cronistas_marca,5,Mario Soriano Mario,Deportivo,6.0,1,2026-09-25
cronistas_marca,4,Mario Soriano Mario,Deportivo,6.0,1,2026-09-25
cronistas_marca,3,Mario Soriano Mario,Deportivo,10.0,1,2026-09-25
cronistas_marca,2,Mario Soriano Mario,Deportivo,2.0,1,2026-09-25
cronistas_marca,1,Mario Soriano Mario,Deportivo,2.0,1,2026-09-25
cronistas_marca,7,Leo Román Leo Román,Deportivo,2.0,1,2026-09-25
cronistas_marca,6,Leo Román Leo Román,Deportivo,2.0,1,2026-09-25
cronistas_marca,5,Leo Román Leo Román,Deportivo,2.0,1,2026-09-25
cronistas_marca,4,Leo Román Leo Román,Deportivo,2.0,1,2026-09-25
cronistas_marca,3,Leo Román Leo Román,Deportivo,2.0,1,2026-09-25
cronistas_marca,2,Leo Román Leo Román,Deportivo,2.0,1,2026-09-25
cronistas_marca,1,Leo Román Leo Román,Deportivo,6.0,1,2026-09-25
cronistas_marca,7,Luismi Cruz Luismi,Deportivo,2.0,1,2026-09-25
cronistas_marca,6,Luismi Cruz Luismi,Deportivo,-2.0,1,2026-09-25
cronistas_marca,5,Luismi Cruz Luismi,Deportivo,6.0,1,2026-09-25
cronistas_marca,4,Luismi Cruz Luismi,Deportivo,10.0,1,2026-09-25
cronistas_marca,3,Luismi Cruz Luismi,Deportivo,6.0,1,2026-09-25
cronistas_marca,2,Luismi Cruz Luismi,Deportivo,6.0,1,2026-09-25
cronistas_marca,1,Luismi Cruz Luismi,Deportivo,2.0,1,2026-09-25
cronistas_marca,7,Arnau Comas Comas,Deportivo,,0,2026-09-25
cronistas_marca,6,Arnau Comas Comas,Deportivo,,0,2026-09-25
cronistas_marca,5,Arnau Comas Comas,Deportivo,,0,2026-09-25
cronistas_marca,4,Arnau Comas Comas,Deportivo,,0,2026-09-25
cronistas_marca,3,Arnau Comas Comas,Deportivo,,0,2026-09-25
cronistas_marca,2,Arnau Comas Comas,Deportivo,,0,2026-09-25
cronistas_marca,1,Arnau Comas Comas,Deportivo,,0,2026-09-25
cronistas_marca,7,Adrià Altimira Altimira,Deportivo,,0,2026-09-25
cronistas_marca,6,Adrià Altimira Altimira,Deportivo,2.0,1,2026-09-25
cronistas_marca,5,Adrià Altimira Altimira,Deportivo,,0,2026-09-25
cronistas_marca,4,Adrià Altimira Altimira,Deportivo,,0,2026-09-25
cronistas_marca,3,Adrià Altimira Altimira,Deportivo,-5.0,1,2026-09-25
cronistas_marca,2,Adrià Altimira Altimira,Deportivo,2.0,1,2026-09-25
cronistas_marca,1,Adrià Altimira Altimira,Deportivo,2.0,1,2026-09-25
cronistas_marca,7,Giacomo Quagliata Quagliata,Deportivo,2.0,1,2026-09-25
cronistas_marca,6,Giacomo Quagliata Quagliata,Deportivo,2.0,1,2026-09-25
cronistas_marca,5,Giacomo Quagliata Quagliata,Deportivo,6.0,1,2026-09-25
cronistas_marca,4,Giacomo Quagliata Quagliata,Deportivo,2.0,1,2026-09-25
cronistas_marca,3,Giacomo Quagliata Quagliata,Deportivo,6.0,1,2026-09-25
cronistas_marca,2,Giacomo Quagliata Quagliata,Deportivo,2.0,1,2026-09-25
cronistas_marca,1,Giacomo Quagliata Quagliata,Deportivo,2.0,1,2026-09-25
cronistas_marca,7,Miguel Loureiro Loureiro,Deportivo,,0,2026-09-25
cronistas_marca,6,Miguel Loureiro Loureiro,Deportivo,2.0,1,2026-09-25
cronistas_marca,5,Miguel Loureiro Loureiro,Deportivo,,0,2026-09-25
cronistas_marca,4,Miguel Loureiro Loureiro,Deportivo,2.0,1,2026-09-25
cronistas_marca,3,Miguel Loureiro Loureiro,Deportivo,2.0,1,2026-09-25
cronistas_marca,2,Miguel Loureiro Loureiro,Deportivo,2.0,1,2026-09-25
cronistas_marca,1,Miguel Loureiro Loureiro,Deportivo,,0,2026-09-25
cronistas_marca,7,Lorenzo Amatucci Amatucci,Deportivo,,0,2026-09-25
cronistas_marca,6,Lorenzo Amatucci Amatucci,Deportivo,2.0,1,2026-09-25
cronistas_marca,5,Lorenzo Amatucci Amatucci,Deportivo,2.0,1,2026-09-25
cronistas_marca,4,Lorenzo Amatucci Amatucci,Deportivo,6.0,1,2026-09-25
cronistas_marca,3,Lorenzo Amatucci Amatucci,Deportivo,2.0,1,2026-09-25
cronistas_marca,2,Lorenzo Amatucci Amatucci,Deportivo,6.0,1,2026-09-25
cronistas_marca,1,Lorenzo Amatucci Amatucci,Deportivo,6.0,1,2026-09-25
cronistas_marca,7,Diego Villares Villares,Deportivo,10.0,1,2026-09-25
cronistas_marca,6,Diego Villares Villares,Deportivo,,0,2026-09-25
cronistas_marca,5,Diego Villares Villares,Deportivo,,0,2026-09-25
cronistas_marca,4,Diego Villares Villares,Deportivo,,0,2026-09-25
cronistas_marca,3,Diego Villares Villares,Deportivo,,0,2026-09-25
cronistas_marca,2,Diego Villares Villares,Deportivo,2.0,1,2026-09-25
cronistas_marca,1,Diego Villares Villares,Deportivo,2.0,1,2026-09-25
cronistas_marca,7,David Mella Mella,Deportivo,6.0,1,2026-09-25
cronistas_marca,6,David Mella Mella,Deportivo,,0,2026-09-25
cronistas_marca,5,David Mella Mella,Deportivo,,0,2026-09-25
cronistas_marca,4,David Mella Mella,Deportivo,,0,2026-09-25
cronistas_marca,3,David Mella Mella,Deportivo,,0,2026-09-25
cronistas_marca,2,David Mella Mella,Deportivo,2.0,1,2026-09-25
cronistas_marca,1,David Mella Mella,Deportivo,2.0,1,2026-09-25
cronistas_marca,7,Kevin Sánchez Kevin Sánchez,Deportivo,,0,2026-09-25
cronistas_marca,6,Kevin Sánchez Kevin Sánchez,Deportivo,,0,2026-09-25
cronistas_marca,5,Kevin Sánchez Kevin Sánchez,Deportivo,,0,2026-09-25
cronistas_marca,4,Kevin Sánchez Kevin Sánchez,Deportivo,,0,2026-09-25
cronistas_marca,3,Kevin Sánchez Kevin Sánchez,Deportivo,,0,2026-09-25
cronistas_marca,2,Kevin Sánchez Kevin Sánchez,Deportivo,,0,2026-09-25
cronistas_marca,1,Kevin Sánchez Kevin Sánchez,Deportivo,0.0,1,2026-09-25
cronistas_marca,7,Zakaria Eddahchouri Eddahchouri,Deportivo,,0,2026-09-25
cronistas_marca,6,Zakaria Eddahchouri Eddahchouri,Deportivo,0.0,1,2026-09-25
cronistas_marca,5,Zakaria Eddahchouri Eddahchouri,Deportivo,6.0,1,2026-09-25
cronistas_marca,4,Zakaria Eddahchouri Eddahchouri,Deportivo,9.0,1,2026-09-25
cronistas_marca,3,Zakaria Eddahchouri Eddahchouri,Deportivo,,0,2026-09-25
cronistas_marca,2,Zakaria Eddahchouri Eddahchouri,Deportivo,,0,2026-09-25
cronistas_marca,1,Zakaria Eddahchouri Eddahchouri,Deportivo,2.0,1,2026-09-25
cronistas_marca,7,Jonathan Asp Jensen Asp Jensen,Deportivo,6.0,1,2026-09-25
cronistas_marca,6,Jonathan Asp Jensen Asp Jensen,Deportivo,2.0,1,2026-09-25
cronistas_marca,5,Jonathan Asp Jensen Asp Jensen,Deportivo,,0,2026-09-25
cronistas_marca,4,Jonathan Asp Jensen Asp Jensen,Deportivo,,0,2026-09-25
cronistas_marca,3,Jonathan Asp Jensen Asp Jensen,Deportivo,2.0,1,2026-09-25
cronistas_marca,2,Jonathan Asp Jensen Asp Jensen,Deportivo,2.0,1,2026-09-25
cronistas_marca,1,Jonathan Asp Jensen Asp Jensen,Deportivo,2.0,1,2026-09-25
cronistas_marca,7,Lucas Noubi Noubi,Deportivo,,0,2026-09-25
cronistas_marca,6,Lucas Noubi Noubi,Deportivo,,0,2026-09-25
cronistas_marca,5,Lucas Noubi Noubi,Deportivo,2.0,1,2026-09-25
cronistas_marca,4,Lucas Noubi Noubi,Deportivo,2.0,1,2026-09-25
cronistas_marca,3,Lucas Noubi Noubi,Deportivo,6.0,1,2026-09-25
cronistas_marca,2,Lucas Noubi Noubi,Deportivo,-2.0,1,2026-09-25
cronistas_marca,1,Lucas Noubi Noubi,Deportivo,2.0,1,2026-09-25
cronistas_marca,7,Bil Nsongo Bil Nsongo,Deportivo,6.0,1,2026-09-25
cronistas_marca,6,Bil Nsongo Bil Nsongo,Deportivo,2.0,1,2026-09-25
cronistas_marca,5,Bil Nsongo Bil Nsongo,Deportivo,2.0,1,2026-09-25
cronistas_marca,4,Bil Nsongo Bil Nsongo,Deportivo,6.0,1,2026-09-25
cronistas_marca,3,Bil Nsongo Bil Nsongo,Deportivo,10.0,1,2026-09-25
cronistas_marca,2,Bil Nsongo Bil Nsongo,Deportivo,0.0,1,2026-09-25
cronistas_marca,1,Bil Nsongo Bil Nsongo,Deportivo,2.0,1,2026-09-25
cronistas_marca,7,Teun Gijselhart Gijselhart,Deportivo,,0,2026-09-25
cronistas_marca,6,Teun Gijselhart Gijselhart,Deportivo,,0,2026-09-25
cronistas_marca,5,Teun Gijselhart Gijselhart,Deportivo,,0,2026-09-25
cronistas_marca,4,Teun Gijselhart Gijselhart,Deportivo,0.0,1,2026-09-25
cronistas_marca,3,Teun Gijselhart Gijselhart,Deportivo,,0,2026-09-25
cronistas_marca,2,Teun Gijselhart Gijselhart,Deportivo,,0,2026-09-25
cronistas_marca,7,Bright Ede Ede,Deportivo,2.0,1,2026-09-25
cronistas_marca,6,Bright Ede Ede,Deportivo,,0,2026-09-25
cronistas_marca,5,Bright Ede Ede,Deportivo,,0,2026-09-25
cronistas_marca,4,Bright Ede Ede,Deportivo,,0,2026-09-25
cronistas_marca,3,Bright Ede Ede,Deportivo,2.0,1,2026-09-25
cronistas_marca,2,Bright Ede Ede,Deportivo,2.0,1,2026-09-25
cronistas_marca,1,Bright Ede Ede,Deportivo,6.0,1,2026-09-25
cronistas_marca,7,José María Giménez Giménez,Deportivo,6.0,1,2026-09-25
cronistas_marca,6,José María Giménez Giménez,Deportivo,2.0,1,2026-09-25
cronistas_marca,5,José María Giménez Giménez,Deportivo,2.0,1,2026-09-25
cronistas_marca,4,José María Giménez Giménez,Deportivo,6.0,1,2026-09-25
cronistas_marca,3,José María Giménez Giménez,Deportivo,2.0,1,2026-09-25
cronistas_marca,2,José María Giménez Giménez,Deportivo,2.0,1,2026-09-25
cronistas_marca,1,José María Giménez Giménez,Deportivo,,0,2026-09-25
cronistas_marca,7,Yeremay Hernández Yeremay,Deportivo,2.0,1,2026-09-25
cronistas_marca,6,Yeremay Hernández Yeremay,Deportivo,2.0,1,2026-09-25
cronistas_marca,5,Yeremay Hernández Yeremay,Deportivo,2.0,1,2026-09-25
cronistas_marca,4,Yeremay Hernández Yeremay,Deportivo,2.0,1,2026-09-25
cronistas_marca,3,Yeremay Hernández Yeremay,Deportivo,2.0,1,2026-09-25
cronistas_marca,2,Yeremay Hernández Yeremay,Deportivo,2.0,1,2026-09-25
cronistas_marca,1,Yeremay Hernández Yeremay,Deportivo,,0,2026-09-25
cronistas_marca,7,Adama Traoré A. Traoré,Deportivo,2.0,1,2026-09-25
cronistas_marca,6,Adama Traoré A. Traoré,Deportivo,2.0,1,2026-09-25
cronistas_marca,5,Adama Traoré A. Traoré,Deportivo,2.0,1,2026-09-25
cronistas_marca,4,Adama Traoré A. Traoré,Deportivo,2.0,1,2026-09-25
cronistas_marca,3,Adama Traoré A. Traoré,Deportivo,,0,2026-09-25
cronistas_marca,7,Marc Casadó Casadó,Deportivo,2.0,1,2026-09-25
cronistas_marca,6,Marc Casadó Casadó,Deportivo,,0,2026-09-25
cronistas_marca,5,Marc Casadó Casadó,Deportivo,2.0,1,2026-09-25
cronistas_marca,4,Marc Casadó Casadó,Deportivo,2.0,1,2026-09-25
cronistas_marca,3,Marc Casadó Casadó,Deportivo,,0,2026-09-25
cronistas_marca,2,Marc Casadó Casadó,Deportivo,,0,2026-09-25
cronistas_marca,1,Marc Casadó Casadó,Deportivo,,0,2026-09-25
cronistas_marca,7,Dani Barcia Barcia,Deportivo,,0,2026-09-25
cronistas_marca,6,Dani Barcia Barcia,Deportivo,,0,2026-09-25
cronistas_marca,5,Dani Barcia Barcia,Deportivo,,0,2026-09-25
cronistas_marca,4,Dani Barcia Barcia,Deportivo,,0,2026-09-25
cronistas_marca,3,Dani Barcia Barcia,Deportivo,,0,2026-09-25
cronistas_marca,2,Dani Barcia Barcia,Deportivo,,0,2026-09-25
cronistas_marca,1,Dani Barcia Barcia,Deportivo,,0,2026-09-25
cronistas_marca,7,Pere Milla Pere Milla,Espanyol,2.0,1,2026-09-25
cronistas_marca,6,Pere Milla Pere Milla,Espanyol,,0,2026-09-25
cronistas_marca,5,Pere Milla Pere Milla,Espanyol,2.0,1,2026-09-25
cronistas_marca,4,Pere Milla Pere Milla,Espanyol,,0,2026-09-25
cronistas_marca,3,Pere Milla Pere Milla,Espanyol,0.0,1,2026-09-25
cronistas_marca,2,Pere Milla Pere Milla,Espanyol,2.0,1,2026-09-25
cronistas_marca,1,Pere Milla Pere Milla,Espanyol,2.0,1,2026-09-25
cronistas_marca,7,Edu Expósito Edu Expósito,Espanyol,2.0,1,2026-09-25
cronistas_marca,6,Edu Expósito Edu Expósito,Espanyol,6.0,1,2026-09-25
cronistas_marca,5,Edu Expósito Edu Expósito,Espanyol,6.0,1,2026-09-25
cronistas_marca,4,Edu Expósito Edu Expósito,Espanyol,2.0,1,2026-09-25
cronistas_marca,3,Edu Expósito Edu Expósito,Espanyol,2.0,1,2026-09-25
cronistas_marca,2,Edu Expósito Edu Expósito,Espanyol,6.0,1,2026-09-25
cronistas_marca,1,Edu Expósito Edu Expósito,Espanyol,2.0,1,2026-09-25
cronistas_marca,7,Marko Dmitrovic Dmitrovic,Espanyol,-2.0,1,2026-09-25
cronistas_marca,6,Marko Dmitrovic Dmitrovic,Espanyol,2.0,1,2026-09-25
cronistas_marca,5,Marko Dmitrovic Dmitrovic,Espanyol,2.0,1,2026-09-25
cronistas_marca,4,Marko Dmitrovic Dmitrovic,Espanyol,2.0,1,2026-09-25
cronistas_marca,3,Marko Dmitrovic Dmitrovic,Espanyol,6.0,1,2026-09-25
cronistas_marca,2,Marko Dmitrovic Dmitrovic,Espanyol,2.0,1,2026-09-25
cronistas_marca,1,Marko Dmitrovic Dmitrovic,Espanyol,2.0,1,2026-09-25
cronistas_marca,7,Unai Núñez U. Núñez,Espanyol,-2.0,1,2026-09-25
cronistas_marca,6,Unai Núñez U. Núñez,Espanyol,,0,2026-09-25
cronistas_marca,5,Unai Núñez U. Núñez,Espanyol,,0,2026-09-25
cronistas_marca,4,Unai Núñez U. Núñez,Espanyol,2.0,1,2026-09-25
cronistas_marca,3,Unai Núñez U. Núñez,Espanyol,2.0,1,2026-09-25
cronistas_marca,2,Unai Núñez U. Núñez,Espanyol,2.0,1,2026-09-25
cronistas_marca,1,Unai Núñez U. Núñez,Espanyol,2.0,1,2026-09-25
cronistas_marca,7,Pol Lozano Lozano,Espanyol,,0,2026-09-25
cronistas_marca,6,Pol Lozano Lozano,Espanyol,0.0,1,2026-09-25
cronistas_marca,5,Pol Lozano Lozano,Espanyol,,0,2026-09-25
cronistas_marca,4,Pol Lozano Lozano,Espanyol,,0,2026-09-25
cronistas_marca,3,Pol Lozano Lozano,Espanyol,,0,2026-09-25
cronistas_marca,2,Pol Lozano Lozano,Espanyol,2.0,1,2026-09-25
cronistas_marca,1,Pol Lozano Lozano,Espanyol,2.0,1,2026-09-25
cronistas_marca,7,Urko González de Zarate Urko,Espanyol,2.0,1,2026-09-25
cronistas_marca,6,Urko González de Zarate Urko,Espanyol,2.0,1,2026-09-25
cronistas_marca,5,Urko González de Zarate Urko,Espanyol,6.0,1,2026-09-25
cronistas_marca,4,Urko González de Zarate Urko,Espanyol,2.0,1,2026-09-25
cronistas_marca,3,Urko González de Zarate Urko,Espanyol,2.0,1,2026-09-25
cronistas_marca,2,Urko González de Zarate Urko,Espanyol,2.0,1,2026-09-25
cronistas_marca,1,Urko González de Zarate Urko,Espanyol,6.0,1,2026-09-25
cronistas_marca,7,Jofre Carreras Jofre,Espanyol,,0,2026-09-25
cronistas_marca,6,Jofre Carreras Jofre,Espanyol,,0,2026-09-25
cronistas_marca,5,Jofre Carreras Jofre,Espanyol,,0,2026-09-25
cronistas_marca,4,Jofre Carreras Jofre,Espanyol,,0,2026-09-25
cronistas_marca,3,Jofre Carreras Jofre,Espanyol,0.0,1,2026-09-25
cronistas_marca,2,Jofre Carreras Jofre,Espanyol,0.0,1,2026-09-25
cronistas_marca,1,Jofre Carreras Jofre,Espanyol,2.0,1,2026-09-25
cronistas_marca,7,Roberto Fernández Roberto,Espanyol,2.0,1,2026-09-25
cronistas_marca,6,Roberto Fernández Roberto,Espanyol,9.0,1,2026-09-25
cronistas_marca,5,Roberto Fernández Roberto,Espanyol,16.0,1,2026-09-25
cronistas_marca,4,Roberto Fernández Roberto,Espanyol,2.0,1,2026-09-25
cronistas_marca,3,Roberto Fernández Roberto,Espanyol,9.0,1,2026-09-25
cronistas_marca,2,Roberto Fernández Roberto,Espanyol,6.0,1,2026-09-25
cronistas_marca,1,Roberto Fernández Roberto,Espanyol,16.0,1,2026-09-25
cronistas_marca,7,Ángel Fortuño Fortuño,Espanyol,,0,2026-09-25
cronistas_marca,6,Ángel Fortuño Fortuño,Espanyol,,0,2026-09-25
cronistas_marca,5,Ángel Fortuño Fortuño,Espanyol,,0,2026-09-25
cronistas_marca,4,Ángel Fortuño Fortuño,Espanyol,,0,2026-09-25
cronistas_marca,3,Ángel Fortuño Fortuño,Espanyol,,0,2026-09-25
cronistas_marca,2,Ángel Fortuño Fortuño,Espanyol,,0,2026-09-25
cronistas_marca,1,Ángel Fortuño Fortuño,Espanyol,,0,2026-09-25
cronistas_marca,7,Omar El Hilali El Hilali,Espanyol,,0,2026-09-25
cronistas_marca,6,Omar El Hilali El Hilali,Espanyol,-4.0,1,2026-09-25
cronistas_marca,5,Omar El Hilali El Hilali,Espanyol,6.0,1,2026-09-25
cronistas_marca,4,Omar El Hilali El Hilali,Espanyol,2.0,1,2026-09-25
cronistas_marca,3,Omar El Hilali El Hilali,Espanyol,6.0,1,2026-09-25
cronistas_marca,2,Omar El Hilali El Hilali,Espanyol,2.0,1,2026-09-25
cronistas_marca,1,Omar El Hilali El Hilali,Espanyol,2.0,1,2026-09-25
cronistas_marca,7,Marcos Fernández Marcos,Espanyol,6.0,1,2026-09-25
cronistas_marca,6,Marcos Fernández Marcos,Espanyol,6.0,1,2026-09-25
cronistas_marca,5,Marcos Fernández Marcos,Espanyol,6.0,1,2026-09-25
cronistas_marca,4,Marcos Fernández Marcos,Espanyol,9.0,1,2026-09-25
cronistas_marca,3,Marcos Fernández Marcos,Espanyol,2.0,1,2026-09-25
cronistas_marca,2,Marcos Fernández Marcos,Espanyol,,0,2026-09-25
cronistas_marca,1,Marcos Fernández Marcos,Espanyol,2.0,1,2026-09-25
cronistas_marca,7,Quilindschy Hartman Hartman,Espanyol,2.0,1,2026-09-25
cronistas_marca,6,Quilindschy Hartman Hartman,Espanyol,2.0,1,2026-09-25
cronistas_marca,5,Quilindschy Hartman Hartman,Espanyol,,0,2026-09-25
cronistas_marca,4,Quilindschy Hartman Hartman,Espanyol,0.0,1,2026-09-25
cronistas_marca,3,Quilindschy Hartman Hartman,Espanyol,,0,2026-09-25
cronistas_marca,2,Quilindschy Hartman Hartman,Espanyol,,0,2026-09-25
cronistas_marca,1,Quilindschy Hartman Hartman,Espanyol,,0,2026-09-25
cronistas_marca,7,Álex Calatrava Calatrava,Espanyol,2.0,1,2026-09-25
cronistas_marca,6,Álex Calatrava Calatrava,Espanyol,2.0,1,2026-09-25
cronistas_marca,5,Álex Calatrava Calatrava,Espanyol,2.0,1,2026-09-25
cronistas_marca,4,Álex Calatrava Calatrava,Espanyol,2.0,1,2026-09-25
cronistas_marca,3,Álex Calatrava Calatrava,Espanyol,2.0,1,2026-09-25
cronistas_marca,2,Álex Calatrava Calatrava,Espanyol,10.0,1,2026-09-25
cronistas_marca,1,Álex Calatrava Calatrava,Espanyol,6.0,1,2026-09-25
cronistas_marca,7,Llorenç Serred Serred,Espanyol,,0,2026-09-25
cronistas_marca,6,Llorenç Serred Serred,Espanyol,,0,2026-09-25
cronistas_marca,5,Llorenç Serred Serred,Espanyol,,0,2026-09-25
cronistas_marca,4,Llorenç Serred Serred,Espanyol,,0,2026-09-25
cronistas_marca,3,Llorenç Serred Serred,Espanyol,,0,2026-09-25
cronistas_marca,2,Llorenç Serred Serred,Espanyol,,0,2026-09-25
cronistas_marca,1,Llorenç Serred Serred,Espanyol,,0,2026-09-25
cronistas_marca,7,Rafel Bauzà Bauzà,Espanyol,,0,2026-09-25
cronistas_marca,6,Rafel Bauzà Bauzà,Espanyol,2.0,1,2026-09-25
cronistas_marca,5,Rafel Bauzà Bauzà,Espanyol,,0,2026-09-25
cronistas_marca,4,Rafel Bauzà Bauzà,Espanyol,,0,2026-09-25
cronistas_marca,3,Rafel Bauzà Bauzà,Espanyol,2.0,1,2026-09-25
cronistas_marca,2,Rafel Bauzà Bauzà,Espanyol,2.0,1,2026-09-25
cronistas_marca,1,Rafel Bauzà Bauzà,Espanyol,2.0,1,2026-09-25
cronistas_marca,7,Vanja Drkusic Drkusic,Espanyol,,0,2026-09-25
cronistas_marca,6,Vanja Drkusic Drkusic,Espanyol,,0,2026-09-25
cronistas_marca,5,Vanja Drkusic Drkusic,Espanyol,0.0,1,2026-09-25
cronistas_marca,4,Vanja Drkusic Drkusic,Espanyol,,0,2026-09-25
cronistas_marca,3,Vanja Drkusic Drkusic,Espanyol,2.0,1,2026-09-25
cronistas_marca,2,Vanja Drkusic Drkusic,Espanyol,2.0,1,2026-09-25
cronistas_marca,1,Vanja Drkusic Drkusic,Espanyol,,0,2026-09-25
cronistas_marca,7,Javier Hernández Javier Hernández,Espanyol,0.0,1,2026-09-25
cronistas_marca,6,Javier Hernández Javier Hernández,Espanyol,0.0,1,2026-09-25
cronistas_marca,5,Javier Hernández Javier Hernández,Espanyol,0.0,1,2026-09-25
cronistas_marca,4,Javier Hernández Javier Hernández,Espanyol,0.0,1,2026-09-25
cronistas_marca,3,Javier Hernández Javier Hernández,Espanyol,0.0,1,2026-09-25
cronistas_marca,2,Javier Hernández Javier Hernández,Espanyol,0.0,1,2026-09-25
cronistas_marca,1,Javier Hernández Javier Hernández,Espanyol,0.0,1,2026-09-25
cronistas_marca,7,José Ángel López José Ángel,Espanyol,2.0,1,2026-09-25
cronistas_marca,6,José Ángel López José Ángel,Espanyol,,0,2026-09-25
cronistas_marca,5,José Ángel López José Ángel,Espanyol,,0,2026-09-25
cronistas_marca,4,José Ángel López José Ángel,Espanyol,,0,2026-09-25
cronistas_marca,3,José Ángel López José Ángel,Espanyol,,0,2026-09-25
cronistas_marca,2,José Ángel López José Ángel,Espanyol,,0,2026-09-25
cronistas_marca,1,José Ángel López José Ángel,Espanyol,,0,2026-09-25
cronistas_marca,7,Roger Hinojo Hinojo,Espanyol,2.0,1,2026-09-25
cronistas_marca,6,Roger Hinojo Hinojo,Espanyol,2.0,1,2026-09-25
cronistas_marca,5,Roger Hinojo Hinojo,Espanyol,2.0,1,2026-09-25
cronistas_marca,4,Roger Hinojo Hinojo,Espanyol,2.0,1,2026-09-25
cronistas_marca,3,Roger Hinojo Hinojo,Espanyol,2.0,1,2026-09-25
cronistas_marca,2,Roger Hinojo Hinojo,Espanyol,2.0,1,2026-09-25
cronistas_marca,1,Roger Hinojo Hinojo,Espanyol,6.0,1,2026-09-25
cronistas_marca,7,Gabriel Moscardo Moscardo,Espanyol,,0,2026-09-25
cronistas_marca,6,Gabriel Moscardo Moscardo,Espanyol,-2.0,1,2026-09-25
cronistas_marca,5,Gabriel Moscardo Moscardo,Espanyol,2.0,1,2026-09-25
cronistas_marca,4,Gabriel Moscardo Moscardo,Espanyol,2.0,1,2026-09-25
cronistas_marca,3,Gabriel Moscardo Moscardo,Espanyol,2.0,1,2026-09-25
cronistas_marca,2,Gabriel Moscardo Moscardo,Espanyol,,0,2026-09-25
cronistas_marca,1,Gabriel Moscardo Moscardo,Espanyol,,0,2026-09-25
cronistas_marca,7,Tyrhys Dolan Dolan,Espanyol,6.0,1,2026-09-25
cronistas_marca,6,Tyrhys Dolan Dolan,Espanyol,,0,2026-09-25
cronistas_marca,5,Tyrhys Dolan Dolan,Espanyol,2.0,1,2026-09-25
cronistas_marca,4,Tyrhys Dolan Dolan,Espanyol,6.0,1,2026-09-25
cronistas_marca,3,Tyrhys Dolan Dolan,Espanyol,2.0,1,2026-09-25
cronistas_marca,2,Tyrhys Dolan Dolan,Espanyol,2.0,1,2026-09-25
cronistas_marca,1,Tyrhys Dolan Dolan,Espanyol,10.0,1,2026-09-25
cronistas_marca,7,Clemens Riedel Riedel,Espanyol,2.0,1,2026-09-25
cronistas_marca,6,Clemens Riedel Riedel,Espanyol,2.0,1,2026-09-25
cronistas_marca,5,Clemens Riedel Riedel,Espanyol,2.0,1,2026-09-25
cronistas_marca,4,Clemens Riedel Riedel,Espanyol,0.0,1,2026-09-25
cronistas_marca,3,Clemens Riedel Riedel,Espanyol,,0,2026-09-25
cronistas_marca,2,Clemens Riedel Riedel,Espanyol,2.0,1,2026-09-25
cronistas_marca,1,Clemens Riedel Riedel,Espanyol,2.0,1,2026-09-25
cronistas_marca,7,Adama Timera Timera,Espanyol,,0,2026-09-25
cronistas_marca,6,Adama Timera Timera,Espanyol,,0,2026-09-25
cronistas_marca,5,Adama Timera Timera,Espanyol,,0,2026-09-25
cronistas_marca,4,Adama Timera Timera,Espanyol,,0,2026-09-25
cronistas_marca,3,Adama Timera Timera,Espanyol,,0,2026-09-25
cronistas_marca,2,Adama Timera Timera,Espanyol,,0,2026-09-25
cronistas_marca,1,Adama Timera Timera,Espanyol,,0,2026-09-25
cronistas_marca,7,Leandro Cabrera Cabrera,Espanyol,-2.0,1,2026-09-25
cronistas_marca,6,Leandro Cabrera Cabrera,Espanyol,2.0,1,2026-09-25
cronistas_marca,5,Leandro Cabrera Cabrera,Espanyol,2.0,1,2026-09-25
cronistas_marca,4,Leandro Cabrera Cabrera,Espanyol,6.0,1,2026-09-25
cronistas_marca,3,Leandro Cabrera Cabrera,Espanyol,,0,2026-09-25
cronistas_marca,2,Leandro Cabrera Cabrera,Espanyol,,0,2026-09-25
cronistas_marca,1,Leandro Cabrera Cabrera,Espanyol,,0,2026-09-25
cronistas_marca,7,Bryan Zaragoza Bryan,Espanyol,2.0,1,2026-09-25
cronistas_marca,6,Bryan Zaragoza Bryan,Espanyol,6.0,1,2026-09-25
cronistas_marca,5,Bryan Zaragoza Bryan,Espanyol,2.0,1,2026-09-25
cronistas_marca,4,Bryan Zaragoza Bryan,Espanyol,2.0,1,2026-09-25
cronistas_marca,3,Bryan Zaragoza Bryan,Espanyol,,0,2026-09-25
cronistas_marca,7,Andoni Gorosabel Gorosabel,Espanyol,,0,2026-09-25
cronistas_marca,6,Andoni Gorosabel Gorosabel,Espanyol,,0,2026-09-25
cronistas_marca,5,Andoni Gorosabel Gorosabel,Espanyol,,0,2026-09-25
cronistas_marca,4,Andoni Gorosabel Gorosabel,Espanyol,,0,2026-09-25
cronistas_marca,3,Andoni Gorosabel Gorosabel,Espanyol,,0,2026-09-25
cronistas_marca,2,Andoni Gorosabel Gorosabel,Espanyol,,0,2026-09-25
cronistas_marca,1,Andoni Gorosabel Gorosabel,Espanyol,,0,2026-09-25
cronistas_marca,7,Víctor Mullerat Mullerat,Espanyol,,0,2026-09-25
cronistas_marca,6,Víctor Mullerat Mullerat,Espanyol,,0,2026-09-25
cronistas_marca,5,Víctor Mullerat Mullerat,Espanyol,,0,2026-09-25
cronistas_marca,4,Víctor Mullerat Mullerat,Espanyol,,0,2026-09-25
cronistas_marca,3,Víctor Mullerat Mullerat,Espanyol,,0,2026-09-25
cronistas_marca,2,Víctor Mullerat Mullerat,Espanyol,,0,2026-09-25
cronistas_marca,1,Víctor Mullerat Mullerat,Espanyol,,0,2026-09-25
cronistas_marca,7,Johan Mojica Mojica,Getafe,6.0,1,2026-09-25
cronistas_marca,6,Johan Mojica Mojica,Getafe,2.0,1,2026-09-25
cronistas_marca,5,Johan Mojica Mojica,Getafe,2.0,1,2026-09-25
cronistas_marca,4,Johan Mojica Mojica,Getafe,6.0,1,2026-09-25
cronistas_marca,3,Johan Mojica Mojica,Getafe,2.0,1,2026-09-25
cronistas_marca,2,Johan Mojica Mojica,Getafe,6.0,1,2026-09-25
cronistas_marca,1,Johan Mojica Mojica,Getafe,,0,2026-09-25
cronistas_marca,7,David Soria Soria,Getafe,6.0,1,2026-09-25
cronistas_marca,6,David Soria Soria,Getafe,6.0,1,2026-09-25
cronistas_marca,5,David Soria Soria,Getafe,6.0,1,2026-09-25
cronistas_marca,4,David Soria Soria,Getafe,6.0,1,2026-09-25
cronistas_marca,3,David Soria Soria,Getafe,2.0,1,2026-09-25
cronistas_marca,2,David Soria Soria,Getafe,10.0,1,2026-09-25
cronistas_marca,1,David Soria Soria,Getafe,2.0,1,2026-09-25
cronistas_marca,7,Borja Mayoral Mayoral,Getafe,,0,2026-09-25
cronistas_marca,6,Borja Mayoral Mayoral,Getafe,,0,2026-09-25
cronistas_marca,5,Borja Mayoral Mayoral,Getafe,,0,2026-09-25
cronistas_marca,4,Borja Mayoral Mayoral,Getafe,,0,2026-09-25
cronistas_marca,3,Borja Mayoral Mayoral,Getafe,0.0,1,2026-09-25
cronistas_marca,2,Borja Mayoral Mayoral,Getafe,0.0,1,2026-09-25
cronistas_marca,1,Borja Mayoral Mayoral,Getafe,,0,2026-09-25
cronistas_marca,7,Kiko Femenia Femenia,Getafe,,0,2026-09-25
cronistas_marca,6,Kiko Femenia Femenia,Getafe,,0,2026-09-25
cronistas_marca,5,Kiko Femenia Femenia,Getafe,,0,2026-09-25
cronistas_marca,4,Kiko Femenia Femenia,Getafe,0.0,1,2026-09-25
cronistas_marca,3,Kiko Femenia Femenia,Getafe,2.0,1,2026-09-25
cronistas_marca,2,Kiko Femenia Femenia,Getafe,,0,2026-09-25
cronistas_marca,1,Kiko Femenia Femenia,Getafe,-8.0,1,2026-09-25
cronistas_marca,7,Enes Ünal Enes Ünal,Getafe,2.0,1,2026-09-25
cronistas_marca,6,Enes Ünal Enes Ünal,Getafe,2.0,1,2026-09-25
cronistas_marca,5,Enes Ünal Enes Ünal,Getafe,2.0,1,2026-09-25
cronistas_marca,4,Enes Ünal Enes Ünal,Getafe,2.0,1,2026-09-25
cronistas_marca,3,Enes Ünal Enes Ünal,Getafe,2.0,1,2026-09-25
cronistas_marca,2,Enes Ünal Enes Ünal,Getafe,9.0,1,2026-09-25
cronistas_marca,1,Enes Ünal Enes Ünal,Getafe,2.0,1,2026-09-25
cronistas_marca,7,Dakonam Djené Djené,Getafe,6.0,1,2026-09-25
cronistas_marca,6,Dakonam Djené Djené,Getafe,6.0,1,2026-09-25
cronistas_marca,5,Dakonam Djené Djené,Getafe,6.0,1,2026-09-25
cronistas_marca,4,Dakonam Djené Djené,Getafe,2.0,1,2026-09-25
cronistas_marca,3,Dakonam Djené Djené,Getafe,-2.0,1,2026-09-25
cronistas_marca,2,Dakonam Djené Djené,Getafe,6.0,1,2026-09-25
cronistas_marca,1,Dakonam Djené Djené,Getafe,2.0,1,2026-09-25
cronistas_marca,7,Abdel Abqar Abqar,Getafe,,0,2026-09-25
cronistas_marca,6,Abdel Abqar Abqar,Getafe,,0,2026-09-25
cronistas_marca,5,Abdel Abqar Abqar,Getafe,,0,2026-09-25
cronistas_marca,4,Abdel Abqar Abqar,Getafe,,0,2026-09-25
cronistas_marca,3,Abdel Abqar Abqar,Getafe,,0,2026-09-25
cronistas_marca,2,Abdel Abqar Abqar,Getafe,0.0,1,2026-09-25
cronistas_marca,1,Abdel Abqar Abqar,Getafe,2.0,1,2026-09-25
cronistas_marca,7,Martín Satriano Satriano,Getafe,6.0,1,2026-09-25
cronistas_marca,6,Martín Satriano Satriano,Getafe,2.0,1,2026-09-25
cronistas_marca,5,Martín Satriano Satriano,Getafe,6.0,1,2026-09-25
cronistas_marca,4,Martín Satriano Satriano,Getafe,9.0,1,2026-09-25
cronistas_marca,3,Martín Satriano Satriano,Getafe,2.0,1,2026-09-25
cronistas_marca,2,Martín Satriano Satriano,Getafe,2.0,1,2026-09-25
cronistas_marca,1,Martín Satriano Satriano,Getafe,2.0,1,2026-09-25
cronistas_marca,7,Ramón Terrats Terrats,Getafe,6.0,1,2026-09-25
cronistas_marca,6,Ramón Terrats Terrats,Getafe,,0,2026-09-25
cronistas_marca,5,Ramón Terrats Terrats,Getafe,10.0,1,2026-09-25
cronistas_marca,4,Ramón Terrats Terrats,Getafe,6.0,1,2026-09-25
cronistas_marca,3,Ramón Terrats Terrats,Getafe,6.0,1,2026-09-25
cronistas_marca,2,Ramón Terrats Terrats,Getafe,6.0,1,2026-09-25
cronistas_marca,1,Ramón Terrats Terrats,Getafe,2.0,1,2026-09-25
cronistas_marca,7,Orel Mangala Mangala,Getafe,2.0,1,2026-09-25
cronistas_marca,6,Orel Mangala Mangala,Getafe,2.0,1,2026-09-25
cronistas_marca,5,Orel Mangala Mangala,Getafe,2.0,1,2026-09-25
cronistas_marca,4,Orel Mangala Mangala,Getafe,2.0,1,2026-09-25
cronistas_marca,3,Orel Mangala Mangala,Getafe,6.0,1,2026-09-25
cronistas_marca,2,Orel Mangala Mangala,Getafe,2.0,1,2026-09-25
cronistas_marca,1,Orel Mangala Mangala,Getafe,2.0,1,2026-09-25
cronistas_marca,7,Mario Martín Mario Martín,Getafe,,0,2026-09-25
cronistas_marca,6,Mario Martín Mario Martín,Getafe,-1.0,1,2026-09-25
cronistas_marca,5,Mario Martín Mario Martín,Getafe,2.0,1,2026-09-25
cronistas_marca,4,Mario Martín Mario Martín,Getafe,2.0,1,2026-09-25
cronistas_marca,3,Mario Martín Mario Martín,Getafe,,0,2026-09-25
cronistas_marca,2,Mario Martín Mario Martín,Getafe,,0,2026-09-25
cronistas_marca,1,Mario Martín Mario Martín,Getafe,-2.0,1,2026-09-25
cronistas_marca,7,Saba Sazonov Sazonov,Getafe,0.0,1,2026-09-25
cronistas_marca,6,Saba Sazonov Sazonov,Getafe,,0,2026-09-25
cronistas_marca,5,Saba Sazonov Sazonov,Getafe,-2.0,1,2026-09-25
cronistas_marca,4,Saba Sazonov Sazonov,Getafe,,0,2026-09-25
cronistas_marca,3,Saba Sazonov Sazonov,Getafe,,0,2026-09-25
cronistas_marca,2,Saba Sazonov Sazonov,Getafe,2.0,1,2026-09-25
cronistas_marca,1,Saba Sazonov Sazonov,Getafe,2.0,1,2026-09-25
cronistas_marca,7,Andrés García Andrés García,Getafe,2.0,1,2026-09-25
cronistas_marca,6,Andrés García Andrés García,Getafe,2.0,1,2026-09-25
cronistas_marca,5,Andrés García Andrés García,Getafe,,0,2026-09-25
cronistas_marca,4,Andrés García Andrés García,Getafe,6.0,1,2026-09-25
cronistas_marca,3,Andrés García Andrés García,Getafe,6.0,1,2026-09-25
cronistas_marca,2,Andrés García Andrés García,Getafe,6.0,1,2026-09-25
cronistas_marca,1,Andrés García Andrés García,Getafe,2.0,1,2026-09-25
cronistas_marca,7,Alberto Risco Risco,Getafe,,0,2026-09-25
cronistas_marca,6,Alberto Risco Risco,Getafe,0.0,1,2026-09-25
cronistas_marca,5,Alberto Risco Risco,Getafe,,0,2026-09-25
cronistas_marca,4,Alberto Risco Risco,Getafe,,0,2026-09-25
cronistas_marca,3,Alberto Risco Risco,Getafe,2.0,1,2026-09-25
cronistas_marca,2,Alberto Risco Risco,Getafe,0.0,1,2026-09-25
cronistas_marca,1,Alberto Risco Risco,Getafe,2.0,1,2026-09-25
cronistas_marca,7,Diego Ferrer Ferrer,Getafe,,0,2026-09-25
cronistas_marca,6,Diego Ferrer Ferrer,Getafe,,0,2026-09-25
cronistas_marca,5,Diego Ferrer Ferrer,Getafe,,0,2026-09-25
cronistas_marca,4,Diego Ferrer Ferrer,Getafe,,0,2026-09-25
cronistas_marca,3,Diego Ferrer Ferrer,Getafe,,0,2026-09-25
cronistas_marca,2,Diego Ferrer Ferrer,Getafe,,0,2026-09-25
cronistas_marca,1,Diego Ferrer Ferrer,Getafe,,0,2026-09-25
cronistas_marca,7,Jiri Letácek Letácek,Getafe,,0,2026-09-25
cronistas_marca,6,Jiri Letácek Letácek,Getafe,,0,2026-09-25
cronistas_marca,5,Jiri Letácek Letácek,Getafe,,0,2026-09-25
cronistas_marca,4,Jiri Letácek Letácek,Getafe,,0,2026-09-25
cronistas_marca,3,Jiri Letácek Letácek,Getafe,,0,2026-09-25
cronistas_marca,2,Jiri Letácek Letácek,Getafe,,0,2026-09-25
cronistas_marca,1,Jiri Letácek Letácek,Getafe,,0,2026-09-25
cronistas_marca,7,Zaid Romero Romero,Getafe,6.0,1,2026-09-25
cronistas_marca,6,Zaid Romero Romero,Getafe,6.0,1,2026-09-25
cronistas_marca,5,Zaid Romero Romero,Getafe,,0,2026-09-25
cronistas_marca,4,Zaid Romero Romero,Getafe,-5.0,1,2026-09-25
cronistas_marca,3,Zaid Romero Romero,Getafe,2.0,1,2026-09-25
cronistas_marca,2,Zaid Romero Romero,Getafe,2.0,1,2026-09-25
cronistas_marca,1,Zaid Romero Romero,Getafe,2.0,1,2026-09-25
cronistas_marca,7,Jean Ives Valou Valou,Getafe,,0,2026-09-25
cronistas_marca,6,Jean Ives Valou Valou,Getafe,,0,2026-09-25
cronistas_marca,5,Jean Ives Valou Valou,Getafe,,0,2026-09-25
cronistas_marca,4,Jean Ives Valou Valou,Getafe,,0,2026-09-25
cronistas_marca,3,Jean Ives Valou Valou,Getafe,,0,2026-09-25
cronistas_marca,2,Jean Ives Valou Valou,Getafe,,0,2026-09-25
cronistas_marca,1,Jean Ives Valou Valou,Getafe,2.0,1,2026-09-25
cronistas_marca,7,Davinchi Davinchi,Getafe,0.0,1,2026-09-25
cronistas_marca,6,Davinchi Davinchi,Getafe,2.0,1,2026-09-25
cronistas_marca,5,Davinchi Davinchi,Getafe,0.0,1,2026-09-25
cronistas_marca,4,Davinchi Davinchi,Getafe,,0,2026-09-25
cronistas_marca,3,Davinchi Davinchi,Getafe,,0,2026-09-25
cronistas_marca,2,Davinchi Davinchi,Getafe,,0,2026-09-25
cronistas_marca,1,Davinchi Davinchi,Getafe,-2.0,1,2026-09-25
cronistas_marca,7,Sebastián Boselli Boselli,Getafe,,0,2026-09-25
cronistas_marca,6,Sebastián Boselli Boselli,Getafe,2.0,1,2026-09-25
cronistas_marca,5,Sebastián Boselli Boselli,Getafe,2.0,1,2026-09-25
cronistas_marca,4,Sebastián Boselli Boselli,Getafe,0.0,1,2026-09-25
cronistas_marca,3,Sebastián Boselli Boselli,Getafe,,0,2026-09-25
cronistas_marca,2,Sebastián Boselli Boselli,Getafe,0.0,1,2026-09-25
cronistas_marca,1,Sebastián Boselli Boselli,Getafe,2.0,1,2026-09-25
cronistas_marca,7,Ebrahima Drammeh Drammeh,Getafe,,0,2026-09-25
cronistas_marca,6,Ebrahima Drammeh Drammeh,Getafe,,0,2026-09-25
cronistas_marca,5,Ebrahima Drammeh Drammeh,Getafe,,0,2026-09-25
cronistas_marca,4,Ebrahima Drammeh Drammeh,Getafe,,0,2026-09-25
cronistas_marca,3,Ebrahima Drammeh Drammeh,Getafe,,0,2026-09-25
cronistas_marca,2,Ebrahima Drammeh Drammeh,Getafe,,0,2026-09-25
cronistas_marca,1,Ebrahima Drammeh Drammeh,Getafe,,0,2026-09-25
cronistas_marca,7,Francho Serrano Francho,Getafe,2.0,1,2026-09-25
cronistas_marca,6,Francho Serrano Francho,Getafe,2.0,1,2026-09-25
cronistas_marca,5,Francho Serrano Francho,Getafe,2.0,1,2026-09-25
cronistas_marca,4,Francho Serrano Francho,Getafe,,0,2026-09-25
cronistas_marca,3,Francho Serrano Francho,Getafe,2.0,1,2026-09-25
cronistas_marca,2,Francho Serrano Francho,Getafe,2.0,1,2026-09-25
cronistas_marca,7,Curro Burgos Curro,Getafe,,0,2026-09-25
cronistas_marca,6,Curro Burgos Curro,Getafe,,0,2026-09-25
cronistas_marca,5,Curro Burgos Curro,Getafe,,0,2026-09-25
cronistas_marca,4,Curro Burgos Curro,Getafe,,0,2026-09-25
cronistas_marca,3,Curro Burgos Curro,Getafe,,0,2026-09-25
cronistas_marca,2,Curro Burgos Curro,Getafe,,0,2026-09-25
cronistas_marca,1,Curro Burgos Curro,Getafe,,0,2026-09-25
cronistas_marca,7,Óscar López Óscar López,Getafe,,0,2026-09-25
cronistas_marca,6,Óscar López Óscar López,Getafe,0.0,1,2026-09-25
cronistas_marca,5,Óscar López Óscar López,Getafe,,0,2026-09-25
cronistas_marca,4,Óscar López Óscar López,Getafe,0.0,1,2026-09-25
cronistas_marca,3,Óscar López Óscar López,Getafe,,0,2026-09-25
cronistas_marca,2,Óscar López Óscar López,Getafe,,0,2026-09-25
cronistas_marca,1,Óscar López Óscar López,Getafe,,0,2026-09-25
cronistas_marca,7,Nemanja Gudelj Gudelj,Getafe,2.0,1,2026-09-25
cronistas_marca,6,Nemanja Gudelj Gudelj,Getafe,2.0,1,2026-09-25
cronistas_marca,5,Nemanja Gudelj Gudelj,Getafe,2.0,1,2026-09-25
cronistas_marca,4,Nemanja Gudelj Gudelj,Getafe,6.0,1,2026-09-25
cronistas_marca,3,Nemanja Gudelj Gudelj,Getafe,2.0,1,2026-09-25
cronistas_marca,7,Joselu Pérez Joselu,Getafe,,0,2026-09-25
cronistas_marca,6,Joselu Pérez Joselu,Getafe,,0,2026-09-25
cronistas_marca,5,Joselu Pérez Joselu,Getafe,2.0,1,2026-09-25
cronistas_marca,4,Joselu Pérez Joselu,Getafe,,0,2026-09-25
cronistas_marca,3,Joselu Pérez Joselu,Getafe,,0,2026-09-25
cronistas_marca,2,Joselu Pérez Joselu,Getafe,,0,2026-09-25
cronistas_marca,1,Joselu Pérez Joselu,Getafe,,0,2026-09-25
cronistas_marca,7,Moha Hamdoune Moha,Getafe,,0,2026-09-25
cronistas_marca,6,Moha Hamdoune Moha,Getafe,,0,2026-09-25
cronistas_marca,5,Moha Hamdoune Moha,Getafe,,0,2026-09-25
cronistas_marca,4,Moha Hamdoune Moha,Getafe,,0,2026-09-25
cronistas_marca,3,Moha Hamdoune Moha,Getafe,,0,2026-09-25
cronistas_marca,2,Moha Hamdoune Moha,Getafe,,0,2026-09-25
cronistas_marca,1,Moha Hamdoune Moha,Getafe,,0,2026-09-25
cronistas_marca,7,Iván Azón Iván Azón,Getafe,13.0,1,2026-09-25
cronistas_marca,6,Iván Azón Iván Azón,Getafe,6.0,1,2026-09-25
cronistas_marca,5,Iván Azón Iván Azón,Getafe,6.0,1,2026-09-25
cronistas_marca,4,Iván Azón Iván Azón,Getafe,0.0,1,2026-09-25
cronistas_marca,7,Moha Achraf Moha Achraf,Getafe,,0,2026-09-25
cronistas_marca,6,Moha Achraf Moha Achraf,Getafe,,0,2026-09-25
cronistas_marca,5,Moha Achraf Moha Achraf,Getafe,,0,2026-09-25
cronistas_marca,4,Moha Achraf Moha Achraf,Getafe,,0,2026-09-25
cronistas_marca,3,Moha Achraf Moha Achraf,Getafe,,0,2026-09-25
cronistas_marca,2,Moha Achraf Moha Achraf,Getafe,,0,2026-09-25
cronistas_marca,1,Moha Achraf Moha Achraf,Getafe,,0,2026-09-25
cronistas_marca,7,Aissa Mandi Mandi,Levante,2.0,1,2026-09-25
cronistas_marca,5,Aissa Mandi Mandi,Levante,-2.0,1,2026-09-25
cronistas_marca,4,Aissa Mandi Mandi,Levante,2.0,1,2026-09-25
cronistas_marca,3,Aissa Mandi Mandi,Levante,2.0,1,2026-09-25
cronistas_marca,2,Aissa Mandi Mandi,Levante,6.0,1,2026-09-25
cronistas_marca,1,Aissa Mandi Mandi,Levante,2.0,1,2026-09-25
cronistas_marca,7,Mathew Ryan Ryan,Levante,6.0,1,2026-09-25
cronistas_marca,5,Mathew Ryan Ryan,Levante,2.0,1,2026-09-25
cronistas_marca,4,Mathew Ryan Ryan,Levante,6.0,1,2026-09-25
cronistas_marca,3,Mathew Ryan Ryan,Levante,2.0,1,2026-09-25
cronistas_marca,2,Mathew Ryan Ryan,Levante,10.0,1,2026-09-25
cronistas_marca,1,Mathew Ryan Ryan,Levante,2.0,1,2026-09-25
cronistas_marca,7,Jeremy Toljan Toljan,Levante,6.0,1,2026-09-25
cronistas_marca,5,Jeremy Toljan Toljan,Levante,2.0,1,2026-09-25
cronistas_marca,4,Jeremy Toljan Toljan,Levante,2.0,1,2026-09-25
cronistas_marca,3,Jeremy Toljan Toljan,Levante,2.0,1,2026-09-25
cronistas_marca,2,Jeremy Toljan Toljan,Levante,2.0,1,2026-09-25
cronistas_marca,1,Jeremy Toljan Toljan,Levante,2.0,1,2026-09-25
cronistas_marca,7,Adrián de la Fuente De la Fuente,Levante,2.0,1,2026-09-25
cronistas_marca,5,Adrián de la Fuente De la Fuente,Levante,-2.0,1,2026-09-25
cronistas_marca,4,Adrián de la Fuente De la Fuente,Levante,2.0,1,2026-09-25
cronistas_marca,3,Adrián de la Fuente De la Fuente,Levante,11.0,1,2026-09-25
cronistas_marca,2,Adrián de la Fuente De la Fuente,Levante,2.0,1,2026-09-25
cronistas_marca,1,Adrián de la Fuente De la Fuente,Levante,2.0,1,2026-09-25
cronistas_marca,7,Manu Sánchez Manu Sánchez,Levante,2.0,1,2026-09-25
cronistas_marca,5,Manu Sánchez Manu Sánchez,Levante,2.0,1,2026-09-25
cronistas_marca,4,Manu Sánchez Manu Sánchez,Levante,2.0,1,2026-09-25
cronistas_marca,3,Manu Sánchez Manu Sánchez,Levante,2.0,1,2026-09-25
cronistas_marca,2,Manu Sánchez Manu Sánchez,Levante,2.0,1,2026-09-25
cronistas_marca,1,Manu Sánchez Manu Sánchez,Levante,2.0,1,2026-09-25
cronistas_marca,7,Iván Romero Iván Romero,Levante,9.0,1,2026-09-25
cronistas_marca,5,Iván Romero Iván Romero,Levante,9.0,1,2026-09-25
cronistas_marca,4,Iván Romero Iván Romero,Levante,2.0,1,2026-09-25
cronistas_marca,3,Iván Romero Iván Romero,Levante,6.0,1,2026-09-25
cronistas_marca,2,Iván Romero Iván Romero,Levante,2.0,1,2026-09-25
cronistas_marca,1,Iván Romero Iván Romero,Levante,2.0,1,2026-09-25
cronistas_marca,7,Víctor García Víctor García,Levante,-2.0,1,2026-09-25
cronistas_marca,5,Víctor García Víctor García,Levante,6.0,1,2026-09-25
cronistas_marca,4,Víctor García Víctor García,Levante,,0,2026-09-25
cronistas_marca,3,Víctor García Víctor García,Levante,2.0,1,2026-09-25
cronistas_marca,2,Víctor García Víctor García,Levante,2.0,1,2026-09-25
cronistas_marca,1,Víctor García Víctor García,Levante,2.0,1,2026-09-25
cronistas_marca,7,Oriol Rey Oriol Rey,Levante,6.0,1,2026-09-25
cronistas_marca,5,Oriol Rey Oriol Rey,Levante,2.0,1,2026-09-25
cronistas_marca,4,Oriol Rey Oriol Rey,Levante,2.0,1,2026-09-25
cronistas_marca,3,Oriol Rey Oriol Rey,Levante,6.0,1,2026-09-25
cronistas_marca,2,Oriol Rey Oriol Rey,Levante,2.0,1,2026-09-25
cronistas_marca,1,Oriol Rey Oriol Rey,Levante,2.0,1,2026-09-25
cronistas_marca,7,Carlos Álvarez C. Álvarez,Levante,,0,2026-09-25
cronistas_marca,5,Carlos Álvarez C. Álvarez,Levante,,0,2026-09-25
cronistas_marca,4,Carlos Álvarez C. Álvarez,Levante,2.0,1,2026-09-25
cronistas_marca,7,Jon Ander Olasagasti Olasagasti,Levante,2.0,1,2026-09-25
cronistas_marca,5,Jon Ander Olasagasti Olasagasti,Levante,2.0,1,2026-09-25
cronistas_marca,4,Jon Ander Olasagasti Olasagasti,Levante,6.0,1,2026-09-25
cronistas_marca,3,Jon Ander Olasagasti Olasagasti,Levante,10.0,1,2026-09-25
cronistas_marca,2,Jon Ander Olasagasti Olasagasti,Levante,2.0,1,2026-09-25
cronistas_marca,1,Jon Ander Olasagasti Olasagasti,Levante,2.0,1,2026-09-25
cronistas_marca,7,Karl Etta Eyong Etta Eyong,Levante,,0,2026-09-25
cronistas_marca,5,Karl Etta Eyong Etta Eyong,Levante,,0,2026-09-25
cronistas_marca,4,Karl Etta Eyong Etta Eyong,Levante,,0,2026-09-25
cronistas_marca,3,Karl Etta Eyong Etta Eyong,Levante,2.0,1,2026-09-25
cronistas_marca,2,Karl Etta Eyong Etta Eyong,Levante,0.0,1,2026-09-25
cronistas_marca,1,Karl Etta Eyong Etta Eyong,Levante,2.0,1,2026-09-25
cronistas_marca,7,Pablo Campos Cuñat Campos,Levante,,0,2026-09-25
cronistas_marca,5,Pablo Campos Cuñat Campos,Levante,,0,2026-09-25
cronistas_marca,4,Pablo Campos Cuñat Campos,Levante,,0,2026-09-25
cronistas_marca,3,Pablo Campos Cuñat Campos,Levante,,0,2026-09-25
cronistas_marca,2,Pablo Campos Cuñat Campos,Levante,,0,2026-09-25
cronistas_marca,1,Pablo Campos Cuñat Campos,Levante,,0,2026-09-25
cronistas_marca,7,Jorge Cabello Jorge Cabello,Levante,,0,2026-09-25
cronistas_marca,5,Jorge Cabello Jorge Cabello,Levante,,0,2026-09-25
cronistas_marca,4,Jorge Cabello Jorge Cabello,Levante,,0,2026-09-25
cronistas_marca,3,Jorge Cabello Jorge Cabello,Levante,,0,2026-09-25
cronistas_marca,2,Jorge Cabello Jorge Cabello,Levante,,0,2026-09-25
cronistas_marca,1,Jorge Cabello Jorge Cabello,Levante,,0,2026-09-25
cronistas_marca,7,Paco Cortés Cortés,Levante,,0,2026-09-25
cronistas_marca,5,Paco Cortés Cortés,Levante,,0,2026-09-25
cronistas_marca,4,Paco Cortés Cortés,Levante,2.0,1,2026-09-25
cronistas_marca,3,Paco Cortés Cortés,Levante,0.0,1,2026-09-25
cronistas_marca,2,Paco Cortés Cortés,Levante,,0,2026-09-25
cronistas_marca,1,Paco Cortés Cortés,Levante,2.0,1,2026-09-25
cronistas_marca,7,Nacho Pérez Nacho Pérez,Levante,,0,2026-09-25
cronistas_marca,5,Nacho Pérez Nacho Pérez,Levante,2.0,1,2026-09-25
cronistas_marca,4,Nacho Pérez Nacho Pérez,Levante,2.0,1,2026-09-25
cronistas_marca,3,Nacho Pérez Nacho Pérez,Levante,2.0,1,2026-09-25
cronistas_marca,2,Nacho Pérez Nacho Pérez,Levante,2.0,1,2026-09-25
cronistas_marca,1,Nacho Pérez Nacho Pérez,Levante,2.0,1,2026-09-25
cronistas_marca,7,Kareem Tunde Tunde,Levante,,0,2026-09-25
cronistas_marca,5,Kareem Tunde Tunde,Levante,2.0,1,2026-09-25
cronistas_marca,7,Enzo Bardelli Bardeli,Levante,2.0,1,2026-09-25
cronistas_marca,5,Enzo Bardelli Bardeli,Levante,2.0,1,2026-09-25
cronistas_marca,4,Enzo Bardelli Bardeli,Levante,2.0,1,2026-09-25
cronistas_marca,3,Enzo Bardelli Bardeli,Levante,10.0,1,2026-09-25
cronistas_marca,2,Enzo Bardelli Bardeli,Levante,2.0,1,2026-09-25
cronistas_marca,1,Enzo Bardelli Bardeli,Levante,2.0,1,2026-09-25
cronistas_marca,7,Igor Galdin Galdin,Levante,,0,2026-09-25
cronistas_marca,5,Igor Galdin Galdin,Levante,,0,2026-09-25
cronistas_marca,4,Igor Galdin Galdin,Levante,,0,2026-09-25
cronistas_marca,3,Igor Galdin Galdin,Levante,,0,2026-09-25
cronistas_marca,2,Igor Galdin Galdin,Levante,,0,2026-09-25
cronistas_marca,1,Igor Galdin Galdin,Levante,,0,2026-09-25
cronistas_marca,7,Marc Santos Marc Santos,Levante,,0,2026-09-25
cronistas_marca,5,Marc Santos Marc Santos,Levante,,0,2026-09-25
cronistas_marca,4,Marc Santos Marc Santos,Levante,,0,2026-09-25
cronistas_marca,3,Marc Santos Marc Santos,Levante,,0,2026-09-25
cronistas_marca,2,Marc Santos Marc Santos,Levante,,0,2026-09-25
cronistas_marca,1,Marc Santos Marc Santos,Levante,2.0,1,2026-09-25
cronistas_marca,7,Alberto Calatrava Calatrava,Levante,,0,2026-09-25
cronistas_marca,5,Alberto Calatrava Calatrava,Levante,,0,2026-09-25
cronistas_marca,4,Alberto Calatrava Calatrava,Levante,,0,2026-09-25
cronistas_marca,3,Alberto Calatrava Calatrava,Levante,,0,2026-09-25
cronistas_marca,2,Alberto Calatrava Calatrava,Levante,,0,2026-09-25
cronistas_marca,1,Alberto Calatrava Calatrava,Levante,,0,2026-09-25
cronistas_marca,7,Manel Usedo Usedo,Levante,,0,2026-09-25
cronistas_marca,5,Manel Usedo Usedo,Levante,,0,2026-09-25
cronistas_marca,4,Manel Usedo Usedo,Levante,,0,2026-09-25
cronistas_marca,3,Manel Usedo Usedo,Levante,,0,2026-09-25
cronistas_marca,2,Manel Usedo Usedo,Levante,,0,2026-09-25
cronistas_marca,1,Manel Usedo Usedo,Levante,,0,2026-09-25
cronistas_marca,7,Hugo Sotelo Sotelo,Levante,,0,2026-09-25
cronistas_marca,5,Hugo Sotelo Sotelo,Levante,2.0,1,2026-09-25
cronistas_marca,4,Hugo Sotelo Sotelo,Levante,2.0,1,2026-09-25
cronistas_marca,3,Hugo Sotelo Sotelo,Levante,2.0,1,2026-09-25
cronistas_marca,2,Hugo Sotelo Sotelo,Levante,0.0,1,2026-09-25
cronistas_marca,1,Hugo Sotelo Sotelo,Levante,,0,2026-09-25
cronistas_marca,7,Roger Brugué Brugui,Levante,6.0,1,2026-09-25
cronistas_marca,5,Roger Brugué Brugui,Levante,10.0,1,2026-09-25
cronistas_marca,4,Roger Brugué Brugui,Levante,-2.0,1,2026-09-25
cronistas_marca,3,Roger Brugué Brugui,Levante,18.0,1,2026-09-25
cronistas_marca,2,Roger Brugué Brugui,Levante,6.0,1,2026-09-25
cronistas_marca,1,Roger Brugué Brugui,Levante,,0,2026-09-25
cronistas_marca,7,Dani Requena Requena,Levante,2.0,1,2026-09-25
cronistas_marca,5,Dani Requena Requena,Levante,2.0,1,2026-09-25
cronistas_marca,4,Dani Requena Requena,Levante,0.0,1,2026-09-25
cronistas_marca,3,Dani Requena Requena,Levante,,0,2026-09-25
cronistas_marca,2,Dani Requena Requena,Levante,,0,2026-09-25
cronistas_marca,1,Dani Requena Requena,Levante,,0,2026-09-25
cronistas_marca,7,Thiago Fernández Thiago,Levante,2.0,1,2026-09-25
cronistas_marca,5,Thiago Fernández Thiago,Levante,,0,2026-09-25
cronistas_marca,4,Thiago Fernández Thiago,Levante,-2.0,1,2026-09-25
cronistas_marca,3,Thiago Fernández Thiago,Levante,6.0,1,2026-09-25
cronistas_marca,2,Thiago Fernández Thiago,Levante,2.0,1,2026-09-25
cronistas_marca,1,Thiago Fernández Thiago,Levante,,0,2026-09-25
cronistas_marca,7,Ifeanyi Ndukwe Ndukwe,Levante,2.0,1,2026-09-25
cronistas_marca,5,Ifeanyi Ndukwe Ndukwe,Levante,2.0,1,2026-09-25
cronistas_marca,4,Ifeanyi Ndukwe Ndukwe,Levante,,0,2026-09-25
cronistas_marca,3,Ifeanyi Ndukwe Ndukwe,Levante,,0,2026-09-25
cronistas_marca,2,Ifeanyi Ndukwe Ndukwe,Levante,,0,2026-09-25
cronistas_marca,7,Yanis Musuayi Musuayi,Levante,2.0,1,2026-09-25
cronistas_marca,5,Yanis Musuayi Musuayi,Levante,,0,2026-09-25
cronistas_marca,4,Yanis Musuayi Musuayi,Levante,2.0,1,2026-09-25
cronistas_marca,3,Yanis Musuayi Musuayi,Levante,,0,2026-09-25
cronistas_marca,2,Yanis Musuayi Musuayi,Levante,,0,2026-09-25
cronistas_marca,1,Yanis Musuayi Musuayi,Levante,,0,2026-09-25
cronistas_marca,7,Petar Ratkov Ratkov,Levante,0.0,1,2026-09-25
cronistas_marca,5,Petar Ratkov Ratkov,Levante,-2.0,1,2026-09-25
cronistas_marca,4,Petar Ratkov Ratkov,Levante,,0,2026-09-25
cronistas_marca,7,Axel Tape Tape,Levante,,0,2026-09-25
cronistas_marca,5,Axel Tape Tape,Levante,,0,2026-09-25
cronistas_marca,4,Axel Tape Tape,Levante,,0,2026-09-25
cronistas_marca,7,Asier Herrera Herrera,Levante,,0,2026-09-25
cronistas_marca,5,Asier Herrera Herrera,Levante,,0,2026-09-25
cronistas_marca,4,Asier Herrera Herrera,Levante,,0,2026-09-25
cronistas_marca,3,Asier Herrera Herrera,Levante,,0,2026-09-25
cronistas_marca,2,Asier Herrera Herrera,Levante,,0,2026-09-25
cronistas_marca,1,Asier Herrera Herrera,Levante,,0,2026-09-25
cronistas_marca,7,Einar Galilea Galilea,Málaga,,0,2026-09-25
cronistas_marca,6,Einar Galilea Galilea,Málaga,2.0,1,2026-09-25
cronistas_marca,5,Einar Galilea Galilea,Málaga,2.0,1,2026-09-25
cronistas_marca,4,Einar Galilea Galilea,Málaga,6.0,1,2026-09-25
cronistas_marca,3,Einar Galilea Galilea,Málaga,2.0,1,2026-09-25
cronistas_marca,2,Einar Galilea Galilea,Málaga,2.0,1,2026-09-25
cronistas_marca,1,Einar Galilea Galilea,Málaga,2.0,1,2026-09-25
cronistas_marca,7,Joaquín Muñoz Joaquín,Málaga,2.0,1,2026-09-25
cronistas_marca,6,Joaquín Muñoz Joaquín,Málaga,6.0,1,2026-09-25
cronistas_marca,5,Joaquín Muñoz Joaquín,Málaga,2.0,1,2026-09-25
cronistas_marca,4,Joaquín Muñoz Joaquín,Málaga,6.0,1,2026-09-25
cronistas_marca,3,Joaquín Muñoz Joaquín,Málaga,2.0,1,2026-09-25
cronistas_marca,2,Joaquín Muñoz Joaquín,Málaga,6.0,1,2026-09-25
cronistas_marca,1,Joaquín Muñoz Joaquín,Málaga,2.0,1,2026-09-25
cronistas_marca,7,Eneko Jauregi Jauregi,Málaga,2.0,1,2026-09-25
cronistas_marca,6,Eneko Jauregi Jauregi,Málaga,,0,2026-09-25
cronistas_marca,5,Eneko Jauregi Jauregi,Málaga,,0,2026-09-25
cronistas_marca,4,Eneko Jauregi Jauregi,Málaga,,0,2026-09-25
cronistas_marca,3,Eneko Jauregi Jauregi,Málaga,,0,2026-09-25
cronistas_marca,2,Eneko Jauregi Jauregi,Málaga,,0,2026-09-25
cronistas_marca,1,Eneko Jauregi Jauregi,Málaga,0.0,1,2026-09-25
cronistas_marca,7,Alfonso Herrero Herrero,Málaga,6.0,1,2026-09-25
cronistas_marca,6,Alfonso Herrero Herrero,Málaga,6.0,1,2026-09-25
cronistas_marca,5,Alfonso Herrero Herrero,Málaga,6.0,1,2026-09-25
cronistas_marca,4,Alfonso Herrero Herrero,Málaga,6.0,1,2026-09-25
cronistas_marca,3,Alfonso Herrero Herrero,Málaga,2.0,1,2026-09-25
cronistas_marca,2,Alfonso Herrero Herrero,Málaga,6.0,1,2026-09-25
cronistas_marca,1,Alfonso Herrero Herrero,Málaga,6.0,1,2026-09-25
cronistas_marca,7,Julen Lobete Lobete,Málaga,,0,2026-09-25
cronistas_marca,6,Julen Lobete Lobete,Málaga,,0,2026-09-25
cronistas_marca,5,Julen Lobete Lobete,Málaga,,0,2026-09-25
cronistas_marca,4,Julen Lobete Lobete,Málaga,,0,2026-09-25
cronistas_marca,3,Julen Lobete Lobete,Málaga,,0,2026-09-25
cronistas_marca,2,Julen Lobete Lobete,Málaga,0.0,1,2026-09-25
cronistas_marca,1,Julen Lobete Lobete,Málaga,,0,2026-09-25
cronistas_marca,7,Ramón Enríquez Enríquez,Málaga,2.0,1,2026-09-25
cronistas_marca,6,Ramón Enríquez Enríquez,Málaga,2.0,1,2026-09-25
cronistas_marca,5,Ramón Enríquez Enríquez,Málaga,2.0,1,2026-09-25
cronistas_marca,4,Ramón Enríquez Enríquez,Málaga,2.0,1,2026-09-25
cronistas_marca,3,Ramón Enríquez Enríquez,Málaga,0.0,1,2026-09-25
cronistas_marca,2,Ramón Enríquez Enríquez,Málaga,0.0,1,2026-09-25
cronistas_marca,1,Ramón Enríquez Enríquez,Málaga,0.0,1,2026-09-25
cronistas_marca,7,José Salinas Salinas,Málaga,2.0,1,2026-09-25
cronistas_marca,6,José Salinas Salinas,Málaga,-2.0,1,2026-09-25
cronistas_marca,5,José Salinas Salinas,Málaga,6.0,1,2026-09-25
cronistas_marca,4,José Salinas Salinas,Málaga,2.0,1,2026-09-25
cronistas_marca,3,José Salinas Salinas,Málaga,2.0,1,2026-09-25
cronistas_marca,2,José Salinas Salinas,Málaga,,0,2026-09-25
cronistas_marca,1,José Salinas Salinas,Málaga,2.0,1,2026-09-25
cronistas_marca,7,David Larrubia Larrubia,Málaga,6.0,1,2026-09-25
cronistas_marca,6,David Larrubia Larrubia,Málaga,2.0,1,2026-09-25
cronistas_marca,5,David Larrubia Larrubia,Málaga,2.0,1,2026-09-25
cronistas_marca,4,David Larrubia Larrubia,Málaga,6.0,1,2026-09-25
cronistas_marca,3,David Larrubia Larrubia,Málaga,6.0,1,2026-09-25
cronistas_marca,2,David Larrubia Larrubia,Málaga,2.0,1,2026-09-25
cronistas_marca,1,David Larrubia Larrubia,Málaga,6.0,1,2026-09-25
cronistas_marca,7,Haitam Abaida Haitam,Málaga,,0,2026-09-25
cronistas_marca,6,Haitam Abaida Haitam,Málaga,,0,2026-09-25
cronistas_marca,5,Haitam Abaida Haitam,Málaga,,0,2026-09-25
cronistas_marca,4,Haitam Abaida Haitam,Málaga,,0,2026-09-25
cronistas_marca,3,Haitam Abaida Haitam,Málaga,2.0,1,2026-09-25
cronistas_marca,2,Haitam Abaida Haitam,Málaga,6.0,1,2026-09-25
cronistas_marca,1,Haitam Abaida Haitam,Málaga,,0,2026-09-25
cronistas_marca,7,Álex Pastor Pastor,Málaga,,0,2026-09-25
cronistas_marca,6,Álex Pastor Pastor,Málaga,,0,2026-09-25
cronistas_marca,5,Álex Pastor Pastor,Málaga,,0,2026-09-25
cronistas_marca,4,Álex Pastor Pastor,Málaga,,0,2026-09-25
cronistas_marca,3,Álex Pastor Pastor,Málaga,,0,2026-09-25
cronistas_marca,2,Álex Pastor Pastor,Málaga,,0,2026-09-25
cronistas_marca,1,Álex Pastor Pastor,Málaga,,0,2026-09-25
cronistas_marca,7,Juan Cruz Juan Cruz,Málaga,0.0,1,2026-09-25
cronistas_marca,6,Juan Cruz Juan Cruz,Málaga,2.0,1,2026-09-25
cronistas_marca,5,Juan Cruz Juan Cruz,Málaga,2.0,1,2026-09-25
cronistas_marca,4,Juan Cruz Juan Cruz,Málaga,2.0,1,2026-09-25
cronistas_marca,3,Juan Cruz Juan Cruz,Málaga,2.0,1,2026-09-25
cronistas_marca,2,Juan Cruz Juan Cruz,Málaga,6.0,1,2026-09-25
cronistas_marca,1,Juan Cruz Juan Cruz,Málaga,2.0,1,2026-09-25
cronistas_marca,7,Carlos Dotor Dotor,Málaga,6.0,1,2026-09-25
cronistas_marca,6,Carlos Dotor Dotor,Málaga,6.0,1,2026-09-25
cronistas_marca,5,Carlos Dotor Dotor,Málaga,,0,2026-09-25
cronistas_marca,4,Carlos Dotor Dotor,Málaga,2.0,1,2026-09-25
cronistas_marca,3,Carlos Dotor Dotor,Málaga,2.0,1,2026-09-25
cronistas_marca,2,Carlos Dotor Dotor,Málaga,2.0,1,2026-09-25
cronistas_marca,1,Carlos Dotor Dotor,Málaga,2.0,1,2026-09-25
cronistas_marca,7,Carlos López Carlos López,Málaga,,0,2026-09-25
cronistas_marca,6,Carlos López Carlos López,Málaga,,0,2026-09-25
cronistas_marca,5,Carlos López Carlos López,Málaga,,0,2026-09-25
cronistas_marca,4,Carlos López Carlos López,Málaga,,0,2026-09-25
cronistas_marca,3,Carlos López Carlos López,Málaga,,0,2026-09-25
cronistas_marca,2,Carlos López Carlos López,Málaga,,0,2026-09-25
cronistas_marca,1,Carlos López Carlos López,Málaga,,0,2026-09-25
cronistas_marca,7,Carlos Puga Puga,Málaga,,0,2026-09-25
cronistas_marca,6,Carlos Puga Puga,Málaga,2.0,1,2026-09-25
cronistas_marca,5,Carlos Puga Puga,Málaga,2.0,1,2026-09-25
cronistas_marca,4,Carlos Puga Puga,Málaga,2.0,1,2026-09-25
cronistas_marca,3,Carlos Puga Puga,Málaga,2.0,1,2026-09-25
cronistas_marca,2,Carlos Puga Puga,Málaga,2.0,1,2026-09-25
cronistas_marca,1,Carlos Puga Puga,Málaga,2.0,1,2026-09-25
cronistas_marca,7,Izan Merino Merino,Málaga,,0,2026-09-25
cronistas_marca,6,Izan Merino Merino,Málaga,2.0,1,2026-09-25
cronistas_marca,5,Izan Merino Merino,Málaga,2.0,1,2026-09-25
cronistas_marca,4,Izan Merino Merino,Málaga,2.0,1,2026-09-25
cronistas_marca,3,Izan Merino Merino,Málaga,2.0,1,2026-09-25
cronistas_marca,2,Izan Merino Merino,Málaga,6.0,1,2026-09-25
cronistas_marca,1,Izan Merino Merino,Málaga,2.0,1,2026-09-25
cronistas_marca,7,Chupete Chupete,Málaga,2.0,1,2026-09-25
cronistas_marca,6,Chupete Chupete,Málaga,2.0,1,2026-09-25
cronistas_marca,5,Chupete Chupete,Málaga,2.0,1,2026-09-25
cronistas_marca,4,Chupete Chupete,Málaga,-2.0,1,2026-09-25
cronistas_marca,3,Chupete Chupete,Málaga,2.0,1,2026-09-25
cronistas_marca,2,Chupete Chupete,Málaga,9.0,1,2026-09-25
cronistas_marca,1,Chupete Chupete,Málaga,2.0,1,2026-09-25
cronistas_marca,7,Rafa Rodríguez Rafa Rodríguez,Málaga,6.0,1,2026-09-25
cronistas_marca,6,Rafa Rodríguez Rafa Rodríguez,Málaga,,0,2026-09-25
cronistas_marca,5,Rafa Rodríguez Rafa Rodríguez,Málaga,,0,2026-09-25
cronistas_marca,4,Rafa Rodríguez Rafa Rodríguez,Málaga,,0,2026-09-25
cronistas_marca,3,Rafa Rodríguez Rafa Rodríguez,Málaga,2.0,1,2026-09-25
cronistas_marca,2,Rafa Rodríguez Rafa Rodríguez,Málaga,2.0,1,2026-09-25
cronistas_marca,1,Rafa Rodríguez Rafa Rodríguez,Málaga,2.0,1,2026-09-25
cronistas_marca,7,Rafa Garrido Rafita,Málaga,2.0,1,2026-09-25
cronistas_marca,6,Rafa Garrido Rafita,Málaga,2.0,1,2026-09-25
cronistas_marca,5,Rafa Garrido Rafita,Málaga,2.0,1,2026-09-25
cronistas_marca,4,Rafa Garrido Rafita,Málaga,2.0,1,2026-09-25
cronistas_marca,3,Rafa Garrido Rafita,Málaga,2.0,1,2026-09-25
cronistas_marca,2,Rafa Garrido Rafita,Málaga,6.0,1,2026-09-25
cronistas_marca,1,Rafa Garrido Rafita,Málaga,2.0,1,2026-09-25
cronistas_marca,7,Angel Recio Recio,Málaga,2.0,1,2026-09-25
cronistas_marca,6,Angel Recio Recio,Málaga,6.0,1,2026-09-25
cronistas_marca,5,Angel Recio Recio,Málaga,2.0,1,2026-09-25
cronistas_marca,4,Angel Recio Recio,Málaga,2.0,1,2026-09-25
cronistas_marca,3,Angel Recio Recio,Málaga,2.0,1,2026-09-25
cronistas_marca,2,Angel Recio Recio,Málaga,2.0,1,2026-09-25
cronistas_marca,1,Angel Recio Recio,Málaga,6.0,1,2026-09-25
cronistas_marca,7,Dani Lorenzo Lorenzo,Málaga,6.0,1,2026-09-25
cronistas_marca,6,Dani Lorenzo Lorenzo,Málaga,2.0,1,2026-09-25
cronistas_marca,5,Dani Lorenzo Lorenzo,Málaga,2.0,1,2026-09-25
cronistas_marca,4,Dani Lorenzo Lorenzo,Málaga,2.0,1,2026-09-25
cronistas_marca,3,Dani Lorenzo Lorenzo,Málaga,,0,2026-09-25
cronistas_marca,2,Dani Lorenzo Lorenzo,Málaga,2.0,1,2026-09-25
cronistas_marca,1,Dani Lorenzo Lorenzo,Málaga,6.0,1,2026-09-25
cronistas_marca,7,Juani Juani,Málaga,,0,2026-09-25
cronistas_marca,6,Juani Juani,Málaga,,0,2026-09-25
cronistas_marca,5,Juani Juani,Málaga,,0,2026-09-25
cronistas_marca,4,Juani Juani,Málaga,,0,2026-09-25
cronistas_marca,3,Juani Juani,Málaga,,0,2026-09-25
cronistas_marca,2,Juani Juani,Málaga,,0,2026-09-25
cronistas_marca,1,Juani Juani,Málaga,,0,2026-09-25
cronistas_marca,7,Joseph Otu Otu,Málaga,,0,2026-09-25
cronistas_marca,6,Joseph Otu Otu,Málaga,,0,2026-09-25
cronistas_marca,5,Joseph Otu Otu,Málaga,,0,2026-09-25
cronistas_marca,4,Joseph Otu Otu,Málaga,,0,2026-09-25
cronistas_marca,3,Joseph Otu Otu,Málaga,,0,2026-09-25
cronistas_marca,2,Joseph Otu Otu,Málaga,,0,2026-09-25
cronistas_marca,1,Joseph Otu Otu,Málaga,,0,2026-09-25
cronistas_marca,7,Pablo Martínez Pablo Martínez,Málaga,2.0,1,2026-09-25
cronistas_marca,6,Pablo Martínez Pablo Martínez,Málaga,2.0,1,2026-09-25
cronistas_marca,5,Pablo Martínez Pablo Martínez,Málaga,2.0,1,2026-09-25
cronistas_marca,4,Pablo Martínez Pablo Martínez,Málaga,2.0,1,2026-09-25
cronistas_marca,3,Pablo Martínez Pablo Martínez,Málaga,2.0,1,2026-09-25
cronistas_marca,2,Pablo Martínez Pablo Martínez,Málaga,,0,2026-09-25
cronistas_marca,7,Juan Berrocal Berrocal,Málaga,2.0,1,2026-09-25
cronistas_marca,6,Juan Berrocal Berrocal,Málaga,,0,2026-09-25
cronistas_marca,5,Juan Berrocal Berrocal,Málaga,0.0,1,2026-09-25
cronistas_marca,4,Juan Berrocal Berrocal,Málaga,,0,2026-09-25
cronistas_marca,3,Juan Berrocal Berrocal,Málaga,,0,2026-09-25
cronistas_marca,2,Juan Berrocal Berrocal,Málaga,,0,2026-09-25
cronistas_marca,1,Juan Berrocal Berrocal,Málaga,,0,2026-09-25
cronistas_marca,7,Jens Cajuste Cajuste,Málaga,,0,2026-09-25
cronistas_marca,6,Jens Cajuste Cajuste,Málaga,,0,2026-09-25
cronistas_marca,5,Jens Cajuste Cajuste,Málaga,,0,2026-09-25
cronistas_marca,4,Jens Cajuste Cajuste,Málaga,0.0,1,2026-09-25
cronistas_marca,7,Adam Aznou Aznou,Málaga,,0,2026-09-25
cronistas_marca,6,Adam Aznou Aznou,Málaga,,0,2026-09-25
cronistas_marca,5,Adam Aznou Aznou,Málaga,,0,2026-09-25
cronistas_marca,4,Adam Aznou Aznou,Málaga,,0,2026-09-25
cronistas_marca,7,Adrián Niño Niño,Málaga,2.0,1,2026-09-25
cronistas_marca,6,Adrián Niño Niño,Málaga,2.0,1,2026-09-25
cronistas_marca,5,Adrián Niño Niño,Málaga,9.0,1,2026-09-25
cronistas_marca,4,Adrián Niño Niño,Málaga,,0,2026-09-25
cronistas_marca,3,Adrián Niño Niño,Málaga,,0,2026-09-25
cronistas_marca,2,Adrián Niño Niño,Málaga,,0,2026-09-25
cronistas_marca,1,Adrián Niño Niño,Málaga,,0,2026-09-25
cronistas_marca,7,Andrés Céspedes Céspedes,Málaga,,0,2026-09-25
cronistas_marca,6,Andrés Céspedes Céspedes,Málaga,,0,2026-09-25
cronistas_marca,5,Andrés Céspedes Céspedes,Málaga,,0,2026-09-25
cronistas_marca,4,Andrés Céspedes Céspedes,Málaga,,0,2026-09-25
cronistas_marca,3,Andrés Céspedes Céspedes,Málaga,,0,2026-09-25
cronistas_marca,2,Andrés Céspedes Céspedes,Málaga,,0,2026-09-25
cronistas_marca,1,Andrés Céspedes Céspedes,Málaga,,0,2026-09-25
cronistas_marca,7,Rubén García Rubén G.,Osasuna,2.0,1,2026-09-25
cronistas_marca,6,Rubén García Rubén G.,Osasuna,2.0,1,2026-09-25
cronistas_marca,5,Rubén García Rubén G.,Osasuna,2.0,1,2026-09-25
cronistas_marca,4,Rubén García Rubén G.,Osasuna,2.0,1,2026-09-25
cronistas_marca,3,Rubén García Rubén G.,Osasuna,2.0,1,2026-09-25
cronistas_marca,1,Rubén García Rubén G.,Osasuna,6.0,1,2026-09-25
cronistas_marca,2,Rubén García Rubén G.,Osasuna,2.0,1,2026-09-25
cronistas_marca,7,Aitor Fernández Aitor,Osasuna,2.0,1,2026-09-25
cronistas_marca,6,Aitor Fernández Aitor,Osasuna,10.0,1,2026-09-25
cronistas_marca,5,Aitor Fernández Aitor,Osasuna,,0,2026-09-25
cronistas_marca,4,Aitor Fernández Aitor,Osasuna,,0,2026-09-25
cronistas_marca,3,Aitor Fernández Aitor,Osasuna,,0,2026-09-25
cronistas_marca,1,Aitor Fernández Aitor,Osasuna,,0,2026-09-25
cronistas_marca,2,Aitor Fernández Aitor,Osasuna,,0,2026-09-25
cronistas_marca,7,Moi Gómez Moi Gómez,Osasuna,,0,2026-09-25
cronistas_marca,6,Moi Gómez Moi Gómez,Osasuna,,0,2026-09-25
cronistas_marca,5,Moi Gómez Moi Gómez,Osasuna,,0,2026-09-25
cronistas_marca,4,Moi Gómez Moi Gómez,Osasuna,2.0,1,2026-09-25
cronistas_marca,3,Moi Gómez Moi Gómez,Osasuna,2.0,1,2026-09-25
cronistas_marca,1,Moi Gómez Moi Gómez,Osasuna,2.0,1,2026-09-25
cronistas_marca,2,Moi Gómez Moi Gómez,Osasuna,2.0,1,2026-09-25
cronistas_marca,7,Lucas Torró Torró,Osasuna,2.0,1,2026-09-25
cronistas_marca,6,Lucas Torró Torró,Osasuna,2.0,1,2026-09-25
cronistas_marca,5,Lucas Torró Torró,Osasuna,,0,2026-09-25
cronistas_marca,4,Lucas Torró Torró,Osasuna,,0,2026-09-25
cronistas_marca,3,Lucas Torró Torró,Osasuna,2.0,1,2026-09-25
cronistas_marca,1,Lucas Torró Torró,Osasuna,2.0,1,2026-09-25
cronistas_marca,2,Lucas Torró Torró,Osasuna,2.0,1,2026-09-25
cronistas_marca,7,Kike Barja Kike Barja,Osasuna,2.0,1,2026-09-25
cronistas_marca,6,Kike Barja Kike Barja,Osasuna,2.0,1,2026-09-25
cronistas_marca,5,Kike Barja Kike Barja,Osasuna,6.0,1,2026-09-25
cronistas_marca,4,Kike Barja Kike Barja,Osasuna,,0,2026-09-25
cronistas_marca,3,Kike Barja Kike Barja,Osasuna,2.0,1,2026-09-25
cronistas_marca,1,Kike Barja Kike Barja,Osasuna,10.0,1,2026-09-25
cronistas_marca,2,Kike Barja Kike Barja,Osasuna,0.0,1,2026-09-25
cronistas_marca,7,Diego Rico Diego Rico,Osasuna,2.0,1,2026-09-25
cronistas_marca,6,Diego Rico Diego Rico,Osasuna,,0,2026-09-25
cronistas_marca,5,Diego Rico Diego Rico,Osasuna,-2.0,1,2026-09-25
cronistas_marca,4,Diego Rico Diego Rico,Osasuna,,0,2026-09-25
cronistas_marca,3,Diego Rico Diego Rico,Osasuna,,0,2026-09-25
cronistas_marca,1,Diego Rico Diego Rico,Osasuna,,0,2026-09-25
cronistas_marca,2,Diego Rico Diego Rico,Osasuna,,0,2026-09-25
cronistas_marca,7,Alejandro Catena Catena,Osasuna,2.0,1,2026-09-25
cronistas_marca,6,Alejandro Catena Catena,Osasuna,,0,2026-09-25
cronistas_marca,5,Alejandro Catena Catena,Osasuna,-2.0,1,2026-09-25
cronistas_marca,4,Alejandro Catena Catena,Osasuna,-2.0,1,2026-09-25
cronistas_marca,3,Alejandro Catena Catena,Osasuna,6.0,1,2026-09-25
cronistas_marca,1,Alejandro Catena Catena,Osasuna,6.0,1,2026-09-25
cronistas_marca,2,Alejandro Catena Catena,Osasuna,2.0,1,2026-09-25
cronistas_marca,7,Sergio Herrera Herrera,Osasuna,,0,2026-09-25
cronistas_marca,6,Sergio Herrera Herrera,Osasuna,,0,2026-09-25
cronistas_marca,5,Sergio Herrera Herrera,Osasuna,2.0,1,2026-09-25
cronistas_marca,4,Sergio Herrera Herrera,Osasuna,-2.0,1,2026-09-25
cronistas_marca,3,Sergio Herrera Herrera,Osasuna,6.0,1,2026-09-25
cronistas_marca,1,Sergio Herrera Herrera,Osasuna,2.0,1,2026-09-25
cronistas_marca,2,Sergio Herrera Herrera,Osasuna,2.0,1,2026-09-25
cronistas_marca,7,Ante Budimir Budimir,Osasuna,9.0,1,2026-09-25
cronistas_marca,6,Ante Budimir Budimir,Osasuna,2.0,1,2026-09-25
cronistas_marca,5,Ante Budimir Budimir,Osasuna,2.0,1,2026-09-25
cronistas_marca,4,Ante Budimir Budimir,Osasuna,12.0,1,2026-09-25
cronistas_marca,3,Ante Budimir Budimir,Osasuna,9.0,1,2026-09-25
cronistas_marca,1,Ante Budimir Budimir,Osasuna,5.0,1,2026-09-25
cronistas_marca,2,Ante Budimir Budimir,Osasuna,6.0,1,2026-09-25
cronistas_marca,7,Raúl García Raúl García,Osasuna,2.0,1,2026-09-25
cronistas_marca,6,Raúl García Raúl García,Osasuna,2.0,1,2026-09-25
cronistas_marca,5,Raúl García Raúl García,Osasuna,2.0,1,2026-09-25
cronistas_marca,4,Raúl García Raúl García,Osasuna,2.0,1,2026-09-25
cronistas_marca,3,Raúl García Raúl García,Osasuna,2.0,1,2026-09-25
cronistas_marca,1,Raúl García Raúl García,Osasuna,2.0,1,2026-09-25
cronistas_marca,2,Raúl García Raúl García,Osasuna,2.0,1,2026-09-25
cronistas_marca,7,Jorge Herrando Herrando,Osasuna,,0,2026-09-25
cronistas_marca,6,Jorge Herrando Herrando,Osasuna,,0,2026-09-25
cronistas_marca,5,Jorge Herrando Herrando,Osasuna,,0,2026-09-25
cronistas_marca,4,Jorge Herrando Herrando,Osasuna,,0,2026-09-25
cronistas_marca,3,Jorge Herrando Herrando,Osasuna,2.0,1,2026-09-25
cronistas_marca,1,Jorge Herrando Herrando,Osasuna,6.0,1,2026-09-25
cronistas_marca,2,Jorge Herrando Herrando,Osasuna,2.0,1,2026-09-25
cronistas_marca,7,Aimar Oroz Oroz,Osasuna,,0,2026-09-25
cronistas_marca,6,Aimar Oroz Oroz,Osasuna,,0,2026-09-25
cronistas_marca,5,Aimar Oroz Oroz,Osasuna,,0,2026-09-25
cronistas_marca,4,Aimar Oroz Oroz,Osasuna,,0,2026-09-25
cronistas_marca,3,Aimar Oroz Oroz,Osasuna,2.0,1,2026-09-25
cronistas_marca,1,Aimar Oroz Oroz,Osasuna,2.0,1,2026-09-25
cronistas_marca,2,Aimar Oroz Oroz,Osasuna,2.0,1,2026-09-25
cronistas_marca,7,Jon Moncayola Moncayola,Osasuna,2.0,1,2026-09-25
cronistas_marca,6,Jon Moncayola Moncayola,Osasuna,2.0,1,2026-09-25
cronistas_marca,5,Jon Moncayola Moncayola,Osasuna,2.0,1,2026-09-25
cronistas_marca,4,Jon Moncayola Moncayola,Osasuna,2.0,1,2026-09-25
cronistas_marca,3,Jon Moncayola Moncayola,Osasuna,2.0,1,2026-09-25
cronistas_marca,1,Jon Moncayola Moncayola,Osasuna,2.0,1,2026-09-25
cronistas_marca,2,Jon Moncayola Moncayola,Osasuna,2.0,1,2026-09-25
cronistas_marca,7,Raul Moro Raul Moro,Osasuna,2.0,1,2026-09-25
cronistas_marca,6,Raul Moro Raul Moro,Osasuna,6.0,1,2026-09-25
cronistas_marca,5,Raul Moro Raul Moro,Osasuna,6.0,1,2026-09-25
cronistas_marca,4,Raul Moro Raul Moro,Osasuna,2.0,1,2026-09-25
cronistas_marca,3,Raul Moro Raul Moro,Osasuna,,0,2026-09-25
cronistas_marca,1,Raul Moro Raul Moro,Osasuna,,0,2026-09-25
cronistas_marca,2,Raul Moro Raul Moro,Osasuna,2.0,1,2026-09-25
cronistas_marca,7,Boyomo Boyomo,Osasuna,,0,2026-09-25
cronistas_marca,6,Boyomo Boyomo,Osasuna,2.0,1,2026-09-25
cronistas_marca,5,Boyomo Boyomo,Osasuna,,0,2026-09-25
cronistas_marca,4,Boyomo Boyomo,Osasuna,2.0,1,2026-09-25
cronistas_marca,3,Boyomo Boyomo,Osasuna,6.0,1,2026-09-25
cronistas_marca,1,Boyomo Boyomo,Osasuna,,0,2026-09-25
cronistas_marca,2,Boyomo Boyomo,Osasuna,,0,2026-09-25
cronistas_marca,7,Jonathan Dubasin Dubasin,Osasuna,2.0,1,2026-09-25
cronistas_marca,6,Jonathan Dubasin Dubasin,Osasuna,2.0,1,2026-09-25
cronistas_marca,5,Jonathan Dubasin Dubasin,Osasuna,2.0,1,2026-09-25
cronistas_marca,4,Jonathan Dubasin Dubasin,Osasuna,2.0,1,2026-09-25
cronistas_marca,3,Jonathan Dubasin Dubasin,Osasuna,2.0,1,2026-09-25
cronistas_marca,1,Jonathan Dubasin Dubasin,Osasuna,2.0,1,2026-09-25
cronistas_marca,2,Jonathan Dubasin Dubasin,Osasuna,2.0,1,2026-09-25
cronistas_marca,7,Abel Bretones Bretones,Osasuna,2.0,1,2026-09-25
cronistas_marca,6,Abel Bretones Bretones,Osasuna,2.0,1,2026-09-25
cronistas_marca,5,Abel Bretones Bretones,Osasuna,2.0,1,2026-09-25
cronistas_marca,4,Abel Bretones Bretones,Osasuna,-2.0,1,2026-09-25
cronistas_marca,3,Abel Bretones Bretones,Osasuna,6.0,1,2026-09-25
cronistas_marca,1,Abel Bretones Bretones,Osasuna,2.0,1,2026-09-25
cronistas_marca,2,Abel Bretones Bretones,Osasuna,2.0,1,2026-09-25
cronistas_marca,7,Iker Muñoz Iker Muñoz,Osasuna,2.0,1,2026-09-25
cronistas_marca,6,Iker Muñoz Iker Muñoz,Osasuna,,0,2026-09-25
cronistas_marca,5,Iker Muñoz Iker Muñoz,Osasuna,2.0,1,2026-09-25
cronistas_marca,4,Iker Muñoz Iker Muñoz,Osasuna,2.0,1,2026-09-25
cronistas_marca,3,Iker Muñoz Iker Muñoz,Osasuna,2.0,1,2026-09-25
cronistas_marca,1,Iker Muñoz Iker Muñoz,Osasuna,6.0,1,2026-09-25
cronistas_marca,2,Iker Muñoz Iker Muñoz,Osasuna,2.0,1,2026-09-25
cronistas_marca,7,Asier Osambela Osambela,Osasuna,6.0,1,2026-09-25
cronistas_marca,6,Asier Osambela Osambela,Osasuna,2.0,1,2026-09-25
cronistas_marca,5,Asier Osambela Osambela,Osasuna,2.0,1,2026-09-25
cronistas_marca,4,Asier Osambela Osambela,Osasuna,2.0,1,2026-09-25
cronistas_marca,3,Asier Osambela Osambela,Osasuna,,0,2026-09-25
cronistas_marca,1,Asier Osambela Osambela,Osasuna,2.0,1,2026-09-25
cronistas_marca,2,Asier Osambela Osambela,Osasuna,,0,2026-09-25
cronistas_marca,7,Iñigo Arguibide Arguibide,Osasuna,2.0,1,2026-09-25
cronistas_marca,6,Iñigo Arguibide Arguibide,Osasuna,2.0,1,2026-09-25
cronistas_marca,5,Iñigo Arguibide Arguibide,Osasuna,2.0,1,2026-09-25
cronistas_marca,4,Iñigo Arguibide Arguibide,Osasuna,2.0,1,2026-09-25
cronistas_marca,3,Iñigo Arguibide Arguibide,Osasuna,6.0,1,2026-09-25
cronistas_marca,1,Iñigo Arguibide Arguibide,Osasuna,2.0,1,2026-09-25
cronistas_marca,2,Iñigo Arguibide Arguibide,Osasuna,2.0,1,2026-09-25
cronistas_marca,7,Rafa Fernández Rafa,Osasuna,,0,2026-09-25
cronistas_marca,6,Rafa Fernández Rafa,Osasuna,,0,2026-09-25
cronistas_marca,5,Rafa Fernández Rafa,Osasuna,,0,2026-09-25
cronistas_marca,4,Rafa Fernández Rafa,Osasuna,,0,2026-09-25
cronistas_marca,3,Rafa Fernández Rafa,Osasuna,,0,2026-09-25
cronistas_marca,1,Rafa Fernández Rafa,Osasuna,,0,2026-09-25
cronistas_marca,2,Rafa Fernández Rafa,Osasuna,,0,2026-09-25
cronistas_marca,7,Mauro Echegoyen Echegoyen,Osasuna,,0,2026-09-25
cronistas_marca,6,Mauro Echegoyen Echegoyen,Osasuna,,0,2026-09-25
cronistas_marca,5,Mauro Echegoyen Echegoyen,Osasuna,,0,2026-09-25
cronistas_marca,4,Mauro Echegoyen Echegoyen,Osasuna,,0,2026-09-25
cronistas_marca,3,Mauro Echegoyen Echegoyen,Osasuna,,0,2026-09-25
cronistas_marca,1,Mauro Echegoyen Echegoyen,Osasuna,,0,2026-09-25
cronistas_marca,2,Mauro Echegoyen Echegoyen,Osasuna,,0,2026-09-25
cronistas_marca,7,Unai Santos Unai Santos,Osasuna,2.0,1,2026-09-25
cronistas_marca,6,Unai Santos Unai Santos,Osasuna,-2.0,1,2026-09-25
cronistas_marca,5,Unai Santos Unai Santos,Osasuna,,0,2026-09-25
cronistas_marca,4,Unai Santos Unai Santos,Osasuna,,0,2026-09-25
cronistas_marca,3,Unai Santos Unai Santos,Osasuna,,0,2026-09-25
cronistas_marca,1,Unai Santos Unai Santos,Osasuna,,0,2026-09-25
cronistas_marca,2,Unai Santos Unai Santos,Osasuna,,0,2026-09-25
cronistas_marca,7,Asier Bonel Bonel,Osasuna,,0,2026-09-25
cronistas_marca,6,Asier Bonel Bonel,Osasuna,,0,2026-09-25
cronistas_marca,5,Asier Bonel Bonel,Osasuna,,0,2026-09-25
cronistas_marca,4,Asier Bonel Bonel,Osasuna,,0,2026-09-25
cronistas_marca,3,Asier Bonel Bonel,Osasuna,,0,2026-09-25
cronistas_marca,1,Asier Bonel Bonel,Osasuna,,0,2026-09-25
cronistas_marca,2,Asier Bonel Bonel,Osasuna,,0,2026-09-25
cronistas_marca,7,Rockson Yeboah Yeboah,Osasuna,,0,2026-09-25
cronistas_marca,6,Rockson Yeboah Yeboah,Osasuna,2.0,1,2026-09-25
cronistas_marca,5,Rockson Yeboah Yeboah,Osasuna,-2.0,1,2026-09-25
cronistas_marca,4,Rockson Yeboah Yeboah,Osasuna,2.0,1,2026-09-25
cronistas_marca,3,Rockson Yeboah Yeboah,Osasuna,,0,2026-09-25
cronistas_marca,1,Rockson Yeboah Yeboah,Osasuna,,0,2026-09-25
cronistas_marca,2,Rockson Yeboah Yeboah,Osasuna,,0,2026-09-25
cronistas_marca,7,Romain Del Castillo Del Castillo,Osasuna,,0,2026-09-25
cronistas_marca,6,Romain Del Castillo Del Castillo,Osasuna,0.0,1,2026-09-25
cronistas_marca,5,Romain Del Castillo Del Castillo,Osasuna,2.0,1,2026-09-25
cronistas_marca,4,Romain Del Castillo Del Castillo,Osasuna,,0,2026-09-25
cronistas_marca,7,Mikel Bermejo Bermejo,Osasuna,,0,2026-09-25
cronistas_marca,6,Mikel Bermejo Bermejo,Osasuna,,0,2026-09-25
cronistas_marca,5,Mikel Bermejo Bermejo,Osasuna,,0,2026-09-25
cronistas_marca,4,Mikel Bermejo Bermejo,Osasuna,,0,2026-09-25
cronistas_marca,3,Mikel Bermejo Bermejo,Osasuna,,0,2026-09-25
cronistas_marca,1,Mikel Bermejo Bermejo,Osasuna,,0,2026-09-25
cronistas_marca,2,Mikel Bermejo Bermejo,Osasuna,,0,2026-09-25
cronistas_marca,7,Florian Lejeune Lejeune,Rayo,2.0,1,2026-09-25
cronistas_marca,6,Florian Lejeune Lejeune,Rayo,2.0,1,2026-09-25
cronistas_marca,5,Florian Lejeune Lejeune,Rayo,-2.0,1,2026-09-25
cronistas_marca,4,Florian Lejeune Lejeune,Rayo,6.0,1,2026-09-25
cronistas_marca,3,Florian Lejeune Lejeune,Rayo,2.0,1,2026-09-25
cronistas_marca,2,Florian Lejeune Lejeune,Rayo,2.0,1,2026-09-25
cronistas_marca,1,Florian Lejeune Lejeune,Rayo,6.0,1,2026-09-25
cronistas_marca,7,Álvaro García Álvaro García,Rayo,2.0,1,2026-09-25
cronistas_marca,6,Álvaro García Álvaro García,Rayo,10.0,1,2026-09-25
cronistas_marca,5,Álvaro García Álvaro García,Rayo,2.0,1,2026-09-25
cronistas_marca,4,Álvaro García Álvaro García,Rayo,6.0,1,2026-09-25
cronistas_marca,3,Álvaro García Álvaro García,Rayo,6.0,1,2026-09-25
cronistas_marca,2,Álvaro García Álvaro García,Rayo,2.0,1,2026-09-25
cronistas_marca,1,Álvaro García Álvaro García,Rayo,14.0,1,2026-09-25
cronistas_marca,7,Unai López Unai López,Rayo,2.0,1,2026-09-25
cronistas_marca,6,Unai López Unai López,Rayo,2.0,1,2026-09-25
cronistas_marca,5,Unai López Unai López,Rayo,2.0,1,2026-09-25
cronistas_marca,4,Unai López Unai López,Rayo,6.0,1,2026-09-25
cronistas_marca,3,Unai López Unai López,Rayo,2.0,1,2026-09-25
cronistas_marca,2,Unai López Unai López,Rayo,6.0,1,2026-09-25
cronistas_marca,1,Unai López Unai López,Rayo,6.0,1,2026-09-25
cronistas_marca,7,Pedro Díaz Pedro Díaz,Rayo,2.0,1,2026-09-25
cronistas_marca,6,Pedro Díaz Pedro Díaz,Rayo,6.0,1,2026-09-25
cronistas_marca,5,Pedro Díaz Pedro Díaz,Rayo,6.0,1,2026-09-25
cronistas_marca,4,Pedro Díaz Pedro Díaz,Rayo,2.0,1,2026-09-25
cronistas_marca,3,Pedro Díaz Pedro Díaz,Rayo,2.0,1,2026-09-25
cronistas_marca,2,Pedro Díaz Pedro Díaz,Rayo,,0,2026-09-25
cronistas_marca,1,Pedro Díaz Pedro Díaz,Rayo,2.0,1,2026-09-25
cronistas_marca,7,Andrei Ratiu Ratiu,Rayo,2.0,1,2026-09-25
cronistas_marca,6,Andrei Ratiu Ratiu,Rayo,6.0,1,2026-09-25
cronistas_marca,5,Andrei Ratiu Ratiu,Rayo,6.0,1,2026-09-25
cronistas_marca,4,Andrei Ratiu Ratiu,Rayo,11.0,1,2026-09-25
cronistas_marca,3,Andrei Ratiu Ratiu,Rayo,,0,2026-09-25
cronistas_marca,2,Andrei Ratiu Ratiu,Rayo,-2.0,1,2026-09-25
cronistas_marca,1,Andrei Ratiu Ratiu,Rayo,2.0,1,2026-09-25
cronistas_marca,7,Sergio Camello Camello,Rayo,9.0,1,2026-09-25
cronistas_marca,6,Sergio Camello Camello,Rayo,6.0,1,2026-09-25
cronistas_marca,5,Sergio Camello Camello,Rayo,9.0,1,2026-09-25
cronistas_marca,4,Sergio Camello Camello,Rayo,16.0,1,2026-09-25
cronistas_marca,3,Sergio Camello Camello,Rayo,16.0,1,2026-09-25
cronistas_marca,2,Sergio Camello Camello,Rayo,9.0,1,2026-09-25
cronistas_marca,1,Sergio Camello Camello,Rayo,2.0,1,2026-09-25
cronistas_marca,7,Jorge de Frutos De Frutos,Rayo,2.0,1,2026-09-25
cronistas_marca,6,Jorge de Frutos De Frutos,Rayo,,0,2026-09-25
cronistas_marca,5,Jorge de Frutos De Frutos,Rayo,,0,2026-09-25
cronistas_marca,4,Jorge de Frutos De Frutos,Rayo,-4.0,1,2026-09-25
cronistas_marca,3,Jorge de Frutos De Frutos,Rayo,-2.0,1,2026-09-25
cronistas_marca,2,Jorge de Frutos De Frutos,Rayo,2.0,1,2026-09-25
cronistas_marca,1,Jorge de Frutos De Frutos,Rayo,2.0,1,2026-09-25
cronistas_marca,7,Randy Nteka Nteka,Rayo,,0,2026-09-25
cronistas_marca,6,Randy Nteka Nteka,Rayo,,0,2026-09-25
cronistas_marca,5,Randy Nteka Nteka,Rayo,,0,2026-09-25
cronistas_marca,4,Randy Nteka Nteka,Rayo,,0,2026-09-25
cronistas_marca,3,Randy Nteka Nteka,Rayo,2.0,1,2026-09-25
cronistas_marca,2,Randy Nteka Nteka,Rayo,2.0,1,2026-09-25
cronistas_marca,1,Randy Nteka Nteka,Rayo,6.0,1,2026-09-25
cronistas_marca,7,Óscar Valentín Valentín,Rayo,2.0,1,2026-09-25
cronistas_marca,6,Óscar Valentín Valentín,Rayo,2.0,1,2026-09-25
cronistas_marca,5,Óscar Valentín Valentín,Rayo,2.0,1,2026-09-25
cronistas_marca,4,Óscar Valentín Valentín,Rayo,2.0,1,2026-09-25
cronistas_marca,3,Óscar Valentín Valentín,Rayo,2.0,1,2026-09-25
cronistas_marca,2,Óscar Valentín Valentín,Rayo,2.0,1,2026-09-25
cronistas_marca,1,Óscar Valentín Valentín,Rayo,2.0,1,2026-09-25
cronistas_marca,7,Isi Palazón Isi,Rayo,,0,2026-09-25
cronistas_marca,6,Isi Palazón Isi,Rayo,,0,2026-09-25
cronistas_marca,5,Isi Palazón Isi,Rayo,,0,2026-09-25
cronistas_marca,4,Isi Palazón Isi,Rayo,,0,2026-09-25
cronistas_marca,3,Isi Palazón Isi,Rayo,,0,2026-09-25
cronistas_marca,2,Isi Palazón Isi,Rayo,2.0,1,2026-09-25
cronistas_marca,1,Isi Palazón Isi,Rayo,6.0,1,2026-09-25
cronistas_marca,7,Iván Balliu Balliu,Rayo,2.0,1,2026-09-25
cronistas_marca,6,Iván Balliu Balliu,Rayo,0.0,1,2026-09-25
cronistas_marca,5,Iván Balliu Balliu,Rayo,0.0,1,2026-09-25
cronistas_marca,4,Iván Balliu Balliu,Rayo,2.0,1,2026-09-25
cronistas_marca,3,Iván Balliu Balliu,Rayo,2.0,1,2026-09-25
cronistas_marca,2,Iván Balliu Balliu,Rayo,,0,2026-09-25
cronistas_marca,1,Iván Balliu Balliu,Rayo,2.0,1,2026-09-25
cronistas_marca,7,Pathé Ciss Pathé Ciss,Rayo,2.0,1,2026-09-25
cronistas_marca,6,Pathé Ciss Pathé Ciss,Rayo,6.0,1,2026-09-25
cronistas_marca,5,Pathé Ciss Pathé Ciss,Rayo,2.0,1,2026-09-25
cronistas_marca,4,Pathé Ciss Pathé Ciss,Rayo,6.0,1,2026-09-25
cronistas_marca,3,Pathé Ciss Pathé Ciss,Rayo,2.0,1,2026-09-25
cronistas_marca,2,Pathé Ciss Pathé Ciss,Rayo,2.0,1,2026-09-25
cronistas_marca,1,Pathé Ciss Pathé Ciss,Rayo,2.0,1,2026-09-25
cronistas_marca,7,Dani Cárdenas Cárdenas,Rayo,,0,2026-09-25
cronistas_marca,6,Dani Cárdenas Cárdenas,Rayo,,0,2026-09-25
cronistas_marca,5,Dani Cárdenas Cárdenas,Rayo,,0,2026-09-25
cronistas_marca,4,Dani Cárdenas Cárdenas,Rayo,2.0,1,2026-09-25
cronistas_marca,3,Dani Cárdenas Cárdenas,Rayo,2.0,1,2026-09-25
cronistas_marca,2,Dani Cárdenas Cárdenas,Rayo,2.0,1,2026-09-25
cronistas_marca,1,Dani Cárdenas Cárdenas,Rayo,,0,2026-09-25
cronistas_marca,7,Fran Pérez Fran Pérez,Rayo,,0,2026-09-25
cronistas_marca,6,Fran Pérez Fran Pérez,Rayo,2.0,1,2026-09-25
cronistas_marca,5,Fran Pérez Fran Pérez,Rayo,,0,2026-09-25
cronistas_marca,4,Fran Pérez Fran Pérez,Rayo,-4.0,1,2026-09-25
cronistas_marca,3,Fran Pérez Fran Pérez,Rayo,2.0,1,2026-09-25
cronistas_marca,2,Fran Pérez Fran Pérez,Rayo,2.0,1,2026-09-25
cronistas_marca,1,Fran Pérez Fran Pérez,Rayo,2.0,1,2026-09-25
cronistas_marca,7,Alemão Alemão,Rayo,2.0,1,2026-09-25
cronistas_marca,6,Alemão Alemão,Rayo,2.0,1,2026-09-25
cronistas_marca,5,Alemão Alemão,Rayo,2.0,1,2026-09-25
cronistas_marca,4,Alemão Alemão,Rayo,2.0,1,2026-09-25
cronistas_marca,3,Alemão Alemão,Rayo,2.0,1,2026-09-25
cronistas_marca,2,Alemão Alemão,Rayo,,0,2026-09-25
cronistas_marca,1,Alemão Alemão,Rayo,2.0,1,2026-09-25
cronistas_marca,7,Augusto Batalla Batalla,Rayo,,0,2026-09-25
cronistas_marca,6,Augusto Batalla Batalla,Rayo,,0,2026-09-25
cronistas_marca,5,Augusto Batalla Batalla,Rayo,,0,2026-09-25
cronistas_marca,4,Augusto Batalla Batalla,Rayo,,0,2026-09-25
cronistas_marca,3,Augusto Batalla Batalla,Rayo,,0,2026-09-25
cronistas_marca,2,Augusto Batalla Batalla,Rayo,2.0,1,2026-09-25
cronistas_marca,1,Augusto Batalla Batalla,Rayo,2.0,1,2026-09-25
cronistas_marca,7,Pelayo Fernández Pelayo,Rayo,,0,2026-09-25
cronistas_marca,6,Pelayo Fernández Pelayo,Rayo,,0,2026-09-25
cronistas_marca,5,Pelayo Fernández Pelayo,Rayo,,0,2026-09-25
cronistas_marca,4,Pelayo Fernández Pelayo,Rayo,,0,2026-09-25
cronistas_marca,3,Pelayo Fernández Pelayo,Rayo,,0,2026-09-25
cronistas_marca,2,Pelayo Fernández Pelayo,Rayo,2.0,1,2026-09-25
cronistas_marca,1,Pelayo Fernández Pelayo,Rayo,2.0,1,2026-09-25
cronistas_marca,7,Sergio José Lozano Lozano,Rayo,,0,2026-09-25
cronistas_marca,6,Sergio José Lozano Lozano,Rayo,,0,2026-09-25
cronistas_marca,5,Sergio José Lozano Lozano,Rayo,,0,2026-09-25
cronistas_marca,4,Sergio José Lozano Lozano,Rayo,,0,2026-09-25
cronistas_marca,3,Sergio José Lozano Lozano,Rayo,,0,2026-09-25
cronistas_marca,2,Sergio José Lozano Lozano,Rayo,,0,2026-09-25
cronistas_marca,1,Sergio José Lozano Lozano,Rayo,,0,2026-09-25
cronistas_marca,7,Marco de la Sías De la Sías,Rayo,,0,2026-09-25
cronistas_marca,6,Marco de la Sías De la Sías,Rayo,,0,2026-09-25
cronistas_marca,5,Marco de la Sías De la Sías,Rayo,,0,2026-09-25
cronistas_marca,4,Marco de la Sías De la Sías,Rayo,,0,2026-09-25
cronistas_marca,3,Marco de la Sías De la Sías,Rayo,,0,2026-09-25
cronistas_marca,2,Marco de la Sías De la Sías,Rayo,,0,2026-09-25
cronistas_marca,1,Marco de la Sías De la Sías,Rayo,,0,2026-09-25
cronistas_marca,7,Jozhua Vertrouwd Vertrouwd,Rayo,,0,2026-09-25
cronistas_marca,6,Jozhua Vertrouwd Vertrouwd,Rayo,,0,2026-09-25
cronistas_marca,5,Jozhua Vertrouwd Vertrouwd,Rayo,,0,2026-09-25
cronistas_marca,4,Jozhua Vertrouwd Vertrouwd,Rayo,,0,2026-09-25
cronistas_marca,3,Jozhua Vertrouwd Vertrouwd,Rayo,-2.0,1,2026-09-25
cronistas_marca,2,Jozhua Vertrouwd Vertrouwd,Rayo,2.0,1,2026-09-25
cronistas_marca,1,Jozhua Vertrouwd Vertrouwd,Rayo,,0,2026-09-25
cronistas_marca,7,Iván Alonso Iván Alonso,Rayo,,0,2026-09-25
cronistas_marca,6,Iván Alonso Iván Alonso,Rayo,,0,2026-09-25
cronistas_marca,5,Iván Alonso Iván Alonso,Rayo,,0,2026-09-25
cronistas_marca,4,Iván Alonso Iván Alonso,Rayo,,0,2026-09-25
cronistas_marca,3,Iván Alonso Iván Alonso,Rayo,,0,2026-09-25
cronistas_marca,2,Iván Alonso Iván Alonso,Rayo,,0,2026-09-25
cronistas_marca,1,Iván Alonso Iván Alonso,Rayo,,0,2026-09-25
cronistas_marca,7,Marco Román Román,Rayo,,0,2026-09-25
cronistas_marca,6,Marco Román Román,Rayo,,0,2026-09-25
cronistas_marca,5,Marco Román Román,Rayo,,0,2026-09-25
cronistas_marca,4,Marco Román Román,Rayo,,0,2026-09-25
cronistas_marca,3,Marco Román Román,Rayo,,0,2026-09-25
cronistas_marca,2,Marco Román Román,Rayo,,0,2026-09-25
cronistas_marca,1,Marco Román Román,Rayo,,0,2026-09-25
cronistas_marca,7,Georgiy Tsitaishvili Tsitaishvili,Rayo,2.0,1,2026-09-25
cronistas_marca,6,Georgiy Tsitaishvili Tsitaishvili,Rayo,2.0,1,2026-09-25
cronistas_marca,5,Georgiy Tsitaishvili Tsitaishvili,Rayo,2.0,1,2026-09-25
cronistas_marca,4,Georgiy Tsitaishvili Tsitaishvili,Rayo,2.0,1,2026-09-25
cronistas_marca,3,Georgiy Tsitaishvili Tsitaishvili,Rayo,,0,2026-09-25
cronistas_marca,2,Georgiy Tsitaishvili Tsitaishvili,Rayo,,0,2026-09-25
cronistas_marca,1,Georgiy Tsitaishvili Tsitaishvili,Rayo,,0,2026-09-25
cronistas_marca,7,Adrià Pedrosa Pedrosa,Rayo,6.0,1,2026-09-25
cronistas_marca,6,Adrià Pedrosa Pedrosa,Rayo,11.0,1,2026-09-25
cronistas_marca,5,Adrià Pedrosa Pedrosa,Rayo,2.0,1,2026-09-25
cronistas_marca,4,Adrià Pedrosa Pedrosa,Rayo,6.0,1,2026-09-25
cronistas_marca,3,Adrià Pedrosa Pedrosa,Rayo,2.0,1,2026-09-25
cronistas_marca,2,Adrià Pedrosa Pedrosa,Rayo,,0,2026-09-25
cronistas_marca,1,Adrià Pedrosa Pedrosa,Rayo,,0,2026-09-25
cronistas_marca,7,Adrián Molina Molina,Rayo,,0,2026-09-25
cronistas_marca,6,Adrián Molina Molina,Rayo,,0,2026-09-25
cronistas_marca,5,Adrián Molina Molina,Rayo,,0,2026-09-25
cronistas_marca,4,Adrián Molina Molina,Rayo,,0,2026-09-25
cronistas_marca,3,Adrián Molina Molina,Rayo,,0,2026-09-25
cronistas_marca,2,Adrián Molina Molina,Rayo,,0,2026-09-25
cronistas_marca,1,Adrián Molina Molina,Rayo,,0,2026-09-25
cronistas_marca,7,Gnangoro Bouare Bouare,Rayo,2.0,1,2026-09-25
cronistas_marca,6,Gnangoro Bouare Bouare,Rayo,2.0,1,2026-09-25
cronistas_marca,5,Gnangoro Bouare Bouare,Rayo,2.0,1,2026-09-25
cronistas_marca,4,Gnangoro Bouare Bouare,Rayo,2.0,1,2026-09-25
cronistas_marca,3,Gnangoro Bouare Bouare,Rayo,-2.0,1,2026-09-25
cronistas_marca,2,Gnangoro Bouare Bouare,Rayo,,0,2026-09-25
cronistas_marca,1,Gnangoro Bouare Bouare,Rayo,,0,2026-09-25
cronistas_marca,7,Emil Audero Audero,Rayo,2.0,1,2026-09-25
cronistas_marca,6,Emil Audero Audero,Rayo,2.0,1,2026-09-25
cronistas_marca,5,Emil Audero Audero,Rayo,2.0,1,2026-09-25
cronistas_marca,4,Emil Audero Audero,Rayo,,0,2026-09-25
cronistas_marca,7,Mujaid Sadick Mujaid,Rayo,2.0,1,2026-09-25
cronistas_marca,6,Mujaid Sadick Mujaid,Rayo,2.0,1,2026-09-25
cronistas_marca,5,Mujaid Sadick Mujaid,Rayo,2.0,1,2026-09-25
cronistas_marca,4,Mujaid Sadick Mujaid,Rayo,,0,2026-09-25
cronistas_marca,7,Rayane Belaid Rayane,Rayo,,0,2026-09-25
cronistas_marca,6,Rayane Belaid Rayane,Rayo,,0,2026-09-25
cronistas_marca,5,Rayane Belaid Rayane,Rayo,2.0,1,2026-09-25
cronistas_marca,4,Rayane Belaid Rayane,Rayo,,0,2026-09-25
cronistas_marca,3,Rayane Belaid Rayane,Rayo,,0,2026-09-25
cronistas_marca,2,Rayane Belaid Rayane,Rayo,,0,2026-09-25
cronistas_marca,1,Rayane Belaid Rayane,Rayo,,0,2026-09-25
cronistas_marca,7,Marash Kumbulla Kumbulla,Rayo,,0,2026-09-25
cronistas_marca,6,Marash Kumbulla Kumbulla,Rayo,,0,2026-09-25
cronistas_marca,5,Marash Kumbulla Kumbulla,Rayo,,0,2026-09-25
cronistas_marca,4,Marash Kumbulla Kumbulla,Rayo,,0,2026-09-25
cronistas_marca,3,Marash Kumbulla Kumbulla,Rayo,,0,2026-09-25
cronistas_marca,2,Marash Kumbulla Kumbulla,Rayo,,0,2026-09-25
cronistas_marca,1,Marash Kumbulla Kumbulla,Rayo,,0,2026-09-25
cronistas_marca,7,Samu Becerra Becerra,Rayo,,0,2026-09-25
cronistas_marca,6,Samu Becerra Becerra,Rayo,,0,2026-09-25
cronistas_marca,5,Samu Becerra Becerra,Rayo,,0,2026-09-25
cronistas_marca,4,Samu Becerra Becerra,Rayo,,0,2026-09-25
cronistas_marca,3,Samu Becerra Becerra,Rayo,,0,2026-09-25
cronistas_marca,2,Samu Becerra Becerra,Rayo,,0,2026-09-25
cronistas_marca,1,Samu Becerra Becerra,Rayo,,0,2026-09-25
cronistas_marca,7,Thibaut Courtois Courtois,Real Madrid,6.0,1,2026-09-25
cronistas_marca,6,Thibaut Courtois Courtois,Real Madrid,2.0,1,2026-09-25
cronistas_marca,5,Thibaut Courtois Courtois,Real Madrid,6.0,1,2026-09-25
cronistas_marca,4,Thibaut Courtois Courtois,Real Madrid,2.0,1,2026-09-25
cronistas_marca,3,Thibaut Courtois Courtois,Real Madrid,2.0,1,2026-09-25
cronistas_marca,1,Thibaut Courtois Courtois,Real Madrid,6.0,1,2026-09-25
cronistas_marca,2,Thibaut Courtois Courtois,Real Madrid,2.0,1,2026-09-25
cronistas_marca,7,Antonio Rüdiger Rüdiger,Real Madrid,11.0,1,2026-09-25
cronistas_marca,6,Antonio Rüdiger Rüdiger,Real Madrid,,0,2026-09-25
cronistas_marca,5,Antonio Rüdiger Rüdiger,Real Madrid,6.0,1,2026-09-25
cronistas_marca,4,Antonio Rüdiger Rüdiger,Real Madrid,,0,2026-09-25
cronistas_marca,3,Antonio Rüdiger Rüdiger,Real Madrid,6.0,1,2026-09-25
cronistas_marca,1,Antonio Rüdiger Rüdiger,Real Madrid,,0,2026-09-25
cronistas_marca,2,Antonio Rüdiger Rüdiger,Real Madrid,,0,2026-09-25
cronistas_marca,7,Kylian Mbappé Mbappé,Real Madrid,-2.0,1,2026-09-25
cronistas_marca,6,Kylian Mbappé Mbappé,Real Madrid,9.0,1,2026-09-25
cronistas_marca,5,Kylian Mbappé Mbappé,Real Madrid,12.0,1,2026-09-25
cronistas_marca,4,Kylian Mbappé Mbappé,Real Madrid,-2.0,1,2026-09-25
cronistas_marca,3,Kylian Mbappé Mbappé,Real Madrid,5.0,1,2026-09-25
cronistas_marca,1,Kylian Mbappé Mbappé,Real Madrid,19.0,1,2026-09-25
cronistas_marca,2,Kylian Mbappé Mbappé,Real Madrid,2.0,1,2026-09-25
cronistas_marca,7,Bernardo Silva Bernardo Silva,Real Madrid,6.0,1,2026-09-25
cronistas_marca,6,Bernardo Silva Bernardo Silva,Real Madrid,,0,2026-09-25
cronistas_marca,5,Bernardo Silva Bernardo Silva,Real Madrid,2.0,1,2026-09-25
cronistas_marca,4,Bernardo Silva Bernardo Silva,Real Madrid,-2.0,1,2026-09-25
cronistas_marca,3,Bernardo Silva Bernardo Silva,Real Madrid,2.0,1,2026-09-25
cronistas_marca,1,Bernardo Silva Bernardo Silva,Real Madrid,2.0,1,2026-09-25
cronistas_marca,2,Bernardo Silva Bernardo Silva,Real Madrid,2.0,1,2026-09-25
cronistas_marca,7,Federico Valverde Valverde,Real Madrid,2.0,1,2026-09-25
cronistas_marca,6,Federico Valverde Valverde,Real Madrid,2.0,1,2026-09-25
cronistas_marca,5,Federico Valverde Valverde,Real Madrid,2.0,1,2026-09-25
cronistas_marca,4,Federico Valverde Valverde,Real Madrid,-2.0,1,2026-09-25
cronistas_marca,3,Federico Valverde Valverde,Real Madrid,6.0,1,2026-09-25
cronistas_marca,1,Federico Valverde Valverde,Real Madrid,6.0,1,2026-09-25
cronistas_marca,2,Federico Valverde Valverde,Real Madrid,2.0,1,2026-09-25
cronistas_marca,7,Trent Alexander-Arnold Alexander-Arnold,Real Madrid,,0,2026-09-25
cronistas_marca,6,Trent Alexander-Arnold Alexander-Arnold,Real Madrid,2.0,1,2026-09-25
cronistas_marca,5,Trent Alexander-Arnold Alexander-Arnold,Real Madrid,,0,2026-09-25
cronistas_marca,4,Trent Alexander-Arnold Alexander-Arnold,Real Madrid,2.0,1,2026-09-25
cronistas_marca,3,Trent Alexander-Arnold Alexander-Arnold,Real Madrid,6.0,1,2026-09-25
cronistas_marca,1,Trent Alexander-Arnold Alexander-Arnold,Real Madrid,,0,2026-09-25
cronistas_marca,2,Trent Alexander-Arnold Alexander-Arnold,Real Madrid,0.0,1,2026-09-25
cronistas_marca,7,Ibrahima Konaté Konaté,Real Madrid,2.0,1,2026-09-25
cronistas_marca,6,Ibrahima Konaté Konaté,Real Madrid,2.0,1,2026-09-25
cronistas_marca,5,Ibrahima Konaté Konaté,Real Madrid,2.0,1,2026-09-25
cronistas_marca,4,Ibrahima Konaté Konaté,Real Madrid,2.0,1,2026-09-25
cronistas_marca,3,Ibrahima Konaté Konaté,Real Madrid,,0,2026-09-25
cronistas_marca,1,Ibrahima Konaté Konaté,Real Madrid,2.0,1,2026-09-25
cronistas_marca,2,Ibrahima Konaté Konaté,Real Madrid,6.0,1,2026-09-25
cronistas_marca,7,Marc Cucurella Cucurella,Real Madrid,2.0,1,2026-09-25
cronistas_marca,6,Marc Cucurella Cucurella,Real Madrid,2.0,1,2026-09-25
cronistas_marca,5,Marc Cucurella Cucurella,Real Madrid,0.0,1,2026-09-25
cronistas_marca,4,Marc Cucurella Cucurella,Real Madrid,2.0,1,2026-09-25
cronistas_marca,3,Marc Cucurella Cucurella,Real Madrid,2.0,1,2026-09-25
cronistas_marca,1,Marc Cucurella Cucurella,Real Madrid,6.0,1,2026-09-25
cronistas_marca,2,Marc Cucurella Cucurella,Real Madrid,2.0,1,2026-09-25
cronistas_marca,7,Brahim Díaz Brahim,Real Madrid,,0,2026-09-25
cronistas_marca,6,Brahim Díaz Brahim,Real Madrid,2.0,1,2026-09-25
cronistas_marca,5,Brahim Díaz Brahim,Real Madrid,,0,2026-09-25
cronistas_marca,4,Brahim Díaz Brahim,Real Madrid,,0,2026-09-25
cronistas_marca,3,Brahim Díaz Brahim,Real Madrid,6.0,1,2026-09-25
cronistas_marca,1,Brahim Díaz Brahim,Real Madrid,2.0,1,2026-09-25
cronistas_marca,2,Brahim Díaz Brahim,Real Madrid,,0,2026-09-25
cronistas_marca,7,Andriy Lunin Lunin,Real Madrid,,0,2026-09-25
cronistas_marca,6,Andriy Lunin Lunin,Real Madrid,,0,2026-09-25
cronistas_marca,5,Andriy Lunin Lunin,Real Madrid,,0,2026-09-25
cronistas_marca,4,Andriy Lunin Lunin,Real Madrid,,0,2026-09-25
cronistas_marca,3,Andriy Lunin Lunin,Real Madrid,,0,2026-09-25
cronistas_marca,1,Andriy Lunin Lunin,Real Madrid,,0,2026-09-25
cronistas_marca,2,Andriy Lunin Lunin,Real Madrid,,0,2026-09-25
cronistas_marca,7,Vinicius Junior Vinicius,Real Madrid,-2.0,1,2026-09-25
cronistas_marca,6,Vinicius Junior Vinicius,Real Madrid,-2.0,1,2026-09-25
cronistas_marca,5,Vinicius Junior Vinicius,Real Madrid,2.0,1,2026-09-25
cronistas_marca,4,Vinicius Junior Vinicius,Real Madrid,2.0,1,2026-09-25
cronistas_marca,3,Vinicius Junior Vinicius,Real Madrid,2.0,1,2026-09-25
cronistas_marca,1,Vinicius Junior Vinicius,Real Madrid,9.0,1,2026-09-25
cronistas_marca,2,Vinicius Junior Vinicius,Real Madrid,2.0,1,2026-09-25
cronistas_marca,7,Denzel Dumfries Dumfries,Real Madrid,2.0,1,2026-09-25
cronistas_marca,6,Denzel Dumfries Dumfries,Real Madrid,0.0,1,2026-09-25
cronistas_marca,5,Denzel Dumfries Dumfries,Real Madrid,2.0,1,2026-09-25
cronistas_marca,4,Denzel Dumfries Dumfries,Real Madrid,2.0,1,2026-09-25
cronistas_marca,3,Denzel Dumfries Dumfries,Real Madrid,,0,2026-09-25
cronistas_marca,1,Denzel Dumfries Dumfries,Real Madrid,6.0,1,2026-09-25
cronistas_marca,2,Denzel Dumfries Dumfries,Real Madrid,2.0,1,2026-09-25
cronistas_marca,7,Jude Bellingham Bellingham,Real Madrid,6.0,1,2026-09-25
cronistas_marca,6,Jude Bellingham Bellingham,Real Madrid,6.0,1,2026-09-25
cronistas_marca,5,Jude Bellingham Bellingham,Real Madrid,10.0,1,2026-09-25
cronistas_marca,4,Jude Bellingham Bellingham,Real Madrid,2.0,1,2026-09-25
cronistas_marca,3,Jude Bellingham Bellingham,Real Madrid,14.0,1,2026-09-25
cronistas_marca,1,Jude Bellingham Bellingham,Real Madrid,6.0,1,2026-09-25
cronistas_marca,2,Jude Bellingham Bellingham,Real Madrid,10.0,1,2026-09-25
cronistas_marca,7,Eduardo Camavinga Camavinga,Real Madrid,2.0,1,2026-09-25
cronistas_marca,6,Eduardo Camavinga Camavinga,Real Madrid,,0,2026-09-25
cronistas_marca,5,Eduardo Camavinga Camavinga,Real Madrid,2.0,1,2026-09-25
cronistas_marca,4,Eduardo Camavinga Camavinga,Real Madrid,2.0,1,2026-09-25
cronistas_marca,3,Eduardo Camavinga Camavinga,Real Madrid,6.0,1,2026-09-25
cronistas_marca,1,Eduardo Camavinga Camavinga,Real Madrid,2.0,1,2026-09-25
cronistas_marca,2,Eduardo Camavinga Camavinga,Real Madrid,0.0,1,2026-09-25
cronistas_marca,7,Álvaro F. Carreras A. F. Carreras,Real Madrid,,0,2026-09-25
cronistas_marca,6,Álvaro F. Carreras A. F. Carreras,Real Madrid,,0,2026-09-25
cronistas_marca,5,Álvaro F. Carreras A. F. Carreras,Real Madrid,11.0,1,2026-09-25
cronistas_marca,4,Álvaro F. Carreras A. F. Carreras,Real Madrid,0.0,1,2026-09-25
cronistas_marca,3,Álvaro F. Carreras A. F. Carreras,Real Madrid,,0,2026-09-25
cronistas_marca,1,Álvaro F. Carreras A. F. Carreras,Real Madrid,2.0,1,2026-09-25
cronistas_marca,2,Álvaro F. Carreras A. F. Carreras,Real Madrid,2.0,1,2026-09-25
cronistas_marca,7,Sergio Mestre Mestre,Real Madrid,,0,2026-09-25
cronistas_marca,6,Sergio Mestre Mestre,Real Madrid,,0,2026-09-25
cronistas_marca,5,Sergio Mestre Mestre,Real Madrid,,0,2026-09-25
cronistas_marca,4,Sergio Mestre Mestre,Real Madrid,,0,2026-09-25
cronistas_marca,3,Sergio Mestre Mestre,Real Madrid,,0,2026-09-25
cronistas_marca,1,Sergio Mestre Mestre,Real Madrid,,0,2026-09-25
cronistas_marca,2,Sergio Mestre Mestre,Real Madrid,,0,2026-09-25
cronistas_marca,7,Arda Güler Güler,Real Madrid,2.0,1,2026-09-25
cronistas_marca,6,Arda Güler Güler,Real Madrid,6.0,1,2026-09-25
cronistas_marca,5,Arda Güler Güler,Real Madrid,10.0,1,2026-09-25
cronistas_marca,4,Arda Güler Güler,Real Madrid,10.0,1,2026-09-25
cronistas_marca,3,Arda Güler Güler,Real Madrid,10.0,1,2026-09-25
cronistas_marca,1,Arda Güler Güler,Real Madrid,6.0,1,2026-09-25
cronistas_marca,2,Arda Güler Güler,Real Madrid,6.0,1,2026-09-25
cronistas_marca,7,Dean Huijsen Huijsen,Real Madrid,-8.0,1,2026-09-25
cronistas_marca,6,Dean Huijsen Huijsen,Real Madrid,2.0,1,2026-09-25
cronistas_marca,5,Dean Huijsen Huijsen,Real Madrid,,0,2026-09-25
cronistas_marca,4,Dean Huijsen Huijsen,Real Madrid,6.0,1,2026-09-25
cronistas_marca,3,Dean Huijsen Huijsen,Real Madrid,2.0,1,2026-09-25
cronistas_marca,1,Dean Huijsen Huijsen,Real Madrid,2.0,1,2026-09-25
cronistas_marca,2,Dean Huijsen Huijsen,Real Madrid,2.0,1,2026-09-25
cronistas_marca,7,Carlos Espí Carlos Espí,Real Madrid,,0,2026-09-25
cronistas_marca,6,Carlos Espí Carlos Espí,Real Madrid,13.0,1,2026-09-25
cronistas_marca,5,Carlos Espí Carlos Espí,Real Madrid,,0,2026-09-25
cronistas_marca,4,Carlos Espí Carlos Espí,Real Madrid,6.0,1,2026-09-25
cronistas_marca,3,Carlos Espí Carlos Espí,Real Madrid,,0,2026-09-25
cronistas_marca,1,Carlos Espí Carlos Espí,Real Madrid,2.0,1,2026-09-25
cronistas_marca,2,Carlos Espí Carlos Espí,Real Madrid,13.0,1,2026-09-25
cronistas_marca,7,Alexis Ciria Ciria,Real Madrid,,0,2026-09-25
cronistas_marca,6,Alexis Ciria Ciria,Real Madrid,,0,2026-09-25
cronistas_marca,5,Alexis Ciria Ciria,Real Madrid,,0,2026-09-25
cronistas_marca,4,Alexis Ciria Ciria,Real Madrid,,0,2026-09-25
cronistas_marca,3,Alexis Ciria Ciria,Real Madrid,,0,2026-09-25
cronistas_marca,1,Alexis Ciria Ciria,Real Madrid,,0,2026-09-25
cronistas_marca,2,Alexis Ciria Ciria,Real Madrid,,0,2026-09-25
cronistas_marca,7,Mario Rivas Rivas,Real Madrid,,0,2026-09-25
cronistas_marca,6,Mario Rivas Rivas,Real Madrid,,0,2026-09-25
cronistas_marca,5,Mario Rivas Rivas,Real Madrid,,0,2026-09-25
cronistas_marca,4,Mario Rivas Rivas,Real Madrid,,0,2026-09-25
cronistas_marca,3,Mario Rivas Rivas,Real Madrid,,0,2026-09-25
cronistas_marca,1,Mario Rivas Rivas,Real Madrid,,0,2026-09-25
cronistas_marca,2,Mario Rivas Rivas,Real Madrid,,0,2026-09-25
cronistas_marca,7,Yan Diomande Y. Diomande,Real Madrid,6.0,1,2026-09-25
cronistas_marca,6,Yan Diomande Y. Diomande,Real Madrid,6.0,1,2026-09-25
cronistas_marca,5,Yan Diomande Y. Diomande,Real Madrid,2.0,1,2026-09-25
cronistas_marca,4,Yan Diomande Y. Diomande,Real Madrid,2.0,1,2026-09-25
cronistas_marca,3,Yan Diomande Y. Diomande,Real Madrid,2.0,1,2026-09-25
cronistas_marca,1,Yan Diomande Y. Diomande,Real Madrid,2.0,1,2026-09-25
cronistas_marca,2,Yan Diomande Y. Diomande,Real Madrid,2.0,1,2026-09-25
cronistas_marca,7,Jorge Cestero Cestero,Real Madrid,,0,2026-09-25
cronistas_marca,6,Jorge Cestero Cestero,Real Madrid,,0,2026-09-25
cronistas_marca,5,Jorge Cestero Cestero,Real Madrid,,0,2026-09-25
cronistas_marca,4,Jorge Cestero Cestero,Real Madrid,,0,2026-09-25
cronistas_marca,3,Jorge Cestero Cestero,Real Madrid,,0,2026-09-25
cronistas_marca,1,Jorge Cestero Cestero,Real Madrid,,0,2026-09-25
cronistas_marca,2,Jorge Cestero Cestero,Real Madrid,,0,2026-09-25
cronistas_marca,7,Manuel Ángel Manuel Ángel,Real Madrid,,0,2026-09-25
cronistas_marca,6,Manuel Ángel Manuel Ángel,Real Madrid,,0,2026-09-25
cronistas_marca,5,Manuel Ángel Manuel Ángel,Real Madrid,,0,2026-09-25
cronistas_marca,7,Javi Navarro Javi Navarro,Real Madrid,,0,2026-09-25
cronistas_marca,6,Javi Navarro Javi Navarro,Real Madrid,,0,2026-09-25
cronistas_marca,5,Javi Navarro Javi Navarro,Real Madrid,,0,2026-09-25
cronistas_marca,4,Javi Navarro Javi Navarro,Real Madrid,,0,2026-09-25
cronistas_marca,3,Javi Navarro Javi Navarro,Real Madrid,,0,2026-09-25
cronistas_marca,1,Javi Navarro Javi Navarro,Real Madrid,,0,2026-09-25
cronistas_marca,2,Javi Navarro Javi Navarro,Real Madrid,,0,2026-09-25
cronistas_marca,7,Aurélien Tchouaméni Tchouaméni,Real Madrid,2.0,1,2026-09-25
cronistas_marca,6,Aurélien Tchouaméni Tchouaméni,Real Madrid,2.0,1,2026-09-25
cronistas_marca,5,Aurélien Tchouaméni Tchouaméni,Real Madrid,2.0,1,2026-09-25
cronistas_marca,4,Aurélien Tchouaméni Tchouaméni,Real Madrid,,0,2026-09-25
cronistas_marca,3,Aurélien Tchouaméni Tchouaméni,Real Madrid,,0,2026-09-25
cronistas_marca,1,Aurélien Tchouaméni Tchouaméni,Real Madrid,,0,2026-09-25
cronistas_marca,2,Aurélien Tchouaméni Tchouaméni,Real Madrid,,0,2026-09-25
cronistas_marca,7,Raúl Asencio Asencio,Real Madrid,,0,2026-09-25
cronistas_marca,6,Raúl Asencio Asencio,Real Madrid,,0,2026-09-25
cronistas_marca,5,Raúl Asencio Asencio,Real Madrid,,0,2026-09-25
cronistas_marca,4,Raúl Asencio Asencio,Real Madrid,,0,2026-09-25
cronistas_marca,3,Raúl Asencio Asencio,Real Madrid,,0,2026-09-25
cronistas_marca,1,Raúl Asencio Asencio,Real Madrid,,0,2026-09-25
cronistas_marca,2,Raúl Asencio Asencio,Real Madrid,,0,2026-09-25
cronistas_marca,7,Endrick Endrick,Real Madrid,,0,2026-09-25
cronistas_marca,6,Endrick Endrick,Real Madrid,2.0,1,2026-09-25
cronistas_marca,5,Endrick Endrick,Real Madrid,,0,2026-09-25
cronistas_marca,4,Endrick Endrick,Real Madrid,,0,2026-09-25
cronistas_marca,3,Endrick Endrick,Real Madrid,,0,2026-09-25
cronistas_marca,1,Endrick Endrick,Real Madrid,,0,2026-09-25
cronistas_marca,2,Endrick Endrick,Real Madrid,,0,2026-09-25
cronistas_marca,7,Thiago Pitarch Thiago,Real Madrid,,0,2026-09-25
cronistas_marca,6,Thiago Pitarch Thiago,Real Madrid,,0,2026-09-25
cronistas_marca,5,Thiago Pitarch Thiago,Real Madrid,,0,2026-09-25
cronistas_marca,4,Thiago Pitarch Thiago,Real Madrid,,0,2026-09-25
cronistas_marca,3,Thiago Pitarch Thiago,Real Madrid,,0,2026-09-25
cronistas_marca,1,Thiago Pitarch Thiago,Real Madrid,,0,2026-09-25
cronistas_marca,2,Thiago Pitarch Thiago,Real Madrid,,0,2026-09-25
cronistas_marca,7,Álex Remiro Remiro,Real Sociedad,0.0,1,2026-09-25
cronistas_marca,5,Álex Remiro Remiro,Real Sociedad,6.0,1,2026-09-25
cronistas_marca,4,Álex Remiro Remiro,Real Sociedad,,0,2026-09-25
cronistas_marca,6,Álex Remiro Remiro,Real Sociedad,2.0,1,2026-09-25
cronistas_marca,3,Álex Remiro Remiro,Real Sociedad,6.0,1,2026-09-25
cronistas_marca,1,Álex Remiro Remiro,Real Sociedad,2.0,1,2026-09-25
cronistas_marca,2,Álex Remiro Remiro,Real Sociedad,2.0,1,2026-09-25
cronistas_marca,7,Mikel Oyarzabal Oyarzabal,Real Sociedad,0.0,1,2026-09-25
cronistas_marca,5,Mikel Oyarzabal Oyarzabal,Real Sociedad,2.0,1,2026-09-25
cronistas_marca,4,Mikel Oyarzabal Oyarzabal,Real Sociedad,2.0,1,2026-09-25
cronistas_marca,6,Mikel Oyarzabal Oyarzabal,Real Sociedad,6.0,1,2026-09-25
cronistas_marca,3,Mikel Oyarzabal Oyarzabal,Real Sociedad,10.0,1,2026-09-25
cronistas_marca,1,Mikel Oyarzabal Oyarzabal,Real Sociedad,6.0,1,2026-09-25
cronistas_marca,2,Mikel Oyarzabal Oyarzabal,Real Sociedad,2.0,1,2026-09-25
cronistas_marca,7,Carlos Soler Carlos Soler,Real Sociedad,0.0,1,2026-09-25
cronistas_marca,5,Carlos Soler Carlos Soler,Real Sociedad,2.0,1,2026-09-25
cronistas_marca,4,Carlos Soler Carlos Soler,Real Sociedad,2.0,1,2026-09-25
cronistas_marca,6,Carlos Soler Carlos Soler,Real Sociedad,0.0,1,2026-09-25
cronistas_marca,3,Carlos Soler Carlos Soler,Real Sociedad,2.0,1,2026-09-25
cronistas_marca,1,Carlos Soler Carlos Soler,Real Sociedad,2.0,1,2026-09-25
cronistas_marca,2,Carlos Soler Carlos Soler,Real Sociedad,2.0,1,2026-09-25
cronistas_marca,7,Igor Zubeldia Zubeldia,Real Sociedad,,0,2026-09-25
cronistas_marca,5,Igor Zubeldia Zubeldia,Real Sociedad,,0,2026-09-25
cronistas_marca,4,Igor Zubeldia Zubeldia,Real Sociedad,2.0,1,2026-09-25
cronistas_marca,6,Igor Zubeldia Zubeldia,Real Sociedad,6.0,1,2026-09-25
cronistas_marca,3,Igor Zubeldia Zubeldia,Real Sociedad,6.0,1,2026-09-25
cronistas_marca,1,Igor Zubeldia Zubeldia,Real Sociedad,2.0,1,2026-09-25
cronistas_marca,2,Igor Zubeldia Zubeldia,Real Sociedad,2.0,1,2026-09-25
cronistas_marca,7,Sergio Gómez Sergio Gómez,Real Sociedad,0.0,1,2026-09-25
cronistas_marca,5,Sergio Gómez Sergio Gómez,Real Sociedad,2.0,1,2026-09-25
cronistas_marca,4,Sergio Gómez Sergio Gómez,Real Sociedad,2.0,1,2026-09-25
cronistas_marca,6,Sergio Gómez Sergio Gómez,Real Sociedad,6.0,1,2026-09-25
cronistas_marca,3,Sergio Gómez Sergio Gómez,Real Sociedad,6.0,1,2026-09-25
cronistas_marca,1,Sergio Gómez Sergio Gómez,Real Sociedad,2.0,1,2026-09-25
cronistas_marca,2,Sergio Gómez Sergio Gómez,Real Sociedad,2.0,1,2026-09-25
cronistas_marca,7,Ander Barrenetxea Barrenetxea,Real Sociedad,0.0,1,2026-09-25
cronistas_marca,5,Ander Barrenetxea Barrenetxea,Real Sociedad,6.0,1,2026-09-25
cronistas_marca,4,Ander Barrenetxea Barrenetxea,Real Sociedad,,0,2026-09-25
cronistas_marca,6,Ander Barrenetxea Barrenetxea,Real Sociedad,2.0,1,2026-09-25
cronistas_marca,3,Ander Barrenetxea Barrenetxea,Real Sociedad,10.0,1,2026-09-25
cronistas_marca,1,Ander Barrenetxea Barrenetxea,Real Sociedad,2.0,1,2026-09-25
cronistas_marca,2,Ander Barrenetxea Barrenetxea,Real Sociedad,2.0,1,2026-09-25
cronistas_marca,7,Aihen Muñoz Aihen,Real Sociedad,0.0,1,2026-09-25
cronistas_marca,5,Aihen Muñoz Aihen,Real Sociedad,,0,2026-09-25
cronistas_marca,4,Aihen Muñoz Aihen,Real Sociedad,,0,2026-09-25
cronistas_marca,6,Aihen Muñoz Aihen,Real Sociedad,,0,2026-09-25
cronistas_marca,3,Aihen Muñoz Aihen,Real Sociedad,,0,2026-09-25
cronistas_marca,1,Aihen Muñoz Aihen,Real Sociedad,,0,2026-09-25
cronistas_marca,2,Aihen Muñoz Aihen,Real Sociedad,2.0,1,2026-09-25
cronistas_marca,7,Yangel Herrera Herrera,Real Sociedad,0.0,1,2026-09-25
cronistas_marca,5,Yangel Herrera Herrera,Real Sociedad,2.0,1,2026-09-25
cronistas_marca,4,Yangel Herrera Herrera,Real Sociedad,6.0,1,2026-09-25
cronistas_marca,6,Yangel Herrera Herrera,Real Sociedad,2.0,1,2026-09-25
cronistas_marca,3,Yangel Herrera Herrera,Real Sociedad,2.0,1,2026-09-25
cronistas_marca,1,Yangel Herrera Herrera,Real Sociedad,-2.0,1,2026-09-25
cronistas_marca,2,Yangel Herrera Herrera,Real Sociedad,2.0,1,2026-09-25
cronistas_marca,7,Takefusa Kubo Kubo,Real Sociedad,,0,2026-09-25
cronistas_marca,5,Takefusa Kubo Kubo,Real Sociedad,2.0,1,2026-09-25
cronistas_marca,4,Takefusa Kubo Kubo,Real Sociedad,,0,2026-09-25
cronistas_marca,6,Takefusa Kubo Kubo,Real Sociedad,2.0,1,2026-09-25
cronistas_marca,3,Takefusa Kubo Kubo,Real Sociedad,0.0,1,2026-09-25
cronistas_marca,1,Takefusa Kubo Kubo,Real Sociedad,2.0,1,2026-09-25
cronistas_marca,2,Takefusa Kubo Kubo,Real Sociedad,6.0,1,2026-09-25
cronistas_marca,7,Jon Pacheco Pacheco,Real Sociedad,,0,2026-09-25
cronistas_marca,5,Jon Pacheco Pacheco,Real Sociedad,,0,2026-09-25
cronistas_marca,4,Jon Pacheco Pacheco,Real Sociedad,2.0,1,2026-09-25
cronistas_marca,6,Jon Pacheco Pacheco,Real Sociedad,,0,2026-09-25
cronistas_marca,3,Jon Pacheco Pacheco,Real Sociedad,,0,2026-09-25
cronistas_marca,1,Jon Pacheco Pacheco,Real Sociedad,,0,2026-09-25
cronistas_marca,2,Jon Pacheco Pacheco,Real Sociedad,,0,2026-09-25
cronistas_marca,7,Luka Sucic L. Sucic,Real Sociedad,4.0,1,2026-09-25
cronistas_marca,5,Luka Sucic L. Sucic,Real Sociedad,6.0,1,2026-09-25
cronistas_marca,4,Luka Sucic L. Sucic,Real Sociedad,10.0,1,2026-09-25
cronistas_marca,6,Luka Sucic L. Sucic,Real Sociedad,2.0,1,2026-09-25
cronistas_marca,3,Luka Sucic L. Sucic,Real Sociedad,6.0,1,2026-09-25
cronistas_marca,1,Luka Sucic L. Sucic,Real Sociedad,6.0,1,2026-09-25
cronistas_marca,2,Luka Sucic L. Sucic,Real Sociedad,2.0,1,2026-09-25
cronistas_marca,7,Beñat Turrientes Turrientes,Real Sociedad,,0,2026-09-25
cronistas_marca,5,Beñat Turrientes Turrientes,Real Sociedad,,0,2026-09-25
cronistas_marca,4,Beñat Turrientes Turrientes,Real Sociedad,,0,2026-09-25
cronistas_marca,6,Beñat Turrientes Turrientes,Real Sociedad,2.0,1,2026-09-25
cronistas_marca,3,Beñat Turrientes Turrientes,Real Sociedad,2.0,1,2026-09-25
cronistas_marca,1,Beñat Turrientes Turrientes,Real Sociedad,2.0,1,2026-09-25
cronistas_marca,2,Beñat Turrientes Turrientes,Real Sociedad,2.0,1,2026-09-25
cronistas_marca,7,Unai Marrero Marrero,Real Sociedad,,0,2026-09-25
cronistas_marca,5,Unai Marrero Marrero,Real Sociedad,,0,2026-09-25
cronistas_marca,4,Unai Marrero Marrero,Real Sociedad,2.0,1,2026-09-25
cronistas_marca,6,Unai Marrero Marrero,Real Sociedad,,0,2026-09-25
cronistas_marca,3,Unai Marrero Marrero,Real Sociedad,,0,2026-09-25
cronistas_marca,1,Unai Marrero Marrero,Real Sociedad,,0,2026-09-25
cronistas_marca,2,Unai Marrero Marrero,Real Sociedad,,0,2026-09-25
cronistas_marca,7,Arsen Zakharyan Zakharyan,Real Sociedad,0.0,1,2026-09-25
cronistas_marca,5,Arsen Zakharyan Zakharyan,Real Sociedad,0.0,1,2026-09-25
cronistas_marca,4,Arsen Zakharyan Zakharyan,Real Sociedad,,0,2026-09-25
cronistas_marca,6,Arsen Zakharyan Zakharyan,Real Sociedad,,0,2026-09-25
cronistas_marca,3,Arsen Zakharyan Zakharyan,Real Sociedad,,0,2026-09-25
cronistas_marca,1,Arsen Zakharyan Zakharyan,Real Sociedad,,0,2026-09-25
cronistas_marca,2,Arsen Zakharyan Zakharyan,Real Sociedad,0.0,1,2026-09-25
cronistas_marca,7,Orri Steinn Óskarsson Óskarsson,Real Sociedad,0.0,1,2026-09-25
cronistas_marca,5,Orri Steinn Óskarsson Óskarsson,Real Sociedad,0.0,1,2026-09-25
cronistas_marca,4,Orri Steinn Óskarsson Óskarsson,Real Sociedad,,0,2026-09-25
cronistas_marca,6,Orri Steinn Óskarsson Óskarsson,Real Sociedad,2.0,1,2026-09-25
cronistas_marca,3,Orri Steinn Óskarsson Óskarsson,Real Sociedad,9.0,1,2026-09-25
cronistas_marca,1,Orri Steinn Óskarsson Óskarsson,Real Sociedad,2.0,1,2026-09-25
cronistas_marca,2,Orri Steinn Óskarsson Óskarsson,Real Sociedad,2.0,1,2026-09-25
cronistas_marca,7,Mikel Goti Goti,Real Sociedad,,0,2026-09-25
cronistas_marca,5,Mikel Goti Goti,Real Sociedad,,0,2026-09-25
cronistas_marca,4,Mikel Goti Goti,Real Sociedad,,0,2026-09-25
cronistas_marca,7,Jon Martín Jon Martín,Real Sociedad,0.0,1,2026-09-25
cronistas_marca,5,Jon Martín Jon Martín,Real Sociedad,,0,2026-09-25
cronistas_marca,4,Jon Martín Jon Martín,Real Sociedad,-6.0,1,2026-09-25
cronistas_marca,6,Jon Martín Jon Martín,Real Sociedad,2.0,1,2026-09-25
cronistas_marca,3,Jon Martín Jon Martín,Real Sociedad,6.0,1,2026-09-25
cronistas_marca,1,Jon Martín Jon Martín,Real Sociedad,2.0,1,2026-09-25
cronistas_marca,2,Jon Martín Jon Martín,Real Sociedad,2.0,1,2026-09-25
cronistas_marca,7,Alex Lebarbier Lebarbier,Real Sociedad,,0,2026-09-25
cronistas_marca,5,Alex Lebarbier Lebarbier,Real Sociedad,,0,2026-09-25
cronistas_marca,4,Alex Lebarbier Lebarbier,Real Sociedad,,0,2026-09-25
cronistas_marca,6,Alex Lebarbier Lebarbier,Real Sociedad,,0,2026-09-25
cronistas_marca,3,Alex Lebarbier Lebarbier,Real Sociedad,,0,2026-09-25
cronistas_marca,1,Alex Lebarbier Lebarbier,Real Sociedad,,0,2026-09-25
cronistas_marca,2,Alex Lebarbier Lebarbier,Real Sociedad,,0,2026-09-25
cronistas_marca,7,Jon Aramburu Aramburu,Real Sociedad,0.0,1,2026-09-25
cronistas_marca,5,Jon Aramburu Aramburu,Real Sociedad,6.0,1,2026-09-25
cronistas_marca,4,Jon Aramburu Aramburu,Real Sociedad,2.0,1,2026-09-25
cronistas_marca,6,Jon Aramburu Aramburu,Real Sociedad,6.0,1,2026-09-25
cronistas_marca,3,Jon Aramburu Aramburu,Real Sociedad,6.0,1,2026-09-25
cronistas_marca,1,Jon Aramburu Aramburu,Real Sociedad,2.0,1,2026-09-25
cronistas_marca,2,Jon Aramburu Aramburu,Real Sociedad,2.0,1,2026-09-25
cronistas_marca,7,Job Ochieng Ochieng,Real Sociedad,0.0,1,2026-09-25
cronistas_marca,5,Job Ochieng Ochieng,Real Sociedad,2.0,1,2026-09-25
cronistas_marca,4,Job Ochieng Ochieng,Real Sociedad,10.0,1,2026-09-25
cronistas_marca,6,Job Ochieng Ochieng,Real Sociedad,,0,2026-09-25
cronistas_marca,3,Job Ochieng Ochieng,Real Sociedad,,0,2026-09-25
cronistas_marca,1,Job Ochieng Ochieng,Real Sociedad,2.0,1,2026-09-25
cronistas_marca,2,Job Ochieng Ochieng,Real Sociedad,,0,2026-09-25
cronistas_marca,7,Alex Marchal Marchal,Real Sociedad,,0,2026-09-25
cronistas_marca,5,Alex Marchal Marchal,Real Sociedad,,0,2026-09-25
cronistas_marca,4,Alex Marchal Marchal,Real Sociedad,2.0,1,2026-09-25
cronistas_marca,6,Alex Marchal Marchal,Real Sociedad,2.0,1,2026-09-25
cronistas_marca,3,Alex Marchal Marchal,Real Sociedad,2.0,1,2026-09-25
cronistas_marca,1,Alex Marchal Marchal,Real Sociedad,,0,2026-09-25
cronistas_marca,2,Alex Marchal Marchal,Real Sociedad,0.0,1,2026-09-25
cronistas_marca,7,Luken Beitia Beitia,Real Sociedad,0.0,1,2026-09-25
cronistas_marca,5,Luken Beitia Beitia,Real Sociedad,2.0,1,2026-09-25
cronistas_marca,4,Luken Beitia Beitia,Real Sociedad,,0,2026-09-25
cronistas_marca,6,Luken Beitia Beitia,Real Sociedad,,0,2026-09-25
cronistas_marca,3,Luken Beitia Beitia,Real Sociedad,,0,2026-09-25
cronistas_marca,1,Luken Beitia Beitia,Real Sociedad,2.0,1,2026-09-25
cronistas_marca,2,Luken Beitia Beitia,Real Sociedad,,0,2026-09-25
cronistas_marca,7,Theo Folgado Folgado,Real Sociedad,,0,2026-09-25
cronistas_marca,5,Theo Folgado Folgado,Real Sociedad,,0,2026-09-25
cronistas_marca,4,Theo Folgado Folgado,Real Sociedad,,0,2026-09-25
cronistas_marca,6,Theo Folgado Folgado,Real Sociedad,,0,2026-09-25
cronistas_marca,3,Theo Folgado Folgado,Real Sociedad,,0,2026-09-25
cronistas_marca,1,Theo Folgado Folgado,Real Sociedad,,0,2026-09-25
cronistas_marca,2,Theo Folgado Folgado,Real Sociedad,,0,2026-09-25
cronistas_marca,7,Gorka Carrera Carrera,Real Sociedad,,0,2026-09-25
cronistas_marca,5,Gorka Carrera Carrera,Real Sociedad,,0,2026-09-25
cronistas_marca,4,Gorka Carrera Carrera,Real Sociedad,,0,2026-09-25
cronistas_marca,6,Gorka Carrera Carrera,Real Sociedad,,0,2026-09-25
cronistas_marca,3,Gorka Carrera Carrera,Real Sociedad,,0,2026-09-25
cronistas_marca,1,Gorka Carrera Carrera,Real Sociedad,,0,2026-09-25
cronistas_marca,2,Gorka Carrera Carrera,Real Sociedad,,0,2026-09-25
cronistas_marca,7,Gonçalo Guedes Guedes,Real Sociedad,0.0,1,2026-09-25
cronistas_marca,5,Gonçalo Guedes Guedes,Real Sociedad,2.0,1,2026-09-25
cronistas_marca,4,Gonçalo Guedes Guedes,Real Sociedad,2.0,1,2026-09-25
cronistas_marca,6,Gonçalo Guedes Guedes,Real Sociedad,2.0,1,2026-09-25
cronistas_marca,3,Gonçalo Guedes Guedes,Real Sociedad,2.0,1,2026-09-25
cronistas_marca,1,Gonçalo Guedes Guedes,Real Sociedad,2.0,1,2026-09-25
cronistas_marca,2,Gonçalo Guedes Guedes,Real Sociedad,,0,2026-09-25
cronistas_marca,7,Aitor Fraga Fraga,Real Sociedad,,0,2026-09-25
cronistas_marca,5,Aitor Fraga Fraga,Real Sociedad,,0,2026-09-25
cronistas_marca,4,Aitor Fraga Fraga,Real Sociedad,,0,2026-09-25
cronistas_marca,6,Aitor Fraga Fraga,Real Sociedad,,0,2026-09-25
cronistas_marca,3,Aitor Fraga Fraga,Real Sociedad,,0,2026-09-25
cronistas_marca,1,Aitor Fraga Fraga,Real Sociedad,,0,2026-09-25
cronistas_marca,2,Aitor Fraga Fraga,Real Sociedad,,0,2026-09-25
cronistas_marca,7,Ibai Aguirre Aguirre,Real Sociedad,,0,2026-09-25
cronistas_marca,5,Ibai Aguirre Aguirre,Real Sociedad,,0,2026-09-25
cronistas_marca,4,Ibai Aguirre Aguirre,Real Sociedad,,0,2026-09-25
cronistas_marca,6,Ibai Aguirre Aguirre,Real Sociedad,,0,2026-09-25
cronistas_marca,3,Ibai Aguirre Aguirre,Real Sociedad,,0,2026-09-25
cronistas_marca,1,Ibai Aguirre Aguirre,Real Sociedad,,0,2026-09-25
cronistas_marca,2,Ibai Aguirre Aguirre,Real Sociedad,,0,2026-09-25
cronistas_marca,7,Jon Gorrotxategi Gorrotxategi,Real Sociedad,0.0,1,2026-09-25
cronistas_marca,5,Jon Gorrotxategi Gorrotxategi,Real Sociedad,0.0,1,2026-09-25
cronistas_marca,4,Jon Gorrotxategi Gorrotxategi,Real Sociedad,2.0,1,2026-09-25
cronistas_marca,6,Jon Gorrotxategi Gorrotxategi,Real Sociedad,2.0,1,2026-09-25
cronistas_marca,3,Jon Gorrotxategi Gorrotxategi,Real Sociedad,0.0,1,2026-09-25
cronistas_marca,1,Jon Gorrotxategi Gorrotxategi,Real Sociedad,,0,2026-09-25
cronistas_marca,2,Jon Gorrotxategi Gorrotxategi,Real Sociedad,,0,2026-09-25
cronistas_marca,7,Mamadou Sarr M. Sarr,Real Sociedad,,0,2026-09-25
cronistas_marca,5,Mamadou Sarr M. Sarr,Real Sociedad,6.0,1,2026-09-25
cronistas_marca,4,Mamadou Sarr M. Sarr,Real Sociedad,2.0,1,2026-09-25
cronistas_marca,6,Mamadou Sarr M. Sarr,Real Sociedad,,0,2026-09-25
cronistas_marca,3,Mamadou Sarr M. Sarr,Real Sociedad,,0,2026-09-25
cronistas_marca,7,Héctor Fort Fort,Real Sociedad,,0,2026-09-25
cronistas_marca,5,Héctor Fort Fort,Real Sociedad,,0,2026-09-25
cronistas_marca,4,Héctor Fort Fort,Real Sociedad,0.0,1,2026-09-25
cronistas_marca,6,Héctor Fort Fort,Real Sociedad,,0,2026-09-25
cronistas_marca,3,Héctor Fort Fort,Real Sociedad,,0,2026-09-25
cronistas_marca,1,Héctor Fort Fort,Real Sociedad,,0,2026-09-25
cronistas_marca,2,Héctor Fort Fort,Real Sociedad,,0,2026-09-25
cronistas_marca,7,Pablo Marín Marín,Real Sociedad,,0,2026-09-25
cronistas_marca,5,Pablo Marín Marín,Real Sociedad,,0,2026-09-25
cronistas_marca,4,Pablo Marín Marín,Real Sociedad,,0,2026-09-25
cronistas_marca,6,Pablo Marín Marín,Real Sociedad,,0,2026-09-25
cronistas_marca,3,Pablo Marín Marín,Real Sociedad,,0,2026-09-25
cronistas_marca,1,Pablo Marín Marín,Real Sociedad,,0,2026-09-25
cronistas_marca,2,Pablo Marín Marín,Real Sociedad,,0,2026-09-25
cronistas_marca,7,Jon Guridi Guridi,Sevilla,2.0,1,2026-09-25
cronistas_marca,6,Jon Guridi Guridi,Sevilla,6.0,1,2026-09-25
cronistas_marca,5,Jon Guridi Guridi,Sevilla,0.0,1,2026-09-25
cronistas_marca,4,Jon Guridi Guridi,Sevilla,6.0,1,2026-09-25
cronistas_marca,3,Jon Guridi Guridi,Sevilla,2.0,1,2026-09-25
cronistas_marca,2,Jon Guridi Guridi,Sevilla,2.0,1,2026-09-25
cronistas_marca,1,Jon Guridi Guridi,Sevilla,9.0,1,2026-09-25
cronistas_marca,7,Odysseas Vlachodimos Vlachodimos,Sevilla,6.0,1,2026-09-25
cronistas_marca,6,Odysseas Vlachodimos Vlachodimos,Sevilla,6.0,1,2026-09-25
cronistas_marca,5,Odysseas Vlachodimos Vlachodimos,Sevilla,6.0,1,2026-09-25
cronistas_marca,4,Odysseas Vlachodimos Vlachodimos,Sevilla,2.0,1,2026-09-25
cronistas_marca,3,Odysseas Vlachodimos Vlachodimos,Sevilla,2.0,1,2026-09-25
cronistas_marca,2,Odysseas Vlachodimos Vlachodimos,Sevilla,2.0,1,2026-09-25
cronistas_marca,1,Odysseas Vlachodimos Vlachodimos,Sevilla,2.0,1,2026-09-25
cronistas_marca,7,Lucien Agoume Agoume,Sevilla,2.0,1,2026-09-25
cronistas_marca,6,Lucien Agoume Agoume,Sevilla,10.0,1,2026-09-25
cronistas_marca,5,Lucien Agoume Agoume,Sevilla,6.0,1,2026-09-25
cronistas_marca,4,Lucien Agoume Agoume,Sevilla,6.0,1,2026-09-25
cronistas_marca,3,Lucien Agoume Agoume,Sevilla,2.0,1,2026-09-25
cronistas_marca,2,Lucien Agoume Agoume,Sevilla,6.0,1,2026-09-25
cronistas_marca,1,Lucien Agoume Agoume,Sevilla,2.0,1,2026-09-25
cronistas_marca,7,Rafael Romero Rafa,Sevilla,,0,2026-09-25
cronistas_marca,6,Rafael Romero Rafa,Sevilla,,0,2026-09-25
cronistas_marca,5,Rafael Romero Rafa,Sevilla,,0,2026-09-25
cronistas_marca,4,Rafael Romero Rafa,Sevilla,,0,2026-09-25
cronistas_marca,3,Rafael Romero Rafa,Sevilla,,0,2026-09-25
cronistas_marca,2,Rafael Romero Rafa,Sevilla,,0,2026-09-25
cronistas_marca,1,Rafael Romero Rafa,Sevilla,,0,2026-09-25
cronistas_marca,7,Juan Iglesias Iglesias,Sevilla,2.0,1,2026-09-25
cronistas_marca,6,Juan Iglesias Iglesias,Sevilla,6.0,1,2026-09-25
cronistas_marca,5,Juan Iglesias Iglesias,Sevilla,15.0,1,2026-09-25
cronistas_marca,4,Juan Iglesias Iglesias,Sevilla,2.0,1,2026-09-25
cronistas_marca,3,Juan Iglesias Iglesias,Sevilla,-2.0,1,2026-09-25
cronistas_marca,2,Juan Iglesias Iglesias,Sevilla,2.0,1,2026-09-25
cronistas_marca,1,Juan Iglesias Iglesias,Sevilla,6.0,1,2026-09-25
cronistas_marca,7,Rubén Vargas Vargas,Sevilla,,0,2026-09-25
cronistas_marca,6,Rubén Vargas Vargas,Sevilla,,0,2026-09-25
cronistas_marca,5,Rubén Vargas Vargas,Sevilla,,0,2026-09-25
cronistas_marca,4,Rubén Vargas Vargas,Sevilla,,0,2026-09-25
cronistas_marca,3,Rubén Vargas Vargas,Sevilla,,0,2026-09-25
cronistas_marca,2,Rubén Vargas Vargas,Sevilla,,0,2026-09-25
cronistas_marca,1,Rubén Vargas Vargas,Sevilla,2.0,1,2026-09-25
cronistas_marca,7,José Ángel Carmona Carmona,Sevilla,-2.0,1,2026-09-25
cronistas_marca,6,José Ángel Carmona Carmona,Sevilla,,0,2026-09-25
cronistas_marca,5,José Ángel Carmona Carmona,Sevilla,,0,2026-09-25
cronistas_marca,4,José Ángel Carmona Carmona,Sevilla,2.0,1,2026-09-25
cronistas_marca,3,José Ángel Carmona Carmona,Sevilla,,0,2026-09-25
cronistas_marca,2,José Ángel Carmona Carmona,Sevilla,2.0,1,2026-09-25
cronistas_marca,1,José Ángel Carmona Carmona,Sevilla,,0,2026-09-25
cronistas_marca,7,Kike Salas Kike Salas,Sevilla,,0,2026-09-25
cronistas_marca,6,Kike Salas Kike Salas,Sevilla,6.0,1,2026-09-25
cronistas_marca,5,Kike Salas Kike Salas,Sevilla,6.0,1,2026-09-25
cronistas_marca,4,Kike Salas Kike Salas,Sevilla,6.0,1,2026-09-25
cronistas_marca,3,Kike Salas Kike Salas,Sevilla,2.0,1,2026-09-25
cronistas_marca,2,Kike Salas Kike Salas,Sevilla,,0,2026-09-25
cronistas_marca,1,Kike Salas Kike Salas,Sevilla,-4.0,1,2026-09-25
cronistas_marca,7,Peque Peque,Sevilla,,0,2026-09-25
cronistas_marca,6,Peque Peque,Sevilla,,0,2026-09-25
cronistas_marca,5,Peque Peque,Sevilla,,0,2026-09-25
cronistas_marca,4,Peque Peque,Sevilla,,0,2026-09-25
cronistas_marca,3,Peque Peque,Sevilla,2.0,1,2026-09-25
cronistas_marca,2,Peque Peque,Sevilla,2.0,1,2026-09-25
cronistas_marca,1,Peque Peque,Sevilla,9.0,1,2026-09-25
cronistas_marca,7,Manu Bueno Manu Bueno,Sevilla,,0,2026-09-25
cronistas_marca,6,Manu Bueno Manu Bueno,Sevilla,,0,2026-09-25
cronistas_marca,5,Manu Bueno Manu Bueno,Sevilla,,0,2026-09-25
cronistas_marca,4,Manu Bueno Manu Bueno,Sevilla,2.0,1,2026-09-25
cronistas_marca,3,Manu Bueno Manu Bueno,Sevilla,,0,2026-09-25
cronistas_marca,2,Manu Bueno Manu Bueno,Sevilla,,0,2026-09-25
cronistas_marca,1,Manu Bueno Manu Bueno,Sevilla,0.0,1,2026-09-25
cronistas_marca,7,Fran González Fran González,Sevilla,,0,2026-09-25
cronistas_marca,6,Fran González Fran González,Sevilla,,0,2026-09-25
cronistas_marca,5,Fran González Fran González,Sevilla,,0,2026-09-25
cronistas_marca,4,Fran González Fran González,Sevilla,,0,2026-09-25
cronistas_marca,3,Fran González Fran González,Sevilla,,0,2026-09-25
cronistas_marca,2,Fran González Fran González,Sevilla,,0,2026-09-25
cronistas_marca,1,Fran González Fran González,Sevilla,,0,2026-09-25
cronistas_marca,7,Isaac Romero Romero,Sevilla,2.0,1,2026-09-25
cronistas_marca,6,Isaac Romero Romero,Sevilla,2.0,1,2026-09-25
cronistas_marca,5,Isaac Romero Romero,Sevilla,2.0,1,2026-09-25
cronistas_marca,4,Isaac Romero Romero,Sevilla,,0,2026-09-25
cronistas_marca,3,Isaac Romero Romero,Sevilla,2.0,1,2026-09-25
cronistas_marca,2,Isaac Romero Romero,Sevilla,9.0,1,2026-09-25
cronistas_marca,1,Isaac Romero Romero,Sevilla,2.0,1,2026-09-25
cronistas_marca,7,Chidera Ejuke Ejuke,Sevilla,2.0,1,2026-09-25
cronistas_marca,6,Chidera Ejuke Ejuke,Sevilla,,0,2026-09-25
cronistas_marca,5,Chidera Ejuke Ejuke,Sevilla,2.0,1,2026-09-25
cronistas_marca,4,Chidera Ejuke Ejuke,Sevilla,2.0,1,2026-09-25
cronistas_marca,3,Chidera Ejuke Ejuke,Sevilla,6.0,1,2026-09-25
cronistas_marca,2,Chidera Ejuke Ejuke,Sevilla,10.0,1,2026-09-25
cronistas_marca,1,Chidera Ejuke Ejuke,Sevilla,2.0,1,2026-09-25
cronistas_marca,7,Gabriel Suazo Suazo,Sevilla,6.0,1,2026-09-25
cronistas_marca,6,Gabriel Suazo Suazo,Sevilla,6.0,1,2026-09-25
cronistas_marca,5,Gabriel Suazo Suazo,Sevilla,6.0,1,2026-09-25
cronistas_marca,4,Gabriel Suazo Suazo,Sevilla,2.0,1,2026-09-25
cronistas_marca,3,Gabriel Suazo Suazo,Sevilla,2.0,1,2026-09-25
cronistas_marca,2,Gabriel Suazo Suazo,Sevilla,2.0,1,2026-09-25
cronistas_marca,1,Gabriel Suazo Suazo,Sevilla,2.0,1,2026-09-25
cronistas_marca,7,Ibrahima Sow Ibra,Sevilla,,0,2026-09-25
cronistas_marca,6,Ibrahima Sow Ibra,Sevilla,,0,2026-09-25
cronistas_marca,5,Ibrahima Sow Ibra,Sevilla,,0,2026-09-25
cronistas_marca,4,Ibrahima Sow Ibra,Sevilla,,0,2026-09-25
cronistas_marca,3,Ibrahima Sow Ibra,Sevilla,,0,2026-09-25
cronistas_marca,2,Ibrahima Sow Ibra,Sevilla,,0,2026-09-25
cronistas_marca,1,Ibrahima Sow Ibra,Sevilla,,0,2026-09-25
cronistas_marca,7,Joaquín Oso Oso,Sevilla,,0,2026-09-25
cronistas_marca,6,Joaquín Oso Oso,Sevilla,11.0,1,2026-09-25
cronistas_marca,5,Joaquín Oso Oso,Sevilla,2.0,1,2026-09-25
cronistas_marca,7,Nico Guillén Guillén,Sevilla,,0,2026-09-25
cronistas_marca,6,Nico Guillén Guillén,Sevilla,,0,2026-09-25
cronistas_marca,5,Nico Guillén Guillén,Sevilla,,0,2026-09-25
cronistas_marca,4,Nico Guillén Guillén,Sevilla,,0,2026-09-25
cronistas_marca,3,Nico Guillén Guillén,Sevilla,,0,2026-09-25
cronistas_marca,2,Nico Guillén Guillén,Sevilla,2.0,1,2026-09-25
cronistas_marca,1,Nico Guillén Guillén,Sevilla,2.0,1,2026-09-25
cronistas_marca,7,Andrés Castrín Castrín,Sevilla,2.0,1,2026-09-25
cronistas_marca,6,Andrés Castrín Castrín,Sevilla,6.0,1,2026-09-25
cronistas_marca,5,Andrés Castrín Castrín,Sevilla,6.0,1,2026-09-25
cronistas_marca,4,Andrés Castrín Castrín,Sevilla,2.0,1,2026-09-25
cronistas_marca,3,Andrés Castrín Castrín,Sevilla,2.0,1,2026-09-25
cronistas_marca,2,Andrés Castrín Castrín,Sevilla,2.0,1,2026-09-25
cronistas_marca,1,Andrés Castrín Castrín,Sevilla,,0,2026-09-25
cronistas_marca,7,Edu Altozano Altozano,Sevilla,,0,2026-09-25
cronistas_marca,6,Edu Altozano Altozano,Sevilla,,0,2026-09-25
cronistas_marca,5,Edu Altozano Altozano,Sevilla,,0,2026-09-25
cronistas_marca,4,Edu Altozano Altozano,Sevilla,,0,2026-09-25
cronistas_marca,3,Edu Altozano Altozano,Sevilla,,0,2026-09-25
cronistas_marca,2,Edu Altozano Altozano,Sevilla,,0,2026-09-25
cronistas_marca,1,Edu Altozano Altozano,Sevilla,,0,2026-09-25
cronistas_marca,7,Miguel Sierra Sierra,Sevilla,6.0,1,2026-09-25
cronistas_marca,6,Miguel Sierra Sierra,Sevilla,14.0,1,2026-09-25
cronistas_marca,5,Miguel Sierra Sierra,Sevilla,2.0,1,2026-09-25
cronistas_marca,4,Miguel Sierra Sierra,Sevilla,2.0,1,2026-09-25
cronistas_marca,3,Miguel Sierra Sierra,Sevilla,10.0,1,2026-09-25
cronistas_marca,2,Miguel Sierra Sierra,Sevilla,6.0,1,2026-09-25
cronistas_marca,1,Miguel Sierra Sierra,Sevilla,6.0,1,2026-09-25
cronistas_marca,7,Iker Muñoz Iker Muñoz,Sevilla,,0,2026-09-25
cronistas_marca,6,Iker Muñoz Iker Muñoz,Sevilla,,0,2026-09-25
cronistas_marca,5,Iker Muñoz Iker Muñoz,Sevilla,,0,2026-09-25
cronistas_marca,4,Iker Muñoz Iker Muñoz,Sevilla,,0,2026-09-25
cronistas_marca,3,Iker Muñoz Iker Muñoz,Sevilla,,0,2026-09-25
cronistas_marca,2,Iker Muñoz Iker Muñoz,Sevilla,,0,2026-09-25
cronistas_marca,1,Iker Muñoz Iker Muñoz,Sevilla,,0,2026-09-25
cronistas_marca,7,Julio Díaz Julio Díaz,Sevilla,,0,2026-09-25
cronistas_marca,6,Julio Díaz Julio Díaz,Sevilla,0.0,1,2026-09-25
cronistas_marca,5,Julio Díaz Julio Díaz,Sevilla,0.0,1,2026-09-25
cronistas_marca,4,Julio Díaz Julio Díaz,Sevilla,,0,2026-09-25
cronistas_marca,3,Julio Díaz Julio Díaz,Sevilla,2.0,1,2026-09-25
cronistas_marca,2,Julio Díaz Julio Díaz,Sevilla,2.0,1,2026-09-25
cronistas_marca,1,Julio Díaz Julio Díaz,Sevilla,,0,2026-09-25
cronistas_marca,7,Arouna Sangante Sangante,Sevilla,-2.0,1,2026-09-25
cronistas_marca,6,Arouna Sangante Sangante,Sevilla,,0,2026-09-25
cronistas_marca,5,Arouna Sangante Sangante,Sevilla,,0,2026-09-25
cronistas_marca,4,Arouna Sangante Sangante,Sevilla,-8.0,1,2026-09-25
cronistas_marca,3,Arouna Sangante Sangante,Sevilla,,0,2026-09-25
cronistas_marca,2,Arouna Sangante Sangante,Sevilla,2.0,1,2026-09-25
cronistas_marca,1,Arouna Sangante Sangante,Sevilla,-2.0,1,2026-09-25
cronistas_marca,7,Robbie Ure Ure,Sevilla,2.0,1,2026-09-25
cronistas_marca,6,Robbie Ure Ure,Sevilla,0.0,1,2026-09-25
cronistas_marca,5,Robbie Ure Ure,Sevilla,2.0,1,2026-09-25
cronistas_marca,4,Robbie Ure Ure,Sevilla,2.0,1,2026-09-25
cronistas_marca,3,Robbie Ure Ure,Sevilla,2.0,1,2026-09-25
cronistas_marca,2,Robbie Ure Ure,Sevilla,2.0,1,2026-09-25
cronistas_marca,1,Robbie Ure Ure,Sevilla,6.0,1,2026-09-25
cronistas_marca,7,Giorgi Kochorashvili Kochorashvili,Sevilla,2.0,1,2026-09-25
cronistas_marca,6,Giorgi Kochorashvili Kochorashvili,Sevilla,2.0,1,2026-09-25
cronistas_marca,5,Giorgi Kochorashvili Kochorashvili,Sevilla,2.0,1,2026-09-25
cronistas_marca,4,Giorgi Kochorashvili Kochorashvili,Sevilla,2.0,1,2026-09-25
cronistas_marca,3,Giorgi Kochorashvili Kochorashvili,Sevilla,6.0,1,2026-09-25
cronistas_marca,2,Giorgi Kochorashvili Kochorashvili,Sevilla,,0,2026-09-25
cronistas_marca,7,Manuel Ángel Castillo Castillo,Sevilla,,0,2026-09-25
cronistas_marca,6,Manuel Ángel Castillo Castillo,Sevilla,,0,2026-09-25
cronistas_marca,5,Manuel Ángel Castillo Castillo,Sevilla,,0,2026-09-25
cronistas_marca,4,Manuel Ángel Castillo Castillo,Sevilla,,0,2026-09-25
cronistas_marca,3,Manuel Ángel Castillo Castillo,Sevilla,,0,2026-09-25
cronistas_marca,2,Manuel Ángel Castillo Castillo,Sevilla,,0,2026-09-25
cronistas_marca,1,Manuel Ángel Castillo Castillo,Sevilla,,0,2026-09-25
cronistas_marca,7,Alfonso González Alfon,Sevilla,2.0,1,2026-09-25
cronistas_marca,6,Alfonso González Alfon,Sevilla,,0,2026-09-25
cronistas_marca,5,Alfonso González Alfon,Sevilla,,0,2026-09-25
cronistas_marca,4,Alfonso González Alfon,Sevilla,,0,2026-09-25
cronistas_marca,3,Alfonso González Alfon,Sevilla,0.0,1,2026-09-25
cronistas_marca,2,Alfonso González Alfon,Sevilla,,0,2026-09-25
cronistas_marca,1,Alfonso González Alfon,Sevilla,,0,2026-09-25
cronistas_marca,7,Félix Correia Félix Correia,Sevilla,2.0,1,2026-09-25
cronistas_marca,6,Félix Correia Félix Correia,Sevilla,6.0,1,2026-09-25
cronistas_marca,5,Félix Correia Félix Correia,Sevilla,2.0,1,2026-09-25
cronistas_marca,4,Félix Correia Félix Correia,Sevilla,,0,2026-09-25
cronistas_marca,7,Youssouf Fofana Fofana,Sevilla,10.0,1,2026-09-25
cronistas_marca,6,Youssouf Fofana Fofana,Sevilla,6.0,1,2026-09-25
cronistas_marca,5,Youssouf Fofana Fofana,Sevilla,6.0,1,2026-09-25
cronistas_marca,4,Youssouf Fofana Fofana,Sevilla,2.0,1,2026-09-25
cronistas_marca,7,Sergio Recio Recio,Sevilla,,0,2026-09-25
cronistas_marca,6,Sergio Recio Recio,Sevilla,,0,2026-09-25
cronistas_marca,5,Sergio Recio Recio,Sevilla,,0,2026-09-25
cronistas_marca,4,Sergio Recio Recio,Sevilla,,0,2026-09-25
cronistas_marca,3,Sergio Recio Recio,Sevilla,,0,2026-09-25
cronistas_marca,2,Sergio Recio Recio,Sevilla,,0,2026-09-25
cronistas_marca,1,Sergio Recio Recio,Sevilla,,0,2026-09-25
cronistas_marca,7,Lucas Stassin Stassin,Sevilla,,0,2026-09-25
cronistas_marca,6,Lucas Stassin Stassin,Sevilla,6.0,1,2026-09-25
cronistas_marca,5,Lucas Stassin Stassin,Sevilla,2.0,1,2026-09-25
cronistas_marca,4,Lucas Stassin Stassin,Sevilla,9.0,1,2026-09-25
cronistas_marca,3,Lucas Stassin Stassin,Sevilla,,0,2026-09-25
cronistas_marca,2,Lucas Stassin Stassin,Sevilla,,0,2026-09-25
cronistas_marca,1,Lucas Stassin Stassin,Sevilla,,0,2026-09-25
cronistas_marca,7,Marcão Marcão,Sevilla,,0,2026-09-25
cronistas_marca,6,Marcão Marcão,Sevilla,,0,2026-09-25
cronistas_marca,5,Marcão Marcão,Sevilla,,0,2026-09-25
cronistas_marca,4,Marcão Marcão,Sevilla,,0,2026-09-25
cronistas_marca,3,Marcão Marcão,Sevilla,,0,2026-09-25
cronistas_marca,2,Marcão Marcão,Sevilla,,0,2026-09-25
cronistas_marca,1,Marcão Marcão,Sevilla,,0,2026-09-25
cronistas_marca,7,José Gayà Gayà,Valencia,0.0,1,2026-09-25
cronistas_marca,6,José Gayà Gayà,Valencia,2.0,1,2026-09-25
cronistas_marca,5,José Gayà Gayà,Valencia,2.0,1,2026-09-25
cronistas_marca,4,José Gayà Gayà,Valencia,2.0,1,2026-09-25
cronistas_marca,3,José Gayà Gayà,Valencia,,0,2026-09-25
cronistas_marca,1,José Gayà Gayà,Valencia,,0,2026-09-25
cronistas_marca,2,José Gayà Gayà,Valencia,2.0,1,2026-09-25
cronistas_marca,7,Stole Dimitrievski Dimitrievski,Valencia,0.0,1,2026-09-25
cronistas_marca,6,Stole Dimitrievski Dimitrievski,Valencia,6.0,1,2026-09-25
cronistas_marca,5,Stole Dimitrievski Dimitrievski,Valencia,2.0,1,2026-09-25
cronistas_marca,4,Stole Dimitrievski Dimitrievski,Valencia,2.0,1,2026-09-25
cronistas_marca,3,Stole Dimitrievski Dimitrievski,Valencia,2.0,1,2026-09-25
cronistas_marca,1,Stole Dimitrievski Dimitrievski,Valencia,2.0,1,2026-09-25
cronistas_marca,2,Stole Dimitrievski Dimitrievski,Valencia,2.0,1,2026-09-25
cronistas_marca,7,Pablo Maffeo Maffeo,Valencia,0.0,1,2026-09-25
cronistas_marca,6,Pablo Maffeo Maffeo,Valencia,2.0,1,2026-09-25
cronistas_marca,5,Pablo Maffeo Maffeo,Valencia,2.0,1,2026-09-25
cronistas_marca,4,Pablo Maffeo Maffeo,Valencia,-2.0,1,2026-09-25
cronistas_marca,3,Pablo Maffeo Maffeo,Valencia,,0,2026-09-25
cronistas_marca,1,Pablo Maffeo Maffeo,Valencia,2.0,1,2026-09-25
cronistas_marca,2,Pablo Maffeo Maffeo,Valencia,2.0,1,2026-09-25
cronistas_marca,7,Pepelu Pepelu,Valencia,0.0,1,2026-09-25
cronistas_marca,6,Pepelu Pepelu,Valencia,2.0,1,2026-09-25
cronistas_marca,5,Pepelu Pepelu,Valencia,2.0,1,2026-09-25
cronistas_marca,4,Pepelu Pepelu,Valencia,-2.0,1,2026-09-25
cronistas_marca,3,Pepelu Pepelu,Valencia,2.0,1,2026-09-25
cronistas_marca,1,Pepelu Pepelu,Valencia,2.0,1,2026-09-25
cronistas_marca,2,Pepelu Pepelu,Valencia,2.0,1,2026-09-25
cronistas_marca,7,Mouctar Diakhaby Diakhaby,Valencia,,0,2026-09-25
cronistas_marca,6,Mouctar Diakhaby Diakhaby,Valencia,,0,2026-09-25
cronistas_marca,5,Mouctar Diakhaby Diakhaby,Valencia,,0,2026-09-25
cronistas_marca,4,Mouctar Diakhaby Diakhaby,Valencia,-2.0,1,2026-09-25
cronistas_marca,3,Mouctar Diakhaby Diakhaby,Valencia,-2.0,1,2026-09-25
cronistas_marca,1,Mouctar Diakhaby Diakhaby,Valencia,2.0,1,2026-09-25
cronistas_marca,2,Mouctar Diakhaby Diakhaby,Valencia,6.0,1,2026-09-25
cronistas_marca,7,Daniel Raba Raba,Valencia,,0,2026-09-25
cronistas_marca,6,Daniel Raba Raba,Valencia,,0,2026-09-25
cronistas_marca,5,Daniel Raba Raba,Valencia,,0,2026-09-25
cronistas_marca,4,Daniel Raba Raba,Valencia,,0,2026-09-25
cronistas_marca,3,Daniel Raba Raba,Valencia,-2.0,1,2026-09-25
cronistas_marca,1,Daniel Raba Raba,Valencia,,0,2026-09-25
cronistas_marca,2,Daniel Raba Raba,Valencia,,0,2026-09-25
cronistas_marca,7,Hugo Duro Duro,Valencia,0.0,1,2026-09-25
cronistas_marca,6,Hugo Duro Duro,Valencia,2.0,1,2026-09-25
cronistas_marca,5,Hugo Duro Duro,Valencia,0.0,1,2026-09-25
cronistas_marca,4,Hugo Duro Duro,Valencia,2.0,1,2026-09-25
cronistas_marca,3,Hugo Duro Duro,Valencia,2.0,1,2026-09-25
cronistas_marca,1,Hugo Duro Duro,Valencia,2.0,1,2026-09-25
cronistas_marca,2,Hugo Duro Duro,Valencia,0.0,1,2026-09-25
cronistas_marca,7,Cristian Rivero Rivero,Valencia,,0,2026-09-25
cronistas_marca,6,Cristian Rivero Rivero,Valencia,,0,2026-09-25
cronistas_marca,5,Cristian Rivero Rivero,Valencia,,0,2026-09-25
cronistas_marca,4,Cristian Rivero Rivero,Valencia,,0,2026-09-25
cronistas_marca,3,Cristian Rivero Rivero,Valencia,,0,2026-09-25
cronistas_marca,1,Cristian Rivero Rivero,Valencia,,0,2026-09-25
cronistas_marca,2,Cristian Rivero Rivero,Valencia,,0,2026-09-25
cronistas_marca,7,Arnaut Danjuma Danjuma,Valencia,0.0,1,2026-09-25
cronistas_marca,6,Arnaut Danjuma Danjuma,Valencia,2.0,1,2026-09-25
cronistas_marca,5,Arnaut Danjuma Danjuma,Valencia,2.0,1,2026-09-25
cronistas_marca,4,Arnaut Danjuma Danjuma,Valencia,2.0,1,2026-09-25
cronistas_marca,3,Arnaut Danjuma Danjuma,Valencia,-2.0,1,2026-09-25
cronistas_marca,1,Arnaut Danjuma Danjuma,Valencia,-2.0,1,2026-09-25
cronistas_marca,2,Arnaut Danjuma Danjuma,Valencia,2.0,1,2026-09-25
cronistas_marca,7,Guido Rodríguez Guido,Valencia,0.0,1,2026-09-25
cronistas_marca,6,Guido Rodríguez Guido,Valencia,2.0,1,2026-09-25
cronistas_marca,5,Guido Rodríguez Guido,Valencia,,0,2026-09-25
cronistas_marca,4,Guido Rodríguez Guido,Valencia,,0,2026-09-25
cronistas_marca,3,Guido Rodríguez Guido,Valencia,,0,2026-09-25
cronistas_marca,1,Guido Rodríguez Guido,Valencia,2.0,1,2026-09-25
cronistas_marca,2,Guido Rodríguez Guido,Valencia,2.0,1,2026-09-25
cronistas_marca,7,Umar Sadiq Sadiq,Valencia,,0,2026-09-25
cronistas_marca,6,Umar Sadiq Sadiq,Valencia,,0,2026-09-25
cronistas_marca,5,Umar Sadiq Sadiq,Valencia,,0,2026-09-25
cronistas_marca,4,Umar Sadiq Sadiq,Valencia,,0,2026-09-25
cronistas_marca,3,Umar Sadiq Sadiq,Valencia,5.0,1,2026-09-25
cronistas_marca,1,Umar Sadiq Sadiq,Valencia,-2.0,1,2026-09-25
cronistas_marca,2,Umar Sadiq Sadiq,Valencia,2.0,1,2026-09-25
cronistas_marca,7,Jesús Vázquez Jesús Vázquez,Valencia,0.0,1,2026-09-25
cronistas_marca,6,Jesús Vázquez Jesús Vázquez,Valencia,0.0,1,2026-09-25
cronistas_marca,5,Jesús Vázquez Jesús Vázquez,Valencia,0.0,1,2026-09-25
cronistas_marca,4,Jesús Vázquez Jesús Vázquez,Valencia,-2.0,1,2026-09-25
cronistas_marca,3,Jesús Vázquez Jesús Vázquez,Valencia,2.0,1,2026-09-25
cronistas_marca,1,Jesús Vázquez Jesús Vázquez,Valencia,2.0,1,2026-09-25
cronistas_marca,2,Jesús Vázquez Jesús Vázquez,Valencia,2.0,1,2026-09-25
cronistas_marca,7,César Tárrega Tárrega,Valencia,,0,2026-09-25
cronistas_marca,6,César Tárrega Tárrega,Valencia,,0,2026-09-25
cronistas_marca,5,César Tárrega Tárrega,Valencia,2.0,1,2026-09-25
cronistas_marca,4,César Tárrega Tárrega,Valencia,2.0,1,2026-09-25
cronistas_marca,3,César Tárrega Tárrega,Valencia,-2.0,1,2026-09-25
cronistas_marca,1,César Tárrega Tárrega,Valencia,2.0,1,2026-09-25
cronistas_marca,2,César Tárrega Tárrega,Valencia,2.0,1,2026-09-25
cronistas_marca,7,Javi Guerra Javi Guerra,Valencia,0.0,1,2026-09-25
cronistas_marca,6,Javi Guerra Javi Guerra,Valencia,6.0,1,2026-09-25
cronistas_marca,5,Javi Guerra Javi Guerra,Valencia,-2.0,1,2026-09-25
cronistas_marca,4,Javi Guerra Javi Guerra,Valencia,-2.0,1,2026-09-25
cronistas_marca,3,Javi Guerra Javi Guerra,Valencia,2.0,1,2026-09-25
cronistas_marca,1,Javi Guerra Javi Guerra,Valencia,2.0,1,2026-09-25
cronistas_marca,2,Javi Guerra Javi Guerra,Valencia,6.0,1,2026-09-25
cronistas_marca,7,Filip Ugrinic Ugrinic,Valencia,0.0,1,2026-09-25
cronistas_marca,6,Filip Ugrinic Ugrinic,Valencia,2.0,1,2026-09-25
cronistas_marca,5,Filip Ugrinic Ugrinic,Valencia,2.0,1,2026-09-25
cronistas_marca,4,Filip Ugrinic Ugrinic,Valencia,2.0,1,2026-09-25
cronistas_marca,3,Filip Ugrinic Ugrinic,Valencia,2.0,1,2026-09-25
cronistas_marca,1,Filip Ugrinic Ugrinic,Valencia,2.0,1,2026-09-25
cronistas_marca,2,Filip Ugrinic Ugrinic,Valencia,2.0,1,2026-09-25
cronistas_marca,7,David Otorbi Otorbi,Valencia,0.0,1,2026-09-25
cronistas_marca,6,David Otorbi Otorbi,Valencia,2.0,1,2026-09-25
cronistas_marca,5,David Otorbi Otorbi,Valencia,2.0,1,2026-09-25
cronistas_marca,4,David Otorbi Otorbi,Valencia,2.0,1,2026-09-25
cronistas_marca,3,David Otorbi Otorbi,Valencia,2.0,1,2026-09-25
cronistas_marca,1,David Otorbi Otorbi,Valencia,0.0,1,2026-09-25
cronistas_marca,2,David Otorbi Otorbi,Valencia,,0,2026-09-25
cronistas_marca,7,Iker Córdoba Córdoba,Valencia,,0,2026-09-25
cronistas_marca,6,Iker Córdoba Córdoba,Valencia,0.0,1,2026-09-25
cronistas_marca,5,Iker Córdoba Córdoba,Valencia,2.0,1,2026-09-25
cronistas_marca,4,Iker Córdoba Córdoba,Valencia,0.0,1,2026-09-25
cronistas_marca,3,Iker Córdoba Córdoba,Valencia,,0,2026-09-25
cronistas_marca,1,Iker Córdoba Córdoba,Valencia,,0,2026-09-25
cronistas_marca,2,Iker Córdoba Córdoba,Valencia,,0,2026-09-25
cronistas_marca,7,Raúl Jiménez Raúl Jiménez,Valencia,,0,2026-09-25
cronistas_marca,6,Raúl Jiménez Raúl Jiménez,Valencia,,0,2026-09-25
cronistas_marca,5,Raúl Jiménez Raúl Jiménez,Valencia,,0,2026-09-25
cronistas_marca,4,Raúl Jiménez Raúl Jiménez,Valencia,,0,2026-09-25
cronistas_marca,3,Raúl Jiménez Raúl Jiménez,Valencia,,0,2026-09-25
cronistas_marca,1,Raúl Jiménez Raúl Jiménez,Valencia,,0,2026-09-25
cronistas_marca,2,Raúl Jiménez Raúl Jiménez,Valencia,,0,2026-09-25
cronistas_marca,7,Aliou Dieng Dieng,Valencia,,0,2026-09-25
cronistas_marca,6,Aliou Dieng Dieng,Valencia,,0,2026-09-25
cronistas_marca,5,Aliou Dieng Dieng,Valencia,-2.0,1,2026-09-25
cronistas_marca,4,Aliou Dieng Dieng,Valencia,2.0,1,2026-09-25
cronistas_marca,3,Aliou Dieng Dieng,Valencia,2.0,1,2026-09-25
cronistas_marca,1,Aliou Dieng Dieng,Valencia,0.0,1,2026-09-25
cronistas_marca,2,Aliou Dieng Dieng,Valencia,2.0,1,2026-09-25
cronistas_marca,7,Marcos Navarro Navarro,Valencia,,0,2026-09-25
cronistas_marca,6,Marcos Navarro Navarro,Valencia,,0,2026-09-25
cronistas_marca,5,Marcos Navarro Navarro,Valencia,,0,2026-09-25
cronistas_marca,4,Marcos Navarro Navarro,Valencia,,0,2026-09-25
cronistas_marca,3,Marcos Navarro Navarro,Valencia,,0,2026-09-25
cronistas_marca,1,Marcos Navarro Navarro,Valencia,,0,2026-09-25
cronistas_marca,2,Marcos Navarro Navarro,Valencia,,0,2026-09-25
cronistas_marca,7,Justin de Haas De Haas,Valencia,0.0,1,2026-09-25
cronistas_marca,6,Justin de Haas De Haas,Valencia,2.0,1,2026-09-25
cronistas_marca,5,Justin de Haas De Haas,Valencia,,0,2026-09-25
cronistas_marca,4,Justin de Haas De Haas,Valencia,,0,2026-09-25
cronistas_marca,3,Justin de Haas De Haas,Valencia,,0,2026-09-25
cronistas_marca,1,Justin de Haas De Haas,Valencia,,0,2026-09-25
cronistas_marca,2,Justin de Haas De Haas,Valencia,2.0,1,2026-09-25
cronistas_marca,7,Ryunosuke Sato Sato,Valencia,,0,2026-09-25
cronistas_marca,6,Ryunosuke Sato Sato,Valencia,,0,2026-09-25
cronistas_marca,5,Ryunosuke Sato Sato,Valencia,-2.0,1,2026-09-25
cronistas_marca,4,Ryunosuke Sato Sato,Valencia,2.0,1,2026-09-25
cronistas_marca,3,Ryunosuke Sato Sato,Valencia,2.0,1,2026-09-25
cronistas_marca,1,Ryunosuke Sato Sato,Valencia,6.0,1,2026-09-25
cronistas_marca,2,Ryunosuke Sato Sato,Valencia,2.0,1,2026-09-25
cronistas_marca,7,Jaume Durá Durá,Valencia,,0,2026-09-25
cronistas_marca,6,Jaume Durá Durá,Valencia,,0,2026-09-25
cronistas_marca,5,Jaume Durá Durá,Valencia,,0,2026-09-25
cronistas_marca,4,Jaume Durá Durá,Valencia,,0,2026-09-25
cronistas_marca,3,Jaume Durá Durá,Valencia,,0,2026-09-25
cronistas_marca,1,Jaume Durá Durá,Valencia,,0,2026-09-25
cronistas_marca,2,Jaume Durá Durá,Valencia,,0,2026-09-25
cronistas_marca,7,Luis Rioja Rioja,Valencia,0.0,1,2026-09-25
cronistas_marca,6,Luis Rioja Rioja,Valencia,10.0,1,2026-09-25
cronistas_marca,5,Luis Rioja Rioja,Valencia,,0,2026-09-25
cronistas_marca,4,Luis Rioja Rioja,Valencia,,0,2026-09-25
cronistas_marca,3,Luis Rioja Rioja,Valencia,2.0,1,2026-09-25
cronistas_marca,1,Luis Rioja Rioja,Valencia,2.0,1,2026-09-25
cronistas_marca,2,Luis Rioja Rioja,Valencia,,0,2026-09-25
cronistas_marca,7,Alejandro Panach Panach,Valencia,,0,2026-09-25
cronistas_marca,6,Alejandro Panach Panach,Valencia,,0,2026-09-25
cronistas_marca,5,Alejandro Panach Panach,Valencia,,0,2026-09-25
cronistas_marca,4,Alejandro Panach Panach,Valencia,,0,2026-09-25
cronistas_marca,3,Alejandro Panach Panach,Valencia,,0,2026-09-25
cronistas_marca,1,Alejandro Panach Panach,Valencia,,0,2026-09-25
cronistas_marca,2,Alejandro Panach Panach,Valencia,,0,2026-09-25
cronistas_marca,7,Rubi Muñoz Rubi,Valencia,,0,2026-09-25
cronistas_marca,6,Rubi Muñoz Rubi,Valencia,,0,2026-09-25
cronistas_marca,5,Rubi Muñoz Rubi,Valencia,,0,2026-09-25
cronistas_marca,4,Rubi Muñoz Rubi,Valencia,,0,2026-09-25
cronistas_marca,3,Rubi Muñoz Rubi,Valencia,,0,2026-09-25
cronistas_marca,1,Rubi Muñoz Rubi,Valencia,,0,2026-09-25
cronistas_marca,2,Rubi Muñoz Rubi,Valencia,,0,2026-09-25
cronistas_marca,7,Kayne van Oevelen Van Oevelen,Valencia,,0,2026-09-25
cronistas_marca,6,Kayne van Oevelen Van Oevelen,Valencia,,0,2026-09-25
cronistas_marca,5,Kayne van Oevelen Van Oevelen,Valencia,,0,2026-09-25
cronistas_marca,4,Kayne van Oevelen Van Oevelen,Valencia,,0,2026-09-25
cronistas_marca,3,Kayne van Oevelen Van Oevelen,Valencia,,0,2026-09-25
cronistas_marca,1,Kayne van Oevelen Van Oevelen,Valencia,,0,2026-09-25
cronistas_marca,7,Dimitri Foulquier Foulquier,Valencia,,0,2026-09-25
cronistas_marca,6,Dimitri Foulquier Foulquier,Valencia,,0,2026-09-25
cronistas_marca,5,Dimitri Foulquier Foulquier,Valencia,,0,2026-09-25
cronistas_marca,4,Dimitri Foulquier Foulquier,Valencia,,0,2026-09-25
cronistas_marca,3,Dimitri Foulquier Foulquier,Valencia,,0,2026-09-25
cronistas_marca,1,Dimitri Foulquier Foulquier,Valencia,,0,2026-09-25
cronistas_marca,2,Dimitri Foulquier Foulquier,Valencia,,0,2026-09-25
cronistas_marca,7,Arnau Martínez Arnau,Valencia,,0,2026-09-25
cronistas_marca,6,Arnau Martínez Arnau,Valencia,0.0,1,2026-09-25
cronistas_marca,5,Arnau Martínez Arnau,Valencia,2.0,1,2026-09-25
cronistas_marca,4,Arnau Martínez Arnau,Valencia,-2.0,1,2026-09-25
cronistas_marca,3,Arnau Martínez Arnau,Valencia,2.0,1,2026-09-25
cronistas_marca,7,Aaron Ndive Mayol Mayol,Valencia,4.0,1,2026-09-25
cronistas_marca,6,Aaron Ndive Mayol Mayol,Valencia,6.0,1,2026-09-25
cronistas_marca,5,Aaron Ndive Mayol Mayol,Valencia,,0,2026-09-25
cronistas_marca,4,Aaron Ndive Mayol Mayol,Valencia,,0,2026-09-25
cronistas_marca,3,Aaron Ndive Mayol Mayol,Valencia,,0,2026-09-25
cronistas_marca,1,Aaron Ndive Mayol Mayol,Valencia,,0,2026-09-25
cronistas_marca,2,Aaron Ndive Mayol Mayol,Valencia,,0,2026-09-25
cronistas_marca,7,Harvey Elliott Elliott,Valencia,0.0,1,2026-09-25
cronistas_marca,6,Harvey Elliott Elliott,Valencia,,0,2026-09-25
cronistas_marca,5,Harvey Elliott Elliott,Valencia,2.0,1,2026-09-25
cronistas_marca,4,Harvey Elliott Elliott,Valencia,2.0,1,2026-09-25
cronistas_marca,7,Aimar Blázquez Blázquez,Valencia,0.0,1,2026-09-25
cronistas_marca,6,Aimar Blázquez Blázquez,Valencia,,0,2026-09-25
cronistas_marca,5,Aimar Blázquez Blázquez,Valencia,,0,2026-09-25
cronistas_marca,4,Aimar Blázquez Blázquez,Valencia,,0,2026-09-25
cronistas_marca,3,Aimar Blázquez Blázquez,Valencia,,0,2026-09-25
cronistas_marca,1,Aimar Blázquez Blázquez,Valencia,,0,2026-09-25
cronistas_marca,2,Aimar Blázquez Blázquez,Valencia,,0,2026-09-25
cronistas_marca,7,Rodrigo Gamón Gamón,Valencia,,0,2026-09-25
cronistas_marca,6,Rodrigo Gamón Gamón,Valencia,,0,2026-09-25
cronistas_marca,5,Rodrigo Gamón Gamón,Valencia,,0,2026-09-25
cronistas_marca,4,Rodrigo Gamón Gamón,Valencia,,0,2026-09-25
cronistas_marca,3,Rodrigo Gamón Gamón,Valencia,,0,2026-09-25
cronistas_marca,1,Rodrigo Gamón Gamón,Valencia,,0,2026-09-25
cronistas_marca,2,Rodrigo Gamón Gamón,Valencia,,0,2026-09-25
cronistas_marca,7,Pedro Bigas Bigas,Elche,2.0,1,2026-09-25
cronistas_marca,6,Pedro Bigas Bigas,Elche,,0,2026-09-25
cronistas_marca,5,Pedro Bigas Bigas,Elche,,0,2026-09-25
cronistas_marca,4,Pedro Bigas Bigas,Elche,-2.0,1,2026-09-25
cronistas_marca,3,Pedro Bigas Bigas,Elche,2.0,1,2026-09-25
cronistas_marca,2,Pedro Bigas Bigas,Elche,0.0,1,2026-09-25
cronistas_marca,1,Pedro Bigas Bigas,Elche,,0,2026-09-25
cronistas_marca,7,Josan Ferrández Josan,Elche,,0,2026-09-25
cronistas_marca,6,Josan Ferrández Josan,Elche,2.0,1,2026-09-25
cronistas_marca,5,Josan Ferrández Josan,Elche,,0,2026-09-25
cronistas_marca,4,Josan Ferrández Josan,Elche,2.0,1,2026-09-25
cronistas_marca,3,Josan Ferrández Josan,Elche,0.0,1,2026-09-25
cronistas_marca,2,Josan Ferrández Josan,Elche,,0,2026-09-25
cronistas_marca,1,Josan Ferrández Josan,Elche,,0,2026-09-25
cronistas_marca,7,Ezequiel Ponce Ponce,Elche,,0,2026-09-25
cronistas_marca,6,Ezequiel Ponce Ponce,Elche,,0,2026-09-25
cronistas_marca,5,Ezequiel Ponce Ponce,Elche,,0,2026-09-25
cronistas_marca,4,Ezequiel Ponce Ponce,Elche,2.0,1,2026-09-25
cronistas_marca,3,Ezequiel Ponce Ponce,Elche,2.0,1,2026-09-25
cronistas_marca,2,Ezequiel Ponce Ponce,Elche,2.0,1,2026-09-25
cronistas_marca,1,Ezequiel Ponce Ponce,Elche,,0,2026-09-25
cronistas_marca,7,Gonzalo Villar Villar,Elche,2.0,1,2026-09-25
cronistas_marca,6,Gonzalo Villar Villar,Elche,2.0,1,2026-09-25
cronistas_marca,5,Gonzalo Villar Villar,Elche,2.0,1,2026-09-25
cronistas_marca,4,Gonzalo Villar Villar,Elche,2.0,1,2026-09-25
cronistas_marca,3,Gonzalo Villar Villar,Elche,2.0,1,2026-09-25
cronistas_marca,2,Gonzalo Villar Villar,Elche,6.0,1,2026-09-25
cronistas_marca,1,Gonzalo Villar Villar,Elche,6.0,1,2026-09-25
cronistas_marca,7,Tete Morente Tete Morente,Elche,2.0,1,2026-09-25
cronistas_marca,6,Tete Morente Tete Morente,Elche,2.0,1,2026-09-25
cronistas_marca,5,Tete Morente Tete Morente,Elche,6.0,1,2026-09-25
cronistas_marca,4,Tete Morente Tete Morente,Elche,2.0,1,2026-09-25
cronistas_marca,3,Tete Morente Tete Morente,Elche,6.0,1,2026-09-25
cronistas_marca,2,Tete Morente Tete Morente,Elche,6.0,1,2026-09-25
cronistas_marca,1,Tete Morente Tete Morente,Elche,2.0,1,2026-09-25
cronistas_marca,7,Fernando Niño Fer Niño,Elche,16.0,1,2026-09-25
cronistas_marca,6,Fernando Niño Fer Niño,Elche,9.0,1,2026-09-25
cronistas_marca,5,Fernando Niño Fer Niño,Elche,2.0,1,2026-09-25
cronistas_marca,4,Fernando Niño Fer Niño,Elche,1.0,1,2026-09-25
cronistas_marca,3,Fernando Niño Fer Niño,Elche,9.0,1,2026-09-25
cronistas_marca,2,Fernando Niño Fer Niño,Elche,-2.0,1,2026-09-25
cronistas_marca,1,Fernando Niño Fer Niño,Elche,2.0,1,2026-09-25
cronistas_marca,7,Germán Valera Valera,Elche,14.0,1,2026-09-25
cronistas_marca,6,Germán Valera Valera,Elche,2.0,1,2026-09-25
cronistas_marca,5,Germán Valera Valera,Elche,2.0,1,2026-09-25
cronistas_marca,4,Germán Valera Valera,Elche,6.0,1,2026-09-25
cronistas_marca,3,Germán Valera Valera,Elche,2.0,1,2026-09-25
cronistas_marca,2,Germán Valera Valera,Elche,6.0,1,2026-09-25
cronistas_marca,1,Germán Valera Valera,Elche,6.0,1,2026-09-25
cronistas_marca,7,Víctor Chust Chust,Elche,2.0,1,2026-09-25
cronistas_marca,6,Víctor Chust Chust,Elche,2.0,1,2026-09-25
cronistas_marca,5,Víctor Chust Chust,Elche,2.0,1,2026-09-25
cronistas_marca,4,Víctor Chust Chust,Elche,-2.0,1,2026-09-25
cronistas_marca,3,Víctor Chust Chust,Elche,2.0,1,2026-09-25
cronistas_marca,2,Víctor Chust Chust,Elche,-2.0,1,2026-09-25
cronistas_marca,1,Víctor Chust Chust,Elche,2.0,1,2026-09-25
cronistas_marca,7,David Affengruber Affengruber,Elche,2.0,1,2026-09-25
cronistas_marca,6,David Affengruber Affengruber,Elche,-2.0,1,2026-09-25
cronistas_marca,5,David Affengruber Affengruber,Elche,2.0,1,2026-09-25
cronistas_marca,7,Matías Dituro Dituro,Elche,6.0,1,2026-09-25
cronistas_marca,6,Matías Dituro Dituro,Elche,2.0,1,2026-09-25
cronistas_marca,5,Matías Dituro Dituro,Elche,6.0,1,2026-09-25
cronistas_marca,4,Matías Dituro Dituro,Elche,-2.0,1,2026-09-25
cronistas_marca,3,Matías Dituro Dituro,Elche,-2.0,1,2026-09-25
cronistas_marca,2,Matías Dituro Dituro,Elche,2.0,1,2026-09-25
cronistas_marca,1,Matías Dituro Dituro,Elche,2.0,1,2026-09-25
cronistas_marca,7,Alejandro Iturbe Iturbe,Elche,,0,2026-09-25
cronistas_marca,6,Alejandro Iturbe Iturbe,Elche,,0,2026-09-25
cronistas_marca,5,Alejandro Iturbe Iturbe,Elche,,0,2026-09-25
cronistas_marca,4,Alejandro Iturbe Iturbe,Elche,,0,2026-09-25
cronistas_marca,3,Alejandro Iturbe Iturbe,Elche,,0,2026-09-25
cronistas_marca,2,Alejandro Iturbe Iturbe,Elche,,0,2026-09-25
cronistas_marca,1,Alejandro Iturbe Iturbe,Elche,,0,2026-09-25
cronistas_marca,7,Marc Aguado Aguado,Elche,,0,2026-09-25
cronistas_marca,6,Marc Aguado Aguado,Elche,6.0,1,2026-09-25
cronistas_marca,5,Marc Aguado Aguado,Elche,,0,2026-09-25
cronistas_marca,4,Marc Aguado Aguado,Elche,,0,2026-09-25
cronistas_marca,3,Marc Aguado Aguado,Elche,-2.0,1,2026-09-25
cronistas_marca,2,Marc Aguado Aguado,Elche,-2.0,1,2026-09-25
cronistas_marca,1,Marc Aguado Aguado,Elche,10.0,1,2026-09-25
cronistas_marca,7,Facundo Buonanotte Buonanotte,Elche,,0,2026-09-25
cronistas_marca,6,Facundo Buonanotte Buonanotte,Elche,,0,2026-09-25
cronistas_marca,5,Facundo Buonanotte Buonanotte,Elche,9.0,1,2026-09-25
cronistas_marca,4,Facundo Buonanotte Buonanotte,Elche,2.0,1,2026-09-25
cronistas_marca,3,Facundo Buonanotte Buonanotte,Elche,2.0,1,2026-09-25
cronistas_marca,2,Facundo Buonanotte Buonanotte,Elche,2.0,1,2026-09-25
cronistas_marca,1,Facundo Buonanotte Buonanotte,Elche,,0,2026-09-25
cronistas_marca,7,Buba Sangaré Sangaré,Elche,2.0,1,2026-09-25
cronistas_marca,6,Buba Sangaré Sangaré,Elche,2.0,1,2026-09-25
cronistas_marca,5,Buba Sangaré Sangaré,Elche,2.0,1,2026-09-25
cronistas_marca,4,Buba Sangaré Sangaré,Elche,-2.0,1,2026-09-25
cronistas_marca,3,Buba Sangaré Sangaré,Elche,7.0,1,2026-09-25
cronistas_marca,2,Buba Sangaré Sangaré,Elche,2.0,1,2026-09-25
cronistas_marca,1,Buba Sangaré Sangaré,Elche,2.0,1,2026-09-25
cronistas_marca,7,Nordin Al Lal Al Lal,Elche,,0,2026-09-25
cronistas_marca,6,Nordin Al Lal Al Lal,Elche,,0,2026-09-25
cronistas_marca,5,Nordin Al Lal Al Lal,Elche,,0,2026-09-25
cronistas_marca,4,Nordin Al Lal Al Lal,Elche,,0,2026-09-25
cronistas_marca,7,Martim Neto Martim Neto,Elche,,0,2026-09-25
cronistas_marca,6,Martim Neto Martim Neto,Elche,2.0,1,2026-09-25
cronistas_marca,5,Martim Neto Martim Neto,Elche,2.0,1,2026-09-25
cronistas_marca,4,Martim Neto Martim Neto,Elche,,0,2026-09-25
cronistas_marca,3,Martim Neto Martim Neto,Elche,,0,2026-09-25
cronistas_marca,2,Martim Neto Martim Neto,Elche,2.0,1,2026-09-25
cronistas_marca,1,Martim Neto Martim Neto,Elche,2.0,1,2026-09-25
cronistas_marca,7,Matia Barzic Barzic,Elche,2.0,1,2026-09-25
cronistas_marca,6,Matia Barzic Barzic,Elche,,0,2026-09-25
cronistas_marca,5,Matia Barzic Barzic,Elche,,0,2026-09-25
cronistas_marca,4,Matia Barzic Barzic,Elche,,0,2026-09-25
cronistas_marca,3,Matia Barzic Barzic,Elche,,0,2026-09-25
cronistas_marca,2,Matia Barzic Barzic,Elche,,0,2026-09-25
cronistas_marca,1,Matia Barzic Barzic,Elche,,0,2026-09-25
cronistas_marca,7,Ali Houary Ali Houary,Elche,,0,2026-09-25
cronistas_marca,6,Ali Houary Ali Houary,Elche,,0,2026-09-25
cronistas_marca,5,Ali Houary Ali Houary,Elche,,0,2026-09-25
cronistas_marca,4,Ali Houary Ali Houary,Elche,,0,2026-09-25
cronistas_marca,3,Ali Houary Ali Houary,Elche,2.0,1,2026-09-25
cronistas_marca,2,Ali Houary Ali Houary,Elche,2.0,1,2026-09-25
cronistas_marca,1,Ali Houary Ali Houary,Elche,2.0,1,2026-09-25
cronistas_marca,7,Federico Redondo Redondo,Elche,-8.0,1,2026-09-25
cronistas_marca,6,Federico Redondo Redondo,Elche,2.0,1,2026-09-25
cronistas_marca,5,Federico Redondo Redondo,Elche,2.0,1,2026-09-25
cronistas_marca,4,Federico Redondo Redondo,Elche,,0,2026-09-25
cronistas_marca,3,Federico Redondo Redondo,Elche,,0,2026-09-25
cronistas_marca,2,Federico Redondo Redondo,Elche,-2.0,1,2026-09-25
cronistas_marca,1,Federico Redondo Redondo,Elche,2.0,1,2026-09-25
cronistas_marca,7,Lucas Cepeda Cepeda,Elche,6.0,1,2026-09-25
cronistas_marca,6,Lucas Cepeda Cepeda,Elche,6.0,1,2026-09-25
cronistas_marca,5,Lucas Cepeda Cepeda,Elche,2.0,1,2026-09-25
cronistas_marca,4,Lucas Cepeda Cepeda,Elche,0.0,1,2026-09-25
cronistas_marca,3,Lucas Cepeda Cepeda,Elche,2.0,1,2026-09-25
cronistas_marca,2,Lucas Cepeda Cepeda,Elche,2.0,1,2026-09-25
cronistas_marca,1,Lucas Cepeda Cepeda,Elche,2.0,1,2026-09-25
cronistas_marca,7,Javi Morcillo Morcillo,Elche,10.0,1,2026-09-25
cronistas_marca,6,Javi Morcillo Morcillo,Elche,,0,2026-09-25
cronistas_marca,5,Javi Morcillo Morcillo,Elche,2.0,1,2026-09-25
cronistas_marca,4,Javi Morcillo Morcillo,Elche,2.0,1,2026-09-25
cronistas_marca,3,Javi Morcillo Morcillo,Elche,2.0,1,2026-09-25
cronistas_marca,2,Javi Morcillo Morcillo,Elche,,0,2026-09-25
cronistas_marca,1,Javi Morcillo Morcillo,Elche,0.0,1,2026-09-25
cronistas_marca,7,Álvaro Padilla Padilla,Elche,,0,2026-09-25
cronistas_marca,6,Álvaro Padilla Padilla,Elche,,0,2026-09-25
cronistas_marca,5,Álvaro Padilla Padilla,Elche,,0,2026-09-25
cronistas_marca,4,Álvaro Padilla Padilla,Elche,,0,2026-09-25
cronistas_marca,3,Álvaro Padilla Padilla,Elche,,0,2026-09-25
cronistas_marca,2,Álvaro Padilla Padilla,Elche,,0,2026-09-25
cronistas_marca,1,Álvaro Padilla Padilla,Elche,0.0,1,2026-09-25
cronistas_marca,7,Umaru Konaré Umaru,Elche,,0,2026-09-25
cronistas_marca,6,Umaru Konaré Umaru,Elche,,0,2026-09-25
cronistas_marca,5,Umaru Konaré Umaru,Elche,2.0,1,2026-09-25
cronistas_marca,7,Grady Diangana Diangana,Elche,,0,2026-09-25
cronistas_marca,6,Grady Diangana Diangana,Elche,,0,2026-09-25
cronistas_marca,5,Grady Diangana Diangana,Elche,,0,2026-09-25
cronistas_marca,4,Grady Diangana Diangana,Elche,,0,2026-09-25
cronistas_marca,3,Grady Diangana Diangana,Elche,,0,2026-09-25
cronistas_marca,2,Grady Diangana Diangana,Elche,,0,2026-09-25
cronistas_marca,1,Grady Diangana Diangana,Elche,,0,2026-09-25
cronistas_marca,7,Abiel Osorio Osorio,Elche,2.0,1,2026-09-25
cronistas_marca,6,Abiel Osorio Osorio,Elche,9.0,1,2026-09-25
cronistas_marca,5,Abiel Osorio Osorio,Elche,2.0,1,2026-09-25
cronistas_marca,4,Abiel Osorio Osorio,Elche,6.0,1,2026-09-25
cronistas_marca,3,Abiel Osorio Osorio,Elche,,0,2026-09-25
cronistas_marca,2,Abiel Osorio Osorio,Elche,,0,2026-09-25
cronistas_marca,1,Abiel Osorio Osorio,Elche,,0,2026-09-25
cronistas_marca,7,Thomas Lemar Lemar,Elche,6.0,1,2026-09-25
cronistas_marca,6,Thomas Lemar Lemar,Elche,6.0,1,2026-09-25
cronistas_marca,5,Thomas Lemar Lemar,Elche,2.0,1,2026-09-25
cronistas_marca,4,Thomas Lemar Lemar,Elche,10.0,1,2026-09-25
cronistas_marca,3,Thomas Lemar Lemar,Elche,,0,2026-09-25
cronistas_marca,2,Thomas Lemar Lemar,Elche,,0,2026-09-25
cronistas_marca,1,Thomas Lemar Lemar,Elche,,0,2026-09-25
cronistas_marca,7,Rubén Sánchez Rubén Sánchez,Elche,2.0,1,2026-09-25
cronistas_marca,6,Rubén Sánchez Rubén Sánchez,Elche,2.0,1,2026-09-25
cronistas_marca,5,Rubén Sánchez Rubén Sánchez,Elche,2.0,1,2026-09-25
cronistas_marca,4,Rubén Sánchez Rubén Sánchez,Elche,,0,2026-09-25
cronistas_marca,3,Rubén Sánchez Rubén Sánchez,Elche,,0,2026-09-25
cronistas_marca,2,Rubén Sánchez Rubén Sánchez,Elche,,0,2026-09-25
cronistas_marca,1,Rubén Sánchez Rubén Sánchez,Elche,,0,2026-09-25
cronistas_marca,7,Roy Revivo Revivo,Elche,6.0,1,2026-09-25
cronistas_marca,6,Roy Revivo Revivo,Elche,2.0,1,2026-09-25
cronistas_marca,5,Roy Revivo Revivo,Elche,2.0,1,2026-09-25
cronistas_marca,4,Roy Revivo Revivo,Elche,0.0,1,2026-09-25
cronistas_marca,7,Gerard Moreno Gerard,Villarreal,2.0,1,2026-09-25
cronistas_marca,6,Gerard Moreno Gerard,Villarreal,,0,2026-09-25
cronistas_marca,5,Gerard Moreno Gerard,Villarreal,9.0,1,2026-09-25
cronistas_marca,4,Gerard Moreno Gerard,Villarreal,6.0,1,2026-09-25
cronistas_marca,3,Gerard Moreno Gerard,Villarreal,6.0,1,2026-09-25
cronistas_marca,2,Gerard Moreno Gerard,Villarreal,9.0,1,2026-09-25
cronistas_marca,1,Gerard Moreno Gerard,Villarreal,6.0,1,2026-09-25
cronistas_marca,7,Péter Gulácsi Gulacsi,Villarreal,6.0,1,2026-09-25
cronistas_marca,6,Péter Gulácsi Gulacsi,Villarreal,2.0,1,2026-09-25
cronistas_marca,5,Péter Gulácsi Gulacsi,Villarreal,10.0,1,2026-09-25
cronistas_marca,4,Péter Gulácsi Gulacsi,Villarreal,,0,2026-09-25
cronistas_marca,3,Péter Gulácsi Gulacsi,Villarreal,,0,2026-09-25
cronistas_marca,2,Péter Gulácsi Gulacsi,Villarreal,,0,2026-09-25
cronistas_marca,1,Péter Gulácsi Gulacsi,Villarreal,,0,2026-09-25
cronistas_marca,7,Ayoze Pérez Ayoze,Villarreal,9.0,1,2026-09-25
cronistas_marca,6,Ayoze Pérez Ayoze,Villarreal,6.0,1,2026-09-25
cronistas_marca,5,Ayoze Pérez Ayoze,Villarreal,0.0,1,2026-09-25
cronistas_marca,4,Ayoze Pérez Ayoze,Villarreal,2.0,1,2026-09-25
cronistas_marca,3,Ayoze Pérez Ayoze,Villarreal,2.0,1,2026-09-25
cronistas_marca,2,Ayoze Pérez Ayoze,Villarreal,6.0,1,2026-09-25
cronistas_marca,1,Ayoze Pérez Ayoze,Villarreal,2.0,1,2026-09-25
cronistas_marca,7,Juan Foyth Foyth,Villarreal,,0,2026-09-25
cronistas_marca,6,Juan Foyth Foyth,Villarreal,,0,2026-09-25
cronistas_marca,5,Juan Foyth Foyth,Villarreal,,0,2026-09-25
cronistas_marca,4,Juan Foyth Foyth,Villarreal,,0,2026-09-25
cronistas_marca,3,Juan Foyth Foyth,Villarreal,2.0,1,2026-09-25
cronistas_marca,2,Juan Foyth Foyth,Villarreal,2.0,1,2026-09-25
cronistas_marca,1,Juan Foyth Foyth,Villarreal,2.0,1,2026-09-25
cronistas_marca,7,Santi Comesaña Comesaña,Villarreal,,0,2026-09-25
cronistas_marca,6,Santi Comesaña Comesaña,Villarreal,2.0,1,2026-09-25
cronistas_marca,5,Santi Comesaña Comesaña,Villarreal,2.0,1,2026-09-25
cronistas_marca,4,Santi Comesaña Comesaña,Villarreal,2.0,1,2026-09-25
cronistas_marca,3,Santi Comesaña Comesaña,Villarreal,2.0,1,2026-09-25
cronistas_marca,2,Santi Comesaña Comesaña,Villarreal,2.0,1,2026-09-25
cronistas_marca,1,Santi Comesaña Comesaña,Villarreal,2.0,1,2026-09-25
cronistas_marca,7,Nicolas Pépé Pépé,Villarreal,0.0,1,2026-09-25
cronistas_marca,6,Nicolas Pépé Pépé,Villarreal,,0,2026-09-25
cronistas_marca,5,Nicolas Pépé Pépé,Villarreal,2.0,1,2026-09-25
cronistas_marca,4,Nicolas Pépé Pépé,Villarreal,9.0,1,2026-09-25
cronistas_marca,3,Nicolas Pépé Pépé,Villarreal,6.0,1,2026-09-25
cronistas_marca,2,Nicolas Pépé Pépé,Villarreal,6.0,1,2026-09-25
cronistas_marca,1,Nicolas Pépé Pépé,Villarreal,9.0,1,2026-09-25
cronistas_marca,7,Pape Gueye Pape Gueye,Villarreal,2.0,1,2026-09-25
cronistas_marca,6,Pape Gueye Pape Gueye,Villarreal,13.0,1,2026-09-25
cronistas_marca,5,Pape Gueye Pape Gueye,Villarreal,6.0,1,2026-09-25
cronistas_marca,4,Pape Gueye Pape Gueye,Villarreal,2.0,1,2026-09-25
cronistas_marca,3,Pape Gueye Pape Gueye,Villarreal,2.0,1,2026-09-25
cronistas_marca,2,Pape Gueye Pape Gueye,Villarreal,6.0,1,2026-09-25
cronistas_marca,1,Pape Gueye Pape Gueye,Villarreal,10.0,1,2026-09-25
cronistas_marca,7,Ilias Akhomach Akhomach,Villarreal,6.0,1,2026-09-25
cronistas_marca,6,Ilias Akhomach Akhomach,Villarreal,10.0,1,2026-09-25
cronistas_marca,5,Ilias Akhomach Akhomach,Villarreal,,0,2026-09-25
cronistas_marca,4,Ilias Akhomach Akhomach,Villarreal,2.0,1,2026-09-25
cronistas_marca,3,Ilias Akhomach Akhomach,Villarreal,2.0,1,2026-09-25
cronistas_marca,2,Ilias Akhomach Akhomach,Villarreal,2.0,1,2026-09-25
cronistas_marca,1,Ilias Akhomach Akhomach,Villarreal,2.0,1,2026-09-25
cronistas_marca,7,Sergi Cardona S. Cardona,Villarreal,6.0,1,2026-09-25
cronistas_marca,6,Sergi Cardona S. Cardona,Villarreal,2.0,1,2026-09-25
cronistas_marca,5,Sergi Cardona S. Cardona,Villarreal,,0,2026-09-25
cronistas_marca,4,Sergi Cardona S. Cardona,Villarreal,2.0,1,2026-09-25
cronistas_marca,3,Sergi Cardona S. Cardona,Villarreal,,0,2026-09-25
cronistas_marca,2,Sergi Cardona S. Cardona,Villarreal,,0,2026-09-25
cronistas_marca,1,Sergi Cardona S. Cardona,Villarreal,,0,2026-09-25
cronistas_marca,7,Alberto Moleiro Moleiro,Villarreal,14.0,1,2026-09-25
cronistas_marca,6,Alberto Moleiro Moleiro,Villarreal,10.0,1,2026-09-25
cronistas_marca,5,Alberto Moleiro Moleiro,Villarreal,2.0,1,2026-09-25
cronistas_marca,4,Alberto Moleiro Moleiro,Villarreal,2.0,1,2026-09-25
cronistas_marca,3,Alberto Moleiro Moleiro,Villarreal,2.0,1,2026-09-25
cronistas_marca,2,Alberto Moleiro Moleiro,Villarreal,2.0,1,2026-09-25
cronistas_marca,1,Alberto Moleiro Moleiro,Villarreal,2.0,1,2026-09-25
cronistas_marca,7,Renato Veiga Veiga,Villarreal,6.0,1,2026-09-25
cronistas_marca,6,Renato Veiga Veiga,Villarreal,2.0,1,2026-09-25
cronistas_marca,5,Renato Veiga Veiga,Villarreal,6.0,1,2026-09-25
cronistas_marca,4,Renato Veiga Veiga,Villarreal,2.0,1,2026-09-25
cronistas_marca,3,Renato Veiga Veiga,Villarreal,2.0,1,2026-09-25
cronistas_marca,2,Renato Veiga Veiga,Villarreal,2.0,1,2026-09-25
cronistas_marca,1,Renato Veiga Veiga,Villarreal,2.0,1,2026-09-25
cronistas_marca,7,Tajon Buchanan Buchanan,Villarreal,2.0,1,2026-09-25
cronistas_marca,6,Tajon Buchanan Buchanan,Villarreal,2.0,1,2026-09-25
cronistas_marca,5,Tajon Buchanan Buchanan,Villarreal,6.0,1,2026-09-25
cronistas_marca,4,Tajon Buchanan Buchanan,Villarreal,2.0,1,2026-09-25
cronistas_marca,3,Tajon Buchanan Buchanan,Villarreal,2.0,1,2026-09-25
cronistas_marca,2,Tajon Buchanan Buchanan,Villarreal,10.0,1,2026-09-25
cronistas_marca,1,Tajon Buchanan Buchanan,Villarreal,2.0,1,2026-09-25
cronistas_marca,7,Carlos Romero Romero,Villarreal,,0,2026-09-25
cronistas_marca,6,Carlos Romero Romero,Villarreal,2.0,1,2026-09-25
cronistas_marca,5,Carlos Romero Romero,Villarreal,2.0,1,2026-09-25
cronistas_marca,4,Carlos Romero Romero,Villarreal,,0,2026-09-25
cronistas_marca,3,Carlos Romero Romero,Villarreal,2.0,1,2026-09-25
cronistas_marca,2,Carlos Romero Romero,Villarreal,2.0,1,2026-09-25
cronistas_marca,1,Carlos Romero Romero,Villarreal,2.0,1,2026-09-25
cronistas_marca,7,Santiago Mouriño Mouriño,Villarreal,0.0,1,2026-09-25
cronistas_marca,6,Santiago Mouriño Mouriño,Villarreal,2.0,1,2026-09-25
cronistas_marca,5,Santiago Mouriño Mouriño,Villarreal,2.0,1,2026-09-25
cronistas_marca,4,Santiago Mouriño Mouriño,Villarreal,,0,2026-09-25
cronistas_marca,3,Santiago Mouriño Mouriño,Villarreal,2.0,1,2026-09-25
cronistas_marca,2,Santiago Mouriño Mouriño,Villarreal,2.0,1,2026-09-25
cronistas_marca,1,Santiago Mouriño Mouriño,Villarreal,2.0,1,2026-09-25
cronistas_marca,7,Georges Mikautadze Mikautadze,Villarreal,5.0,1,2026-09-25
cronistas_marca,6,Georges Mikautadze Mikautadze,Villarreal,2.0,1,2026-09-25
cronistas_marca,5,Georges Mikautadze Mikautadze,Villarreal,2.0,1,2026-09-25
cronistas_marca,4,Georges Mikautadze Mikautadze,Villarreal,2.0,1,2026-09-25
cronistas_marca,3,Georges Mikautadze Mikautadze,Villarreal,2.0,1,2026-09-25
cronistas_marca,2,Georges Mikautadze Mikautadze,Villarreal,9.0,1,2026-09-25
cronistas_marca,1,Georges Mikautadze Mikautadze,Villarreal,2.0,1,2026-09-25
cronistas_marca,7,Logan Costa Logan Costa,Villarreal,,0,2026-09-25
cronistas_marca,6,Logan Costa Logan Costa,Villarreal,,0,2026-09-25
cronistas_marca,5,Logan Costa Logan Costa,Villarreal,,0,2026-09-25
cronistas_marca,4,Logan Costa Logan Costa,Villarreal,2.0,1,2026-09-25
cronistas_marca,3,Logan Costa Logan Costa,Villarreal,,0,2026-09-25
cronistas_marca,2,Logan Costa Logan Costa,Villarreal,,0,2026-09-25
cronistas_marca,1,Logan Costa Logan Costa,Villarreal,,0,2026-09-25
cronistas_marca,7,Willy Kambwala Kambwala,Villarreal,,0,2026-09-25
cronistas_marca,6,Willy Kambwala Kambwala,Villarreal,,0,2026-09-25
cronistas_marca,7,Pau Navarro Pau Navarro,Villarreal,2.0,1,2026-09-25
cronistas_marca,6,Pau Navarro Pau Navarro,Villarreal,2.0,1,2026-09-25
cronistas_marca,5,Pau Navarro Pau Navarro,Villarreal,2.0,1,2026-09-25
cronistas_marca,4,Pau Navarro Pau Navarro,Villarreal,,0,2026-09-25
cronistas_marca,3,Pau Navarro Pau Navarro,Villarreal,,0,2026-09-25
cronistas_marca,2,Pau Navarro Pau Navarro,Villarreal,,0,2026-09-25
cronistas_marca,1,Pau Navarro Pau Navarro,Villarreal,,0,2026-09-25
cronistas_marca,7,Tani Oluwaseyi Oluwaseyi,Villarreal,,0,2026-09-25
cronistas_marca,6,Tani Oluwaseyi Oluwaseyi,Villarreal,,0,2026-09-25
cronistas_marca,5,Tani Oluwaseyi Oluwaseyi,Villarreal,2.0,1,2026-09-25
cronistas_marca,4,Tani Oluwaseyi Oluwaseyi,Villarreal,2.0,1,2026-09-25
cronistas_marca,3,Tani Oluwaseyi Oluwaseyi,Villarreal,0.0,1,2026-09-25
cronistas_marca,2,Tani Oluwaseyi Oluwaseyi,Villarreal,0.0,1,2026-09-25
cronistas_marca,1,Tani Oluwaseyi Oluwaseyi,Villarreal,,0,2026-09-25
cronistas_marca,7,Luiz Junior Luiz Junior,Villarreal,,0,2026-09-25
cronistas_marca,6,Luiz Junior Luiz Junior,Villarreal,,0,2026-09-25
cronistas_marca,5,Luiz Junior Luiz Junior,Villarreal,,0,2026-09-25
cronistas_marca,4,Luiz Junior Luiz Junior,Villarreal,2.0,1,2026-09-25
cronistas_marca,3,Luiz Junior Luiz Junior,Villarreal,2.0,1,2026-09-25
cronistas_marca,2,Luiz Junior Luiz Junior,Villarreal,2.0,1,2026-09-25
cronistas_marca,1,Luiz Junior Luiz Junior,Villarreal,2.0,1,2026-09-25
cronistas_marca,7,Carlos Macià Carlos Macià,Villarreal,2.0,1,2026-09-25
cronistas_marca,6,Carlos Macià Carlos Macià,Villarreal,6.0,1,2026-09-25
cronistas_marca,5,Carlos Macià Carlos Macià,Villarreal,,0,2026-09-25
cronistas_marca,4,Carlos Macià Carlos Macià,Villarreal,,0,2026-09-25
cronistas_marca,3,Carlos Macià Carlos Macià,Villarreal,,0,2026-09-25
cronistas_marca,2,Carlos Macià Carlos Macià,Villarreal,2.0,1,2026-09-25
cronistas_marca,1,Carlos Macià Carlos Macià,Villarreal,2.0,1,2026-09-25
cronistas_marca,7,Alex Freeman Freeman,Villarreal,6.0,1,2026-09-25
cronistas_marca,6,Alex Freeman Freeman,Villarreal,10.0,1,2026-09-25
cronistas_marca,5,Alex Freeman Freeman,Villarreal,0.0,1,2026-09-25
cronistas_marca,4,Alex Freeman Freeman,Villarreal,2.0,1,2026-09-25
cronistas_marca,3,Alex Freeman Freeman,Villarreal,2.0,1,2026-09-25
cronistas_marca,2,Alex Freeman Freeman,Villarreal,,0,2026-09-25
cronistas_marca,1,Alex Freeman Freeman,Villarreal,2.0,1,2026-09-25
cronistas_marca,7,Cheikh Thiam Thiam,Villarreal,,0,2026-09-25
cronistas_marca,6,Cheikh Thiam Thiam,Villarreal,,0,2026-09-25
cronistas_marca,5,Cheikh Thiam Thiam,Villarreal,,0,2026-09-25
cronistas_marca,4,Cheikh Thiam Thiam,Villarreal,,0,2026-09-25
cronistas_marca,3,Cheikh Thiam Thiam,Villarreal,,0,2026-09-25
cronistas_marca,2,Cheikh Thiam Thiam,Villarreal,,0,2026-09-25
cronistas_marca,1,Cheikh Thiam Thiam,Villarreal,,0,2026-09-25
cronistas_marca,7,Rubén Gómez Rubén Gómez,Villarreal,,0,2026-09-25
cronistas_marca,6,Rubén Gómez Rubén Gómez,Villarreal,,0,2026-09-25
cronistas_marca,5,Rubén Gómez Rubén Gómez,Villarreal,,0,2026-09-25
cronistas_marca,4,Rubén Gómez Rubén Gómez,Villarreal,,0,2026-09-25
cronistas_marca,3,Rubén Gómez Rubén Gómez,Villarreal,,0,2026-09-25
cronistas_marca,2,Rubén Gómez Rubén Gómez,Villarreal,,0,2026-09-25
cronistas_marca,1,Rubén Gómez Rubén Gómez,Villarreal,,0,2026-09-25
cronistas_marca,7,Nizar El Jmili Nizar,Villarreal,,0,2026-09-25
cronistas_marca,6,Nizar El Jmili Nizar,Villarreal,,0,2026-09-25
cronistas_marca,5,Nizar El Jmili Nizar,Villarreal,,0,2026-09-25
cronistas_marca,4,Nizar El Jmili Nizar,Villarreal,,0,2026-09-25
cronistas_marca,3,Nizar El Jmili Nizar,Villarreal,,0,2026-09-25
cronistas_marca,2,Nizar El Jmili Nizar,Villarreal,,0,2026-09-25
cronistas_marca,1,Nizar El Jmili Nizar,Villarreal,,0,2026-09-25
cronistas_marca,7,Alassane Diatta Diatta,Villarreal,,0,2026-09-25
cronistas_marca,6,Alassane Diatta Diatta,Villarreal,,0,2026-09-25
cronistas_marca,5,Alassane Diatta Diatta,Villarreal,,0,2026-09-25
cronistas_marca,4,Alassane Diatta Diatta,Villarreal,,0,2026-09-25
cronistas_marca,3,Alassane Diatta Diatta,Villarreal,,0,2026-09-25
cronistas_marca,2,Alassane Diatta Diatta,Villarreal,,0,2026-09-25
cronistas_marca,1,Alassane Diatta Diatta,Villarreal,,0,2026-09-25
cronistas_marca,7,Nathan-Dylan Saliba Saliba,Villarreal,2.0,1,2026-09-25
cronistas_marca,6,Nathan-Dylan Saliba Saliba,Villarreal,6.0,1,2026-09-25
cronistas_marca,5,Nathan-Dylan Saliba Saliba,Villarreal,2.0,1,2026-09-25
cronistas_marca,4,Nathan-Dylan Saliba Saliba,Villarreal,2.0,1,2026-09-25
cronistas_marca,3,Nathan-Dylan Saliba Saliba,Villarreal,,0,2026-09-25
cronistas_marca,7,Jonny Castro Jonny,Alavés,6.0,1,2026-09-25
cronistas_marca,6,Jonny Castro Jonny,Alavés,,0,2026-09-25
cronistas_marca,5,Jonny Castro Jonny,Alavés,2.0,1,2026-09-25
cronistas_marca,4,Jonny Castro Jonny,Alavés,2.0,1,2026-09-25
cronistas_marca,3,Jonny Castro Jonny,Alavés,6.0,1,2026-09-25
cronistas_marca,2,Jonny Castro Jonny,Alavés,2.0,1,2026-09-25
cronistas_marca,1,Jonny Castro Jonny,Alavés,2.0,1,2026-09-25
cronistas_marca,7,Antonio Sivera Sivera,Alavés,10.0,1,2026-09-25
cronistas_marca,6,Antonio Sivera Sivera,Alavés,2.0,1,2026-09-25
cronistas_marca,5,Antonio Sivera Sivera,Alavés,2.0,1,2026-09-25
cronistas_marca,4,Antonio Sivera Sivera,Alavés,6.0,1,2026-09-25
cronistas_marca,3,Antonio Sivera Sivera,Alavés,6.0,1,2026-09-25
cronistas_marca,2,Antonio Sivera Sivera,Alavés,2.0,1,2026-09-25
cronistas_marca,1,Antonio Sivera Sivera,Alavés,2.0,1,2026-09-25
cronistas_marca,7,Denis Suárez Denis Suárez,Alavés,,0,2026-09-25
cronistas_marca,6,Denis Suárez Denis Suárez,Alavés,2.0,1,2026-09-25
cronistas_marca,5,Denis Suárez Denis Suárez,Alavés,2.0,1,2026-09-25
cronistas_marca,4,Denis Suárez Denis Suárez,Alavés,2.0,1,2026-09-25
cronistas_marca,3,Denis Suárez Denis Suárez,Alavés,2.0,1,2026-09-25
cronistas_marca,2,Denis Suárez Denis Suárez,Alavés,2.0,1,2026-09-25
cronistas_marca,1,Denis Suárez Denis Suárez,Alavés,2.0,1,2026-09-25
cronistas_marca,7,Carles Aleñá Aleñá,Alavés,2.0,1,2026-09-25
cronistas_marca,6,Carles Aleñá Aleñá,Alavés,0.0,1,2026-09-25
cronistas_marca,5,Carles Aleñá Aleñá,Alavés,2.0,1,2026-09-25
cronistas_marca,4,Carles Aleñá Aleñá,Alavés,2.0,1,2026-09-25
cronistas_marca,3,Carles Aleñá Aleñá,Alavés,,0,2026-09-25
cronistas_marca,2,Carles Aleñá Aleñá,Alavés,0.0,1,2026-09-25
cronistas_marca,1,Carles Aleñá Aleñá,Alavés,0.0,1,2026-09-25
cronistas_marca,7,Mariano Díaz Mariano,Alavés,2.0,1,2026-09-25
cronistas_marca,6,Mariano Díaz Mariano,Alavés,2.0,1,2026-09-25
cronistas_marca,5,Mariano Díaz Mariano,Alavés,2.0,1,2026-09-25
cronistas_marca,4,Mariano Díaz Mariano,Alavés,9.0,1,2026-09-25
cronistas_marca,3,Mariano Díaz Mariano,Alavés,2.0,1,2026-09-25
cronistas_marca,2,Mariano Díaz Mariano,Alavés,9.0,1,2026-09-25
cronistas_marca,1,Mariano Díaz Mariano,Alavés,13.0,1,2026-09-25
cronistas_marca,7,Ander Guevara Guevara,Alavés,2.0,1,2026-09-25
cronistas_marca,6,Ander Guevara Guevara,Alavés,0.0,1,2026-09-25
cronistas_marca,5,Ander Guevara Guevara,Alavés,,0,2026-09-25
cronistas_marca,4,Ander Guevara Guevara,Alavés,,0,2026-09-25
cronistas_marca,3,Ander Guevara Guevara,Alavés,,0,2026-09-25
cronistas_marca,2,Ander Guevara Guevara,Alavés,,0,2026-09-25
cronistas_marca,1,Ander Guevara Guevara,Alavés,0.0,1,2026-09-25
cronistas_marca,7,Toni Martinez Toni Martinez,Alavés,2.0,1,2026-09-25
cronistas_marca,6,Toni Martinez Toni Martinez,Alavés,2.0,1,2026-09-25
cronistas_marca,5,Toni Martinez Toni Martinez,Alavés,2.0,1,2026-09-25
cronistas_marca,4,Toni Martinez Toni Martinez,Alavés,,0,2026-09-25
cronistas_marca,3,Toni Martinez Toni Martinez,Alavés,2.0,1,2026-09-25
cronistas_marca,2,Toni Martinez Toni Martinez,Alavés,2.0,1,2026-09-25
cronistas_marca,1,Toni Martinez Toni Martinez,Alavés,2.0,1,2026-09-25
cronistas_marca,7,Lucas Boyé Boyé,Alavés,2.0,1,2026-09-25
cronistas_marca,6,Lucas Boyé Boyé,Alavés,2.0,1,2026-09-25
cronistas_marca,5,Lucas Boyé Boyé,Alavés,2.0,1,2026-09-25
cronistas_marca,4,Lucas Boyé Boyé,Alavés,19.0,1,2026-09-25
cronistas_marca,3,Lucas Boyé Boyé,Alavés,9.0,1,2026-09-25
cronistas_marca,2,Lucas Boyé Boyé,Alavés,2.0,1,2026-09-25
cronistas_marca,1,Lucas Boyé Boyé,Alavés,,0,2026-09-25
cronistas_marca,7,Hugo Novoa Novoa,Alavés,,0,2026-09-25
cronistas_marca,6,Hugo Novoa Novoa,Alavés,,0,2026-09-25
cronistas_marca,5,Hugo Novoa Novoa,Alavés,,0,2026-09-25
cronistas_marca,4,Hugo Novoa Novoa,Alavés,,0,2026-09-25
cronistas_marca,3,Hugo Novoa Novoa,Alavés,,0,2026-09-25
cronistas_marca,2,Hugo Novoa Novoa,Alavés,,0,2026-09-25
cronistas_marca,1,Hugo Novoa Novoa,Alavés,,0,2026-09-25
cronistas_marca,7,Miguel Rodríguez Miguel,Alavés,,0,2026-09-25
cronistas_marca,6,Miguel Rodríguez Miguel,Alavés,0.0,1,2026-09-25
cronistas_marca,5,Miguel Rodríguez Miguel,Alavés,0.0,1,2026-09-25
cronistas_marca,4,Miguel Rodríguez Miguel,Alavés,2.0,1,2026-09-25
cronistas_marca,3,Miguel Rodríguez Miguel,Alavés,,0,2026-09-25
cronistas_marca,2,Miguel Rodríguez Miguel,Alavés,,0,2026-09-25
cronistas_marca,1,Miguel Rodríguez Miguel,Alavés,,0,2026-09-25
cronistas_marca,7,Antonio Blanco Blanco,Alavés,6.0,1,2026-09-25
cronistas_marca,6,Antonio Blanco Blanco,Alavés,6.0,1,2026-09-25
cronistas_marca,5,Antonio Blanco Blanco,Alavés,2.0,1,2026-09-25
cronistas_marca,4,Antonio Blanco Blanco,Alavés,6.0,1,2026-09-25
cronistas_marca,3,Antonio Blanco Blanco,Alavés,6.0,1,2026-09-25
cronistas_marca,2,Antonio Blanco Blanco,Alavés,2.0,1,2026-09-25
cronistas_marca,1,Antonio Blanco Blanco,Alavés,2.0,1,2026-09-25
cronistas_marca,7,Adrián Rodríguez Adrián,Alavés,,0,2026-09-25
cronistas_marca,6,Adrián Rodríguez Adrián,Alavés,,0,2026-09-25
cronistas_marca,5,Adrián Rodríguez Adrián,Alavés,,0,2026-09-25
cronistas_marca,4,Adrián Rodríguez Adrián,Alavés,,0,2026-09-25
cronistas_marca,3,Adrián Rodríguez Adrián,Alavés,,0,2026-09-25
cronistas_marca,2,Adrián Rodríguez Adrián,Alavés,,0,2026-09-25
cronistas_marca,1,Adrián Rodríguez Adrián,Alavés,,0,2026-09-25
cronistas_marca,7,Nahuel Tenaglia Tenaglia,Alavés,6.0,1,2026-09-25
cronistas_marca,6,Nahuel Tenaglia Tenaglia,Alavés,2.0,1,2026-09-25
cronistas_marca,5,Nahuel Tenaglia Tenaglia,Alavés,2.0,1,2026-09-25
cronistas_marca,4,Nahuel Tenaglia Tenaglia,Alavés,2.0,1,2026-09-25
cronistas_marca,3,Nahuel Tenaglia Tenaglia,Alavés,6.0,1,2026-09-25
cronistas_marca,2,Nahuel Tenaglia Tenaglia,Alavés,6.0,1,2026-09-25
cronistas_marca,1,Nahuel Tenaglia Tenaglia,Alavés,11.0,1,2026-09-25
cronistas_marca,7,Pablo Ibáñez Ibáñez,Alavés,2.0,1,2026-09-25
cronistas_marca,6,Pablo Ibáñez Ibáñez,Alavés,2.0,1,2026-09-25
cronistas_marca,5,Pablo Ibáñez Ibáñez,Alavés,2.0,1,2026-09-25
cronistas_marca,4,Pablo Ibáñez Ibáñez,Alavés,10.0,1,2026-09-25
cronistas_marca,3,Pablo Ibáñez Ibáñez,Alavés,2.0,1,2026-09-25
cronistas_marca,2,Pablo Ibáñez Ibáñez,Alavés,6.0,1,2026-09-25
cronistas_marca,1,Pablo Ibáñez Ibáñez,Alavés,2.0,1,2026-09-25
cronistas_marca,7,Carlos Benavidez Protesoni,Alavés,2.0,1,2026-09-25
cronistas_marca,6,Carlos Benavidez Protesoni,Alavés,,0,2026-09-25
cronistas_marca,5,Carlos Benavidez Protesoni,Alavés,2.0,1,2026-09-25
cronistas_marca,4,Carlos Benavidez Protesoni,Alavés,,0,2026-09-25
cronistas_marca,3,Carlos Benavidez Protesoni,Alavés,2.0,1,2026-09-25
cronistas_marca,2,Carlos Benavidez Protesoni,Alavés,,0,2026-09-25
cronistas_marca,1,Carlos Benavidez Protesoni,Alavés,,0,2026-09-25
cronistas_marca,7,Abde Rebbach Rebbach,Alavés,2.0,1,2026-09-25
cronistas_marca,6,Abde Rebbach Rebbach,Alavés,2.0,1,2026-09-25
cronistas_marca,5,Abde Rebbach Rebbach,Alavés,2.0,1,2026-09-25
cronistas_marca,4,Abde Rebbach Rebbach,Alavés,2.0,1,2026-09-25
cronistas_marca,3,Abde Rebbach Rebbach,Alavés,2.0,1,2026-09-25
cronistas_marca,2,Abde Rebbach Rebbach,Alavés,2.0,1,2026-09-25
cronistas_marca,1,Abde Rebbach Rebbach,Alavés,6.0,1,2026-09-25
cronistas_marca,7,Moussa Diarra Diarra,Alavés,,0,2026-09-25
cronistas_marca,7,Aitor Mañas Aitor Mañas,Alavés,,0,2026-09-25
cronistas_marca,6,Aitor Mañas Aitor Mañas,Alavés,,0,2026-09-25
cronistas_marca,5,Aitor Mañas Aitor Mañas,Alavés,0.0,1,2026-09-25
cronistas_marca,4,Aitor Mañas Aitor Mañas,Alavés,2.0,1,2026-09-25
cronistas_marca,3,Aitor Mañas Aitor Mañas,Alavés,0.0,1,2026-09-25
cronistas_marca,2,Aitor Mañas Aitor Mañas,Alavés,,0,2026-09-25
cronistas_marca,1,Aitor Mañas Aitor Mañas,Alavés,2.0,1,2026-09-25
cronistas_marca,7,Youssef Enríquez Youssef,Alavés,2.0,1,2026-09-25
cronistas_marca,6,Youssef Enríquez Youssef,Alavés,2.0,1,2026-09-25
cronistas_marca,5,Youssef Enríquez Youssef,Alavés,,0,2026-09-25
cronistas_marca,4,Youssef Enríquez Youssef,Alavés,2.0,1,2026-09-25
cronistas_marca,3,Youssef Enríquez Youssef,Alavés,2.0,1,2026-09-25
cronistas_marca,2,Youssef Enríquez Youssef,Alavés,2.0,1,2026-09-25
cronistas_marca,1,Youssef Enríquez Youssef,Alavés,2.0,1,2026-09-25
cronistas_marca,7,Ángel Pérez Ángel Pérez,Alavés,2.0,1,2026-09-25
cronistas_marca,6,Ángel Pérez Ángel Pérez,Alavés,6.0,1,2026-09-25
cronistas_marca,5,Ángel Pérez Ángel Pérez,Alavés,2.0,1,2026-09-25
cronistas_marca,4,Ángel Pérez Ángel Pérez,Alavés,10.0,1,2026-09-25
cronistas_marca,3,Ángel Pérez Ángel Pérez,Alavés,10.0,1,2026-09-25
cronistas_marca,2,Ángel Pérez Ángel Pérez,Alavés,2.0,1,2026-09-25
cronistas_marca,1,Ángel Pérez Ángel Pérez,Alavés,6.0,1,2026-09-25
cronistas_marca,7,Grégoire Swiderski Swiderski,Alavés,,0,2026-09-25
cronistas_marca,6,Grégoire Swiderski Swiderski,Alavés,,0,2026-09-25
cronistas_marca,5,Grégoire Swiderski Swiderski,Alavés,,0,2026-09-25
cronistas_marca,4,Grégoire Swiderski Swiderski,Alavés,,0,2026-09-25
cronistas_marca,3,Grégoire Swiderski Swiderski,Alavés,,0,2026-09-25
cronistas_marca,2,Grégoire Swiderski Swiderski,Alavés,,0,2026-09-25
cronistas_marca,1,Grégoire Swiderski Swiderski,Alavés,,0,2026-09-25
cronistas_marca,7,Mikel Rodriguez Mikel Rodriguez,Alavés,,0,2026-09-25
cronistas_marca,6,Mikel Rodriguez Mikel Rodriguez,Alavés,,0,2026-09-25
cronistas_marca,5,Mikel Rodriguez Mikel Rodriguez,Alavés,,0,2026-09-25
cronistas_marca,4,Mikel Rodriguez Mikel Rodriguez,Alavés,,0,2026-09-25
cronistas_marca,3,Mikel Rodriguez Mikel Rodriguez,Alavés,2.0,1,2026-09-25
cronistas_marca,2,Mikel Rodriguez Mikel Rodriguez,Alavés,2.0,1,2026-09-25
cronistas_marca,1,Mikel Rodriguez Mikel Rodriguez,Alavés,6.0,1,2026-09-25
cronistas_marca,7,Xanet Oláiz Oláiz,Alavés,,0,2026-09-25
cronistas_marca,6,Xanet Oláiz Oláiz,Alavés,,0,2026-09-25
cronistas_marca,5,Xanet Oláiz Oláiz,Alavés,,0,2026-09-25
cronistas_marca,4,Xanet Oláiz Oláiz,Alavés,0.0,1,2026-09-25
cronistas_marca,3,Xanet Oláiz Oláiz,Alavés,,0,2026-09-25
cronistas_marca,2,Xanet Oláiz Oláiz,Alavés,,0,2026-09-25
cronistas_marca,1,Xanet Oláiz Oláiz,Alavés,,0,2026-09-25
cronistas_marca,7,Ville Koski Koski,Alavés,2.0,1,2026-09-25
cronistas_marca,6,Ville Koski Koski,Alavés,2.0,1,2026-09-25
cronistas_marca,5,Ville Koski Koski,Alavés,11.0,1,2026-09-25
cronistas_marca,4,Ville Koski Koski,Alavés,2.0,1,2026-09-25
cronistas_marca,3,Ville Koski Koski,Alavés,2.0,1,2026-09-25
cronistas_marca,2,Ville Koski Koski,Alavés,2.0,1,2026-09-25
cronistas_marca,1,Ville Koski Koski,Alavés,2.0,1,2026-09-25
cronistas_marca,7,Nicolás Valentini Valentini,Alavés,2.0,1,2026-09-25
cronistas_marca,6,Nicolás Valentini Valentini,Alavés,6.0,1,2026-09-25
cronistas_marca,5,Nicolás Valentini Valentini,Alavés,2.0,1,2026-09-25
cronistas_marca,4,Nicolás Valentini Valentini,Alavés,,0,2026-09-25
cronistas_marca,3,Nicolás Valentini Valentini,Alavés,,0,2026-09-25
cronistas_marca,2,Nicolás Valentini Valentini,Alavés,0.0,1,2026-09-25
cronistas_marca,1,Nicolás Valentini Valentini,Alavés,,0,2026-09-25
cronistas_marca,7,Selu Diallo Diallo,Alavés,,0,2026-09-25
cronistas_marca,6,Selu Diallo Diallo,Alavés,,0,2026-09-25
cronistas_marca,5,Selu Diallo Diallo,Alavés,,0,2026-09-25
cronistas_marca,4,Selu Diallo Diallo,Alavés,,0,2026-09-25
cronistas_marca,3,Selu Diallo Diallo,Alavés,,0,2026-09-25
cronistas_marca,2,Selu Diallo Diallo,Alavés,,0,2026-09-25
cronistas_marca,1,Selu Diallo Diallo,Alavés,,0,2026-09-25
cronistas_marca,7,Izei Hernández Izei,Alavés,,0,2026-09-25
cronistas_marca,6,Izei Hernández Izei,Alavés,,0,2026-09-25
cronistas_marca,5,Izei Hernández Izei,Alavés,,0,2026-09-25
cronistas_marca,4,Izei Hernández Izei,Alavés,,0,2026-09-25
cronistas_marca,3,Izei Hernández Izei,Alavés,,0,2026-09-25
cronistas_marca,2,Izei Hernández Izei,Alavés,,0,2026-09-25
cronistas_marca,1,Izei Hernández Izei,Alavés,,0,2026-09-25
cronistas_marca,7,Sergio Canales Canales,Racing,2.0,1,2026-09-25
cronistas_marca,6,Sergio Canales Canales,Racing,2.0,1,2026-09-25
cronistas_marca,5,Sergio Canales Canales,Racing,6.0,1,2026-09-25
cronistas_marca,4,Sergio Canales Canales,Racing,6.0,1,2026-09-25
cronistas_marca,3,Sergio Canales Canales,Racing,6.0,1,2026-09-25
cronistas_marca,2,Sergio Canales Canales,Racing,2.0,1,2026-09-25
cronistas_marca,1,Sergio Canales Canales,Racing,6.0,1,2026-09-25
cronistas_marca,7,Asier Villalibre Villalibre,Racing,2.0,1,2026-09-25
cronistas_marca,6,Asier Villalibre Villalibre,Racing,-2.0,1,2026-09-25
cronistas_marca,5,Asier Villalibre Villalibre,Racing,0.0,1,2026-09-25
cronistas_marca,4,Asier Villalibre Villalibre,Racing,,0,2026-09-25
cronistas_marca,3,Asier Villalibre Villalibre,Racing,2.0,1,2026-09-25
cronistas_marca,2,Asier Villalibre Villalibre,Racing,2.0,1,2026-09-25
cronistas_marca,1,Asier Villalibre Villalibre,Racing,2.0,1,2026-09-25
cronistas_marca,7,Manu Hernando Hernando,Racing,,0,2026-09-25
cronistas_marca,6,Manu Hernando Hernando,Racing,-2.0,1,2026-09-25
cronistas_marca,5,Manu Hernando Hernando,Racing,,0,2026-09-25
cronistas_marca,4,Manu Hernando Hernando,Racing,2.0,1,2026-09-25
cronistas_marca,3,Manu Hernando Hernando,Racing,2.0,1,2026-09-25
cronistas_marca,2,Manu Hernando Hernando,Racing,2.0,1,2026-09-25
cronistas_marca,1,Manu Hernando Hernando,Racing,2.0,1,2026-09-25
cronistas_marca,7,Iñigo Vicente Iñigo Vicente,Racing,6.0,1,2026-09-25
cronistas_marca,6,Iñigo Vicente Iñigo Vicente,Racing,-2.0,1,2026-09-25
cronistas_marca,5,Iñigo Vicente Iñigo Vicente,Racing,6.0,1,2026-09-25
cronistas_marca,4,Iñigo Vicente Iñigo Vicente,Racing,6.0,1,2026-09-25
cronistas_marca,3,Iñigo Vicente Iñigo Vicente,Racing,10.0,1,2026-09-25
cronistas_marca,2,Iñigo Vicente Iñigo Vicente,Racing,6.0,1,2026-09-25
cronistas_marca,1,Iñigo Vicente Iñigo Vicente,Racing,2.0,1,2026-09-25
cronistas_marca,7,Andrés Martín Andrés Martín,Racing,,0,2026-09-25
cronistas_marca,6,Andrés Martín Andrés Martín,Racing,,0,2026-09-25
cronistas_marca,5,Andrés Martín Andrés Martín,Racing,,0,2026-09-25
cronistas_marca,4,Andrés Martín Andrés Martín,Racing,,0,2026-09-25
cronistas_marca,3,Andrés Martín Andrés Martín,Racing,2.0,1,2026-09-25
cronistas_marca,2,Andrés Martín Andrés Martín,Racing,2.0,1,2026-09-25
cronistas_marca,1,Andrés Martín Andrés Martín,Racing,9.0,1,2026-09-25
cronistas_marca,7,Pablo Ramón Pablo Ramón,Racing,2.0,1,2026-09-25
cronistas_marca,6,Pablo Ramón Pablo Ramón,Racing,,0,2026-09-25
cronistas_marca,5,Pablo Ramón Pablo Ramón,Racing,2.0,1,2026-09-25
cronistas_marca,4,Pablo Ramón Pablo Ramón,Racing,2.0,1,2026-09-25
cronistas_marca,3,Pablo Ramón Pablo Ramón,Racing,,0,2026-09-25
cronistas_marca,2,Pablo Ramón Pablo Ramón,Racing,6.0,1,2026-09-25
cronistas_marca,1,Pablo Ramón Pablo Ramón,Racing,2.0,1,2026-09-25
cronistas_marca,7,Julen Agirrezabala Agirrezabala,Racing,2.0,1,2026-09-25
cronistas_marca,6,Julen Agirrezabala Agirrezabala,Racing,6.0,1,2026-09-25
cronistas_marca,5,Julen Agirrezabala Agirrezabala,Racing,6.0,1,2026-09-25
cronistas_marca,4,Julen Agirrezabala Agirrezabala,Racing,2.0,1,2026-09-25
cronistas_marca,3,Julen Agirrezabala Agirrezabala,Racing,6.0,1,2026-09-25
cronistas_marca,2,Julen Agirrezabala Agirrezabala,Racing,2.0,1,2026-09-25
cronistas_marca,1,Julen Agirrezabala Agirrezabala,Racing,6.0,1,2026-09-25
cronistas_marca,7,Juan Carlos Arana Arana,Racing,,0,2026-09-25
cronistas_marca,6,Juan Carlos Arana Arana,Racing,-2.0,1,2026-09-25
cronistas_marca,5,Juan Carlos Arana Arana,Racing,,0,2026-09-25
cronistas_marca,4,Juan Carlos Arana Arana,Racing,0.0,1,2026-09-25
cronistas_marca,3,Juan Carlos Arana Arana,Racing,,0,2026-09-25
cronistas_marca,2,Juan Carlos Arana Arana,Racing,0.0,1,2026-09-25
cronistas_marca,1,Juan Carlos Arana Arana,Racing,,0,2026-09-25
cronistas_marca,7,Facundo González Facu González,Racing,,0,2026-09-25
cronistas_marca,6,Facundo González Facu González,Racing,2.0,1,2026-09-25
cronistas_marca,5,Facundo González Facu González,Racing,,0,2026-09-25
cronistas_marca,4,Facundo González Facu González,Racing,2.0,1,2026-09-25
cronistas_marca,3,Facundo González Facu González,Racing,2.0,1,2026-09-25
cronistas_marca,2,Facundo González Facu González,Racing,0.0,1,2026-09-25
cronistas_marca,1,Facundo González Facu González,Racing,2.0,1,2026-09-25
cronistas_marca,7,Álvaro Mantilla Mantilla,Racing,2.0,1,2026-09-25
cronistas_marca,6,Álvaro Mantilla Mantilla,Racing,,0,2026-09-25
cronistas_marca,5,Álvaro Mantilla Mantilla,Racing,2.0,1,2026-09-25
cronistas_marca,4,Álvaro Mantilla Mantilla,Racing,6.0,1,2026-09-25
cronistas_marca,3,Álvaro Mantilla Mantilla,Racing,2.0,1,2026-09-25
cronistas_marca,2,Álvaro Mantilla Mantilla,Racing,2.0,1,2026-09-25
cronistas_marca,1,Álvaro Mantilla Mantilla,Racing,2.0,1,2026-09-25
cronistas_marca,7,Íñigo Sainz-Maza Sainz-Maza,Racing,0.0,1,2026-09-25
cronistas_marca,6,Íñigo Sainz-Maza Sainz-Maza,Racing,-2.0,1,2026-09-25
cronistas_marca,5,Íñigo Sainz-Maza Sainz-Maza,Racing,,0,2026-09-25
cronistas_marca,4,Íñigo Sainz-Maza Sainz-Maza,Racing,,0,2026-09-25
cronistas_marca,3,Íñigo Sainz-Maza Sainz-Maza,Racing,,0,2026-09-25
cronistas_marca,2,Íñigo Sainz-Maza Sainz-Maza,Racing,,0,2026-09-25
cronistas_marca,1,Íñigo Sainz-Maza Sainz-Maza,Racing,,0,2026-09-25
cronistas_marca,7,Gustavo Puerta Puerta,Racing,2.0,1,2026-09-25
cronistas_marca,6,Gustavo Puerta Puerta,Racing,2.0,1,2026-09-25
cronistas_marca,5,Gustavo Puerta Puerta,Racing,6.0,1,2026-09-25
cronistas_marca,7,Jorge Salinas Salinas,Racing,2.0,1,2026-09-25
cronistas_marca,6,Jorge Salinas Salinas,Racing,0.0,1,2026-09-25
cronistas_marca,5,Jorge Salinas Salinas,Racing,6.0,1,2026-09-25
cronistas_marca,4,Jorge Salinas Salinas,Racing,2.0,1,2026-09-25
cronistas_marca,3,Jorge Salinas Salinas,Racing,6.0,1,2026-09-25
cronistas_marca,2,Jorge Salinas Salinas,Racing,2.0,1,2026-09-25
cronistas_marca,1,Jorge Salinas Salinas,Racing,2.0,1,2026-09-25
cronistas_marca,7,Maguette Gueye Maguette,Racing,,0,2026-09-25
cronistas_marca,6,Maguette Gueye Maguette,Racing,6.0,1,2026-09-25
cronistas_marca,5,Maguette Gueye Maguette,Racing,0.0,1,2026-09-25
cronistas_marca,4,Maguette Gueye Maguette,Racing,,0,2026-09-25
cronistas_marca,3,Maguette Gueye Maguette,Racing,0.0,1,2026-09-25
cronistas_marca,2,Maguette Gueye Maguette,Racing,2.0,1,2026-09-25
cronistas_marca,1,Maguette Gueye Maguette,Racing,-2.0,1,2026-09-25
cronistas_marca,7,Diego Diaz Diego Diaz,Racing,,0,2026-09-25
cronistas_marca,6,Diego Diaz Diego Diaz,Racing,,0,2026-09-25
cronistas_marca,5,Diego Diaz Diego Diaz,Racing,2.0,1,2026-09-25
cronistas_marca,7,Simon Eriksson Eriksson,Racing,,0,2026-09-25
cronistas_marca,6,Simon Eriksson Eriksson,Racing,,0,2026-09-25
cronistas_marca,5,Simon Eriksson Eriksson,Racing,,0,2026-09-25
cronistas_marca,4,Simon Eriksson Eriksson,Racing,,0,2026-09-25
cronistas_marca,3,Simon Eriksson Eriksson,Racing,,0,2026-09-25
cronistas_marca,2,Simon Eriksson Eriksson,Racing,,0,2026-09-25
cronistas_marca,1,Simon Eriksson Eriksson,Racing,,0,2026-09-25
cronistas_marca,7,Sergio Martínez Sergio Martínez,Racing,,0,2026-09-25
cronistas_marca,6,Sergio Martínez Sergio Martínez,Racing,,0,2026-09-25
cronistas_marca,5,Sergio Martínez Sergio Martínez,Racing,,0,2026-09-25
cronistas_marca,4,Sergio Martínez Sergio Martínez,Racing,,0,2026-09-25
cronistas_marca,3,Sergio Martínez Sergio Martínez,Racing,,0,2026-09-25
cronistas_marca,2,Sergio Martínez Sergio Martínez,Racing,2.0,1,2026-09-25
cronistas_marca,1,Sergio Martínez Sergio Martínez,Racing,10.0,1,2026-09-25
cronistas_marca,7,Pedro Felipe Pedro Felipe,Racing,,0,2026-09-25
cronistas_marca,6,Pedro Felipe Pedro Felipe,Racing,-2.0,1,2026-09-25
cronistas_marca,5,Pedro Felipe Pedro Felipe,Racing,0.0,1,2026-09-25
cronistas_marca,4,Pedro Felipe Pedro Felipe,Racing,,0,2026-09-25
cronistas_marca,3,Pedro Felipe Pedro Felipe,Racing,,0,2026-09-25
cronistas_marca,2,Pedro Felipe Pedro Felipe,Racing,,0,2026-09-25
cronistas_marca,1,Pedro Felipe Pedro Felipe,Racing,2.0,1,2026-09-25
cronistas_marca,7,Carlos Sánchez Carlos Sánchez,Racing,,0,2026-09-25
cronistas_marca,6,Carlos Sánchez Carlos Sánchez,Racing,,0,2026-09-25
cronistas_marca,5,Carlos Sánchez Carlos Sánchez,Racing,,0,2026-09-25
cronistas_marca,4,Carlos Sánchez Carlos Sánchez,Racing,,0,2026-09-25
cronistas_marca,7,Andrés Vallecillo Vallecillo,Racing,,0,2026-09-25
cronistas_marca,6,Andrés Vallecillo Vallecillo,Racing,,0,2026-09-25
cronistas_marca,5,Andrés Vallecillo Vallecillo,Racing,,0,2026-09-25
cronistas_marca,4,Andrés Vallecillo Vallecillo,Racing,,0,2026-09-25
cronistas_marca,3,Andrés Vallecillo Vallecillo,Racing,,0,2026-09-25
cronistas_marca,2,Andrés Vallecillo Vallecillo,Racing,,0,2026-09-25
cronistas_marca,1,Andrés Vallecillo Vallecillo,Racing,,0,2026-09-25
cronistas_marca,7,Jorge Castellanos Castellanos,Racing,,0,2026-09-25
cronistas_marca,6,Jorge Castellanos Castellanos,Racing,,0,2026-09-25
cronistas_marca,5,Jorge Castellanos Castellanos,Racing,,0,2026-09-25
cronistas_marca,4,Jorge Castellanos Castellanos,Racing,,0,2026-09-25
cronistas_marca,3,Jorge Castellanos Castellanos,Racing,,0,2026-09-25
cronistas_marca,2,Jorge Castellanos Castellanos,Racing,,0,2026-09-25
cronistas_marca,1,Jorge Castellanos Castellanos,Racing,,0,2026-09-25
cronistas_marca,7,Hugo Pérez Hugo Pérez,Racing,,0,2026-09-25
cronistas_marca,6,Hugo Pérez Hugo Pérez,Racing,,0,2026-09-25
cronistas_marca,5,Hugo Pérez Hugo Pérez,Racing,,0,2026-09-25
cronistas_marca,4,Hugo Pérez Hugo Pérez,Racing,,0,2026-09-25
cronistas_marca,3,Hugo Pérez Hugo Pérez,Racing,,0,2026-09-25
cronistas_marca,2,Hugo Pérez Hugo Pérez,Racing,,0,2026-09-25
cronistas_marca,1,Hugo Pérez Hugo Pérez,Racing,,0,2026-09-25
cronistas_marca,7,Yassir Zabiri Zabiri,Racing,2.0,1,2026-09-25
cronistas_marca,6,Yassir Zabiri Zabiri,Racing,5.0,1,2026-09-25
cronistas_marca,5,Yassir Zabiri Zabiri,Racing,16.0,1,2026-09-25
cronistas_marca,4,Yassir Zabiri Zabiri,Racing,-2.0,1,2026-09-25
cronistas_marca,3,Yassir Zabiri Zabiri,Racing,19.0,1,2026-09-25
cronistas_marca,2,Yassir Zabiri Zabiri,Racing,2.0,1,2026-09-25
cronistas_marca,1,Yassir Zabiri Zabiri,Racing,2.0,1,2026-09-25
cronistas_marca,7,Hugo Martín Hugo Martín,Racing,,0,2026-09-25
cronistas_marca,6,Hugo Martín Hugo Martín,Racing,,0,2026-09-25
cronistas_marca,5,Hugo Martín Hugo Martín,Racing,,0,2026-09-25
cronistas_marca,4,Hugo Martín Hugo Martín,Racing,,0,2026-09-25
cronistas_marca,3,Hugo Martín Hugo Martín,Racing,,0,2026-09-25
cronistas_marca,2,Hugo Martín Hugo Martín,Racing,,0,2026-09-25
cronistas_marca,1,Hugo Martín Hugo Martín,Racing,,0,2026-09-25
cronistas_marca,7,André Almeida Almeida,Racing,2.0,1,2026-09-25
cronistas_marca,6,André Almeida Almeida,Racing,,0,2026-09-25
cronistas_marca,5,André Almeida Almeida,Racing,-8.0,1,2026-09-25
cronistas_marca,4,André Almeida Almeida,Racing,2.0,1,2026-09-25
cronistas_marca,3,André Almeida Almeida,Racing,,0,2026-09-25
cronistas_marca,2,André Almeida Almeida,Racing,,0,2026-09-25
cronistas_marca,1,André Almeida Almeida,Racing,,0,2026-09-25
cronistas_marca,7,Pablo García Pablo García,Racing,2.0,1,2026-09-25
cronistas_marca,6,Pablo García Pablo García,Racing,,0,2026-09-25
cronistas_marca,5,Pablo García Pablo García,Racing,2.0,1,2026-09-25
cronistas_marca,4,Pablo García Pablo García,Racing,9.0,1,2026-09-25
cronistas_marca,3,Pablo García Pablo García,Racing,2.0,1,2026-09-25
cronistas_marca,2,Pablo García Pablo García,Racing,9.0,1,2026-09-25
cronistas_marca,1,Pablo García Pablo García,Racing,2.0,1,2026-09-25
cronistas_marca,7,Iván Martín Iván Martín,Racing,2.0,1,2026-09-25
cronistas_marca,6,Iván Martín Iván Martín,Racing,,0,2026-09-25
cronistas_marca,5,Iván Martín Iván Martín,Racing,2.0,1,2026-09-25
cronistas_marca,4,Iván Martín Iván Martín,Racing,6.0,1,2026-09-25
cronistas_marca,3,Iván Martín Iván Martín,Racing,6.0,1,2026-09-25
cronistas_marca,2,Iván Martín Iván Martín,Racing,2.0,1,2026-09-25
cronistas_marca,7,Giorgi Guliashvili Guliashvili,Racing,2.0,1,2026-09-25
cronistas_marca,6,Giorgi Guliashvili Guliashvili,Racing,-2.0,1,2026-09-25
cronistas_marca,5,Giorgi Guliashvili Guliashvili,Racing,2.0,1,2026-09-25
cronistas_marca,4,Giorgi Guliashvili Guliashvili,Racing,,0,2026-09-25
cronistas_marca,3,Giorgi Guliashvili Guliashvili,Racing,0.0,1,2026-09-25
cronistas_marca,2,Giorgi Guliashvili Guliashvili,Racing,,0,2026-09-25
cronistas_marca,1,Giorgi Guliashvili Guliashvili,Racing,,0,2026-09-25
cronistas_marca,7,Matteo Prati Prati,Racing,,0,2026-09-25
cronistas_marca,6,Matteo Prati Prati,Racing,2.0,1,2026-09-25
cronistas_marca,5,Matteo Prati Prati,Racing,2.0,1,2026-09-25
cronistas_marca,4,Matteo Prati Prati,Racing,2.0,1,2026-09-25
cronistas_marca,3,Matteo Prati Prati,Racing,2.0,1,2026-09-25
cronistas_marca,7,Aarón Martín Aarón,Racing,2.0,1,2026-09-25
cronistas_marca,6,Aarón Martín Aarón,Racing,-2.0,1,2026-09-25
cronistas_marca,5,Aarón Martín Aarón,Racing,,0,2026-09-25
cronistas_marca,4,Aarón Martín Aarón,Racing,0.0,1,2026-09-25
cronistas_marca,7,Jeanuël Belocian Belocian,Racing,2.0,1,2026-09-25
cronistas_marca,6,Jeanuël Belocian Belocian,Racing,,0,2026-09-25
cronistas_marca,5,Jeanuël Belocian Belocian,Racing,2.0,1,2026-09-25
cronistas_marca,4,Jeanuël Belocian Belocian,Racing,2.0,1,2026-09-25
cronistas_marca,7,Laro Gómez Laro Gómez,Racing,,0,2026-09-25
cronistas_marca,6,Laro Gómez Laro Gómez,Racing,,0,2026-09-25
cronistas_marca,5,Laro Gómez Laro Gómez,Racing,,0,2026-09-25
cronistas_marca,4,Laro Gómez Laro Gómez,Racing,,0,2026-09-25
cronistas_marca,3,Laro Gómez Laro Gómez,Racing,,0,2026-09-25
cronistas_marca,2,Laro Gómez Laro Gómez,Racing,,0,2026-09-25
cronistas_marca,1,Laro Gómez Laro Gómez,Racing,,0,2026-09-25
cronistas_marca,7,Iker Luque Luque,Racing,2.0,1,2026-09-25
cronistas_marca,6,Iker Luque Luque,Racing,-2.0,1,2026-09-25
cronistas_marca,5,Iker Luque Luque,Racing,2.0,1,2026-09-25
cronistas_marca,4,Iker Luque Luque,Racing,,0,2026-09-25
cronistas_marca,3,Iker Luque Luque,Racing,,0,2026-09-25
cronistas_marca,2,Iker Luque Luque,Racing,,0,2026-09-25
cronistas_marca,1,Iker Luque Luque,Racing,,0,2026-09-25
